{"type": "FeatureCollection", "features": [{"type": "Feature", "geometry": {"type": "LineString", "coordinates": [[16.7800183, 48.7929948], [16.7784868, 48.7930976], [16.7772643, 48.7931796], [16.7758025, 48.7932777], [16.7745393, 48.7933625], [16.773215, 48.7934514], [16.7719855, 48.7934273], [16.7705735, 48.7933996], [16.76943, 48.7933771], [16.7680634, 48.7933503], [16.7667614, 48.7933248], [16.7655497, 48.793301], [16.76441, 48.7932786], [16.7631504, 48.7932539], [16.7620025, 48.7932186], [16.7608397, 48.793196], [16.7595854, 48.7931847], [16.7583976, 48.7931635], [16.7570273, 48.7931323], [16.7557583, 48.7930984], [16.7544869, 48.7930666], [16.7530922, 48.793049], [16.7520102, 48.7930405], [16.7508898, 48.7930231], [16.7497944, 48.7929981], [16.7487899, 48.7928502], [16.7479423, 48.7927387], [16.7470497, 48.7926203], [16.7462311, 48.7925012], [16.7450509, 48.7923563], [16.7440692, 48.7922149], [16.742991, 48.7920488], [16.7417572, 48.7918863], [16.7407004, 48.7917414], [16.7395153, 48.7915754], [16.7384312, 48.7914268], [16.73732, 48.7912719], [16.7361965, 48.7911335], [16.7351612, 48.7909927], [16.7341397, 48.7908508], [16.7330078, 48.7906943], [16.7318062, 48.7905256], [16.730616, 48.7903722], [16.7294512, 48.7902288], [16.7283729, 48.7900945], [16.7271384, 48.7899309], [16.7259268, 48.7897764], [16.7246178, 48.7896103], [16.7241007, 48.7895451], [16.7234967, 48.7894689], [16.7222736, 48.7893063], [16.7209325, 48.7891226], [16.7199883, 48.7889953], [16.7187813, 48.7888292], [16.7174295, 48.7886278], [16.7162815, 48.7884722], [16.7151349, 48.7883047], [16.7139547, 48.7881457], [16.7126335, 48.7879601], [16.7114441, 48.787797], [16.7102694, 48.7876332], [16.7092516, 48.7874974], [16.7082349, 48.7873526], [16.7072371, 48.7872181], [16.7061803, 48.7870804], [16.7051839, 48.7869396], [16.7046455, 48.7868627], [16.7034634, 48.7866938], [16.7023269, 48.7865315], [16.7012536, 48.7863782], [16.7001946, 48.7862269], [16.6992779, 48.7861021], [16.6987139, 48.7863427], [16.6979202, 48.7866812], [16.6969725, 48.7870854], [16.6960256, 48.7874893], [16.695127, 48.7878725], [16.6939903, 48.7883571], [16.6927886, 48.7888694], [16.6914613, 48.7894352], [16.6902307, 48.7899597], [16.6892593, 48.7903927], [16.6883357, 48.7908043]]}, "properties": {"id": "753d8af8-a9ae-3e63-b60d-0fb1c080c511", "names": null, "subtype": "power", "class": "minor_line", "surface": null}}, {"type": "Feature", "geometry": {"type": "LineString", "coordinates": [[16.805503, 48.7125497], [16.8038029, 48.7149107], [16.8019251, 48.7175183], [16.7999076, 48.7203198], [16.7981346, 48.7227816], [16.7963331, 48.7252829], [16.7944847, 48.7278491], [16.7925971, 48.7304697], [16.7902212, 48.7329024], [16.7878308, 48.7353498], [16.7856339, 48.7375989], [16.7833885, 48.7398977], [16.7809599, 48.7423839], [16.7786407, 48.7447579], [16.7763117, 48.7471419], [16.7737705, 48.7497429], [16.7739236, 48.7514652], [16.771921, 48.7542078], [16.769828, 48.7570741], [16.7677458, 48.7599254], [16.7657512, 48.7626566], [16.7637853, 48.7653483], [16.7618243, 48.7680331], [16.7598319, 48.7707609], [16.7578774, 48.7734366], [16.7558656, 48.7761906], [16.7538845, 48.7789024], [16.7532794, 48.7819325], [16.7526818, 48.7849249], [16.7521053, 48.7878109], [16.7515185, 48.7907492], [16.7509648, 48.7935212], [16.7503374, 48.7966617], [16.7497504, 48.7996004], [16.7491616, 48.8025476], [16.7485742, 48.8054874], [16.7473833, 48.8083484], [16.7462562, 48.8110557], [16.7451063, 48.8138178], [16.7439832, 48.8165154], [16.7427649, 48.8194414], [16.7415741, 48.8223014], [16.7403915, 48.8251415], [16.7391956, 48.8280131], [16.7381705, 48.8304748], [16.7371315, 48.8329695], [16.737526, 48.8360587], [16.7379027, 48.8390082], [16.7382723, 48.8419024], [16.7386144, 48.8445804], [16.7389578, 48.8472688], [16.739303, 48.8499708], [16.739652, 48.8527023], [16.739995, 48.8553871], [16.7403402, 48.8581622], [16.7406983, 48.8609708], [16.7410812, 48.8638885], [16.7414198, 48.8665384], [16.7418088, 48.8695822], [16.742174, 48.8724397], [16.7425633, 48.8754853], [16.743151, 48.8783036], [16.7437402, 48.8811284], [16.7443282, 48.8839474], [16.7449159, 48.8867653], [16.7455006, 48.8895683], [16.74609, 48.8923939], [16.7466857, 48.895249], [16.7472711, 48.8980552], [16.7477531, 48.9003653], [16.7480729, 48.901898], [16.7487031, 48.9049184], [16.7492688, 48.9076292], [16.7499021, 48.9106642], [16.7505216, 48.9136323], [16.7511233, 48.9165156], [16.7516327, 48.918956], [16.7522408, 48.9218694], [16.752872, 48.924893], [16.7534605, 48.9277121], [16.7540752, 48.9306567], [16.7534576, 48.9337677], [16.7529106, 48.9365224], [16.7523239, 48.9394775], [16.7517682, 48.9422761], [16.7513839, 48.9442112], [16.7509319, 48.9464875], [16.7503453, 48.9494411], [16.7498761, 48.9518036], [16.7494741, 48.9538279], [16.7494228, 48.954086], [16.7489477, 48.9564779], [16.7484733, 48.9588665], [16.7480412, 48.9610415], [16.7475584, 48.963472], [16.7471878, 48.9653378], [16.7465541, 48.9685276], [16.7460774, 48.9709268], [16.7455953, 48.9733534], [16.7450148, 48.9762747], [16.7444263, 48.9792364], [16.7439357, 48.981705], [16.7434687, 48.9840549], [16.7431057, 48.9858813], [16.7427482, 48.9876802], [16.7442362, 48.9897284], [16.7458244, 48.9919144], [16.7477858, 48.994614], [16.7493654, 48.9967879], [16.7510646, 48.9991264], [16.7525982, 49.0012368], [16.7545137, 49.0038728], [16.7564549, 49.0065438], [16.7582998, 49.0090823], [16.7604166, 49.0119947], [16.7621167, 49.0143338], [16.7638733, 49.0167504], [16.7657537, 49.0193371], [16.767626, 49.0219127], [16.7695393, 49.0245444], [16.7714213, 49.027133], [16.773316, 49.0297389], [16.7751499, 49.032261], [16.7771115, 49.0349587], [16.7789229, 49.0374496], [16.7802153, 49.0403297], [16.7815347, 49.0432697], [16.7827478, 49.0459727], [16.7840608, 49.0488982], [16.7853507, 49.0517721], [16.7866371, 49.0546377], [16.7878751, 49.0573958], [16.7892033, 49.0603544], [16.790359, 49.0629285], [16.791601, 49.065695], [16.7926477, 49.0680261], [16.793903, 49.0708217], [16.7951983, 49.0737062], [16.7922933, 49.0755681], [16.7889872, 49.0776872], [16.7856419, 49.0798312], [16.7824334, 49.0818875], [16.7793182, 49.0838839], [16.7759951, 49.0860134], [16.7726617, 49.0881495], [16.7693427, 49.0902762], [16.7650217, 49.0917386], [16.7606173, 49.0932291], [16.7566199, 49.0945818], [16.7522382, 49.0960646], [16.7482209, 49.097424], [16.7438576, 49.0989005], [16.7395164, 49.1003694], [16.7353319, 49.1017852], [16.7309154, 49.1032125], [16.7267629, 49.1046065], [16.723371, 49.1057507], [16.7199769, 49.106884], [16.7158332, 49.1082736], [16.7127188, 49.1093577], [16.7089626, 49.1106614], [16.7053366, 49.1119191], [16.7020712, 49.1130492]]}, "properties": {"id": "182146b8-60e5-388e-a3d6-7109402abdd6", "names": null, "subtype": "power", "class": "power_line", "surface": null}}, {"type": "Feature", "geometry": {"type": "LineString", "coordinates": [[16.9682507, 48.7785458], [16.9656214, 48.7787762], [16.9618837, 48.7791234], [16.9578815, 48.7794879], [16.9538477, 48.7798351], [16.9500362, 48.7801714], [16.947122, 48.7808983], [16.9435574, 48.781788], [16.9385343, 48.7830414], [16.9354262, 48.7826419], [16.9334714, 48.7823791], [16.9306407, 48.782004], [16.9293915, 48.782868], [16.9285688, 48.7834321], [16.9256615, 48.7854224], [16.9227544, 48.7874126], [16.9198697, 48.7893958], [16.9181692, 48.7905539], [16.9158344, 48.7925952], [16.9133992, 48.7947103], [16.9110336, 48.7968002], [16.9086293, 48.7989154], [16.9062913, 48.8009672], [16.9040258, 48.8029453], [16.9016681, 48.8050924], [16.8992446, 48.8071267], [16.8971898, 48.8089093], [16.8952404, 48.8106832], [16.8928959, 48.8126478], [16.8891552, 48.8126001], [16.8870872, 48.8126088], [16.8849298, 48.8145653], [16.8827133, 48.8166941], [16.8805607, 48.8188058], [16.8783347, 48.8209349], [16.8761417, 48.8230379], [16.8738169, 48.8251755], [16.8718444, 48.8271309], [16.8694751, 48.8294298], [16.8674687, 48.8313377], [16.8653129, 48.8334261], [16.8630869, 48.8355569], [16.8608012, 48.8377673], [16.8590379, 48.8394364], [16.8571564, 48.8412174], [16.8547288, 48.8432011], [16.852163, 48.8453161], [16.8500134, 48.8470671], [16.8475688, 48.8490918], [16.8448502, 48.8512899], [16.8422825, 48.8533823], [16.8399349, 48.8553188], [16.8376826, 48.8571635], [16.8350637, 48.8592764], [16.8326172, 48.861339], [16.8304044, 48.8631517], [16.8278702, 48.8652036], [16.8252464, 48.8673489], [16.8228123, 48.8693555], [16.8207259, 48.8710536], [16.8186563, 48.8727518], [16.816553, 48.8744816], [16.8144716, 48.8761935], [16.8128392, 48.8769616], [16.8092878, 48.877407], [16.8051385, 48.8778553], [16.8019816, 48.8782046], [16.798112, 48.8786388], [16.793934, 48.8791046], [16.7898191, 48.8795797], [16.7857247, 48.8800452], [16.7816044, 48.8805249], [16.7777507, 48.8809471], [16.7744677, 48.8827939], [16.7699378, 48.8818081], [16.7657341, 48.8822809], [16.7628314, 48.8826], [16.7624314, 48.8835137]]}, "properties": {"id": "36ab28fc-f499-3c88-b632-c7535ac06372", "names": null, "subtype": "power", "class": "power_line", "surface": null}}, {"type": "Feature", "geometry": {"type": "LineString", "coordinates": [[16.8394887, 48.8062771], [16.8406982, 48.8059127], [16.8411789, 48.8058327], [16.8417489, 48.8068312], [16.8412178, 48.8070238], [16.8406886, 48.8072156], [16.8397273, 48.8075964], [16.8388992, 48.8080785], [16.838207, 48.8086031], [16.8376096, 48.8092543], [16.8372826, 48.8096591], [16.8367993, 48.8102573], [16.8363988, 48.8108859], [16.8359711, 48.8115572], [16.8355413, 48.8122316], [16.8351047, 48.8129128], [16.8346802, 48.8135749], [16.834238, 48.8142647], [16.8341135, 48.8149559], [16.8339851, 48.8156932], [16.8338204, 48.8163979], [16.8335792, 48.8169232], [16.8333466, 48.8174296], [16.8329346, 48.817931], [16.8328447, 48.8185734], [16.8327765, 48.8190607], [16.8335833, 48.8196484], [16.8343874, 48.8202265], [16.835292, 48.8208767], [16.8361733, 48.8215041], [16.8370321, 48.8221155], [16.8380028, 48.822812], [16.8389451, 48.8234881], [16.8398639, 48.8241452], [16.8404076, 48.8245341], [16.8408027, 48.8248131], [16.8405195, 48.8255007], [16.8402667, 48.8261497], [16.8404664, 48.8268267], [16.8406866, 48.8275736], [16.8407737, 48.8278689], [16.8409307, 48.8284013], [16.8411713, 48.8292109], [16.841406, 48.8300012], [16.8415972, 48.8306687], [16.8418399, 48.8315164], [16.8419935, 48.8321048], [16.8421794, 48.8328172], [16.8432298, 48.8333247], [16.8441102, 48.8337501], [16.8451205, 48.8342382], [16.846379, 48.8344215], [16.8472597, 48.8345498], [16.8481494, 48.8346858]]}, "properties": {"id": "b7f12dd1-ec58-300a-bb9a-e4c0ba4b73d3", "names": null, "subtype": "power", "class": "minor_line", "surface": null}}, {"type": "Feature", "geometry": {"type": "Point", "coordinates": [16.8351047, 48.8129128]}, "properties": {"id": "597dd8e9-d0d8-37f7-91d5-cf62279bd81b", "names": null, "subtype": "power", "class": "power_pole", "surface": null}}, {"type": "Feature", "geometry": {"type": "Point", "coordinates": [16.8355413, 48.8122316]}, "properties": {"id": "d76561f5-2139-3549-8480-2dfeeea8abc2", "names": null, "subtype": "power", "class": "power_pole", "surface": null}}, {"type": "Feature", "geometry": {"type": "Point", "coordinates": [16.8349975, 48.8055068]}, "properties": {"id": "74967893-0ea6-30fe-b6cd-1762f50b7410", "names": {"primary": "Zrod a z\u00e1rove\u0148 zatracen\u00ed koule", "common": null, "rules": null}, "subtype": "pedestrian", "class": "artwork", "surface": null}}, {"type": "Feature", "geometry": {"type": "Point", "coordinates": [16.8335793, 48.804968]}, "properties": {"id": "faee2079-53e5-3582-88a5-f7e6803264ff", "names": null, "subtype": "pedestrian", "class": "toilets", "surface": null}}, {"type": "Feature", "geometry": {"type": "Polygon", "coordinates": [[[16.8338869, 48.8052632], [16.8335444, 48.8052509], [16.8334863, 48.8052443], [16.8334451, 48.8052281], [16.8333497, 48.8051539], [16.8333179, 48.8051292], [16.8334817, 48.8049785], [16.8336079, 48.8050606], [16.8335729, 48.8050626], [16.8335425, 48.8050696], [16.8335218, 48.8050848], [16.8335111, 48.8051049], [16.8335089, 48.8051285], [16.8335216, 48.8051481], [16.8335493, 48.8051642], [16.8335817, 48.8051739], [16.8336248, 48.805178], [16.8338375, 48.8051842], [16.8338727, 48.8051848], [16.8338869, 48.8052632]]]}, "properties": {"id": "e940bfa0-d535-328b-a73a-f47b7ffe753c", "names": null, "subtype": "transit", "class": "parking", "surface": "gravel"}}, {"type": "Feature", "geometry": {"type": "Point", "coordinates": [16.8346802, 48.8135749]}, "properties": {"id": "097b0340-4dcc-3e80-99b8-84feabc9b0b7", "names": null, "subtype": "power", "class": "power_pole", "surface": null}}, {"type": "Feature", "geometry": {"type": "Point", "coordinates": [16.834238, 48.8142647]}, "properties": {"id": "2a8e5699-c073-38f3-b096-ec4792178595", "names": null, "subtype": "power", "class": "power_pole", "surface": null}}, {"type": "Feature", "geometry": {"type": "Point", "coordinates": [16.8341135, 48.8149559]}, "properties": {"id": "5508e2b0-8dd4-3100-9486-636cee614bf3", "names": null, "subtype": "power", "class": "power_pole", "surface": null}}, {"type": "Feature", "geometry": {"type": "Point", "coordinates": [16.8329346, 48.817931]}, "properties": {"id": "bc9611d3-5b5c-326d-9cdd-ca276acf206d", "names": null, "subtype": "power", "class": "power_pole", "surface": null}}, {"type": "Feature", "geometry": {"type": "LineString", "coordinates": [[16.8327095, 48.8178013], [16.8323992, 48.8177496]]}, "properties": {"id": "9f64d76e-773a-38db-b8a2-0e5c45da97be", "names": null, "subtype": "bridge", "class": "bridge", "surface": "asphalt"}}, {"type": "Feature", "geometry": {"type": "Point", "coordinates": [16.8321611, 48.817834]}, "properties": {"id": "02682b38-3055-3eba-a2cb-07b99f4bf887", "names": null, "subtype": "power", "class": "power_pole", "surface": null}}, {"type": "Feature", "geometry": {"type": "Point", "coordinates": [16.8314856, 48.817751]}, "properties": {"id": "35495981-e72a-32b3-abd9-8e02376e9875", "names": null, "subtype": "power", "class": "power_pole", "surface": null}}, {"type": "Feature", "geometry": {"type": "Point", "coordinates": [16.8314798, 48.8180195]}, "properties": {"id": "3a7fe70c-77d8-3a1b-bab6-a765549a44fa", "names": null, "subtype": "barrier", "class": "gate", "surface": null}}, {"type": "Feature", "geometry": {"type": "Point", "coordinates": [16.8317589, 48.818343]}, "properties": {"id": "177a54b4-af29-3057-9ad7-35d14f321d86", "names": null, "subtype": "power", "class": "power_pole", "surface": null}}, {"type": "Feature", "geometry": {"type": "Point", "coordinates": [16.8327765, 48.8190607]}, "properties": {"id": "0c7dc784-71f9-3dea-a2d4-60856adde367", "names": null, "subtype": "power", "class": "power_pole", "surface": null}}, {"type": "Feature", "geometry": {"type": "Point", "coordinates": [16.8324303, 48.8188165]}, "properties": {"id": "cd74baf5-f3e5-30e0-9528-89d76c55eb1f", "names": null, "subtype": "power", "class": "power_pole", "surface": null}}, {"type": "Feature", "geometry": {"type": "LineString", "coordinates": [[16.8317589, 48.818343], [16.8324303, 48.8188165], [16.8327765, 48.8190607]]}, "properties": {"id": "f8fe3a63-553a-381a-8a4f-3678b9bec13d", "names": null, "subtype": "power", "class": "minor_line", "surface": null}}, {"type": "Feature", "geometry": {"type": "Point", "coordinates": [16.8328447, 48.8185734]}, "properties": {"id": "8e4e84b3-676b-38ff-9ae5-3462bbee152e", "names": null, "subtype": "power", "class": "power_pole", "surface": null}}, {"type": "Feature", "geometry": {"type": "Point", "coordinates": [16.8335833, 48.8196484]}, "properties": {"id": "ed6f9034-7692-36f3-90d6-85406d976647", "names": null, "subtype": "power", "class": "power_pole", "surface": null}}, {"type": "Feature", "geometry": {"type": "Point", "coordinates": [16.8343874, 48.8202265]}, "properties": {"id": "3ee9871e-7f6b-3907-8ad5-36bba23d9907", "names": null, "subtype": "power", "class": "power_pole", "surface": null}}, {"type": "Feature", "geometry": {"type": "Point", "coordinates": [16.8333466, 48.8174296]}, "properties": {"id": "d82406b4-b3e4-3bd6-9bee-e842bd3a704f", "names": null, "subtype": "power", "class": "power_pole", "surface": null}}, {"type": "Feature", "geometry": {"type": "Point", "coordinates": [16.8335792, 48.8169232]}, "properties": {"id": "3e3b4fa9-0922-3915-98f3-dc6037abd0a9", "names": null, "subtype": "power", "class": "power_pole", "surface": null}}, {"type": "Feature", "geometry": {"type": "Point", "coordinates": [16.8338204, 48.8163979]}, "properties": {"id": "b9ef0d7f-59bb-3cee-a45f-943c3b8918ab", "names": null, "subtype": "power", "class": "power_pole", "surface": null}}, {"type": "Feature", "geometry": {"type": "Point", "coordinates": [16.8339851, 48.8156932]}, "properties": {"id": "978d8e76-d297-38ce-8cca-629107166429", "names": null, "subtype": "power", "class": "power_pole", "surface": null}}, {"type": "Feature", "geometry": {"type": "Point", "coordinates": [16.835292, 48.8208767]}, "properties": {"id": "0d058329-e55c-37d8-900f-41983ce54759", "names": null, "subtype": "power", "class": "power_pole", "surface": null}}, {"type": "Feature", "geometry": {"type": "Point", "coordinates": [16.8262001, 48.8178877]}, "properties": {"id": "62bf442e-d622-3907-899d-8345b22a503f", "names": null, "subtype": "power", "class": "power_pole", "surface": null}}, {"type": "Feature", "geometry": {"type": "Point", "coordinates": [16.8251431, 48.8179338]}, "properties": {"id": "5a6bf8b1-a0e9-3042-9790-3d5dc13e4d78", "names": null, "subtype": "power", "class": "power_pole", "surface": null}}, {"type": "Feature", "geometry": {"type": "Point", "coordinates": [16.8272572, 48.8178465]}, "properties": {"id": "8143e607-2c90-3684-81aa-591f0b6981e4", "names": null, "subtype": "power", "class": "power_pole", "surface": null}}, {"type": "Feature", "geometry": {"type": "Point", "coordinates": [16.8292923, 48.8177662]}, "properties": {"id": "3381f233-5e50-3632-a88a-a768b0316389", "names": null, "subtype": "power", "class": "power_pole", "surface": null}}, {"type": "Feature", "geometry": {"type": "Point", "coordinates": [16.8283376, 48.817804]}, "properties": {"id": "c1da523c-204a-3a4e-8edc-92036f8452c3", "names": null, "subtype": "power", "class": "power_pole", "surface": null}}, {"type": "Feature", "geometry": {"type": "Point", "coordinates": [16.8303613, 48.8177581]}, "properties": {"id": "fb8477a8-d0e4-3204-8b4e-94c078262463", "names": null, "subtype": "power", "class": "power_pole", "surface": null}}, {"type": "Feature", "geometry": {"type": "LineString", "coordinates": [[16.8197909, 48.8065526], [16.8196181, 48.8065689]]}, "properties": {"id": "46c012de-e0ce-35fc-b060-6a8213ef1625", "names": null, "subtype": "bridge", "class": "bridge", "surface": "compacted"}}, {"type": "Feature", "geometry": {"type": "Point", "coordinates": [16.8188158, 48.8181819]}, "properties": {"id": "f3f29cec-15e1-3580-b7cb-001f28d576ff", "names": null, "subtype": "power", "class": "power_pole", "surface": null}}, {"type": "Feature", "geometry": {"type": "Point", "coordinates": [16.8208827, 48.8180918]}, "properties": {"id": "8948f6d4-f986-380e-b413-fb01a010e054", "names": null, "subtype": "barrier", "class": "gate", "surface": null}}, {"type": "Feature", "geometry": {"type": "Point", "coordinates": [16.8208435, 48.818102]}, "properties": {"id": "a790d433-9a02-39de-b2b0-26eae9d3c3ca", "names": null, "subtype": "power", "class": "power_pole", "surface": null}}, {"type": "Feature", "geometry": {"type": "Point", "coordinates": [16.8198886, 48.8181413]}, "properties": {"id": "f366acf5-bc80-3b3b-b7da-3c62cf74d8d6", "names": null, "subtype": "power", "class": "power_pole", "surface": null}}, {"type": "Feature", "geometry": {"type": "LineString", "coordinates": [[16.8195198, 48.8169027], [16.8195228, 48.8170918], [16.8195251, 48.8172351]]}, "properties": {"id": "809acb46-8af7-3231-8258-ae1e3a96c05f", "names": null, "subtype": "water", "class": "weir", "surface": null}}, {"type": "Feature", "geometry": {"type": "Point", "coordinates": [16.8218815, 48.8180574]}, "properties": {"id": "0456ca44-8d03-3fa3-a1ca-5d7cfd8f0bb9", "names": null, "subtype": "power", "class": "power_pole", "surface": null}}, {"type": "Feature", "geometry": {"type": "Point", "coordinates": [16.8240501, 48.8179762]}, "properties": {"id": "526f1eb6-b76a-375c-ae7a-aa2282e96ade", "names": null, "subtype": "power", "class": "power_pole", "surface": null}}, {"type": "Feature", "geometry": {"type": "Point", "coordinates": [16.822996, 48.8180141]}, "properties": {"id": "7cbe8c60-ada7-3ae6-9803-a64cdabb51f1", "names": null, "subtype": "power", "class": "power_pole", "surface": null}}, {"type": "Feature", "geometry": {"type": "Point", "coordinates": [16.7765237, 48.8137342]}, "properties": {"id": "3bd62213-26e6-326b-aadd-51c84e8c5beb", "names": null, "subtype": "transit", "class": "bicycle_parking", "surface": null}}, {"type": "Feature", "geometry": {"type": "Point", "coordinates": [16.7795871, 48.805043]}, "properties": {"id": "7476c271-886e-3a57-8a33-bf4c3732f6ad", "names": null, "subtype": "power", "class": "power_pole", "surface": null}}, {"type": "Feature", "geometry": {"type": "Point", "coordinates": [16.7796454, 48.8055001]}, "properties": {"id": "763aa1eb-7807-37b0-a5c8-2c7e227297ea", "names": null, "subtype": "power", "class": "power_pole", "surface": null}}, {"type": "Feature", "geometry": {"type": "Point", "coordinates": [16.7771183, 48.8111894]}, "properties": {"id": "c2fcd665-2d63-3d6c-b73b-a75a0e34a7c0", "names": null, "subtype": "pedestrian", "class": "bench", "surface": null}}, {"type": "Feature", "geometry": {"type": "Point", "coordinates": [16.7770567, 48.8111401]}, "properties": {"id": "aa3927b7-142d-3efd-b228-02579f0699fa", "names": null, "subtype": "pedestrian", "class": "bench", "surface": null}}, {"type": "Feature", "geometry": {"type": "LineString", "coordinates": [[16.7768328, 48.8142699], [16.7770072, 48.8143395]]}, "properties": {"id": "a27ebdbf-219c-3f89-935e-94026fb148f8", "names": null, "subtype": "bridge", "class": "bridge", "surface": null}}, {"type": "Feature", "geometry": {"type": "Point", "coordinates": [16.7773646, 48.8181231]}, "properties": {"id": "52ef4df3-7279-327f-b667-4c61ea9112ac", "names": {"primary": "Nejdek (rozc.)", "common": null, "rules": null}, "subtype": "pedestrian", "class": "information", "surface": null}}, {"type": "Feature", "geometry": {"type": "LineString", "coordinates": [[16.7785196, 48.8170091], [16.7785734, 48.8171096]]}, "properties": {"id": "770968e9-aea8-32ff-ba19-0c6febc9df45", "names": null, "subtype": "bridge", "class": "bridge", "surface": "asphalt"}}, {"type": "Feature", "geometry": {"type": "Point", "coordinates": [16.802229, 48.8071576]}, "properties": {"id": "59140958-aa63-3534-9766-9cb63046e89b", "names": null, "subtype": "power", "class": "power_pole", "surface": null}}, {"type": "Feature", "geometry": {"type": "Point", "coordinates": [16.8023048, 48.8064201]}, "properties": {"id": "3f39899e-d3cb-3270-b288-9debeba88beb", "names": null, "subtype": "power", "class": "power_pole", "surface": null}}, {"type": "Feature", "geometry": {"type": "Point", "coordinates": [16.8024597, 48.8049989]}, "properties": {"id": "dbe18ac0-05d1-3fc6-b980-0d8a72b1e259", "names": null, "subtype": "power", "class": "power_pole", "surface": null}}, {"type": "Feature", "geometry": {"type": "Point", "coordinates": [16.8023805, 48.8057214]}, "properties": {"id": "28e4bba2-352d-33e4-81d3-17e2194afe82", "names": null, "subtype": "power", "class": "power_pole", "surface": null}}, {"type": "Feature", "geometry": {"type": "Point", "coordinates": [16.8027601, 48.8068061]}, "properties": {"id": "08fc32a7-b3a4-34a8-9d65-04f2535ea756", "names": {"primary": "Hippoclub Lednice", "common": null, "rules": null}, "subtype": "recreation", "class": "camp_site", "surface": null}}, {"type": "Feature", "geometry": {"type": "Point", "coordinates": [16.8026211, 48.808514]}, "properties": {"id": "c1e7846c-89f2-3480-9bd2-439899614f99", "names": null, "subtype": "power", "class": "power_pole", "surface": null}}, {"type": "Feature", "geometry": {"type": "Point", "coordinates": [16.803609, 48.8099176]}, "properties": {"id": "5ae39e6e-ab2c-3d5a-83bf-b86bda4b9436", "names": null, "subtype": "power", "class": "power_pole", "surface": null}}, {"type": "Feature", "geometry": {"type": "Point", "coordinates": [16.8031275, 48.8092199]}, "properties": {"id": "a0856e3d-74ae-3834-9f2d-6766910cd0ee", "names": null, "subtype": "power", "class": "power_pole", "surface": null}}, {"type": "Feature", "geometry": {"type": "Point", "coordinates": [16.8021541, 48.8078537]}, "properties": {"id": "e4278908-75f4-3d07-888f-def0e166ee52", "names": null, "subtype": "power", "class": "power_pole", "surface": null}}, {"type": "Feature", "geometry": {"type": "LineString", "coordinates": [[16.8032786, 48.8140521], [16.8032995, 48.8141434]]}, "properties": {"id": "0b6e35ee-1278-3760-96d9-5c309bc424e5", "names": null, "subtype": "bridge", "class": "bridge", "surface": "gravel"}}, {"type": "Feature", "geometry": {"type": "LineString", "coordinates": [[16.799771, 48.8146724], [16.7998133, 48.8146454]]}, "properties": {"id": "85dfce55-9f82-30af-8fee-a81b11681b22", "names": null, "subtype": "bridge", "class": "bridge", "surface": null}}, {"type": "Feature", "geometry": {"type": "LineString", "coordinates": [[16.7990415, 48.8149329], [16.7990023, 48.8148483]]}, "properties": {"id": "351fa2ba-154f-3301-807e-0a02f6fe4dd0", "names": null, "subtype": "bridge", "class": "bridge", "surface": "dirt"}}, {"type": "Feature", "geometry": {"type": "Point", "coordinates": [16.8025609, 48.8218844]}, "properties": {"id": "0cb7af38-d490-3c14-b83b-2c66bbd4782e", "names": null, "subtype": "barrier", "class": "barrier", "surface": null}}, {"type": "Feature", "geometry": {"type": "LineString", "coordinates": [[16.802908, 48.824021], [16.802979, 48.82362], [16.80231, 48.823565], [16.802251, 48.823885], [16.802399, 48.82395], [16.802558, 48.823996], [16.8026483, 48.8240154], [16.802908, 48.824021]]}, "properties": {"id": "649bc9dd-e211-36aa-8736-70f41c17b133", "names": null, "subtype": "barrier", "class": "fence", "surface": null}}, {"type": "Feature", "geometry": {"type": "LineString", "coordinates": [[16.8090968, 48.8183209], [16.8100704, 48.8183826], [16.8111801, 48.8183976], [16.8115623, 48.8183888], [16.812017, 48.8183676], [16.8128519, 48.8183332], [16.8139201, 48.8182953], [16.8159079, 48.8182151], [16.8173391, 48.8181562], [16.8188598, 48.8181104], [16.8207871, 48.8180366], [16.8208369, 48.8180935], [16.8208827, 48.8180918], [16.8209301, 48.81809], [16.820995, 48.8180264], [16.8223137, 48.8179713], [16.8274913, 48.817767], [16.8282376, 48.8177401], [16.8293139, 48.8176989], [16.82964, 48.8176996], [16.8314374, 48.8177557], [16.8314837, 48.8177814], [16.8314512, 48.8180185], [16.8314798, 48.8180195], [16.8315162, 48.8180208], [16.8315057, 48.8180995], [16.8317235, 48.8181099], [16.831764, 48.8181006], [16.8317938, 48.8181203], [16.8318536, 48.8181377], [16.8318588, 48.8181851], [16.8318029, 48.8181892], [16.8317659, 48.8182359], [16.8316837, 48.8183667], [16.8315049, 48.8186777], [16.8307033, 48.8200441], [16.8302594, 48.8208102], [16.8295186, 48.8220866], [16.8290033, 48.8229879], [16.8277137, 48.8252312], [16.8269501, 48.8265736], [16.8256609, 48.8288179], [16.8243731, 48.8310534], [16.8241746, 48.831437], [16.8240163, 48.8317021], [16.8239018, 48.831856], [16.8237609, 48.8320951], [16.8235549, 48.8325114], [16.8233447, 48.8329836], [16.8233279, 48.8330413], [16.8231955, 48.8334962], [16.8231015, 48.8339027], [16.8230919, 48.8339785], [16.8230154, 48.834738], [16.8230891, 48.8355627], [16.8230956, 48.8356472], [16.8231168, 48.8357414], [16.8231356, 48.8358158], [16.8231917, 48.835969], [16.8233209, 48.836358], [16.8234511, 48.8367146], [16.8231922, 48.8367597], [16.8231292, 48.8368141], [16.8229544, 48.8369234], [16.818688, 48.8395587], [16.8185507, 48.8396005], [16.8148598, 48.8407534], [16.8121139, 48.8416079], [16.8108645, 48.8419937], [16.8107134, 48.8420352], [16.8086549, 48.842303], [16.8064682, 48.8415211], [16.7992069, 48.8374077], [16.7980924, 48.8375461], [16.7980209, 48.8374684], [16.7976412, 48.8373363], [16.7972591, 48.8370343], [16.7969517, 48.836796], [16.7965068, 48.8362532], [16.7959043, 48.8357841], [16.7953616, 48.8356144], [16.7943407, 48.8356604], [16.7940169, 48.835758], [16.7922992, 48.8351499], [16.7921661, 48.8351202], [16.7920387, 48.8350765], [16.7919263, 48.8350245], [16.7916989, 48.8349079], [16.7904549, 48.8343272], [16.7874326, 48.8329062], [16.7874353, 48.8328666], [16.7874706, 48.8327156], [16.7874339, 48.8319818], [16.787544, 48.8309572], [16.7873244, 48.8308127], [16.7871598, 48.8306411], [16.7880205, 48.8304182], [16.7886535, 48.8302235], [16.7892133, 48.8300223], [16.7896193, 48.8298358], [16.7899807, 48.8296824], [16.7905167, 48.8293784], [16.7910878, 48.8290033], [16.79149, 48.828722], [16.7918831, 48.8283777], [16.7922818, 48.8280268], [16.7927152, 48.8276564], [16.7933194, 48.8271269], [16.7934223, 48.8270465], [16.7939579, 48.8266517], [16.7941171, 48.8265456], [16.794568, 48.8262923], [16.7949268, 48.8260977], [16.7953157, 48.8259304], [16.7957632, 48.8257587], [16.7966848, 48.8253953], [16.797578, 48.8250628], [16.7988933, 48.8245667], [16.7995813, 48.8242547], [16.7997147, 48.824193], [16.7998454, 48.8241155], [16.800155, 48.8239447], [16.8004981, 48.8237361], [16.8008349, 48.8235178], [16.8009872, 48.8233825], [16.8016197, 48.8228213], [16.8020251, 48.8224716], [16.8023687, 48.8220754], [16.8025518, 48.8218922], [16.8025609, 48.8218844], [16.8038545, 48.8207747], [16.8047127, 48.8202129], [16.8055802, 48.8196684], [16.8065708, 48.8191488], [16.8074166, 48.8187938], [16.8088329, 48.8182555], [16.8088653, 48.8182929], [16.8089209, 48.8183621], [16.8090968, 48.8183209]]}, "properties": {"id": "5d39634a-2365-3c43-ae57-5e073fccca83", "names": null, "subtype": "barrier", "class": "fence", "surface": null}}, {"type": "Feature", "geometry": {"type": "LineString", "coordinates": [[16.8025518, 48.8218922], [16.8025609, 48.8218844], [16.8038545, 48.8207747], [16.8047127, 48.8202129], [16.8055802, 48.8196684], [16.8065708, 48.8191488], [16.8074166, 48.8187938], [16.8088329, 48.8182555], [16.8088653, 48.8182929], [16.8089209, 48.8183621], [16.8090968, 48.8183209], [16.8100704, 48.8183826], [16.8111801, 48.8183976], [16.8115623, 48.8183888], [16.812017, 48.8183676], [16.8128519, 48.8183332], [16.8139201, 48.8182953], [16.8159079, 48.8182151], [16.8173391, 48.8181562], [16.8188598, 48.8181104], [16.8207871, 48.8180366], [16.8208369, 48.8180935], [16.8208827, 48.8180918], [16.8209301, 48.81809], [16.820995, 48.8180264], [16.8223137, 48.8179713], [16.8274913, 48.817767], [16.8282376, 48.8177401], [16.8293139, 48.8176989], [16.82964, 48.8176996], [16.8314374, 48.8177557], [16.8314837, 48.8177814], [16.8314512, 48.8180185], [16.8314798, 48.8180195], [16.8315162, 48.8180208], [16.8315057, 48.8180995], [16.8317235, 48.8181099], [16.831764, 48.8181006], [16.8317938, 48.8181203], [16.8318536, 48.8181377], [16.8318588, 48.8181851], [16.8318029, 48.8181892], [16.8317659, 48.8182359], [16.8316837, 48.8183667], [16.8315049, 48.8186777], [16.8307033, 48.8200441], [16.8302594, 48.8208102], [16.8295186, 48.8220866], [16.8290033, 48.8229879], [16.8277137, 48.8252312], [16.8269501, 48.8265736], [16.8256609, 48.8288179], [16.8243731, 48.8310534], [16.8241746, 48.831437], [16.8240163, 48.8317021], [16.8239018, 48.831856], [16.8237609, 48.8320951], [16.8235549, 48.8325114], [16.8233447, 48.8329836], [16.8233279, 48.8330413], [16.8231955, 48.8334962], [16.8231015, 48.8339027], [16.8230919, 48.8339785], [16.8230154, 48.834738], [16.8230891, 48.8355627], [16.8230956, 48.8356472], [16.8231168, 48.8357414], [16.8231356, 48.8358158], [16.8231917, 48.835969], [16.8233209, 48.836358], [16.8234511, 48.8367146], [16.8231922, 48.8367597], [16.8231292, 48.8368141], [16.8229544, 48.8369234], [16.818688, 48.8395587], [16.8185507, 48.8396005], [16.8148598, 48.8407534], [16.8121139, 48.8416079], [16.8108645, 48.8419937], [16.8107134, 48.8420352], [16.8086549, 48.842303], [16.8064682, 48.8415211], [16.7992069, 48.8374077], [16.7980924, 48.8375461], [16.7980209, 48.8374684], [16.7976412, 48.8373363], [16.7972591, 48.8370343], [16.7969517, 48.836796], [16.7965068, 48.8362532], [16.7959043, 48.8357841], [16.7953616, 48.8356144], [16.7943407, 48.8356604], [16.7940169, 48.835758], [16.7922992, 48.8351499], [16.7921661, 48.8351202], [16.7920387, 48.8350765], [16.7919263, 48.8350245], [16.7916989, 48.8349079], [16.7904549, 48.8343272], [16.7874326, 48.8329062], [16.7874353, 48.8328666], [16.7874706, 48.8327156], [16.7874339, 48.8319818], [16.787544, 48.8309572], [16.7873244, 48.8308127], [16.7871598, 48.8306411], [16.7880205, 48.8304182], [16.7886535, 48.8302235], [16.7892133, 48.8300223], [16.7896193, 48.8298358], [16.7899807, 48.8296824], [16.7905167, 48.8293784], [16.7910878, 48.8290033], [16.79149, 48.828722], [16.7918831, 48.8283777], [16.7922818, 48.8280268], [16.7927152, 48.8276564], [16.7933194, 48.8271269], [16.7934223, 48.8270465], [16.7939579, 48.8266517], [16.7941171, 48.8265456], [16.794568, 48.8262923], [16.7949268, 48.8260977], [16.7953157, 48.8259304], [16.7957632, 48.8257587], [16.7966848, 48.8253953], [16.797578, 48.8250628], [16.7988933, 48.8245667], [16.7995813, 48.8242547], [16.7997147, 48.824193], [16.7998454, 48.8241155], [16.800155, 48.8239447], [16.8004981, 48.8237361], [16.8008349, 48.8235178], [16.8009872, 48.8233825], [16.8016197, 48.8228213], [16.8020251, 48.8224716], [16.8023687, 48.8220754], [16.8025518, 48.8218922]]}, "properties": {"id": "20016053-9c8b-3543-96d5-2b31fe4e869b", "names": null, "subtype": "barrier", "class": "fence", "surface": null}}, {"type": "Feature", "geometry": {"type": "Point", "coordinates": [16.8166593, 48.8182667]}, "properties": {"id": "28f494e0-6c93-35f2-a12b-1a76a90abdac", "names": null, "subtype": "power", "class": "power_pole", "surface": null}}, {"type": "Feature", "geometry": {"type": "Point", "coordinates": [16.8177187, 48.8182261]}, "properties": {"id": "00251184-def0-3612-9feb-533965c57a6a", "names": null, "subtype": "power", "class": "power_pole", "surface": null}}, {"type": "Feature", "geometry": {"type": "Point", "coordinates": [16.8144652, 48.8183497]}, "properties": {"id": "b19cad63-f6bc-3c0a-a46b-d036106c2508", "names": null, "subtype": "power", "class": "power_pole", "surface": null}}, {"type": "Feature", "geometry": {"type": "Point", "coordinates": [16.815573, 48.8183108]}, "properties": {"id": "7ef8bf6f-87f4-3c9d-bd88-368b6aad62ec", "names": null, "subtype": "power", "class": "power_pole", "surface": null}}, {"type": "Feature", "geometry": {"type": "Point", "coordinates": [16.8133736, 48.8183868]}, "properties": {"id": "bf59d32f-bb16-3b33-95ed-f0eed5c1cf93", "names": null, "subtype": "power", "class": "power_pole", "surface": null}}, {"type": "Feature", "geometry": {"type": "Point", "coordinates": [16.8112281, 48.818472]}, "properties": {"id": "9812bef2-898d-32f6-a7af-c701e4b8fa4b", "names": null, "subtype": "power", "class": "power_pole", "surface": null}}, {"type": "Feature", "geometry": {"type": "Point", "coordinates": [16.8122792, 48.8184362]}, "properties": {"id": "9fae585e-e614-3579-ad52-4f7fb70b04bc", "names": null, "subtype": "power", "class": "power_pole", "surface": null}}, {"type": "Feature", "geometry": {"type": "LineString", "coordinates": [[16.804571, 48.824246], [16.80464, 48.823813], [16.803779, 48.823751], [16.803685, 48.82415], [16.8042831, 48.8242], [16.804571, 48.824246]]}, "properties": {"id": "aa069bb4-f2ff-3851-a4a4-7cc04fc74893", "names": null, "subtype": "barrier", "class": "fence", "surface": null}}, {"type": "Feature", "geometry": {"type": "Point", "coordinates": [16.8048908, 48.81618]}, "properties": {"id": "1e5fedf0-ceb4-3004-8517-3ae5c4263784", "names": null, "subtype": "power", "class": "power_pole", "surface": null}}, {"type": "Feature", "geometry": {"type": "Point", "coordinates": [16.8054154, 48.8167497]}, "properties": {"id": "df670e99-5aeb-3c2a-b2f4-6cb52e124ed0", "names": null, "subtype": "power", "class": "power_pole", "surface": null}}, {"type": "Feature", "geometry": {"type": "Point", "coordinates": [16.8061033, 48.8172984]}, "properties": {"id": "38f0b2dd-00bf-3e5f-889a-cec09c783f67", "names": null, "subtype": "power", "class": "power_pole", "surface": null}}, {"type": "Feature", "geometry": {"type": "Point", "coordinates": [16.8069757, 48.8176441]}, "properties": {"id": "a17d0685-6d75-39c6-9595-cda7cff3eeae", "names": null, "subtype": "power", "class": "power_pole", "surface": null}}, {"type": "Feature", "geometry": {"type": "LineString", "coordinates": [[16.808679, 48.8180791], [16.8083391, 48.818], [16.8079728, 48.8178963], [16.8076206, 48.8177767], [16.8072424, 48.8176136]]}, "properties": {"id": "7903ebcc-e816-382c-9f35-84a9a2353126", "names": null, "subtype": "bridge", "class": "bridge", "surface": "asphalt"}}, {"type": "Feature", "geometry": {"type": "Point", "coordinates": [16.8081742, 48.8184391]}, "properties": {"id": "dcd2eb39-22f4-3eb5-bd3f-092d66b236df", "names": null, "subtype": "power", "class": "power_pole", "surface": null}}, {"type": "Feature", "geometry": {"type": "Point", "coordinates": [16.8088653, 48.8182929]}, "properties": {"id": "917937a8-ec19-3a23-84fe-8d42fee71dc7", "names": null, "subtype": "barrier", "class": "gate", "surface": null}}, {"type": "Feature", "geometry": {"type": "Point", "coordinates": [16.8091142, 48.8184511]}, "properties": {"id": "a154c366-c6e1-3c92-87ec-79a93a514ecc", "names": null, "subtype": "power", "class": "power_pole", "surface": null}}, {"type": "Feature", "geometry": {"type": "Point", "coordinates": [16.8101469, 48.8184592]}, "properties": {"id": "a4fbc622-c1c7-39bb-888a-7819aa89e7c8", "names": null, "subtype": "power", "class": "power_pole", "surface": null}}, {"type": "Feature", "geometry": {"type": "Polygon", "coordinates": [[[16.8096725, 48.8180536], [16.8096163, 48.8181844], [16.8094634, 48.8181682], [16.809279, 48.8181508], [16.8090444, 48.8181098], [16.809105, 48.8180803], [16.8096725, 48.8180536]]]}, "properties": {"id": "5a2e78e7-b42d-399a-a541-0abe1561f7e4", "names": null, "subtype": "transit", "class": "parking", "surface": "asphalt"}}, {"type": "Feature", "geometry": {"type": "Point", "coordinates": [16.8094048, 48.8134022]}, "properties": {"id": "2c5bc128-c4ce-30af-8b45-1970e736fcb8", "names": null, "subtype": "pedestrian", "class": "bench", "surface": null}}, {"type": "Feature", "geometry": {"type": "Point", "coordinates": [16.8097656, 48.8134158]}, "properties": {"id": "5f761855-5e61-3f3d-a71a-a9e2f8d2c11d", "names": null, "subtype": "waste_management", "class": "waste_basket", "surface": null}}, {"type": "Feature", "geometry": {"type": "Point", "coordinates": [16.8103076, 48.8137012]}, "properties": {"id": "b0c04e0f-8299-3dd5-9d71-e17ffe506bf2", "names": null, "subtype": "pedestrian", "class": "bench", "surface": null}}, {"type": "Feature", "geometry": {"type": "Point", "coordinates": [16.8084198, 48.8128348]}, "properties": {"id": "f8ed5a05-348e-3cc7-9195-0e14e62659e0", "names": null, "subtype": "waste_management", "class": "waste_basket", "surface": null}}, {"type": "Feature", "geometry": {"type": "Point", "coordinates": [16.8081624, 48.8126747]}, "properties": {"id": "495122e0-bc36-3b62-a44b-d8eeb9ac8cf5", "names": null, "subtype": "pedestrian", "class": "bench", "surface": null}}, {"type": "Feature", "geometry": {"type": "Point", "coordinates": [16.8078556, 48.8125304]}, "properties": {"id": "8b85601c-9db2-3b4c-a50e-7d1d9079d6d1", "names": null, "subtype": "pedestrian", "class": "bench", "surface": null}}, {"type": "Feature", "geometry": {"type": "Point", "coordinates": [16.8086188, 48.812976]}, "properties": {"id": "1e8dddf1-a7a4-3065-9849-e776afbbc9dd", "names": null, "subtype": "pedestrian", "class": "bench", "surface": null}}, {"type": "Feature", "geometry": {"type": "Point", "coordinates": [16.8088293, 48.8131276]}, "properties": {"id": "88fa6f61-8c6a-3c86-9dcb-940fe59eefa4", "names": null, "subtype": "pedestrian", "class": "bench", "surface": null}}, {"type": "Feature", "geometry": {"type": "Polygon", "coordinates": [[[16.805599, 48.8143948], [16.8052717, 48.8143198], [16.8050766, 48.8143038], [16.8048855, 48.8142984], [16.8048983, 48.8141513], [16.8054358, 48.8141283], [16.8056619, 48.8141364], [16.805599, 48.8143948]]]}, "properties": {"id": "53e99e2c-a7d6-3cc7-beb5-c8793b081621", "names": null, "subtype": "transit", "class": "parking", "surface": null}}, {"type": "Feature", "geometry": {"type": "Point", "coordinates": [16.8045276, 48.8155053]}, "properties": {"id": "1e3c0161-e2f0-3edb-8a1c-211d5de5f45a", "names": null, "subtype": "power", "class": "power_pole", "surface": null}}, {"type": "Feature", "geometry": {"type": "Point", "coordinates": [16.804301, 48.8148183]}, "properties": {"id": "9aac0eea-7b83-3f13-9804-18eadac46615", "names": null, "subtype": "power", "class": "power_pole", "surface": null}}, {"type": "Feature", "geometry": {"type": "Point", "coordinates": [16.8042675, 48.8141966]}, "properties": {"id": "74ccac58-e27c-38f5-87ed-9ee9de897e97", "names": null, "subtype": "power", "class": "power_pole", "surface": null}}, {"type": "Feature", "geometry": {"type": "LineString", "coordinates": [[16.8044904, 48.813542], [16.8044744, 48.8140971]]}, "properties": {"id": "1d2142d5-0ed2-35f7-a1c9-4f5f2f130adc", "names": null, "subtype": "bridge", "class": "bridge", "surface": "asphalt"}}, {"type": "Feature", "geometry": {"type": "Point", "coordinates": [16.8042576, 48.8134758]}, "properties": {"id": "e6e5d117-a21a-3c9d-807b-ba3088ac092e", "names": null, "subtype": "power", "class": "power_pole", "surface": null}}, {"type": "Feature", "geometry": {"type": "Point", "coordinates": [16.8043235, 48.8127058]}, "properties": {"id": "387b7ad3-e180-349a-ab94-ffd06667bf7b", "names": null, "subtype": "power", "class": "power_pole", "surface": null}}, {"type": "Feature", "geometry": {"type": "Point", "coordinates": [16.8043976, 48.8119525]}, "properties": {"id": "e0b2e1bb-5506-3559-a5a8-cf1615c1a59f", "names": null, "subtype": "power", "class": "power_pole", "surface": null}}, {"type": "Feature", "geometry": {"type": "Point", "coordinates": [16.8048754, 48.8112931]}, "properties": {"id": "caabd79e-05d6-31c1-8d11-3a18d1f2ee68", "names": null, "subtype": "barrier", "class": "gate", "surface": null}}, {"type": "Feature", "geometry": {"type": "Point", "coordinates": [16.8044901, 48.8111868]}, "properties": {"id": "b2037296-9e32-359d-ba75-b398cd1d4ba6", "names": null, "subtype": "power", "class": "power_pole", "surface": null}}, {"type": "Feature", "geometry": {"type": "Point", "coordinates": [16.8040811, 48.810618]}, "properties": {"id": "d109f86f-8d0c-3e60-b29a-24d020b866b9", "names": null, "subtype": "power", "class": "power_pole", "surface": null}}, {"type": "Feature", "geometry": {"type": "LineString", "coordinates": [[16.805848, 48.8113087], [16.8058755, 48.811214]]}, "properties": {"id": "24ca0570-0992-3080-bdc2-2fd85441a769", "names": null, "subtype": "bridge", "class": "bridge", "surface": "wood"}}, {"type": "Feature", "geometry": {"type": "LineString", "coordinates": [[16.8057698, 48.8115448], [16.8058111, 48.8114279]]}, "properties": {"id": "17540ef7-6166-383b-99b4-80056f5cf820", "names": null, "subtype": "bridge", "class": "bridge", "surface": "wood"}}, {"type": "Feature", "geometry": {"type": "Point", "coordinates": [16.806255, 48.811951]}, "properties": {"id": "e90f86bd-6aec-3b97-8d0d-dd0df35f90ab", "names": null, "subtype": "pedestrian", "class": "bench", "surface": null}}, {"type": "Feature", "geometry": {"type": "Point", "coordinates": [16.8062275, 48.8119348]}, "properties": {"id": "6cc3a899-aa84-3f8b-a3dc-ba9308f8f955", "names": null, "subtype": "waste_management", "class": "waste_basket", "surface": null}}, {"type": "Feature", "geometry": {"type": "Point", "coordinates": [16.8073225, 48.8123559]}, "properties": {"id": "6b0455ce-0809-3626-9082-0bbf08c7ef41", "names": null, "subtype": "pedestrian", "class": "bench", "surface": null}}, {"type": "Feature", "geometry": {"type": "LineString", "coordinates": [[16.806871, 48.8104501], [16.8071121, 48.810101]]}, "properties": {"id": "2ab7363e-1427-3c8d-aa55-c002376be509", "names": null, "subtype": "bridge", "class": "bridge", "surface": "compacted"}}, {"type": "Feature", "geometry": {"type": "Point", "coordinates": [16.8071048, 48.8106285]}, "properties": {"id": "6ae1b63d-e684-3450-8246-b44a0ca89f85", "names": null, "subtype": "pedestrian", "class": "bench", "surface": null}}, {"type": "Feature", "geometry": {"type": "Point", "coordinates": [16.8067552, 48.8075156]}, "properties": {"id": "445af241-6877-356f-85f0-07ad1fc10c1e", "names": null, "subtype": "waste_management", "class": "waste_basket", "surface": null}}, {"type": "Feature", "geometry": {"type": "Point", "coordinates": [16.8040405, 48.8067338]}, "properties": {"id": "d01c3501-ef32-3127-9c0c-947c9270bb6e", "names": null, "subtype": "transportation", "class": "crossing", "surface": null}}, {"type": "Feature", "geometry": {"type": "Point", "coordinates": [16.8065102, 48.8048525]}, "properties": {"id": "5eb8585a-b6c7-300c-8d8b-5a4d891f7860", "names": null, "subtype": "pedestrian", "class": "bench", "surface": null}}, {"type": "Feature", "geometry": {"type": "LineString", "coordinates": [[16.8065974, 48.8063059], [16.8064674, 48.8062069]]}, "properties": {"id": "f1ad8bb7-4136-3d1e-b058-eff7b281f7ad", "names": null, "subtype": "bridge", "class": "bridge", "surface": "wood"}}, {"type": "Feature", "geometry": {"type": "Point", "coordinates": [16.8069333, 48.806574]}, "properties": {"id": "bff80fbf-61f2-30c4-8c60-5ee4b4daf6d7", "names": null, "subtype": "pedestrian", "class": "bench", "surface": null}}, {"type": "Feature", "geometry": {"type": "Point", "coordinates": [16.8066759, 48.80517]}, "properties": {"id": "583f456a-9967-3e65-954b-0d1f0a922c1e", "names": null, "subtype": "waste_management", "class": "waste_basket", "surface": null}}, {"type": "Feature", "geometry": {"type": "Point", "coordinates": [16.8066771, 48.8052031]}, "properties": {"id": "841b5a77-1a58-3f4a-bbd4-8221049c8ad5", "names": null, "subtype": "pedestrian", "class": "bench", "surface": null}}, {"type": "Feature", "geometry": {"type": "Point", "coordinates": [16.8086857, 48.8051398]}, "properties": {"id": "a4bd6527-9478-391a-93ce-c7f44df9b59c", "names": null, "subtype": "pedestrian", "class": "bench", "surface": null}}, {"type": "Feature", "geometry": {"type": "Point", "coordinates": [16.8078656, 48.8098248]}, "properties": {"id": "2a4a64b4-0b66-32eb-8e3a-8cfe0d5637ac", "names": null, "subtype": "pedestrian", "class": "bench", "surface": null}}, {"type": "Feature", "geometry": {"type": "Point", "coordinates": [16.8108258, 48.8074885]}, "properties": {"id": "9f1ae4f3-562b-376d-a1f6-bcb764e531ea", "names": null, "subtype": "pedestrian", "class": "bench", "surface": null}}, {"type": "Feature", "geometry": {"type": "Point", "coordinates": [16.8106936, 48.8067725]}, "properties": {"id": "9b0c84d7-b95b-39bc-836a-e8e3d082a847", "names": null, "subtype": "pedestrian", "class": "bench", "surface": null}}, {"type": "Feature", "geometry": {"type": "Point", "coordinates": [16.8104886, 48.8065014]}, "properties": {"id": "16576cf0-0315-3171-9109-eefc7d7370a9", "names": null, "subtype": "waste_management", "class": "waste_basket", "surface": null}}, {"type": "Feature", "geometry": {"type": "Point", "coordinates": [16.8099733, 48.8054449]}, "properties": {"id": "c6a1d043-a04f-3227-9172-00299fabbf20", "names": null, "subtype": "pedestrian", "class": "bench", "surface": null}}, {"type": "Feature", "geometry": {"type": "Point", "coordinates": [16.813013, 48.8095434]}, "properties": {"id": "e4f200cb-8bbe-3646-a7ad-684c04fe23c9", "names": null, "subtype": "waste_management", "class": "waste_basket", "surface": null}}, {"type": "Feature", "geometry": {"type": "Point", "coordinates": [16.8125165, 48.8092174]}, "properties": {"id": "7a8d610b-6cb1-3775-8a91-eccad57ff880", "names": null, "subtype": "pedestrian", "class": "bench", "surface": null}}, {"type": "Feature", "geometry": {"type": "Point", "coordinates": [16.8113473, 48.8085848]}, "properties": {"id": "77d91461-8ab4-3c59-bfd6-585d3c1e17e9", "names": null, "subtype": "waste_management", "class": "waste_basket", "surface": null}}, {"type": "Feature", "geometry": {"type": "Point", "coordinates": [16.8111008, 48.8078656]}, "properties": {"id": "90e168ef-9009-31be-819a-f7834f0f87b3", "names": null, "subtype": "waste_management", "class": "waste_basket", "surface": null}}, {"type": "Feature", "geometry": {"type": "Point", "coordinates": [16.810922, 48.8076394]}, "properties": {"id": "3181db04-55bb-37a3-b122-a74f6d95fe7e", "names": null, "subtype": "pedestrian", "class": "bench", "surface": null}}, {"type": "Feature", "geometry": {"type": "Point", "coordinates": [16.8110917, 48.8078399]}, "properties": {"id": "c6ff3fcb-73c3-3c18-8f7c-74919ccbf216", "names": null, "subtype": "pedestrian", "class": "bench", "surface": null}}, {"type": "Feature", "geometry": {"type": "Point", "coordinates": [16.8116505, 48.8141431]}, "properties": {"id": "48fe0bf2-f35f-3215-acba-8552139c6c55", "names": null, "subtype": "pedestrian", "class": "bench", "surface": null}}, {"type": "Feature", "geometry": {"type": "Point", "coordinates": [16.8111368, 48.8141006]}, "properties": {"id": "d37d87b4-01a0-31da-b500-3254ce3eed42", "names": null, "subtype": "waste_management", "class": "waste_basket", "surface": null}}, {"type": "Feature", "geometry": {"type": "Point", "coordinates": [16.8124664, 48.8142731]}, "properties": {"id": "299f07c6-a9e9-3bbd-9d8b-8634e25d6754", "names": null, "subtype": "pedestrian", "class": "bench", "surface": null}}, {"type": "Feature", "geometry": {"type": "Point", "coordinates": [16.812454, 48.8142506]}, "properties": {"id": "c3fc1d28-1ba3-3f85-9de6-798154e9267c", "names": null, "subtype": "pedestrian", "class": "bench", "surface": null}}, {"type": "Feature", "geometry": {"type": "Point", "coordinates": [16.8124348, 48.8141193]}, "properties": {"id": "b1d4c00f-ed4d-3633-8519-54e8f0fe8b09", "names": {"primary": "Minaret", "common": null, "rules": null}, "subtype": "pedestrian", "class": "information", "surface": null}}, {"type": "Feature", "geometry": {"type": "Point", "coordinates": [16.8123323, 48.8140912]}, "properties": {"id": "0441b6bf-5c1f-331a-9b6c-4f337db79914", "names": null, "subtype": "transit", "class": "bicycle_parking", "surface": null}}, {"type": "Feature", "geometry": {"type": "Point", "coordinates": [16.8130217, 48.8139135]}, "properties": {"id": "ff05c2c6-1df0-34b1-8acb-377d6abfd84c", "names": null, "subtype": "pedestrian", "class": "bench", "surface": null}}, {"type": "Feature", "geometry": {"type": "Point", "coordinates": [16.8129102, 48.8141663]}, "properties": {"id": "39e79d51-de22-3e3a-9f15-d724b46134eb", "names": null, "subtype": "pedestrian", "class": "bench", "surface": null}}, {"type": "Feature", "geometry": {"type": "Point", "coordinates": [16.8128781, 48.8141112]}, "properties": {"id": "92346d71-5d9f-3d20-872f-ec995927d95c", "names": null, "subtype": "pedestrian", "class": "bench", "surface": null}}, {"type": "Feature", "geometry": {"type": "Point", "coordinates": [16.8128626, 48.8140742]}, "properties": {"id": "0f980a6c-dca7-30ec-84e8-19dc9c28111e", "names": null, "subtype": "transit", "class": "bicycle_parking", "surface": null}}, {"type": "Feature", "geometry": {"type": "Point", "coordinates": [16.8129841, 48.8139228]}, "properties": {"id": "3a2cf737-50a2-3ed0-89c2-5058b212da8c", "names": null, "subtype": "pedestrian", "class": "bench", "surface": null}}, {"type": "Feature", "geometry": {"type": "Point", "coordinates": [16.8126678, 48.8141656]}, "properties": {"id": "ebca64be-ee10-3f87-ab47-1f34cd7531c2", "names": null, "subtype": "pedestrian", "class": "bench", "surface": null}}, {"type": "Feature", "geometry": {"type": "Point", "coordinates": [16.8126462, 48.8142162]}, "properties": {"id": "178806be-3cfa-3904-992b-eb09d6605fe2", "names": null, "subtype": "pedestrian", "class": "bench", "surface": null}}, {"type": "Feature", "geometry": {"type": "Point", "coordinates": [16.8126222, 48.8143968]}, "properties": {"id": "4d87ee83-c97f-377f-bfdf-9ff556a8d755", "names": null, "subtype": "pedestrian", "class": "bench", "surface": null}}, {"type": "Feature", "geometry": {"type": "Point", "coordinates": [16.8127082, 48.8142476]}, "properties": {"id": "1b9c88f9-cd1d-3dce-96fa-445191802a14", "names": null, "subtype": "pedestrian", "class": "bench", "surface": null}}, {"type": "Feature", "geometry": {"type": "Polygon", "coordinates": [[[16.8125467, 48.8141603], [16.8127667, 48.8141076], [16.8128466, 48.8142523], [16.8126266, 48.814305], [16.8125467, 48.8141603]]]}, "properties": {"id": "0dbdedef-5c07-3264-b35a-9d00ebfa42b2", "names": {"primary": "Minaret", "common": null, "rules": null}, "subtype": "tower", "class": "observation", "surface": null}}, {"type": "Feature", "geometry": {"type": "Point", "coordinates": [16.8127465, 48.8141944]}, "properties": {"id": "940ef34d-cd1e-3712-93ec-be1c5f7e87a9", "names": null, "subtype": "pedestrian", "class": "bench", "surface": null}}, {"type": "Feature", "geometry": {"type": "Point", "coordinates": [16.8130016, 48.8142439]}, "properties": {"id": "544d6f85-6a14-3e7f-8f01-6f524ebf57d7", "names": null, "subtype": "waste_management", "class": "waste_basket", "surface": null}}, {"type": "Feature", "geometry": {"type": "Point", "coordinates": [16.8130498, 48.8142607]}, "properties": {"id": "6bab57cb-154b-3056-b5a1-dacf4532c10b", "names": null, "subtype": "waste_management", "class": "waste_basket", "surface": null}}, {"type": "Feature", "geometry": {"type": "Point", "coordinates": [16.8132325, 48.8143297]}, "properties": {"id": "2fa2fc76-f960-3190-8bd5-0e1f7036ebcc", "names": null, "subtype": "pedestrian", "class": "toilets", "surface": null}}, {"type": "Feature", "geometry": {"type": "Point", "coordinates": [16.8137172, 48.8135314]}, "properties": {"id": "b79e506d-0a55-3aa0-b61c-cac44cfaf390", "names": null, "subtype": "pedestrian", "class": "bench", "surface": null}}, {"type": "Feature", "geometry": {"type": "Point", "coordinates": [16.814194, 48.8130948]}, "properties": {"id": "c82f60ec-cdbc-357a-816d-cca1c88f5ba8", "names": null, "subtype": "waste_management", "class": "waste_basket", "surface": null}}, {"type": "Feature", "geometry": {"type": "LineString", "coordinates": [[16.8131207, 48.8109324], [16.8136449, 48.8107703]]}, "properties": {"id": "5e0b24c2-c56c-3bdd-99b9-0a0d818a597c", "names": {"primary": "D\u0159ev\u011bn\u00fd most", "common": null, "rules": null}, "subtype": "bridge", "class": "bridge", "surface": null}}, {"type": "Feature", "geometry": {"type": "Point", "coordinates": [16.8136449, 48.8107703]}, "properties": {"id": "918d9dae-bd38-3fd1-98ee-840719379e62", "names": null, "subtype": "barrier", "class": "gate", "surface": null}}, {"type": "Feature", "geometry": {"type": "Point", "coordinates": [16.8141879, 48.8111297]}, "properties": {"id": "09c92a82-c07d-3b86-b919-8d6561528f13", "names": null, "subtype": "pedestrian", "class": "bench", "surface": null}}, {"type": "Feature", "geometry": {"type": "Point", "coordinates": [16.8139995, 48.8107862]}, "properties": {"id": "5a9ce85f-b63f-3a5d-a938-2fdce4b961d3", "names": null, "subtype": "pedestrian", "class": "bench", "surface": null}}, {"type": "Feature", "geometry": {"type": "Point", "coordinates": [16.8139086, 48.8105122]}, "properties": {"id": "56085f35-0b04-3b93-8ab8-7a7955ac34e9", "names": null, "subtype": "waste_management", "class": "waste_basket", "surface": null}}, {"type": "Feature", "geometry": {"type": "Point", "coordinates": [16.8143561, 48.8115918]}, "properties": {"id": "d0cd8376-df39-3d6a-9775-42a56c933c03", "names": null, "subtype": "waste_management", "class": "waste_basket", "surface": null}}, {"type": "Feature", "geometry": {"type": "Point", "coordinates": [16.8143351, 48.8116025]}, "properties": {"id": "14b53409-19e2-3d6a-989d-a8a6c1ccc631", "names": null, "subtype": "pedestrian", "class": "bench", "surface": null}}, {"type": "Feature", "geometry": {"type": "Point", "coordinates": [16.8143484, 48.8116519]}, "properties": {"id": "60ae0a17-b762-3f44-9297-bb8c21b6b8dc", "names": null, "subtype": "pedestrian", "class": "bench", "surface": null}}, {"type": "Feature", "geometry": {"type": "Point", "coordinates": [16.8144716, 48.8121604]}, "properties": {"id": "16f087be-da8a-32a7-9684-fd5f69456d92", "names": null, "subtype": "waste_management", "class": "waste_basket", "surface": null}}, {"type": "Feature", "geometry": {"type": "Point", "coordinates": [16.8143809, 48.8124942]}, "properties": {"id": "6f1be9b0-e228-3ba5-97c9-1c12041de87d", "names": null, "subtype": "pedestrian", "class": "bench", "surface": null}}, {"type": "Feature", "geometry": {"type": "LineString", "coordinates": [[16.8152112, 48.8142979], [16.8154068, 48.8143338]]}, "properties": {"id": "6494b929-0c6b-3984-b82a-363803bdef82", "names": null, "subtype": "pier", "class": "pier", "surface": null}}, {"type": "Feature", "geometry": {"type": "Point", "coordinates": [16.8154068, 48.8143338]}, "properties": {"id": "d64c7e5d-1291-3b88-b25c-65134a729f7c", "names": {"primary": "Minaret", "common": null, "rules": null}, "subtype": "transit", "class": "ferry_terminal", "surface": null}}, {"type": "Feature", "geometry": {"type": "LineString", "coordinates": [[16.8170496, 48.8118948], [16.8168557, 48.8118709], [16.8166316, 48.8117872]]}, "properties": {"id": "daad939a-564b-3602-8553-23f44a191ab4", "names": null, "subtype": "water", "class": "weir", "surface": null}}, {"type": "Feature", "geometry": {"type": "LineString", "coordinates": [[16.8329346, 48.817931], [16.8321611, 48.817834], [16.8314856, 48.817751], [16.8303613, 48.8177581], [16.8292923, 48.8177662], [16.8283376, 48.817804], [16.8272572, 48.8178465], [16.8262001, 48.8178877], [16.8251431, 48.8179338], [16.8240501, 48.8179762], [16.822996, 48.8180141], [16.8218815, 48.8180574], [16.8208435, 48.818102], [16.8198886, 48.8181413], [16.8188158, 48.8181819], [16.8177187, 48.8182261], [16.8166593, 48.8182667], [16.815573, 48.8183108], [16.8144652, 48.8183497], [16.8133736, 48.8183868], [16.8122792, 48.8184362], [16.8112281, 48.818472], [16.8101469, 48.8184592], [16.8091142, 48.8184511], [16.8081742, 48.8184391], [16.8069757, 48.8176441], [16.8061033, 48.8172984], [16.8054154, 48.8167497], [16.8048908, 48.81618], [16.8045276, 48.8155053], [16.804301, 48.8148183], [16.8042675, 48.8141966], [16.8042576, 48.8134758], [16.8043235, 48.8127058], [16.8043976, 48.8119525], [16.8044901, 48.8111868], [16.8040811, 48.810618], [16.803609, 48.8099176], [16.8031275, 48.8092199], [16.8026211, 48.808514], [16.8021541, 48.8078537], [16.802229, 48.8071576], [16.8023048, 48.8064201], [16.8023805, 48.8057214], [16.8024597, 48.8049989], [16.8025871, 48.804135], [16.8016952, 48.8041112], [16.8013117, 48.804097]]}, "properties": {"id": "30030e2d-5d54-3cde-9f76-a8d7f3c37f99", "names": null, "subtype": "power", "class": "minor_line", "surface": null}}, {"type": "Feature", "geometry": {"type": "LineString", "coordinates": [[16.8172677, 48.8037231], [16.8171815, 48.8037886]]}, "properties": {"id": "1636fb1f-a5c1-38d0-9282-6b63d4d8a353", "names": null, "subtype": "bridge", "class": "bridge", "surface": null}}, {"type": "Feature", "geometry": {"type": "Point", "coordinates": [16.8166258, 48.8016253]}, "properties": {"id": "72fc43d0-4bf1-3b01-a356-40157e2b8383", "names": null, "subtype": "barrier", "class": "gate", "surface": null}}, {"type": "Feature", "geometry": {"type": "Point", "coordinates": [16.8161329, 48.7977161]}, "properties": {"id": "97127dc6-2d18-38c3-9801-a4137cac285b", "names": null, "subtype": "power", "class": "power_pole", "surface": null}}, {"type": "Feature", "geometry": {"type": "Point", "coordinates": [16.8160222, 48.7969957]}, "properties": {"id": "ddc7535f-d7d5-3e7b-b6dd-6ec188e9b663", "names": null, "subtype": "power", "class": "power_pole", "surface": null}}, {"type": "Feature", "geometry": {"type": "Point", "coordinates": [16.8176718, 48.7966366]}, "properties": {"id": "cc843749-84dc-33dc-b81d-81d94886289e", "names": null, "subtype": "power", "class": "power_pole", "surface": null}}, {"type": "Feature", "geometry": {"type": "Point", "coordinates": [16.8172735, 48.7941483]}, "properties": {"id": "82121135-b184-3ff0-9467-3e377ccc7d5a", "names": null, "subtype": "power", "class": "power_pole", "surface": null}}, {"type": "Feature", "geometry": {"type": "Point", "coordinates": [16.8165936, 48.7945963]}, "properties": {"id": "f08f2185-cfc7-3497-bb6a-1058f2da4be7", "names": null, "subtype": "power", "class": "power_pole", "surface": null}}, {"type": "Feature", "geometry": {"type": "Point", "coordinates": [16.8167759, 48.7965376]}, "properties": {"id": "b38178cc-ed71-3af7-a3e9-1231f36aadda", "names": null, "subtype": "power", "class": "power_pole", "surface": null}}, {"type": "Feature", "geometry": {"type": "Point", "coordinates": [16.8159713, 48.7964586]}, "properties": {"id": "b3fcd729-c1ac-3602-a9d2-bc87c49710fa", "names": null, "subtype": "power", "class": "power_pole", "surface": null}}, {"type": "Feature", "geometry": {"type": "Point", "coordinates": [16.8158975, 48.7958313]}, "properties": {"id": "ba078a55-23f7-3ca0-b378-8ead703bfd89", "names": null, "subtype": "power", "class": "power_pole", "surface": null}}, {"type": "Feature", "geometry": {"type": "Point", "coordinates": [16.8158399, 48.7951219]}, "properties": {"id": "6727b267-f876-3e6d-97af-b534729e59f8", "names": null, "subtype": "power", "class": "power_pole", "surface": null}}, {"type": "Feature", "geometry": {"type": "Point", "coordinates": [16.8134594, 48.7960363]}, "properties": {"id": "e4cf891b-787d-3c58-a428-1666ff69042d", "names": null, "subtype": "transit", "class": "bicycle_rental", "surface": null}}, {"type": "Feature", "geometry": {"type": "Point", "coordinates": [16.8135109, 48.7958527]}, "properties": {"id": "26ee4ba4-8915-340b-b892-d27fbbcb6238", "names": null, "subtype": "pedestrian", "class": "bench", "surface": null}}, {"type": "Feature", "geometry": {"type": "Point", "coordinates": [16.8134825, 48.7958416]}, "properties": {"id": "cb2ded12-12ea-3c05-ac7e-521b9863e7b0", "names": null, "subtype": "pedestrian", "class": "bench", "surface": null}}, {"type": "Feature", "geometry": {"type": "Point", "coordinates": [16.8135098, 48.7958268]}, "properties": {"id": "caf0d73b-ea33-3788-9fab-eb9136cb859c", "names": null, "subtype": "water", "class": "fountain", "surface": null}}, {"type": "Feature", "geometry": {"type": "Point", "coordinates": [16.8135384, 48.7958358]}, "properties": {"id": "12c7a8f6-11b2-35c6-aa5c-327d1a896158", "names": null, "subtype": "water", "class": "fountain", "surface": null}}, {"type": "Feature", "geometry": {"type": "Point", "coordinates": [16.8135504, 48.7958173]}, "properties": {"id": "cf8362d9-9b8e-3cd0-bf74-167421cffdc2", "names": null, "subtype": "water", "class": "fountain", "surface": null}}, {"type": "Feature", "geometry": {"type": "Point", "coordinates": [16.8135748, 48.7957936]}, "properties": {"id": "90dccf0d-33d6-33a1-99b0-6855b551748f", "names": null, "subtype": "water", "class": "fountain", "surface": null}}, {"type": "Feature", "geometry": {"type": "Point", "coordinates": [16.8135915, 48.7957773]}, "properties": {"id": "a8a45c7e-b401-3c3b-b993-8dbb295525f1", "names": null, "subtype": "pedestrian", "class": "bench", "surface": null}}, {"type": "Feature", "geometry": {"type": "Point", "coordinates": [16.8135857, 48.7958105]}, "properties": {"id": "9230d5a7-e50e-38a3-b2d8-9604834977bb", "names": null, "subtype": "water", "class": "fountain", "surface": null}}, {"type": "Feature", "geometry": {"type": "Point", "coordinates": [16.8135717, 48.7958297]}, "properties": {"id": "372acb17-f83f-3873-a213-809bb77d8311", "names": null, "subtype": "water", "class": "fountain", "surface": null}}, {"type": "Feature", "geometry": {"type": "Point", "coordinates": [16.8135939, 48.7958513]}, "properties": {"id": "c83ae6b2-4bdd-3f71-a596-959585075c08", "names": null, "subtype": "emergency", "class": "fire_hydrant", "surface": null}}, {"type": "Feature", "geometry": {"type": "Point", "coordinates": [16.8136077, 48.7957905]}, "properties": {"id": "5c0d3126-0835-3a31-9941-5f5dc36af86f", "names": null, "subtype": "pedestrian", "class": "bench", "surface": null}}, {"type": "Feature", "geometry": {"type": "Point", "coordinates": [16.8137491, 48.7956546]}, "properties": {"id": "aef13d53-f0c3-3f59-9fa8-e8d4c46943e5", "names": null, "subtype": "transit", "class": "bicycle_parking", "surface": null}}, {"type": "Feature", "geometry": {"type": "Point", "coordinates": [16.8132703, 48.7959267]}, "properties": {"id": "e41c9d04-fa94-32bb-8484-1a8ca2e5e032", "names": null, "subtype": "transit", "class": "bicycle_parking", "surface": null}}, {"type": "Feature", "geometry": {"type": "Point", "coordinates": [16.8131533, 48.7961137]}, "properties": {"id": "17a0f2c0-a4c3-3b69-901b-73ea2f1beb00", "names": null, "subtype": "transportation", "class": "street_lamp", "surface": null}}, {"type": "Feature", "geometry": {"type": "Point", "coordinates": [16.8129243, 48.7964718]}, "properties": {"id": "5f332452-8f73-3a5e-93f8-bd19c56de074", "names": {"primary": "informa\u010dn\u00ed centrum l\u00e1ze\u0148sk\u00e1 kolon\u00e1da", "common": null, "rules": null}, "subtype": "pedestrian", "class": "information", "surface": null}}, {"type": "Feature", "geometry": {"type": "Point", "coordinates": [16.8129613, 48.7962468]}, "properties": {"id": "c63b1cae-c66c-38f7-8129-f413b2df1174", "names": null, "subtype": "transportation", "class": "street_lamp", "surface": null}}, {"type": "Feature", "geometry": {"type": "Point", "coordinates": [16.8128546, 48.7963932]}, "properties": {"id": "d4f34901-bd3c-3604-95d9-ffdd61ab803e", "names": null, "subtype": "pedestrian", "class": "bench", "surface": null}}, {"type": "Feature", "geometry": {"type": "Point", "coordinates": [16.8127042, 48.7963977]}, "properties": {"id": "94d3b16b-9d22-3845-9651-91572cbde6d2", "names": null, "subtype": "transportation", "class": "street_lamp", "surface": null}}, {"type": "Feature", "geometry": {"type": "Point", "coordinates": [16.8124014, 48.7967419]}, "properties": {"id": "7f7b4bf0-38d1-313c-afad-9a59721b3a7c", "names": null, "subtype": "pedestrian", "class": "bench", "surface": null}}, {"type": "Feature", "geometry": {"type": "Point", "coordinates": [16.8123972, 48.7967307]}, "properties": {"id": "f736fa4d-4ae1-317b-95d9-af6a299a1185", "names": null, "subtype": "pedestrian", "class": "bench", "surface": null}}, {"type": "Feature", "geometry": {"type": "Point", "coordinates": [16.8123825, 48.7967006]}, "properties": {"id": "db1aba46-0c7f-367b-b61d-fc3d1caf4a2f", "names": null, "subtype": "pedestrian", "class": "bench", "surface": null}}, {"type": "Feature", "geometry": {"type": "Point", "coordinates": [16.8124193, 48.7966965]}, "properties": {"id": "83f49a89-e6ad-3423-b8ba-f9555eec7122", "names": null, "subtype": "transit", "class": "bicycle_parking", "surface": null}}, {"type": "Feature", "geometry": {"type": "Point", "coordinates": [16.8124904, 48.7965143]}, "properties": {"id": "92382467-d06a-3377-b45e-eeda4aef6e5a", "names": null, "subtype": "transportation", "class": "street_lamp", "surface": null}}, {"type": "Feature", "geometry": {"type": "LineString", "coordinates": [[16.8124343, 48.7961783], [16.8124416, 48.7961959]]}, "properties": {"id": "ef0e5e68-b8cc-3ec4-a0fa-9db04c0c895e", "names": null, "subtype": "bridge", "class": "bridge", "surface": null}}, {"type": "Feature", "geometry": {"type": "Point", "coordinates": [16.8123227, 48.7966718]}, "properties": {"id": "6eabc5f8-f9ab-3ab0-956a-4f498fdd2667", "names": null, "subtype": "pedestrian", "class": "bench", "surface": null}}, {"type": "Feature", "geometry": {"type": "Point", "coordinates": [16.812368, 48.7966924]}, "properties": {"id": "5f83e565-cfcc-35ce-a6d2-ea7b392bdf78", "names": null, "subtype": "pedestrian", "class": "bench", "surface": null}}, {"type": "Feature", "geometry": {"type": "Point", "coordinates": [16.8122571, 48.796728]}, "properties": {"id": "670a42fa-b606-3f8a-9ec3-be9c9b00d9b1", "names": null, "subtype": "water", "class": "fountain", "surface": null}}, {"type": "Feature", "geometry": {"type": "Point", "coordinates": [16.812249, 48.7967602]}, "properties": {"id": "433ef2a2-18e8-352d-a446-37b7ce455382", "names": null, "subtype": "pedestrian", "class": "artwork", "surface": null}}, {"type": "Feature", "geometry": {"type": "Point", "coordinates": [16.8122304, 48.7967245]}, "properties": {"id": "dedc39ec-f8df-3fd6-a936-0ce7f1f899e4", "names": null, "subtype": "water", "class": "fountain", "surface": null}}, {"type": "Feature", "geometry": {"type": "Point", "coordinates": [16.8122547, 48.7966426]}, "properties": {"id": "fab19f0e-508d-3572-b9a3-2d34d530e1c9", "names": null, "subtype": "transportation", "class": "street_lamp", "surface": null}}, {"type": "Feature", "geometry": {"type": "Point", "coordinates": [16.8122018, 48.7967152]}, "properties": {"id": "c975eaa1-951f-3dee-9beb-3721354c9519", "names": null, "subtype": "water", "class": "drinking_water", "surface": null}}, {"type": "Feature", "geometry": {"type": "Point", "coordinates": [16.8122036, 48.7967366]}, "properties": {"id": "2d2c5b4f-7698-30ac-a035-957ae5b4bf94", "names": null, "subtype": "water", "class": "fountain", "surface": null}}, {"type": "Feature", "geometry": {"type": "Point", "coordinates": [16.8121962, 48.7967579]}, "properties": {"id": "4036710f-3b78-3b25-92f2-1f519a345a1b", "names": null, "subtype": "water", "class": "fountain", "surface": null}}, {"type": "Feature", "geometry": {"type": "Point", "coordinates": [16.8119976, 48.7965407]}, "properties": {"id": "e1012bc3-aaaa-3ca8-8375-3fe56aaa3a9e", "names": null, "subtype": "transit", "class": "bicycle_parking", "surface": null}}, {"type": "Feature", "geometry": {"type": "Point", "coordinates": [16.8118122, 48.7943485]}, "properties": {"id": "e6155ff9-85d0-3bc5-bb52-adf485a519e8", "names": null, "subtype": "barrier", "class": "lift_gate", "surface": null}}, {"type": "Feature", "geometry": {"type": "Polygon", "coordinates": [[[16.8106182, 48.7954271], [16.8115873, 48.7948606], [16.8117287, 48.7949718], [16.8109384, 48.7954336], [16.8108726, 48.7953873], [16.8107053, 48.795485], [16.8106182, 48.7954271]]]}, "properties": {"id": "b4f342c9-c6c2-3660-ac5c-686efda9bf16", "names": null, "subtype": "transit", "class": "parking", "surface": null}}, {"type": "Feature", "geometry": {"type": "Polygon", "coordinates": [[[16.8107067, 48.7959052], [16.8108022, 48.7958494], [16.8108308, 48.7958342], [16.810844, 48.7958286], [16.8108535, 48.7958259], [16.8108631, 48.7958238], [16.8108682, 48.7958239], [16.8112398, 48.7960949], [16.8112001, 48.7961345], [16.8110991, 48.7961957], [16.8107067, 48.7959052]]]}, "properties": {"id": "484c41bd-9bd0-3712-ba55-8061235ae478", "names": null, "subtype": "transit", "class": "parking", "surface": null}}, {"type": "Feature", "geometry": {"type": "LineString", "coordinates": [[16.8112398, 48.7960949], [16.8112433, 48.7960877], [16.8112448, 48.7960805], [16.8112451, 48.7960731], [16.8112422, 48.7960641], [16.8112389, 48.7960586], [16.8112345, 48.7960533], [16.8112277, 48.7960467], [16.8109521, 48.7958433], [16.8109367, 48.7958351], [16.8109206, 48.7958288], [16.8109057, 48.7958258], [16.8108869, 48.7958236], [16.8108776, 48.7958231], [16.8108682, 48.7958239], [16.8112398, 48.7960949]]}, "properties": {"id": "edc4d9fd-ce0d-32ef-b788-ffc1c53a8086", "names": null, "subtype": "barrier", "class": "hedge", "surface": null}}, {"type": "Feature", "geometry": {"type": "Point", "coordinates": [16.8112336, 48.7961346]}, "properties": {"id": "4d1e53cf-e0cb-35f5-9e6f-ffbc4948b905", "names": null, "subtype": "barrier", "class": "lift_gate", "surface": null}}, {"type": "Feature", "geometry": {"type": "Point", "coordinates": [16.8112035, 48.7973119]}, "properties": {"id": "befdd4ef-91a4-30d0-aed0-4f3b7b20a439", "names": null, "subtype": "water", "class": "fountain", "surface": null}}, {"type": "Feature", "geometry": {"type": "Point", "coordinates": [16.8112232, 48.7973236]}, "properties": {"id": "7a7c25d5-4079-3468-a52b-885aeb00f3cc", "names": null, "subtype": "pedestrian", "class": "bench", "surface": null}}, {"type": "Feature", "geometry": {"type": "Point", "coordinates": [16.8112513, 48.7973385]}, "properties": {"id": "22c0292b-74c6-35ff-8a34-a387987636d7", "names": null, "subtype": "pedestrian", "class": "bench", "surface": null}}, {"type": "Feature", "geometry": {"type": "Polygon", "coordinates": [[[16.8112398, 48.7972903], [16.8112676, 48.7972757], [16.8112878, 48.7972906], [16.8112899, 48.7972927], [16.8112914, 48.7972952], [16.811292, 48.7972981], [16.8112915, 48.7973013], [16.8112902, 48.7973038], [16.8112887, 48.7973054], [16.8112867, 48.797307], [16.8112809, 48.7973096], [16.8112768, 48.7973104], [16.8112708, 48.7973105], [16.8112667, 48.7973098], [16.8112635, 48.7973087], [16.8112602, 48.7973069], [16.8112398, 48.7972903]]]}, "properties": {"id": "296f6854-ef26-373a-a179-0557be1ab635", "names": null, "subtype": "water", "class": "fountain", "surface": null}}, {"type": "Feature", "geometry": {"type": "Point", "coordinates": [16.8112747, 48.7972996]}, "properties": {"id": "f2f30eaa-bc25-3fd6-9194-095de6110e9a", "names": null, "subtype": "pedestrian", "class": "artwork", "surface": null}}, {"type": "Feature", "geometry": {"type": "Point", "coordinates": [16.8112843, 48.7973398]}, "properties": {"id": "eb637180-d122-3c76-94d4-b35b6bcec7e0", "names": null, "subtype": "pedestrian", "class": "bench", "surface": null}}, {"type": "Feature", "geometry": {"type": "Point", "coordinates": [16.8111698, 48.7973291]}, "properties": {"id": "e24b5426-5583-36d0-982c-49239f3b2628", "names": null, "subtype": "water", "class": "fountain", "surface": null}}, {"type": "Feature", "geometry": {"type": "Point", "coordinates": [16.8111408, 48.7973459]}, "properties": {"id": "5ebbf7ad-f66e-3a43-8e19-9f4e673c1849", "names": null, "subtype": "water", "class": "fountain", "surface": null}}, {"type": "Feature", "geometry": {"type": "Point", "coordinates": [16.811122, 48.7972713]}, "properties": {"id": "432c6630-743c-3974-87f7-31c0f0009058", "names": null, "subtype": "transportation", "class": "street_lamp", "surface": null}}, {"type": "Feature", "geometry": {"type": "Point", "coordinates": [16.8110154, 48.7974245]}, "properties": {"id": "cce4c130-ac1f-3e94-a5dc-00ac205ce793", "names": null, "subtype": "barrier", "class": "bollard", "surface": null}}, {"type": "Feature", "geometry": {"type": "Point", "coordinates": [16.8110023, 48.7974157]}, "properties": {"id": "6e685d93-1660-32de-9881-a9d62957cec3", "names": null, "subtype": "barrier", "class": "bollard", "surface": null}}, {"type": "Feature", "geometry": {"type": "Point", "coordinates": [16.810989, 48.7974068]}, "properties": {"id": "a3e65f9a-d60d-3074-a128-833a08d0a943", "names": null, "subtype": "barrier", "class": "bollard", "surface": null}}, {"type": "Feature", "geometry": {"type": "Point", "coordinates": [16.8109367, 48.7973717]}, "properties": {"id": "3495650f-f292-367c-bf8e-338716a752c1", "names": null, "subtype": "barrier", "class": "bollard", "surface": null}}, {"type": "Feature", "geometry": {"type": "Point", "coordinates": [16.8109499, 48.7973806]}, "properties": {"id": "7208569f-9628-3b87-af38-b27f9f628295", "names": null, "subtype": "barrier", "class": "bollard", "surface": null}}, {"type": "Feature", "geometry": {"type": "Point", "coordinates": [16.8109634, 48.7973896]}, "properties": {"id": "1b4c6ff5-ae45-3376-8aba-5415c741c33d", "names": null, "subtype": "barrier", "class": "bollard", "surface": null}}, {"type": "Feature", "geometry": {"type": "Point", "coordinates": [16.8109757, 48.7973979]}, "properties": {"id": "9551f109-b74c-3dfc-b035-95259eba3d9f", "names": null, "subtype": "barrier", "class": "bollard", "surface": null}}, {"type": "Feature", "geometry": {"type": "LineString", "coordinates": [[16.811027, 48.7974323], [16.8110154, 48.7974245], [16.8110023, 48.7974157], [16.810989, 48.7974068], [16.8109757, 48.7973979], [16.8109634, 48.7973896], [16.8109584, 48.7973863], [16.8109499, 48.7973806], [16.8109367, 48.7973717]]}, "properties": {"id": "cf55f204-933b-34d0-aade-d98bd8da38e6", "names": null, "subtype": "barrier", "class": "bollard", "surface": null}}, {"type": "Feature", "geometry": {"type": "Point", "coordinates": [16.811027, 48.7974323]}, "properties": {"id": "6fc075fe-4347-37f0-8bf6-f0a72b64564b", "names": null, "subtype": "barrier", "class": "bollard", "surface": null}}, {"type": "Feature", "geometry": {"type": "Point", "coordinates": [16.8113314, 48.7973147]}, "properties": {"id": "7a705b71-3b05-3bb8-a77e-0a75fd2016c1", "names": null, "subtype": "pedestrian", "class": "bench", "surface": null}}, {"type": "Feature", "geometry": {"type": "Point", "coordinates": [16.811321, 48.7972682]}, "properties": {"id": "f2c0b976-309a-3d1b-bacf-5b2e3e6a61b0", "names": null, "subtype": "pedestrian", "class": "bench", "surface": null}}, {"type": "Feature", "geometry": {"type": "Point", "coordinates": [16.8113351, 48.7972898]}, "properties": {"id": "fed93e87-2228-38f8-b5d4-9d559d74f4b7", "names": null, "subtype": "pedestrian", "class": "bench", "surface": null}}, {"type": "Feature", "geometry": {"type": "Point", "coordinates": [16.8113728, 48.7972181]}, "properties": {"id": "99addecf-1ff4-39ab-8a63-19bbf0670ac8", "names": null, "subtype": "water", "class": "fountain", "surface": null}}, {"type": "Feature", "geometry": {"type": "Point", "coordinates": [16.8113429, 48.7972339]}, "properties": {"id": "50799288-2075-3a4b-b56d-65b3d2bddbca", "names": null, "subtype": "water", "class": "fountain", "surface": null}}, {"type": "Feature", "geometry": {"type": "Point", "coordinates": [16.8113086, 48.7972542]}, "properties": {"id": "b67a89fe-fed3-3038-8b63-4f8c546e9d6a", "names": null, "subtype": "water", "class": "fountain", "surface": null}}, {"type": "Feature", "geometry": {"type": "Point", "coordinates": [16.811348, 48.7971453]}, "properties": {"id": "93d000f8-5ccd-3c3b-b8e9-4808d77904f0", "names": null, "subtype": "transportation", "class": "street_lamp", "surface": null}}, {"type": "Feature", "geometry": {"type": "Point", "coordinates": [16.8115553, 48.7970337]}, "properties": {"id": "6b33675c-fcb2-3e43-ada0-f968f3cc90e5", "names": null, "subtype": "transportation", "class": "street_lamp", "surface": null}}, {"type": "Feature", "geometry": {"type": "Point", "coordinates": [16.8118, 48.7968936]}, "properties": {"id": "5f286231-ffb5-3f9f-aea1-2cb4c76d8397", "names": null, "subtype": "transportation", "class": "street_lamp", "surface": null}}, {"type": "Feature", "geometry": {"type": "Point", "coordinates": [16.8120321, 48.7967699]}, "properties": {"id": "f86311ab-a218-35c3-9130-b87b8535654f", "names": null, "subtype": "transportation", "class": "street_lamp", "surface": null}}, {"type": "Feature", "geometry": {"type": "Point", "coordinates": [16.8121039, 48.796792]}, "properties": {"id": "4bd5cb73-8047-3a90-b0ae-3c288445102c", "names": null, "subtype": "pedestrian", "class": "bench", "surface": null}}, {"type": "Feature", "geometry": {"type": "Point", "coordinates": [16.8121234, 48.7968637]}, "properties": {"id": "9bfec40f-3c09-3785-ae4a-dd6593f136d1", "names": null, "subtype": "transit", "class": "bicycle_parking", "surface": null}}, {"type": "Feature", "geometry": {"type": "Point", "coordinates": [16.8121375, 48.7968349]}, "properties": {"id": "6228cae6-5e2b-3632-abee-57dfb732d92b", "names": null, "subtype": "pedestrian", "class": "bench", "surface": null}}, {"type": "Feature", "geometry": {"type": "Point", "coordinates": [16.8121245, 48.7968249]}, "properties": {"id": "72664f79-b4ff-3965-850c-ad97132eb1e1", "names": null, "subtype": "pedestrian", "class": "bench", "surface": null}}, {"type": "Feature", "geometry": {"type": "Polygon", "coordinates": [[[16.8121876, 48.7967756], [16.8122124, 48.7967689], [16.812218, 48.7967761], [16.8122224, 48.7967794], [16.8122276, 48.7967822], [16.8122381, 48.7967854], [16.8122495, 48.7967865], [16.8122589, 48.7967856], [16.8122676, 48.7967833], [16.812277, 48.7967786], [16.812283, 48.7967731], [16.8122861, 48.796768], [16.8122875, 48.7967617], [16.8122867, 48.7967559], [16.8122839, 48.7967503], [16.8122793, 48.7967454], [16.8122731, 48.7967413], [16.8122687, 48.7967393], [16.8122807, 48.7967237], [16.8122926, 48.7967291], [16.812306, 48.7967401], [16.8123132, 48.7967535], [16.8123137, 48.7967662], [16.8123085, 48.7967785], [16.8122982, 48.7967892], [16.8122835, 48.7967974], [16.8122658, 48.7968025], [16.8122466, 48.7968039], [16.8122276, 48.7968016], [16.8122105, 48.7967957], [16.8121968, 48.7967868], [16.8121876, 48.7967756]]]}, "properties": {"id": "a46e64e4-9f18-390c-b1fe-0c942f693e34", "names": null, "subtype": "water", "class": "fountain", "surface": null}}, {"type": "Feature", "geometry": {"type": "Point", "coordinates": [16.8121979, 48.7968589]}, "properties": {"id": "01f6e1e8-0644-3419-9fbb-56c23350bb0f", "names": null, "subtype": "pedestrian", "class": "bench", "surface": null}}, {"type": "Feature", "geometry": {"type": "Point", "coordinates": [16.8121793, 48.7968529]}, "properties": {"id": "851c7cdd-e2fc-3fd7-a2fb-419dd942e435", "names": null, "subtype": "pedestrian", "class": "bench", "surface": null}}, {"type": "Feature", "geometry": {"type": "LineString", "coordinates": [[16.8121819, 48.7969282], [16.812222, 48.7969589], [16.8125423, 48.7967846], [16.8125019, 48.7967488]]}, "properties": {"id": "5b11c59e-20c6-3956-9f6f-f8a5fd5bdb8f", "names": null, "subtype": "barrier", "class": "hedge", "surface": null}}, {"type": "Feature", "geometry": {"type": "Point", "coordinates": [16.8122708, 48.7968623]}, "properties": {"id": "93f931b2-59fd-3e5d-a927-1c3acd7b9773", "names": null, "subtype": "pedestrian", "class": "bench", "surface": null}}, {"type": "Feature", "geometry": {"type": "Point", "coordinates": [16.8122915, 48.7968603]}, "properties": {"id": "bc587123-4d9d-3696-9fe0-4a4c6ffd7489", "names": null, "subtype": "pedestrian", "class": "bench", "surface": null}}, {"type": "Feature", "geometry": {"type": "Point", "coordinates": [16.8123561, 48.7968366]}, "properties": {"id": "8e93927e-a1aa-319b-98a2-05ab9618f5d5", "names": null, "subtype": "pedestrian", "class": "bench", "surface": null}}, {"type": "Feature", "geometry": {"type": "Point", "coordinates": [16.8123688, 48.7968246]}, "properties": {"id": "3ddcf53f-dc14-3110-b94b-3313fdec197b", "names": null, "subtype": "pedestrian", "class": "bench", "surface": null}}, {"type": "Feature", "geometry": {"type": "Point", "coordinates": [16.8123956, 48.7967898]}, "properties": {"id": "7dc4322d-0836-37c8-93a4-85ae7eae2563", "names": null, "subtype": "pedestrian", "class": "bench", "surface": null}}, {"type": "Feature", "geometry": {"type": "Point", "coordinates": [16.8123985, 48.796777]}, "properties": {"id": "d466fc41-b12a-399a-ac0a-e4ff5a2115b3", "names": null, "subtype": "pedestrian", "class": "bench", "surface": null}}, {"type": "Feature", "geometry": {"type": "LineString", "coordinates": [[16.8128866, 48.7982509], [16.8128323, 48.7982167], [16.8125574, 48.7982623], [16.8123818, 48.7983207], [16.8121796, 48.7983289], [16.8120395, 48.7983394], [16.8112148, 48.7985287], [16.8111882, 48.7985357], [16.811174, 48.7985579]]}, "properties": {"id": "535ca4e0-5b9c-39b8-9853-0b46db5002c9", "names": null, "subtype": "barrier", "class": "wall", "surface": null}}, {"type": "Feature", "geometry": {"type": "Point", "coordinates": [16.8113944, 48.7986942]}, "properties": {"id": "6ce351ff-e868-3069-a699-7f8130029297", "names": null, "subtype": "barrier", "class": "gate", "surface": null}}, {"type": "Feature", "geometry": {"type": "LineString", "coordinates": [[16.811174, 48.7985579], [16.8112935, 48.7986441], [16.8113753, 48.7986724], [16.8113944, 48.7986942], [16.8114343, 48.798759], [16.8112238, 48.7988217], [16.8114147, 48.799126]]}, "properties": {"id": "0c4d8b8a-b7d1-3d48-8e48-9e21b3b4c436", "names": null, "subtype": "barrier", "class": "fence", "surface": null}}, {"type": "Feature", "geometry": {"type": "LineString", "coordinates": [[16.8112966, 48.8007289], [16.8113622, 48.800784]]}, "properties": {"id": "eb366876-f3dc-395e-9a7b-e40b4e49fc51", "names": null, "subtype": "bridge", "class": "bridge", "surface": "wood"}}, {"type": "Feature", "geometry": {"type": "LineString", "coordinates": [[16.8123054, 48.8006836], [16.8123036, 48.8007557]]}, "properties": {"id": "8f8d03f4-05cd-3a71-a7c2-336d41094f5b", "names": null, "subtype": "bridge", "class": "bridge", "surface": null}}, {"type": "Feature", "geometry": {"type": "Point", "coordinates": [16.8096203, 48.8042523]}, "properties": {"id": "ba8b654a-13e1-39bc-bb61-09f456736f64", "names": null, "subtype": "waste_management", "class": "waste_basket", "surface": null}}, {"type": "Feature", "geometry": {"type": "Point", "coordinates": [16.8095624, 48.8042674]}, "properties": {"id": "c43c3f64-b2f8-3ac0-9fec-b6254134e834", "names": null, "subtype": "pedestrian", "class": "bench", "surface": null}}, {"type": "Feature", "geometry": {"type": "Point", "coordinates": [16.8094415, 48.8037015]}, "properties": {"id": "4dc6b60e-a997-3567-9481-b54d07f7f97e", "names": null, "subtype": "pedestrian", "class": "bench", "surface": null}}, {"type": "Feature", "geometry": {"type": "Point", "coordinates": [16.809439, 48.8020963]}, "properties": {"id": "26244546-6f5a-3a47-8716-a40c3aa9167a", "names": null, "subtype": "pedestrian", "class": "bench", "surface": null}}, {"type": "Feature", "geometry": {"type": "Point", "coordinates": [16.8079626, 48.800444]}, "properties": {"id": "ce44ecbe-980b-3b55-9cc7-58a179592c04", "names": null, "subtype": "pedestrian", "class": "bench", "surface": null}}, {"type": "Feature", "geometry": {"type": "Point", "coordinates": [16.8080495, 48.7999689]}, "properties": {"id": "1bcd56eb-ef4b-3fc8-b070-ff90786dadc4", "names": null, "subtype": "pedestrian", "class": "bench", "surface": null}}, {"type": "Feature", "geometry": {"type": "Point", "coordinates": [16.80774, 48.7997263]}, "properties": {"id": "2fa67465-b102-357a-bb40-a691e9212564", "names": null, "subtype": "pedestrian", "class": "bench", "surface": null}}, {"type": "Feature", "geometry": {"type": "Point", "coordinates": [16.8077821, 48.8005684]}, "properties": {"id": "03e99d8d-957c-35bf-b7f4-5115b6e48e45", "names": null, "subtype": "pedestrian", "class": "bench", "surface": null}}, {"type": "Feature", "geometry": {"type": "Point", "coordinates": [16.8074582, 48.8004974]}, "properties": {"id": "0414808e-da02-3e8e-ab15-ebc7a37168eb", "names": null, "subtype": "pedestrian", "class": "bench", "surface": null}}, {"type": "Feature", "geometry": {"type": "Point", "coordinates": [16.8077071, 48.801193]}, "properties": {"id": "0875282e-13a9-30a1-801c-134292b98760", "names": null, "subtype": "pedestrian", "class": "bench", "surface": null}}, {"type": "Feature", "geometry": {"type": "Point", "coordinates": [16.8079102, 48.8008315]}, "properties": {"id": "0eaf9826-f148-37f7-94e3-45b93547f3d9", "names": null, "subtype": "pedestrian", "class": "bench", "surface": null}}, {"type": "Feature", "geometry": {"type": "Point", "coordinates": [16.8079385, 48.8008898]}, "properties": {"id": "c0488ad3-6f3c-38ad-be15-e725ef446cc2", "names": null, "subtype": "pedestrian", "class": "bench", "surface": null}}, {"type": "Feature", "geometry": {"type": "Point", "coordinates": [16.8080241, 48.800836]}, "properties": {"id": "2c941779-64b9-3588-b304-1e46046bd892", "names": null, "subtype": "pedestrian", "class": "bench", "surface": null}}, {"type": "Feature", "geometry": {"type": "Point", "coordinates": [16.808141, 48.801142]}, "properties": {"id": "ca3d890d-cfe2-31c5-bc14-05cb2e924815", "names": null, "subtype": "pedestrian", "class": "artwork", "surface": null}}, {"type": "Feature", "geometry": {"type": "Point", "coordinates": [16.8079086, 48.8011504]}, "properties": {"id": "c50f3441-94bf-3f7d-af6e-3a54dfd032ca", "names": null, "subtype": "pedestrian", "class": "bench", "surface": null}}, {"type": "Feature", "geometry": {"type": "LineString", "coordinates": [[16.8078178, 48.8031433], [16.8078804, 48.8032783], [16.8079293, 48.8033838]]}, "properties": {"id": "565174b1-5b3c-3e08-9763-03ba690abd76", "names": null, "subtype": "water", "class": "weir", "surface": null}}, {"type": "Feature", "geometry": {"type": "Point", "coordinates": [16.8078804, 48.8032783]}, "properties": {"id": "37d3ad98-bc7c-350f-b180-a2a46de6c212", "names": null, "subtype": "water", "class": "weir", "surface": null}}, {"type": "Feature", "geometry": {"type": "LineString", "coordinates": [[16.8077403, 48.803074], [16.8079497, 48.8034735]]}, "properties": {"id": "a627ff05-3a1e-34ab-b67a-d0db0eade3b9", "names": null, "subtype": "bridge", "class": "bridge", "surface": "concrete"}}, {"type": "Feature", "geometry": {"type": "LineString", "coordinates": [[16.8080173, 48.8033717], [16.8082185, 48.8033403]]}, "properties": {"id": "756e2443-6d4f-357c-870c-39981e1e1a40", "names": null, "subtype": "pier", "class": "pier", "surface": "wood"}}, {"type": "Feature", "geometry": {"type": "Point", "coordinates": [16.8082706, 48.8033136]}, "properties": {"id": "b8d83d2c-a323-3456-a264-ce26f4972dbd", "names": {"primary": "P\u0159\u00edstavi\u0161t\u011b Z\u00e1mek", "common": null, "rules": null}, "subtype": "transit", "class": "ferry_terminal", "surface": null}}, {"type": "Feature", "geometry": {"type": "LineString", "coordinates": [[16.808326, 48.8033057], [16.8082706, 48.8033136], [16.8082363, 48.8033186], [16.8082227, 48.8033205]]}, "properties": {"id": "83baea12-edd5-355d-a0a1-055fb785719d", "names": null, "subtype": "pier", "class": "pier", "surface": "wood"}}, {"type": "Feature", "geometry": {"type": "Point", "coordinates": [16.8083511, 48.8026609]}, "properties": {"id": "807597b9-bd03-3ac0-9578-39973d1697e8", "names": null, "subtype": "pedestrian", "class": "bench", "surface": null}}, {"type": "Feature", "geometry": {"type": "Point", "coordinates": [16.8086716, 48.8021833]}, "properties": {"id": "65dd1adb-fa5b-340d-a5a5-3ed1433de349", "names": null, "subtype": "pedestrian", "class": "bench", "surface": null}}, {"type": "Feature", "geometry": {"type": "LineString", "coordinates": [[16.8084242, 48.8033639], [16.8084897, 48.8033556]]}, "properties": {"id": "4c86e071-7b84-39ab-a5a8-5b456de48b58", "names": null, "subtype": "pier", "class": "pier", "surface": "wood"}}, {"type": "Feature", "geometry": {"type": "Point", "coordinates": [16.8082794, 48.8035862]}, "properties": {"id": "c8008152-5789-3e91-8257-c3cbbc6bcbd0", "names": null, "subtype": "pedestrian", "class": "toilets", "surface": null}}, {"type": "Feature", "geometry": {"type": "Point", "coordinates": [16.8082655, 48.8035235]}, "properties": {"id": "a473f7b1-a304-34fc-8eac-b19bf365a5bc", "names": null, "subtype": "transit", "class": "bicycle_parking", "surface": null}}, {"type": "Feature", "geometry": {"type": "Point", "coordinates": [16.8081689, 48.803537]}, "properties": {"id": "679dc56c-1547-37d1-bf39-f348c79211ed", "names": null, "subtype": "transit", "class": "bicycle_parking", "surface": null}}, {"type": "Feature", "geometry": {"type": "Point", "coordinates": [16.8080659, 48.8035631]}, "properties": {"id": "b0a54cdb-16c2-33b3-ab31-e581eddc017f", "names": {"primary": "N\u00e1v\u0161t\u011bvn\u00ed \u0159\u00e1d parku", "common": null, "rules": null}, "subtype": "pedestrian", "class": "information", "surface": null}}, {"type": "Feature", "geometry": {"type": "LineString", "coordinates": [[16.8058747, 48.8044839], [16.8057567, 48.8044289]]}, "properties": {"id": "9c87ec72-066a-32aa-9268-0e0f71f0c18a", "names": null, "subtype": "bridge", "class": "bridge", "surface": "wood"}}, {"type": "Feature", "geometry": {"type": "LineString", "coordinates": [[16.8051355, 48.8040833], [16.8049971, 48.8040839]]}, "properties": {"id": "ed2a8ba1-022d-3393-940d-d1a6d796907b", "names": null, "subtype": "bridge", "class": "bridge", "surface": "wood"}}, {"type": "Feature", "geometry": {"type": "Point", "coordinates": [16.804919, 48.8040545]}, "properties": {"id": "200d59cc-0caf-3b7e-b8a0-09c944e80cec", "names": {"primary": "Z\u00e1meck\u00fd park Lednice", "common": null, "rules": null}, "subtype": "pedestrian", "class": "information", "surface": null}}, {"type": "Feature", "geometry": {"type": "Point", "coordinates": [16.8043029, 48.8035953]}, "properties": {"id": "bca5d676-62cd-346c-a341-4ef70c6fef26", "names": null, "subtype": "transportation", "class": "crossing", "surface": null}}, {"type": "Feature", "geometry": {"type": "Point", "coordinates": [16.8047172, 48.8040451]}, "properties": {"id": "95cdb3ec-015d-3a30-8d84-d0c4dfab8769", "names": null, "subtype": "barrier", "class": "gate", "surface": null}}, {"type": "Feature", "geometry": {"type": "Polygon", "coordinates": [[[16.8042513, 48.8033573], [16.8042357, 48.8033612], [16.8041816, 48.8033749], [16.8041238, 48.8033894], [16.803952, 48.8030937], [16.804, 48.8030816], [16.8040532, 48.8030682], [16.8040795, 48.8030616], [16.8042513, 48.8033573]]]}, "properties": {"id": "a3497bbe-bb56-314b-a1dc-e0412db1fc05", "names": null, "subtype": "bridge", "class": "bridge", "surface": null}}, {"type": "Feature", "geometry": {"type": "LineString", "coordinates": [[16.8041816, 48.8033749], [16.804, 48.8030816]]}, "properties": {"id": "38ec443f-02a9-324d-ad67-cb2e423fee00", "names": {"primary": "21. dubna", "common": null, "rules": null}, "subtype": "bridge", "class": "bridge", "surface": "asphalt"}}, {"type": "Feature", "geometry": {"type": "LineString", "coordinates": [[16.8042357, 48.8033612], [16.8040532, 48.8030682]]}, "properties": {"id": "2c364daa-5d49-3889-8511-9066c6c22e81", "names": null, "subtype": "bridge", "class": "bridge", "surface": "concrete"}}, {"type": "Feature", "geometry": {"type": "Point", "coordinates": [16.8051287, 48.8023603]}, "properties": {"id": "09f775c6-a815-3d06-b9d8-bc04ecc507b9", "names": {"primary": "J\u00edzd\u00e1rny", "common": null, "rules": null}, "subtype": "pedestrian", "class": "information", "surface": null}}, {"type": "Feature", "geometry": {"type": "Point", "coordinates": [16.8053296, 48.8017218]}, "properties": {"id": "c56a73bb-c856-369d-9738-072f57a74dcb", "names": null, "subtype": "pedestrian", "class": "toilets", "surface": null}}, {"type": "Feature", "geometry": {"type": "Point", "coordinates": [16.8057386, 48.8011387]}, "properties": {"id": "dfc9a1c9-1217-3f8c-9486-2a23b5623ecd", "names": {"primary": "Lednicko-valtick\u00fd are\u00e1l - pam\u00e1tka Unesco", "common": null, "rules": null}, "subtype": "pedestrian", "class": "information", "surface": null}}, {"type": "Feature", "geometry": {"type": "Point", "coordinates": [16.8057336, 48.8010583]}, "properties": {"id": "53af93ed-e702-323e-ab86-cf8b91ad0471", "names": null, "subtype": "pedestrian", "class": "information", "surface": null}}, {"type": "Feature", "geometry": {"type": "Point", "coordinates": [16.8056542, 48.8010516]}, "properties": {"id": "7801f88f-3160-3459-be11-c2031304203b", "names": null, "subtype": "pedestrian", "class": "bench", "surface": null}}, {"type": "Feature", "geometry": {"type": "Point", "coordinates": [16.8056444, 48.8010259]}, "properties": {"id": "9ecbc2ad-5078-30c1-bc3b-e2d0db23ddf2", "names": null, "subtype": "pedestrian", "class": "bench", "surface": null}}, {"type": "Feature", "geometry": {"type": "Point", "coordinates": [16.8057218, 48.8009751]}, "properties": {"id": "a4643ad5-02f4-39b9-ae8b-5ccb3470f352", "names": null, "subtype": "pedestrian", "class": "bench", "surface": null}}, {"type": "Feature", "geometry": {"type": "Point", "coordinates": [16.8056341, 48.8008774]}, "properties": {"id": "49eaf2b3-53fc-3504-9461-dd64145af1ea", "names": null, "subtype": "pedestrian", "class": "bench", "surface": null}}, {"type": "Feature", "geometry": {"type": "Point", "coordinates": [16.8056014, 48.8008149]}, "properties": {"id": "d744345b-ab5b-38d2-a334-981937e54f90", "names": null, "subtype": "pedestrian", "class": "bench", "surface": null}}, {"type": "Feature", "geometry": {"type": "Point", "coordinates": [16.8055533, 48.8010249]}, "properties": {"id": "951e2fbc-d260-3e7a-8b4f-82221a65dade", "names": null, "subtype": "pedestrian", "class": "bench", "surface": null}}, {"type": "Feature", "geometry": {"type": "Point", "coordinates": [16.8055956, 48.8010216]}, "properties": {"id": "b995ae7f-2c29-36ee-b37d-34ff41cfdaa6", "names": null, "subtype": "pedestrian", "class": "bench", "surface": null}}, {"type": "Feature", "geometry": {"type": "Point", "coordinates": [16.8054259, 48.8010125]}, "properties": {"id": "967580c5-0e80-30e1-97fa-2dea31cbdb1d", "names": null, "subtype": "transportation", "class": "street_lamp", "surface": null}}, {"type": "Feature", "geometry": {"type": "Point", "coordinates": [16.8049859, 48.8012773]}, "properties": {"id": "3907cf81-4ab5-3f0c-9ca6-d6908c97dac5", "names": {"primary": "Prohl\u00eddkov\u00e9 okruhy", "common": null, "rules": null}, "subtype": "pedestrian", "class": "information", "surface": null}}, {"type": "Feature", "geometry": {"type": "Point", "coordinates": [16.8050325, 48.8011945]}, "properties": {"id": "9e7884c6-cff1-392a-ad94-28407dbec4c3", "names": null, "subtype": "transportation", "class": "street_lamp", "surface": null}}, {"type": "Feature", "geometry": {"type": "Point", "coordinates": [16.8050176, 48.8013067]}, "properties": {"id": "1fd28947-a64b-39b8-a132-8c1e7b5c1239", "names": null, "subtype": "transit", "class": "bicycle_parking", "surface": null}}, {"type": "Feature", "geometry": {"type": "Point", "coordinates": [16.8044757, 48.8013363]}, "properties": {"id": "c313ac29-dd71-3bfb-b070-ead7d2f49a97", "names": {"primary": "St\u00e1tn\u00ed z\u00e1mek Lednice", "common": null, "rules": null}, "subtype": "pedestrian", "class": "information", "surface": null}}, {"type": "Feature", "geometry": {"type": "Point", "coordinates": [16.8046399, 48.8012556]}, "properties": {"id": "c9bcf654-5d67-3ee0-827a-c1bb41381d8a", "names": null, "subtype": "pedestrian", "class": "bench", "surface": null}}, {"type": "Feature", "geometry": {"type": "Point", "coordinates": [16.8046897, 48.8011972]}, "properties": {"id": "0064f912-c5a9-312d-9e54-e1cf23f5d922", "names": null, "subtype": "pedestrian", "class": "bench", "surface": null}}, {"type": "Feature", "geometry": {"type": "Point", "coordinates": [16.8047951, 48.8012589]}, "properties": {"id": "8baa4791-1b47-386c-8015-57a6c3c980c8", "names": null, "subtype": "waste_management", "class": "waste_basket", "surface": null}}, {"type": "Feature", "geometry": {"type": "Point", "coordinates": [16.804625, 48.8003929]}, "properties": {"id": "7fcac1ea-c029-374e-8094-074908307a54", "names": {"primary": "Pavlovsk\u00e9 vrchy, Lednicko Valtick\u00fd are\u00e1l, Hustope\u010dsko", "common": null, "rules": null}, "subtype": "pedestrian", "class": "information", "surface": null}}, {"type": "Feature", "geometry": {"type": "Point", "coordinates": [16.8046325, 48.8003562]}, "properties": {"id": "a6bb29d1-ecb7-3911-9a0a-f46fd39bde1b", "names": null, "subtype": "pedestrian", "class": "information", "surface": null}}, {"type": "Feature", "geometry": {"type": "LineString", "coordinates": [[16.8046679, 48.8005094], [16.8041198, 48.8007057]]}, "properties": {"id": "2d60ab79-22a4-34fb-be72-0a1ab45bc0d4", "names": null, "subtype": "barrier", "class": "wall", "surface": null}}, {"type": "Feature", "geometry": {"type": "Point", "coordinates": [16.8042784, 48.8006023]}, "properties": {"id": "64de68ac-157e-3a8d-85f7-2503e533d67f", "names": null, "subtype": "pedestrian", "class": "bench", "surface": null}}, {"type": "Feature", "geometry": {"type": "Point", "coordinates": [16.8042841, 48.8006205]}, "properties": {"id": "2b5514fc-22f2-356d-9c83-63c960116f18", "names": null, "subtype": "pedestrian", "class": "bench", "surface": null}}, {"type": "Feature", "geometry": {"type": "Point", "coordinates": [16.8042296, 48.8006532]}, "properties": {"id": "357d7723-29bd-31b3-9c53-a101aae8cc10", "names": {"primary": "Lednicko-valtick\u00fd are\u00e1l", "common": null, "rules": null}, "subtype": "pedestrian", "class": "information", "surface": null}}, {"type": "Feature", "geometry": {"type": "Point", "coordinates": [16.8040856, 48.8006875]}, "properties": {"id": "cf73389f-c43d-3ecf-872f-bb800acaa72e", "names": {"primary": "Lednice (n\u00e1m\u011bst\u00ed, bus)", "common": null, "rules": [{"variant": "official", "language": null, "perspectives": null, "value": "Lednice (n\u00e1m., bus)", "between": null, "side": null}]}, "subtype": "pedestrian", "class": "information", "surface": null}}, {"type": "Feature", "geometry": {"type": "Point", "coordinates": [16.804099, 48.8006755]}, "properties": {"id": "58034284-3728-310d-acf8-b010b02c62ad", "names": null, "subtype": "waste_management", "class": "waste_basket", "surface": null}}, {"type": "Feature", "geometry": {"type": "Point", "coordinates": [16.8041064, 48.8006702]}, "properties": {"id": "2aac004d-52f6-32c9-9d67-13ce79fac7dd", "names": null, "subtype": "transportation", "class": "street_lamp", "surface": null}}, {"type": "Feature", "geometry": {"type": "Point", "coordinates": [16.8041233, 48.8004332]}, "properties": {"id": "2b91a75d-01fc-3a8a-8d78-943d5a61732b", "names": null, "subtype": "waste_management", "class": "recycling", "surface": null}}, {"type": "Feature", "geometry": {"type": "Point", "coordinates": [16.8042393, 48.8002559]}, "properties": {"id": "3f55cf03-d09f-3c6e-b195-35b86fe58f94", "names": null, "subtype": "water", "class": "fountain", "surface": null}}, {"type": "Feature", "geometry": {"type": "Point", "coordinates": [16.8042583, 48.8002126]}, "properties": {"id": "ab7170d4-ee23-3aed-b688-249e048f7284", "names": null, "subtype": "water", "class": "drinking_water", "surface": null}}, {"type": "Feature", "geometry": {"type": "Polygon", "coordinates": [[[16.8041901, 48.8005996], [16.804161, 48.8005456], [16.8040223, 48.8003114], [16.8040204, 48.8002894], [16.8041246, 48.8002641], [16.8042161, 48.8003079], [16.8043138, 48.8002766], [16.8043065, 48.8002081], [16.8044478, 48.8001691], [16.8046554, 48.8004577], [16.8041901, 48.8005996]]]}, "properties": {"id": "e83b4e37-aa99-3ff2-8d21-a6631b84fe13", "names": null, "subtype": "transit", "class": "parking", "surface": null}}, {"type": "Feature", "geometry": {"type": "Point", "coordinates": [16.804167, 48.7999777]}, "properties": {"id": "e42af242-2c62-3d3b-b121-50d5cef7cdcb", "names": {"primary": "Lednice, n\u00e1m\u011bst\u00ed", "common": null, "rules": [{"variant": "official", "language": null, "perspectives": null, "value": "Lednice, n\u00e1m.", "between": null, "side": null}]}, "subtype": "transit", "class": "bus_stop", "surface": null}}, {"type": "Feature", "geometry": {"type": "Point", "coordinates": [16.8040708, 48.8000173]}, "properties": {"id": "7108585f-f9f0-3c54-b294-ee91347ddbe4", "names": {"primary": "Lednice, n\u00e1m\u011bst\u00ed", "common": null, "rules": [{"variant": "official", "language": null, "perspectives": null, "value": "Lednice, n\u00e1m.", "between": null, "side": null}]}, "subtype": "transit", "class": "bus_stop", "surface": null}}, {"type": "Feature", "geometry": {"type": "Point", "coordinates": [16.8053832, 48.8003944]}, "properties": {"id": "0e263200-f77a-3e51-a09d-27db9a8c7324", "names": null, "subtype": "pedestrian", "class": "bench", "surface": null}}, {"type": "Feature", "geometry": {"type": "Point", "coordinates": [16.8053493, 48.80034]}, "properties": {"id": "ff2d9328-dcc2-31c6-aeb7-94fc04426aa8", "names": null, "subtype": "pedestrian", "class": "bench", "surface": null}}, {"type": "Feature", "geometry": {"type": "Point", "coordinates": [16.8054842, 48.8005935]}, "properties": {"id": "546e19d5-0232-3abb-8955-abde86fed5a0", "names": null, "subtype": "pedestrian", "class": "bench", "surface": null}}, {"type": "Feature", "geometry": {"type": "Point", "coordinates": [16.8055431, 48.8007131]}, "properties": {"id": "d04e1c18-1676-3a29-a8b9-ae8b1228f234", "names": null, "subtype": "pedestrian", "class": "bench", "surface": null}}, {"type": "Feature", "geometry": {"type": "Point", "coordinates": [16.8057313, 48.7997793]}, "properties": {"id": "ebaea7c4-f825-39b4-9114-2ceab9a3254d", "names": null, "subtype": "pedestrian", "class": "bench", "surface": null}}, {"type": "Feature", "geometry": {"type": "Point", "coordinates": [16.8057489, 48.7994716]}, "properties": {"id": "2be893f7-96be-3ff2-bfb9-e15ee54e99cc", "names": null, "subtype": "pedestrian", "class": "bench", "surface": null}}, {"type": "Feature", "geometry": {"type": "Point", "coordinates": [16.8063022, 48.7995579]}, "properties": {"id": "742ef0bf-377c-33c2-b0d9-e555b85d3ec1", "names": null, "subtype": "pedestrian", "class": "bench", "surface": null}}, {"type": "Feature", "geometry": {"type": "Point", "coordinates": [16.8064143, 48.7995377]}, "properties": {"id": "725afc56-43c5-3db3-928f-e29fcb3c4bd4", "names": null, "subtype": "pedestrian", "class": "bench", "surface": null}}, {"type": "Feature", "geometry": {"type": "Point", "coordinates": [16.8063789, 48.8000622]}, "properties": {"id": "d413dff9-808c-3711-868f-7706336626d0", "names": null, "subtype": "pedestrian", "class": "bench", "surface": null}}, {"type": "Feature", "geometry": {"type": "Point", "coordinates": [16.8062127, 48.7997853]}, "properties": {"id": "0a0134bf-a7cf-3065-a860-82d4a1d0d06e", "names": null, "subtype": "pedestrian", "class": "bench", "surface": null}}, {"type": "Feature", "geometry": {"type": "Point", "coordinates": [16.8062287, 48.8004078]}, "properties": {"id": "56d1e418-a8ce-3fb5-8d62-650e2c56e01a", "names": null, "subtype": "pedestrian", "class": "bench", "surface": null}}, {"type": "Feature", "geometry": {"type": "Point", "coordinates": [16.806377, 48.8006957]}, "properties": {"id": "1a8e56ed-f068-32ee-8911-a2dbf37196c2", "names": null, "subtype": "pedestrian", "class": "bench", "surface": null}}, {"type": "Feature", "geometry": {"type": "Point", "coordinates": [16.8062977, 48.8005275]}, "properties": {"id": "61bc8aef-9aca-349c-98b3-a24e7ea1b753", "names": null, "subtype": "pedestrian", "class": "bench", "surface": null}}, {"type": "Feature", "geometry": {"type": "Point", "coordinates": [16.8063215, 48.8005781]}, "properties": {"id": "9c471dd9-f58d-30b9-87e2-44aa14fd6331", "names": null, "subtype": "pedestrian", "class": "bench", "surface": null}}, {"type": "Feature", "geometry": {"type": "Point", "coordinates": [16.8062812, 48.800588]}, "properties": {"id": "f92937d1-7c53-3e82-bfa9-3ca544b40197", "names": null, "subtype": "pedestrian", "class": "bench", "surface": null}}, {"type": "Feature", "geometry": {"type": "Point", "coordinates": [16.8062631, 48.8005533]}, "properties": {"id": "9f4dbdd3-cc34-39a0-8a9c-793206e593fe", "names": null, "subtype": "pedestrian", "class": "bench", "surface": null}}, {"type": "Feature", "geometry": {"type": "Point", "coordinates": [16.8061814, 48.800548]}, "properties": {"id": "76cb9697-16f4-37dc-ada7-f29be2f8e1be", "names": null, "subtype": "pedestrian", "class": "bench", "surface": null}}, {"type": "Feature", "geometry": {"type": "Point", "coordinates": [16.8061956, 48.8005647]}, "properties": {"id": "e9e5ab65-8e09-3bca-b338-a10f0fbe4988", "names": null, "subtype": "pedestrian", "class": "bench", "surface": null}}, {"type": "Feature", "geometry": {"type": "Point", "coordinates": [16.8062216, 48.8006101]}, "properties": {"id": "3c442f90-9d0f-3aa1-a519-28dc843a2e80", "names": null, "subtype": "pedestrian", "class": "bench", "surface": null}}, {"type": "Feature", "geometry": {"type": "Point", "coordinates": [16.8062248, 48.8006283]}, "properties": {"id": "17922050-1442-3a5e-b8c8-636772dfd4bc", "names": null, "subtype": "pedestrian", "class": "bench", "surface": null}}, {"type": "Feature", "geometry": {"type": "Point", "coordinates": [16.806023, 48.8002356]}, "properties": {"id": "c65b4dbf-121a-336c-b545-4a05070d1847", "names": null, "subtype": "pedestrian", "class": "bench", "surface": null}}, {"type": "Feature", "geometry": {"type": "Point", "coordinates": [16.8060052, 48.8002039]}, "properties": {"id": "06f2be34-3101-3b38-93bb-c181630840c5", "names": null, "subtype": "pedestrian", "class": "bench", "surface": null}}, {"type": "Feature", "geometry": {"type": "Point", "coordinates": [16.8060462, 48.8002872]}, "properties": {"id": "9070f9a7-0524-3f33-af3b-9d7ff36c845a", "names": null, "subtype": "pedestrian", "class": "bench", "surface": null}}, {"type": "Feature", "geometry": {"type": "Point", "coordinates": [16.8060588, 48.8003145]}, "properties": {"id": "952c8e37-fadd-3c7b-ab50-4b752a82062a", "names": null, "subtype": "pedestrian", "class": "bench", "surface": null}}, {"type": "Feature", "geometry": {"type": "Point", "coordinates": [16.805908, 48.8009395]}, "properties": {"id": "1e189b17-bac8-3054-8c59-c4a143472b4a", "names": null, "subtype": "pedestrian", "class": "bench", "surface": null}}, {"type": "Feature", "geometry": {"type": "Point", "coordinates": [16.806028, 48.8009111]}, "properties": {"id": "4765e46f-f58b-3073-b1ff-71b1b46d08c2", "names": null, "subtype": "pedestrian", "class": "bench", "surface": null}}, {"type": "Feature", "geometry": {"type": "Point", "coordinates": [16.8060578, 48.8009037]}, "properties": {"id": "0eb05421-1575-30b8-85a8-a7207c52163f", "names": null, "subtype": "pedestrian", "class": "bench", "surface": null}}, {"type": "Feature", "geometry": {"type": "Point", "coordinates": [16.8061574, 48.8010849]}, "properties": {"id": "8c26f01c-6da2-36b0-9906-4688d209acac", "names": null, "subtype": "transportation", "class": "street_lamp", "surface": null}}, {"type": "Feature", "geometry": {"type": "Point", "coordinates": [16.806005, 48.8011973]}, "properties": {"id": "395bf4f4-4c57-30d3-b281-3577093a8713", "names": null, "subtype": "transit", "class": "bicycle_parking", "surface": null}}, {"type": "Feature", "geometry": {"type": "Point", "coordinates": [16.8060193, 48.8012243]}, "properties": {"id": "3e793ba3-feaa-3423-84a0-174bf1bf346e", "names": null, "subtype": "transit", "class": "bicycle_parking", "surface": null}}, {"type": "Feature", "geometry": {"type": "Point", "coordinates": [16.8064525, 48.8014534]}, "properties": {"id": "f94a972b-039f-3b73-aeeb-76e10f359f13", "names": null, "subtype": "transit", "class": "bicycle_parking", "surface": null}}, {"type": "Feature", "geometry": {"type": "Point", "coordinates": [16.806325, 48.8008323]}, "properties": {"id": "ed5ea3d3-422a-33c1-92bf-0f9283ecba34", "names": null, "subtype": "pedestrian", "class": "bench", "surface": null}}, {"type": "Feature", "geometry": {"type": "Point", "coordinates": [16.8069582, 48.8008238]}, "properties": {"id": "231f73c0-36fe-3f69-a114-e4f1876dda14", "names": null, "subtype": "pedestrian", "class": "bench", "surface": null}}, {"type": "Feature", "geometry": {"type": "Point", "coordinates": [16.8066998, 48.8014268]}, "properties": {"id": "139c28d2-0adc-3066-bfed-42a5c68aa3ca", "names": null, "subtype": "pedestrian", "class": "bench", "surface": null}}, {"type": "Feature", "geometry": {"type": "Point", "coordinates": [16.8066491, 48.8014415]}, "properties": {"id": "cfc67f18-b753-379b-aecc-00ab23154337", "names": null, "subtype": "pedestrian", "class": "bench", "surface": null}}, {"type": "Feature", "geometry": {"type": "Point", "coordinates": [16.8066173, 48.8017603]}, "properties": {"id": "8a0d2f96-6222-3cb0-a0af-4a1d78d2a60b", "names": null, "subtype": "pedestrian", "class": "bench", "surface": null}}, {"type": "Feature", "geometry": {"type": "Point", "coordinates": [16.8073192, 48.801276]}, "properties": {"id": "19d9e013-ad85-38ee-9314-dbbed24c96c1", "names": null, "subtype": "pedestrian", "class": "bench", "surface": null}}, {"type": "Feature", "geometry": {"type": "Point", "coordinates": [16.8072413, 48.8012923]}, "properties": {"id": "76efef3c-ac15-306f-9351-c2577b6807f5", "names": null, "subtype": "pedestrian", "class": "bench", "surface": null}}, {"type": "Feature", "geometry": {"type": "Point", "coordinates": [16.8070879, 48.8007973]}, "properties": {"id": "54c26827-b445-3e0b-8f16-11ee1122e8a5", "names": null, "subtype": "pedestrian", "class": "bench", "surface": null}}, {"type": "Feature", "geometry": {"type": "Point", "coordinates": [16.8073859, 48.8003731]}, "properties": {"id": "2f53abf3-1933-363b-ad17-85fa9159c2ba", "names": null, "subtype": "pedestrian", "class": "bench", "surface": null}}, {"type": "Feature", "geometry": {"type": "Point", "coordinates": [16.8074152, 48.8002883]}, "properties": {"id": "8ccfc30a-fe48-3fe4-8204-a59bcbd13018", "names": null, "subtype": "pedestrian", "class": "bench", "surface": null}}, {"type": "Feature", "geometry": {"type": "Point", "coordinates": [16.8074281, 48.8003229]}, "properties": {"id": "128c8f64-66fe-3c66-876f-96fad2973f4f", "names": null, "subtype": "pedestrian", "class": "bench", "surface": null}}, {"type": "Feature", "geometry": {"type": "Point", "coordinates": [16.807357, 48.8001375]}, "properties": {"id": "01ae8c08-72d3-3326-8df5-cbc2ecbe02af", "names": null, "subtype": "pedestrian", "class": "bench", "surface": null}}, {"type": "Feature", "geometry": {"type": "Point", "coordinates": [16.8073399, 48.8002853]}, "properties": {"id": "904f3bfc-cba8-3deb-84a2-a1a188c2bafb", "names": null, "subtype": "pedestrian", "class": "bench", "surface": null}}, {"type": "Feature", "geometry": {"type": "Point", "coordinates": [16.8072807, 48.8001676]}, "properties": {"id": "10166d1a-c05d-3d52-823c-aeb6ff7ba0e3", "names": null, "subtype": "pedestrian", "class": "bench", "surface": null}}, {"type": "Feature", "geometry": {"type": "Point", "coordinates": [16.8068508, 48.7999426]}, "properties": {"id": "fb53ecab-bcdc-39c0-b49b-fecfdc69470f", "names": null, "subtype": "pedestrian", "class": "bench", "surface": null}}, {"type": "Feature", "geometry": {"type": "Point", "coordinates": [16.8067069, 48.7996651]}, "properties": {"id": "218b4552-db68-3e0c-a7de-cf070fff6793", "names": null, "subtype": "pedestrian", "class": "bench", "surface": null}}, {"type": "Feature", "geometry": {"type": "Point", "coordinates": [16.8073897, 48.7998134]}, "properties": {"id": "0088da43-8b6b-3eb7-9ce4-f7864145edda", "names": null, "subtype": "pedestrian", "class": "bench", "surface": null}}, {"type": "Feature", "geometry": {"type": "Point", "coordinates": [16.8067737, 48.7992158]}, "properties": {"id": "bfb3942f-b55d-34cc-9691-ab869641936a", "names": null, "subtype": "pedestrian", "class": "bench", "surface": null}}, {"type": "Feature", "geometry": {"type": "Polygon", "coordinates": [[[16.8067508, 48.7984401], [16.8065039, 48.7981323], [16.8066496, 48.7980891], [16.8066154, 48.7980383], [16.8068344, 48.797968], [16.8069775, 48.7980044], [16.8071755, 48.7982933], [16.8070482, 48.7983753], [16.8067508, 48.7984401]]]}, "properties": {"id": "d6641f61-f7e4-3d60-b4fe-702341e68d1f", "names": null, "subtype": "transit", "class": "parking", "surface": "compacted"}}, {"type": "Feature", "geometry": {"type": "Point", "coordinates": [16.807, 48.7983667]}, "properties": {"id": "5e4d129a-0466-334c-b097-5336c8987730", "names": null, "subtype": "pedestrian", "class": "vending_machine", "surface": null}}, {"type": "Feature", "geometry": {"type": "Point", "coordinates": [16.806525, 48.7972839]}, "properties": {"id": "87ec38ca-7720-3b29-84e8-3e851c8b2ec4", "names": null, "subtype": "transportation", "class": "crossing", "surface": null}}, {"type": "Feature", "geometry": {"type": "Point", "coordinates": [16.8065656, 48.7971678]}, "properties": {"id": "f1aa0ba9-183b-3100-b14d-32dfd96d87b2", "names": null, "subtype": "transportation", "class": "stop", "surface": null}}, {"type": "Feature", "geometry": {"type": "Point", "coordinates": [16.8063644, 48.7972816]}, "properties": {"id": "bb68a969-55f6-3887-a143-963512164186", "names": {"primary": "Lednice, \u0161kola", "common": null, "rules": null}, "subtype": "transit", "class": "bus_stop", "surface": null}}, {"type": "Feature", "geometry": {"type": "Point", "coordinates": [16.8062718, 48.7974292]}, "properties": {"id": "e8915f39-ffb4-351f-ae20-3b9a84941ef3", "names": {"primary": "Lednice, \u0161kola", "common": null, "rules": null}, "subtype": "transit", "class": "bus_stop", "surface": null}}, {"type": "Feature", "geometry": {"type": "Point", "coordinates": [16.8058939, 48.7974883]}, "properties": {"id": "8ac3540e-5105-3cc7-8b5e-a9397c2905a6", "names": null, "subtype": "transportation", "class": "crossing", "surface": null}}, {"type": "Feature", "geometry": {"type": "Point", "coordinates": [16.8059909, 48.7976381]}, "properties": {"id": "b83200b9-6a94-37d1-a6c0-3ed122f4e54c", "names": null, "subtype": "barrier", "class": "gate", "surface": null}}, {"type": "Feature", "geometry": {"type": "Point", "coordinates": [16.8059136, 48.7986936]}, "properties": {"id": "5a1e44a5-f391-34c0-9b39-88bc936989bb", "names": null, "subtype": "transportation", "class": "crossing", "surface": null}}, {"type": "Feature", "geometry": {"type": "Point", "coordinates": [16.8059468, 48.7987617]}, "properties": {"id": "6d784646-ca65-3d3f-9f8b-db470540c28b", "names": null, "subtype": "barrier", "class": "gate", "surface": null}}, {"type": "Feature", "geometry": {"type": "Point", "coordinates": [16.8061855, 48.7991103]}, "properties": {"id": "9d058390-eccb-315b-b699-23d907dc3f13", "names": null, "subtype": "pedestrian", "class": "bench", "surface": null}}, {"type": "Feature", "geometry": {"type": "Point", "coordinates": [16.8063954, 48.7992323]}, "properties": {"id": "301f0708-0da2-361c-bbbb-f4db6ec4c5fe", "names": null, "subtype": "pedestrian", "class": "bench", "surface": null}}, {"type": "Feature", "geometry": {"type": "Point", "coordinates": [16.8064426, 48.7993333]}, "properties": {"id": "5ddb0f6e-5b53-3213-86ad-2a088147d5f2", "names": null, "subtype": "pedestrian", "class": "bench", "surface": null}}, {"type": "Feature", "geometry": {"type": "Point", "coordinates": [16.8062081, 48.7992019]}, "properties": {"id": "2b3a74b2-5209-30d1-a9a6-81650a948f0f", "names": null, "subtype": "pedestrian", "class": "artwork", "surface": null}}, {"type": "Feature", "geometry": {"type": "Polygon", "coordinates": [[[16.8062903, 48.7993066], [16.8062982, 48.799311], [16.8063048, 48.7993176], [16.8063082, 48.7993241], [16.8063022, 48.7993341], [16.806283, 48.7993621], [16.8062777, 48.7993656], [16.8062671, 48.7993682], [16.8062558, 48.7993686], [16.8062041, 48.799352], [16.8061969, 48.7993477], [16.8061909, 48.7993411], [16.8061942, 48.7993306], [16.8062181, 48.7993001], [16.806224, 48.7992949], [16.806232, 48.7992918], [16.8062479, 48.7992927], [16.8062903, 48.7993066]]]}, "properties": {"id": "328b1731-e73b-3eb3-901c-6d5ff0d1be4b", "names": null, "subtype": "water", "class": "fountain", "surface": null}}, {"type": "Feature", "geometry": {"type": "Point", "coordinates": [16.8060875, 48.7994204]}, "properties": {"id": "7baa1510-0e0c-35a9-a27b-9ca6d8d1ec87", "names": null, "subtype": "pedestrian", "class": "bench", "surface": null}}, {"type": "Feature", "geometry": {"type": "Point", "coordinates": [16.8060441, 48.7993235]}, "properties": {"id": "75dc719d-0c82-3d21-bd40-52b2997ae403", "names": null, "subtype": "pedestrian", "class": "bench", "surface": null}}, {"type": "Feature", "geometry": {"type": "Point", "coordinates": [16.8060958, 48.7991302]}, "properties": {"id": "7015f381-c879-3b9c-b17e-69e4091ab4d5", "names": null, "subtype": "pedestrian", "class": "bench", "surface": null}}, {"type": "Feature", "geometry": {"type": "Point", "coordinates": [16.8061558, 48.799218]}, "properties": {"id": "cf9ef5dc-f21d-3314-bebb-31c017ee0224", "names": null, "subtype": "pedestrian", "class": "artwork", "surface": null}}, {"type": "Feature", "geometry": {"type": "Point", "coordinates": [16.8057291, 48.7994377]}, "properties": {"id": "a7615f27-2229-351f-a762-b4558db1cbc8", "names": null, "subtype": "pedestrian", "class": "bench", "surface": null}}, {"type": "Feature", "geometry": {"type": "LineString", "coordinates": [[16.8059237, 48.7987663], [16.8054075, 48.7988703], [16.8049233, 48.7989766], [16.8047584, 48.7990187], [16.8044817, 48.7990993]]}, "properties": {"id": "4caa18f1-1f00-33e8-8fc6-efdecce8c0ff", "names": null, "subtype": "barrier", "class": "wall", "surface": null}}, {"type": "Feature", "geometry": {"type": "LineString", "coordinates": [[16.804432, 48.799111], [16.8040932, 48.799229], [16.8042298, 48.7994229]]}, "properties": {"id": "fc418cca-9233-3e40-a415-ed759b4994cd", "names": null, "subtype": "barrier", "class": "wall", "surface": null}}, {"type": "Feature", "geometry": {"type": "Point", "coordinates": [16.8044532, 48.7991043]}, "properties": {"id": "b8383589-d5f0-371a-ab01-f99ea5346467", "names": null, "subtype": "barrier", "class": "gate", "surface": null}}, {"type": "Feature", "geometry": {"type": "Polygon", "coordinates": [[[16.8044804, 48.7979333], [16.8044962, 48.7978427], [16.80453, 48.7978312], [16.8049033, 48.7977079], [16.8049584, 48.7977835], [16.8044804, 48.7979333]]]}, "properties": {"id": "5731a957-1f98-385e-8863-7da89965abb1", "names": null, "subtype": "transit", "class": "parking", "surface": null}}, {"type": "Feature", "geometry": {"type": "Point", "coordinates": [16.8052413, 48.7976371]}, "properties": {"id": "87ac6b37-679b-3f56-a5db-3a1f1a110398", "names": null, "subtype": "pedestrian", "class": "information", "surface": null}}, {"type": "Feature", "geometry": {"type": "Point", "coordinates": [16.8052317, 48.797698]}, "properties": {"id": "c7ac6cb6-122f-30e4-b822-0af63c08e752", "names": null, "subtype": "transportation", "class": "crossing", "surface": null}}, {"type": "Feature", "geometry": {"type": "Point", "coordinates": [16.8054459, 48.7959746]}, "properties": {"id": "6f213cfd-9c0f-3ba2-a986-f49928394dc2", "names": null, "subtype": "transportation", "class": "give_way", "surface": null}}, {"type": "Feature", "geometry": {"type": "Point", "coordinates": [16.8068006, 48.7946049]}, "properties": {"id": "241405f7-68be-3652-b671-939e3f03e12c", "names": null, "subtype": "emergency", "class": "fire_hydrant", "surface": null}}, {"type": "Feature", "geometry": {"type": "Point", "coordinates": [16.8085588, 48.7965547]}, "properties": {"id": "1750ec51-e3a4-33cb-b10f-579ba0dfd367", "names": null, "subtype": "transportation", "class": "stop", "surface": null}}, {"type": "Feature", "geometry": {"type": "Point", "coordinates": [16.8084062, 48.7964141]}, "properties": {"id": "29f7a2e4-6be0-3d37-addf-92f496b0a5c5", "names": null, "subtype": "transportation", "class": "stop", "surface": null}}, {"type": "Feature", "geometry": {"type": "Point", "coordinates": [16.8077903, 48.7967455]}, "properties": {"id": "ca3ca719-c297-374a-847d-b272f40c4ace", "names": null, "subtype": "transportation", "class": "stop", "surface": null}}, {"type": "Feature", "geometry": {"type": "Point", "coordinates": [16.807797, 48.7985637]}, "properties": {"id": "6f29018c-b685-3554-b909-a1e6276184f9", "names": null, "subtype": "pedestrian", "class": "bench", "surface": null}}, {"type": "Feature", "geometry": {"type": "LineString", "coordinates": [[16.8097986, 48.7981846], [16.8097974, 48.798209], [16.8097761, 48.7982195], [16.8093628, 48.7982464], [16.8083518, 48.7983305], [16.8081957, 48.7983387], [16.8080308, 48.7983621], [16.807919, 48.7983773], [16.8073394, 48.7984974], [16.8073062, 48.7984786], [16.8069418, 48.7985513], [16.8059716, 48.7987546]]}, "properties": {"id": "727458c9-93a2-310c-af83-89a2a5341e25", "names": null, "subtype": "barrier", "class": "wall", "surface": null}}, {"type": "Feature", "geometry": {"type": "Polygon", "coordinates": [[[16.8081414, 48.7982369], [16.8081264, 48.7981699], [16.8082768, 48.7981544], [16.8082922, 48.7982264], [16.8081414, 48.7982369]]]}, "properties": {"id": "f008367a-7ece-31d0-b755-a654590f5fec", "names": null, "subtype": "transit", "class": "parking", "surface": "paving_stones"}}, {"type": "Feature", "geometry": {"type": "Point", "coordinates": [16.8083136, 48.7981327]}, "properties": {"id": "df0a7b3d-e8a9-366c-bb19-8aee597af164", "names": null, "subtype": "pedestrian", "class": "toilets", "surface": null}}, {"type": "Feature", "geometry": {"type": "Point", "coordinates": [16.8089586, 48.7970201]}, "properties": {"id": "550a96b3-9221-38c9-b079-bc574a9dc124", "names": null, "subtype": "pedestrian", "class": "vending_machine", "surface": null}}, {"type": "Feature", "geometry": {"type": "LineString", "coordinates": [[16.8099405, 48.7976127], [16.8098517, 48.7975481], [16.8095342, 48.797302], [16.8087029, 48.7965944], [16.8086842, 48.7964729], [16.808801, 48.7963991], [16.8094224, 48.7960418]]}, "properties": {"id": "6502ddfa-6673-3c5f-bade-f131938c8c72", "names": null, "subtype": "barrier", "class": "fence", "surface": null}}, {"type": "Feature", "geometry": {"type": "Point", "coordinates": [16.8092406, 48.7972413]}, "properties": {"id": "58414515-7bef-3f77-b9ae-721774d068cd", "names": null, "subtype": "waste_management", "class": "recycling", "surface": null}}, {"type": "Feature", "geometry": {"type": "Point", "coordinates": [16.8100828, 48.799281]}, "properties": {"id": "b7ae77c1-e704-3c87-bff9-b49b888f2721", "names": null, "subtype": "pedestrian", "class": "bench", "surface": null}}, {"type": "Feature", "geometry": {"type": "LineString", "coordinates": [[16.8110888, 48.7985836], [16.8110783, 48.798587], [16.8110543, 48.7985779], [16.8109955, 48.7985951], [16.8108001, 48.7983487], [16.810487, 48.7984506], [16.81045, 48.798381], [16.8103889, 48.7983324], [16.8102726, 48.7983736], [16.8101462, 48.798419], [16.8100961, 48.7984458], [16.810052, 48.7984678]]}, "properties": {"id": "e28d6a37-e93d-3017-809e-e69ad3fef0e9", "names": null, "subtype": "barrier", "class": "wall", "surface": null}}, {"type": "Feature", "geometry": {"type": "Point", "coordinates": [16.8103178, 48.7979024]}, "properties": {"id": "f1307137-6f3a-3d38-b9b3-4a9dcf71ee5f", "names": null, "subtype": "transportation", "class": "crossing", "surface": null}}, {"type": "Feature", "geometry": {"type": "LineString", "coordinates": [[16.8105461, 48.7975175], [16.8108161, 48.7973488], [16.8100755, 48.7968132], [16.8095025, 48.7971643], [16.8099737, 48.797501], [16.810171, 48.7973818], [16.810323, 48.797478]]}, "properties": {"id": "327003f0-1e0b-3016-a6d5-97ca8c6d496c", "names": null, "subtype": "barrier", "class": "fence", "surface": null}}, {"type": "Feature", "geometry": {"type": "Point", "coordinates": [16.8108085, 48.7958179]}, "properties": {"id": "c59f4fd5-720b-35b4-b178-eecb01298289", "names": null, "subtype": "barrier", "class": "lift_gate", "surface": null}}, {"type": "Feature", "geometry": {"type": "Polygon", "coordinates": [[[16.8105949, 48.7956424], [16.8103512, 48.7957817], [16.8103137, 48.7957523], [16.8105517, 48.7956105], [16.8105949, 48.7956424]]]}, "properties": {"id": "8f458a26-7bc8-3659-b1da-992f7960ed60", "names": null, "subtype": "transit", "class": "parking", "surface": null}}, {"type": "Feature", "geometry": {"type": "Point", "coordinates": [16.8100262, 48.7958755]}, "properties": {"id": "2b963be8-b7c7-32c7-9d88-00f9252a2580", "names": null, "subtype": "pedestrian", "class": "artwork", "surface": null}}, {"type": "Feature", "geometry": {"type": "Point", "coordinates": [16.8100946, 48.7958251]}, "properties": {"id": "52207428-dc09-384b-a485-4372c75211c5", "names": null, "subtype": "water", "class": "fountain", "surface": null}}, {"type": "Feature", "geometry": {"type": "Point", "coordinates": [16.8101925, 48.7958393]}, "properties": {"id": "e0bfa650-a15e-3b05-bb1b-63756ed39c22", "names": null, "subtype": "waste_management", "class": "waste_basket", "surface": null}}, {"type": "Feature", "geometry": {"type": "Point", "coordinates": [16.8095917, 48.7958679]}, "properties": {"id": "8d441df6-23d6-386e-95c0-dc0fae801008", "names": null, "subtype": "transportation", "class": "crossing", "surface": null}}, {"type": "Feature", "geometry": {"type": "Point", "coordinates": [16.8092908, 48.7955437]}, "properties": {"id": "15c27259-2314-3554-bf36-45163f5858d0", "names": null, "subtype": "pedestrian", "class": "post_box", "surface": null}}, {"type": "Feature", "geometry": {"type": "Point", "coordinates": [16.8096766, 48.7957419]}, "properties": {"id": "02efa81d-f934-3d42-b706-b79bdec4dd01", "names": null, "subtype": "transportation", "class": "give_way", "surface": null}}, {"type": "Feature", "geometry": {"type": "Point", "coordinates": [16.809649, 48.7959128]}, "properties": {"id": "889fa17b-3e3a-308d-bf5c-c45cabc67113", "names": null, "subtype": "barrier", "class": "bollard", "surface": null}}, {"type": "Feature", "geometry": {"type": "Point", "coordinates": [16.8097445, 48.7959419]}, "properties": {"id": "29ad12f6-dd5e-39c2-b032-1e87e41a1bb2", "names": null, "subtype": "waste_management", "class": "waste_basket", "surface": null}}, {"type": "Feature", "geometry": {"type": "Point", "coordinates": [16.809764, 48.7959417]}, "properties": {"id": "c1f54d59-bed6-33ba-bc20-54473a1798f1", "names": null, "subtype": "pedestrian", "class": "bench", "surface": null}}, {"type": "Feature", "geometry": {"type": "Point", "coordinates": [16.8097885, 48.7959428]}, "properties": {"id": "b7e659e5-8324-3873-b31d-dab96d8d6d9a", "names": null, "subtype": "pedestrian", "class": "bench", "surface": null}}, {"type": "Feature", "geometry": {"type": "Point", "coordinates": [16.8098156, 48.7959435]}, "properties": {"id": "27da1d73-76b1-3239-92e7-427629d7573c", "names": null, "subtype": "pedestrian", "class": "bench", "surface": null}}, {"type": "Feature", "geometry": {"type": "Point", "coordinates": [16.8099323, 48.7959495]}, "properties": {"id": "82dfb675-8897-3444-b4b8-9a27ca934081", "names": null, "subtype": "pedestrian", "class": "bench", "surface": null}}, {"type": "Feature", "geometry": {"type": "Point", "coordinates": [16.8099568, 48.7959506]}, "properties": {"id": "407347d1-e3c8-3496-b266-f377d617fc79", "names": null, "subtype": "pedestrian", "class": "bench", "surface": null}}, {"type": "Feature", "geometry": {"type": "Point", "coordinates": [16.8099765, 48.7959524]}, "properties": {"id": "8cffe473-e9e8-37eb-9173-be7e292d52c6", "names": null, "subtype": "waste_management", "class": "waste_basket", "surface": null}}, {"type": "Feature", "geometry": {"type": "Point", "coordinates": [16.8099873, 48.7959029]}, "properties": {"id": "a469a722-5b18-33d7-8422-a4db5b562821", "names": null, "subtype": "pedestrian", "class": "artwork", "surface": null}}, {"type": "Feature", "geometry": {"type": "Point", "coordinates": [16.8107732, 48.7906373]}, "properties": {"id": "45c8552e-6673-369e-a41e-63363989938a", "names": null, "subtype": "power", "class": "power_pole", "surface": null}}, {"type": "Feature", "geometry": {"type": "Point", "coordinates": [16.8093798, 48.7907495]}, "properties": {"id": "d85a7f71-f007-3a91-a2ca-5bddbd4ff35a", "names": null, "subtype": "power", "class": "power_pole", "surface": null}}, {"type": "Feature", "geometry": {"type": "Point", "coordinates": [16.8080105, 48.7908538]}, "properties": {"id": "fab43c60-97c7-3136-90c2-1cca89070a25", "names": null, "subtype": "power", "class": "power_pole", "surface": null}}, {"type": "Feature", "geometry": {"type": "Point", "coordinates": [16.8075317, 48.7919608]}, "properties": {"id": "a669e538-dbaf-3a3a-a8c5-82110bea1734", "names": null, "subtype": "power", "class": "power_pole", "surface": null}}, {"type": "Feature", "geometry": {"type": "Point", "coordinates": [16.8073788, 48.7917912]}, "properties": {"id": "a57bdb4c-a467-349a-b6c5-eefd1bccba7d", "names": null, "subtype": "power", "class": "power_pole", "surface": null}}, {"type": "Feature", "geometry": {"type": "Point", "coordinates": [16.8050808, 48.7929575]}, "properties": {"id": "9ca6ab17-e29a-397c-8197-63f3bfcb057c", "names": null, "subtype": "transportation", "class": "stop", "surface": null}}, {"type": "Feature", "geometry": {"type": "Point", "coordinates": [16.8049701, 48.7928222]}, "properties": {"id": "011de5d2-bed6-3512-9089-a63b07d3b7d0", "names": null, "subtype": "transportation", "class": "stop", "surface": null}}, {"type": "Feature", "geometry": {"type": "Point", "coordinates": [16.8051419, 48.7910773]}, "properties": {"id": "d0b284e7-ae30-3cec-b416-1e37050dc0e7", "names": null, "subtype": "power", "class": "power_pole", "surface": null}}, {"type": "Feature", "geometry": {"type": "Point", "coordinates": [16.806609, 48.7909571]}, "properties": {"id": "c9d204f9-ad17-3b3d-b247-2d6b6e72921c", "names": null, "subtype": "power", "class": "power_pole", "surface": null}}, {"type": "Feature", "geometry": {"type": "Point", "coordinates": [16.8070208, 48.7913998]}, "properties": {"id": "b1f1a2c3-91cf-34d2-83d9-565ca054c0ba", "names": null, "subtype": "power", "class": "power_pole", "surface": null}}, {"type": "Feature", "geometry": {"type": "Point", "coordinates": [16.804591, 48.7862074]}, "properties": {"id": "95113021-f4db-34a9-88bc-c7afc58635e1", "names": null, "subtype": "power", "class": "power_tower", "surface": null}}, {"type": "Feature", "geometry": {"type": "Point", "coordinates": [16.808683, 48.7864383]}, "properties": {"id": "2de6951c-1a2a-3bbe-af3d-f1de51065e64", "names": null, "subtype": "power", "class": "power_tower", "surface": null}}, {"type": "Feature", "geometry": {"type": "Point", "coordinates": [16.8115596, 48.787326]}, "properties": {"id": "7c91e2d1-f8b8-3c9b-975b-b81324d9cf7b", "names": null, "subtype": "power", "class": "power_tower", "surface": null}}, {"type": "Feature", "geometry": {"type": "Point", "coordinates": [16.8121894, 48.7905322]}, "properties": {"id": "c82a7c96-d158-396b-ad1c-80a7f10570db", "names": null, "subtype": "power", "class": "power_pole", "surface": null}}, {"type": "Feature", "geometry": {"type": "Point", "coordinates": [16.8116154, 48.7905737]}, "properties": {"id": "982224f9-0e68-3d93-869e-0665a80d238d", "names": null, "subtype": "power", "class": "power_pole", "surface": null}}, {"type": "Feature", "geometry": {"type": "LineString", "coordinates": [[16.8165071, 48.7883674], [16.8155475, 48.7882561], [16.8148783, 48.7887447], [16.8138188, 48.7895717], [16.8131188, 48.7901125], [16.8121894, 48.7905322], [16.8116154, 48.7905737], [16.8107732, 48.7906373], [16.8093798, 48.7907495], [16.8080105, 48.7908538], [16.806609, 48.7909571], [16.8070208, 48.7913998], [16.8073788, 48.7917912], [16.8075317, 48.7919608]]}, "properties": {"id": "9714cd06-f22a-3dbf-87dd-403f050b4e7c", "names": null, "subtype": "power", "class": "minor_line", "surface": null}}, {"type": "Feature", "geometry": {"type": "Point", "coordinates": [16.8109591, 48.7923714]}, "properties": {"id": "d7328be5-aa06-37a9-bd84-d8af59a9d64a", "names": null, "subtype": "power", "class": "transformer", "surface": null}}, {"type": "Feature", "geometry": {"type": "Point", "coordinates": [16.8131188, 48.7901125]}, "properties": {"id": "c4609bd3-ded0-329b-94e8-e2008bb9f0e5", "names": null, "subtype": "power", "class": "power_pole", "surface": null}}, {"type": "Feature", "geometry": {"type": "Point", "coordinates": [16.8138188, 48.7895717]}, "properties": {"id": "01a4270a-9064-39cf-a1a3-2d71088005c5", "names": null, "subtype": "power", "class": "power_pole", "surface": null}}, {"type": "Feature", "geometry": {"type": "Point", "coordinates": [16.8148783, 48.7887447]}, "properties": {"id": "060c09dd-86b4-33c2-b449-b8694dd8bc0c", "names": null, "subtype": "power", "class": "power_pole", "surface": null}}, {"type": "Feature", "geometry": {"type": "Point", "coordinates": [16.8172728, 48.7889312]}, "properties": {"id": "96cf1c3a-a0cb-385c-8f6b-ab429c897989", "names": null, "subtype": "power", "class": "power_pole", "surface": null}}, {"type": "Feature", "geometry": {"type": "Point", "coordinates": [16.8165071, 48.7883674]}, "properties": {"id": "1edb1895-1028-32b6-bea2-42a91d9622e9", "names": null, "subtype": "power", "class": "power_pole", "surface": null}}, {"type": "Feature", "geometry": {"type": "Point", "coordinates": [16.816381, 48.7882755]}, "properties": {"id": "de57f2df-a564-3b54-96ce-6e6a57d7c87a", "names": null, "subtype": "power", "class": "power_pole", "surface": null}}, {"type": "Feature", "geometry": {"type": "Point", "coordinates": [16.8155475, 48.7882561]}, "properties": {"id": "161e5a05-ea38-3316-9fe8-497b750713a4", "names": null, "subtype": "power", "class": "power_pole", "surface": null}}, {"type": "Feature", "geometry": {"type": "Point", "coordinates": [16.8150297, 48.7884178]}, "properties": {"id": "58b260ba-1110-3c67-9540-759e69e09dbb", "names": null, "subtype": "power", "class": "power_tower", "surface": null}}, {"type": "Feature", "geometry": {"type": "Point", "coordinates": [16.7909047, 48.7846404]}, "properties": {"id": "6d4e8ba4-fcae-391c-83bf-38a9699a3b57", "names": null, "subtype": "power", "class": "power_pole", "surface": null}}, {"type": "Feature", "geometry": {"type": "Point", "coordinates": [16.7906928, 48.7843638]}, "properties": {"id": "f2c57ffd-c3ac-3c33-9a60-f0420ccb8fe2", "names": null, "subtype": "power", "class": "power_pole", "surface": null}}, {"type": "Feature", "geometry": {"type": "Point", "coordinates": [16.7915015, 48.7854047]}, "properties": {"id": "ad85b930-07db-3441-becd-211527983182", "names": null, "subtype": "power", "class": "power_pole", "surface": null}}, {"type": "Feature", "geometry": {"type": "Point", "coordinates": [16.7926361, 48.7868441]}, "properties": {"id": "ef294eef-204e-3bfb-b276-d6c3421c130b", "names": null, "subtype": "power", "class": "power_pole", "surface": null}}, {"type": "Feature", "geometry": {"type": "Point", "coordinates": [16.7931658, 48.7875457]}, "properties": {"id": "0ed58f69-cc00-3cce-8fc8-c7c615da97dd", "names": null, "subtype": "power", "class": "power_pole", "surface": null}}, {"type": "Feature", "geometry": {"type": "Point", "coordinates": [16.7933549, 48.7882835]}, "properties": {"id": "57b227e9-1d24-346e-8d85-e4586bc95cc6", "names": null, "subtype": "power", "class": "power_pole", "surface": null}}, {"type": "Feature", "geometry": {"type": "Point", "coordinates": [16.79204, 48.7882182]}, "properties": {"id": "8d08ca21-4f01-368b-849c-93fa022054b9", "names": null, "subtype": "power", "class": "power_tower", "surface": null}}, {"type": "Feature", "geometry": {"type": "Point", "coordinates": [16.7920272, 48.7860754]}, "properties": {"id": "6420ba58-d8c2-3b13-bc92-ca896ac1d874", "names": null, "subtype": "power", "class": "power_pole", "surface": null}}, {"type": "Feature", "geometry": {"type": "Point", "coordinates": [16.7907518, 48.7921888]}, "properties": {"id": "27e31cad-7dbe-3080-8330-620f773218fd", "names": null, "subtype": "power", "class": "power_pole", "surface": null}}, {"type": "Feature", "geometry": {"type": "LineString", "coordinates": [[16.786102, 48.7925333], [16.78675, 48.7924891], [16.7880052, 48.7923955], [16.7894174, 48.7922895], [16.7907518, 48.7921888], [16.7915001, 48.7921331], [16.7920835, 48.7920942], [16.7933522, 48.7920006], [16.7943057, 48.7919308], [16.7947792, 48.7924326], [16.7952231, 48.7928858], [16.7956871, 48.7933691], [16.7961203, 48.7938126], [16.7966285, 48.7944381], [16.7970926, 48.7949311], [16.7971596, 48.7950018]]}, "properties": {"id": "e7c22af7-807a-31b3-bfc9-05976f4a8215", "names": null, "subtype": "power", "class": "minor_line", "surface": null}}, {"type": "Feature", "geometry": {"type": "Point", "coordinates": [16.7915001, 48.7921331]}, "properties": {"id": "5b21251c-23c2-338a-add6-c36e50216f59", "names": null, "subtype": "power", "class": "power_pole", "surface": null}}, {"type": "Feature", "geometry": {"type": "Point", "coordinates": [16.7920835, 48.7920942]}, "properties": {"id": "a6474f55-9f74-3bbd-b1b3-7243f7fc6328", "names": null, "subtype": "power", "class": "power_pole", "surface": null}}, {"type": "Feature", "geometry": {"type": "Point", "coordinates": [16.7933522, 48.7920006]}, "properties": {"id": "f9443b61-332c-3971-b709-fd4b3f15de41", "names": null, "subtype": "power", "class": "power_pole", "surface": null}}, {"type": "Feature", "geometry": {"type": "Point", "coordinates": [16.7935936, 48.7892148]}, "properties": {"id": "c7ba790d-87d1-33e4-a019-5f8d5164e85e", "names": null, "subtype": "power", "class": "power_pole", "surface": null}}, {"type": "Feature", "geometry": {"type": "Point", "coordinates": [16.7941706, 48.78927]}, "properties": {"id": "b52e24c0-fbda-3237-97ca-a4ce2e74928c", "names": null, "subtype": "power", "class": "power_pole", "surface": null}}, {"type": "Feature", "geometry": {"type": "LineString", "coordinates": [[16.7935936, 48.7892148], [16.7941706, 48.78927], [16.7947523, 48.7893349], [16.7952197, 48.7893893]]}, "properties": {"id": "e5e0bd5f-2322-3b2a-ad44-eccb59c08a5a", "names": null, "subtype": "power", "class": "minor_line", "surface": null}}, {"type": "Feature", "geometry": {"type": "Point", "coordinates": [16.7947523, 48.7893349]}, "properties": {"id": "0040a71f-5240-39e0-8f04-fdb63addb1da", "names": null, "subtype": "power", "class": "power_pole", "surface": null}}, {"type": "Feature", "geometry": {"type": "Point", "coordinates": [16.7952197, 48.7893893]}, "properties": {"id": "3db8424c-c51a-36bf-8160-06f38c3697fd", "names": null, "subtype": "power", "class": "power_pole", "surface": null}}, {"type": "Feature", "geometry": {"type": "Point", "coordinates": [16.7954229, 48.7894172]}, "properties": {"id": "84aed101-86f1-3a17-9401-18c209984b72", "names": null, "subtype": "barrier", "class": "gate", "surface": null}}, {"type": "Feature", "geometry": {"type": "Point", "coordinates": [16.7938659, 48.7901416]}, "properties": {"id": "94bcff56-1690-335b-a7c7-044f7a7848a2", "names": null, "subtype": "power", "class": "power_pole", "surface": null}}, {"type": "Feature", "geometry": {"type": "Point", "coordinates": [16.7940536, 48.7908891]}, "properties": {"id": "8aa24b8e-14f8-3586-af95-6898e59d5429", "names": null, "subtype": "power", "class": "power_pole", "surface": null}}, {"type": "Feature", "geometry": {"type": "Point", "coordinates": [16.7941542, 48.7912628]}, "properties": {"id": "8955cd29-d64c-309c-90f3-6aae37ef59b2", "names": null, "subtype": "power", "class": "power_pole", "surface": null}}, {"type": "Feature", "geometry": {"type": "Point", "coordinates": [16.7942373, 48.7916277]}, "properties": {"id": "ae4ae02c-7f64-3650-95ac-7fb318cbe4aa", "names": null, "subtype": "power", "class": "power_pole", "surface": null}}, {"type": "Feature", "geometry": {"type": "Point", "coordinates": [16.7943057, 48.7919308]}, "properties": {"id": "5521c788-c8b9-34ec-8cda-f6e7475ae574", "names": null, "subtype": "power", "class": "power_pole", "surface": null}}, {"type": "Feature", "geometry": {"type": "Point", "coordinates": [16.7952231, 48.7928858]}, "properties": {"id": "488b2887-5d7d-30c4-b00a-b2dd7ca97add", "names": null, "subtype": "power", "class": "power_pole", "surface": null}}, {"type": "Feature", "geometry": {"type": "Point", "coordinates": [16.7947792, 48.7924326]}, "properties": {"id": "8ae9f294-2abf-335f-b63d-d5f47004abba", "names": null, "subtype": "power", "class": "power_pole", "surface": null}}, {"type": "Feature", "geometry": {"type": "Point", "coordinates": [16.7955329, 48.7918354]}, "properties": {"id": "508fa744-5fd0-348f-b968-6ef81b1b1e7c", "names": null, "subtype": "power", "class": "power_pole", "surface": null}}, {"type": "Feature", "geometry": {"type": "Point", "coordinates": [16.7956871, 48.7933691]}, "properties": {"id": "d41c4ff4-5b15-39a9-a104-75ce3ec408f9", "names": null, "subtype": "power", "class": "power_pole", "surface": null}}, {"type": "Feature", "geometry": {"type": "Point", "coordinates": [16.7961203, 48.7938126]}, "properties": {"id": "ad8ca286-a75d-3bfa-9096-efc2e1ed813a", "names": null, "subtype": "power", "class": "power_pole", "surface": null}}, {"type": "Feature", "geometry": {"type": "Point", "coordinates": [16.7969826, 48.7917125]}, "properties": {"id": "1a1e2649-175f-3cbd-85b3-3d17c946a97c", "names": null, "subtype": "power", "class": "power_pole", "surface": null}}, {"type": "Feature", "geometry": {"type": "Point", "coordinates": [16.7943635, 48.7871574]}, "properties": {"id": "975688fa-dc8d-350c-b914-7ebfeb9eb568", "names": null, "subtype": "power", "class": "power_tower", "surface": null}}, {"type": "Feature", "geometry": {"type": "Point", "coordinates": [16.795464, 48.784744]}, "properties": {"id": "588919da-cf48-3a2d-8c40-c56d09552afe", "names": {"primary": "Lednicko-valtick\u00fd are\u00e1l", "common": null, "rules": null}, "subtype": "pedestrian", "class": "information", "surface": null}}, {"type": "Feature", "geometry": {"type": "Point", "coordinates": [16.7955261, 48.7845529]}, "properties": {"id": "642ed52d-c22e-3ca0-be8f-830ab5c474ef", "names": null, "subtype": "barrier", "class": "bollard", "surface": null}}, {"type": "Feature", "geometry": {"type": "Point", "coordinates": [16.7974191, 48.7858222]}, "properties": {"id": "7dcae86d-3483-371b-97a4-5fe975d72e0c", "names": null, "subtype": "power", "class": "power_tower", "surface": null}}, {"type": "Feature", "geometry": {"type": "LineString", "coordinates": [[16.806609, 48.7909571], [16.8051419, 48.7910773], [16.8036573, 48.7911904], [16.8021499, 48.7913132], [16.8008356, 48.7914121], [16.7994878, 48.7915191], [16.798144, 48.7916277], [16.7969826, 48.7917125], [16.7955329, 48.7918354], [16.7943057, 48.7919308], [16.7942373, 48.7916277], [16.7941542, 48.7912628], [16.7940536, 48.7908891], [16.7938659, 48.7901416], [16.7935936, 48.7892148], [16.7933549, 48.7882835], [16.7931658, 48.7875457], [16.7926361, 48.7868441], [16.7920272, 48.7860754], [16.7915015, 48.7854047], [16.7909047, 48.7846404], [16.7906928, 48.7843638], [16.7904438, 48.7840697]]}, "properties": {"id": "58ceff03-ba85-35a5-aa9c-1ac12d0dd245", "names": null, "subtype": "power", "class": "minor_line", "surface": null}}, {"type": "Feature", "geometry": {"type": "Point", "coordinates": [16.8006694, 48.7859938]}, "properties": {"id": "59c75b2d-0c31-3e92-a635-dd0dee311931", "names": null, "subtype": "power", "class": "power_tower", "surface": null}}, {"type": "Feature", "geometry": {"type": "Point", "coordinates": [16.8021499, 48.7913132]}, "properties": {"id": "14d23454-9133-3ba4-891c-44442f5a98cb", "names": null, "subtype": "power", "class": "power_pole", "surface": null}}, {"type": "Feature", "geometry": {"type": "Point", "coordinates": [16.8038686, 48.7897103]}, "properties": {"id": "7fb29613-2127-398f-8658-d13956444bde", "names": {"primary": "Lednice", "common": null, "rules": null}, "subtype": "pedestrian", "class": "information", "surface": null}}, {"type": "Feature", "geometry": {"type": "Point", "coordinates": [16.8036573, 48.7911904]}, "properties": {"id": "67571725-b807-3813-86b3-c04cabd91cab", "names": null, "subtype": "power", "class": "power_pole", "surface": null}}, {"type": "Feature", "geometry": {"type": "Point", "coordinates": [16.8025603, 48.793938]}, "properties": {"id": "be3442d9-d175-3261-84c0-8dce0986603a", "names": null, "subtype": "transit", "class": "bicycle_rental", "surface": null}}, {"type": "Feature", "geometry": {"type": "Point", "coordinates": [16.8008356, 48.7914121]}, "properties": {"id": "8579dd2a-aa2f-320b-b033-72d10c9ef60c", "names": null, "subtype": "power", "class": "power_pole", "surface": null}}, {"type": "Feature", "geometry": {"type": "Point", "coordinates": [16.7994878, 48.7915191]}, "properties": {"id": "09ac164a-de9d-3fb7-97af-0c424d8caaf9", "names": null, "subtype": "power", "class": "power_pole", "surface": null}}, {"type": "Feature", "geometry": {"type": "Point", "coordinates": [16.798144, 48.7916277]}, "properties": {"id": "93248128-4544-3079-9401-82b5b43b2a28", "names": null, "subtype": "power", "class": "power_pole", "surface": null}}, {"type": "Feature", "geometry": {"type": "Point", "coordinates": [16.7983098, 48.793761]}, "properties": {"id": "f1c2b675-372b-3f0d-ab51-9e16622b6212", "names": null, "subtype": "barrier", "class": "gate", "surface": null}}, {"type": "Feature", "geometry": {"type": "Point", "coordinates": [16.7982867, 48.7952688]}, "properties": {"id": "42363c9a-c2e5-33d5-bd93-babb19c3fb9b", "names": null, "subtype": "barrier", "class": "gate", "surface": null}}, {"type": "Feature", "geometry": {"type": "Point", "coordinates": [16.7987811, 48.7957761]}, "properties": {"id": "6e9f2f4b-70c4-3c8f-8883-ccc3572f4f98", "names": null, "subtype": "barrier", "class": "barrier", "surface": null}}, {"type": "Feature", "geometry": {"type": "Point", "coordinates": [16.7986586, 48.7958088]}, "properties": {"id": "979515a5-cbb6-3124-a70c-fe0b6a1e1402", "names": null, "subtype": "barrier", "class": "gate", "surface": null}}, {"type": "Feature", "geometry": {"type": "Point", "coordinates": [16.7981655, 48.7961559]}, "properties": {"id": "226dc64d-9f15-3acb-8191-4e681a569e24", "names": null, "subtype": "barrier", "class": "barrier", "surface": null}}, {"type": "Feature", "geometry": {"type": "Point", "coordinates": [16.798133, 48.7961674]}, "properties": {"id": "d313c8e8-ba36-3822-b490-e38a2015b332", "names": null, "subtype": "transportation", "class": "crossing", "surface": null}}, {"type": "Feature", "geometry": {"type": "Point", "coordinates": [16.7995532, 48.7980806]}, "properties": {"id": "43313179-0236-36dd-8951-b62d2eaacd19", "names": null, "subtype": "transportation", "class": "crossing", "surface": null}}, {"type": "Feature", "geometry": {"type": "Point", "coordinates": [16.799323, 48.7979625]}, "properties": {"id": "5e8a7905-2ee2-3f6e-bd9e-8f3c9a9a0765", "names": null, "subtype": "barrier", "class": "gate", "surface": null}}, {"type": "Feature", "geometry": {"type": "Point", "coordinates": [16.8000217, 48.798878]}, "properties": {"id": "0a9b488e-31bf-38d2-a571-eb17189520cb", "names": null, "subtype": "barrier", "class": "bollard", "surface": null}}, {"type": "Feature", "geometry": {"type": "Point", "coordinates": [16.8000702, 48.7987843]}, "properties": {"id": "4840970b-59b2-3c78-90e7-a84f056c1c13", "names": null, "subtype": "transportation", "class": "crossing", "surface": null}}, {"type": "Feature", "geometry": {"type": "Point", "coordinates": [16.8002316, 48.7960171]}, "properties": {"id": "ef7c4dce-249b-35c6-8dbf-4512774cfceb", "names": null, "subtype": "barrier", "class": "bollard", "surface": null}}, {"type": "Feature", "geometry": {"type": "Point", "coordinates": [16.7999839, 48.7958765]}, "properties": {"id": "47c3204b-0a37-3e2e-bda3-41d48fdce0ab", "names": null, "subtype": "transportation", "class": "crossing", "surface": null}}, {"type": "Feature", "geometry": {"type": "Point", "coordinates": [16.7999801, 48.795878]}, "properties": {"id": "65b7075e-ba96-3c76-bf3d-b8103e2c8567", "names": null, "subtype": "transportation", "class": "stop", "surface": null}}, {"type": "Feature", "geometry": {"type": "Point", "coordinates": [16.8000013, 48.7957284]}, "properties": {"id": "a83b5d3b-8224-3b94-9549-1bdd78df4b55", "names": null, "subtype": "transportation", "class": "crossing", "surface": null}}, {"type": "Feature", "geometry": {"type": "Point", "coordinates": [16.7991225, 48.7961659]}, "properties": {"id": "bdbaf725-bfde-3f91-91e6-3ad70883b730", "names": null, "subtype": "barrier", "class": "barrier", "surface": null}}, {"type": "Feature", "geometry": {"type": "Point", "coordinates": [16.7992925, 48.795538]}, "properties": {"id": "c48be37f-96aa-30e5-8b07-384b0fbf8894", "names": null, "subtype": "barrier", "class": "lift_gate", "surface": null}}, {"type": "Feature", "geometry": {"type": "Point", "coordinates": [16.7993242, 48.7954843]}, "properties": {"id": "821f469f-061e-35d9-b7e4-dbe8d229eb73", "names": null, "subtype": "barrier", "class": "lift_gate", "surface": null}}, {"type": "Feature", "geometry": {"type": "Point", "coordinates": [16.7994918, 48.7954287]}, "properties": {"id": "c252e8cc-c9aa-3d70-8df6-e6ef7344f0ed", "names": null, "subtype": "transportation", "class": "stop", "surface": null}}, {"type": "Feature", "geometry": {"type": "Point", "coordinates": [16.7996134, 48.7960518]}, "properties": {"id": "cbb3fd2d-3da7-3d9f-b057-466240a9e908", "names": null, "subtype": "barrier", "class": "lift_gate", "surface": null}}, {"type": "Feature", "geometry": {"type": "Point", "coordinates": [16.7996282, 48.7960081]}, "properties": {"id": "bf6723f6-c912-3b4e-a0e9-065c00b6fe0a", "names": null, "subtype": "barrier", "class": "lift_gate", "surface": null}}, {"type": "Feature", "geometry": {"type": "Point", "coordinates": [16.7996397, 48.7950886]}, "properties": {"id": "b4ce10d9-1dcf-3118-bb92-d0957bbf801e", "names": {"primary": "Lednice, Valtick\u00e1", "common": null, "rules": null}, "subtype": "transit", "class": "bus_stop", "surface": null}}, {"type": "Feature", "geometry": {"type": "Point", "coordinates": [16.799302, 48.7949307]}, "properties": {"id": "c61074c5-2bbc-3906-ae41-b424a0c168ce", "names": {"primary": "Lednice, Valtick\u00e1", "common": null, "rules": null}, "subtype": "transit", "class": "bus_stop", "surface": null}}, {"type": "Feature", "geometry": {"type": "Point", "coordinates": [16.7997811, 48.7952824]}, "properties": {"id": "56459003-46e6-3a2c-ad84-2d7e0583d3d2", "names": null, "subtype": "transportation", "class": "give_way", "surface": null}}, {"type": "Feature", "geometry": {"type": "Point", "coordinates": [16.8016836, 48.7941142]}, "properties": {"id": "9bb12ad9-0a60-3029-bdb4-07b38b51dff6", "names": {"primary": "Lednice", "common": [["cs", "Lednice"], ["de", "Eisgrub"], ["lt", "Lednic\u0117"], ["ru", "\u041b\u0435\u0434\u043d\u0438\u0446\u0435"]], "rules": null}, "subtype": "transit", "class": "railway_halt", "surface": null}}, {"type": "Feature", "geometry": {"type": "Point", "coordinates": [16.8017266, 48.7941158]}, "properties": {"id": "2552ccd5-f02a-34d9-88ae-72ddcc8a4537", "names": {"primary": "Lednice", "common": null, "rules": [{"variant": "alternate", "language": "de", "perspectives": null, "value": "Eisgrub", "between": null, "side": null}]}, "subtype": "transit", "class": "stop_position", "surface": null}}, {"type": "Feature", "geometry": {"type": "Polygon", "coordinates": [[[16.802308, 48.7939093], [16.8023229, 48.7939261], [16.8017918, 48.7941303], [16.8014865, 48.7942478], [16.8014039, 48.7942795], [16.801389, 48.7942628], [16.802308, 48.7939093]]]}, "properties": {"id": "258b95ce-86ac-31a8-9a27-8cc532ef0af3", "names": null, "subtype": "transit", "class": "platform", "surface": null}}, {"type": "Feature", "geometry": {"type": "Point", "coordinates": [16.8020402, 48.7944274]}, "properties": {"id": "9df21ea9-bb09-34ce-8db0-dbb0b4c4483f", "names": {"primary": "Lednice (vlak)", "common": null, "rules": [{"variant": "official", "language": null, "perspectives": null, "value": "Lednice (\u017dST)", "between": null, "side": null}]}, "subtype": "pedestrian", "class": "information", "surface": null}}, {"type": "Feature", "geometry": {"type": "Point", "coordinates": [16.803708, 48.7975405]}, "properties": {"id": "55201748-8d66-3ee4-8a82-f70ce9a3f2cf", "names": null, "subtype": "pedestrian", "class": "bench", "surface": null}}, {"type": "Feature", "geometry": {"type": "Point", "coordinates": [16.8039351, 48.7981051]}, "properties": {"id": "4ea0bfad-0f36-3663-a9d4-83ed4c693ff1", "names": null, "subtype": "transportation", "class": "crossing", "surface": null}}, {"type": "Feature", "geometry": {"type": "Point", "coordinates": [16.8037415, 48.7992926]}, "properties": {"id": "e27079d3-4ed6-3bc4-b6db-5f5f2a18937b", "names": null, "subtype": "transportation", "class": "stop", "surface": null}}, {"type": "Feature", "geometry": {"type": "Point", "coordinates": [16.8037674, 48.7992814]}, "properties": {"id": "a98f923c-b251-3b73-9879-9284cc7be355", "names": null, "subtype": "transportation", "class": "crossing", "surface": null}}, {"type": "Feature", "geometry": {"type": "Point", "coordinates": [16.8037779, 48.7993314]}, "properties": {"id": "6b25ee08-5f20-3d7f-b408-a7486f0d665e", "names": null, "subtype": "pedestrian", "class": "information", "surface": null}}, {"type": "Feature", "geometry": {"type": "Point", "coordinates": [16.8035018, 48.7992791]}, "properties": {"id": "8d8d026c-abcd-3cc4-b7bb-412fa518d137", "names": null, "subtype": "barrier", "class": "gate", "surface": null}}, {"type": "Feature", "geometry": {"type": "Point", "coordinates": [16.803481, 48.799156]}, "properties": {"id": "9819c0ab-1fca-3661-835f-903705c35fd7", "names": null, "subtype": "transportation", "class": "crossing", "surface": null}}, {"type": "Feature", "geometry": {"type": "Polygon", "coordinates": [[[16.8030318, 48.7991943], [16.8032453, 48.7992105], [16.803321, 48.7992767], [16.8033884, 48.7992436], [16.8034449, 48.7993], [16.8032351, 48.7993769], [16.8031753, 48.7994013], [16.8030059, 48.7992035], [16.8030318, 48.7991943]]]}, "properties": {"id": "cdee0cc6-115b-3834-bea9-920079f4a8ac", "names": null, "subtype": "transit", "class": "parking", "surface": null}}, {"type": "Feature", "geometry": {"type": "Point", "coordinates": [16.8031954, 48.7994374]}, "properties": {"id": "0563fb68-ba9f-33ac-8037-c83c906b8f73", "names": null, "subtype": "barrier", "class": "gate", "surface": null}}, {"type": "Feature", "geometry": {"type": "Point", "coordinates": [16.8031426, 48.7994378]}, "properties": {"id": "1077ce08-68f3-3894-ba2e-19839a0432ae", "names": {"primary": "P\u016fj\u010dovna kol Lednice", "common": null, "rules": null}, "subtype": "transit", "class": "bicycle_rental", "surface": null}}, {"type": "Feature", "geometry": {"type": "Point", "coordinates": [16.8030563, 48.7986498]}, "properties": {"id": "9e28cac8-6265-3300-8528-011968a9cca4", "names": null, "subtype": "transportation", "class": "street_lamp", "surface": null}}, {"type": "Feature", "geometry": {"type": "MultiPolygon", "coordinates": [[[[16.8020346, 48.7984866], [16.8019661, 48.7985044], [16.8019345, 48.798445], [16.8020054, 48.7984282], [16.8020346, 48.7984866]]], [[[16.8017657, 48.798683], [16.8017125, 48.7986614], [16.8016996, 48.798642], [16.8020024, 48.7985404], [16.8020561, 48.7985746], [16.8017657, 48.798683]]], [[[16.8018414, 48.7986944], [16.8020653, 48.7986104], [16.802058, 48.7986692], [16.8018387, 48.7987451], [16.8018414, 48.7986944]]]]}, "properties": {"id": "77688b3c-49ef-3786-9679-ca6d11a6b1ee", "names": null, "subtype": "transit", "class": "parking", "surface": "paving_stones"}}, {"type": "Feature", "geometry": {"type": "Point", "coordinates": [16.8021058, 48.7985037]}, "properties": {"id": "c2576386-bd0d-37ca-be83-14d38a6458bd", "names": null, "subtype": "transportation", "class": "crossing", "surface": null}}, {"type": "Feature", "geometry": {"type": "Point", "coordinates": [16.8010301, 48.797846]}, "properties": {"id": "12cf3a7f-9ee4-3ac7-9699-d59828bff5c5", "names": null, "subtype": "transportation", "class": "give_way", "surface": null}}, {"type": "Feature", "geometry": {"type": "Point", "coordinates": [16.8007977, 48.8000372]}, "properties": {"id": "7e828a09-59c2-3178-bc31-e306a6978b7c", "names": null, "subtype": "transportation", "class": "crossing", "surface": null}}, {"type": "Feature", "geometry": {"type": "Point", "coordinates": [16.8008185, 48.8000685]}, "properties": {"id": "b0df72cc-6517-3b56-af36-c4e976c04cce", "names": null, "subtype": "barrier", "class": "kerb", "surface": null}}, {"type": "Feature", "geometry": {"type": "Point", "coordinates": [16.8007771, 48.8000062]}, "properties": {"id": "80e0b2fc-4dd5-3cf0-84c4-466d290436a5", "names": null, "subtype": "barrier", "class": "kerb", "surface": null}}, {"type": "Feature", "geometry": {"type": "Point", "coordinates": [16.8008976, 48.8000118]}, "properties": {"id": "09d51de7-1b4b-3240-bca1-d9a849290312", "names": null, "subtype": "transportation", "class": "give_way", "surface": null}}, {"type": "Feature", "geometry": {"type": "Point", "coordinates": [16.8009945, 48.7998881]}, "properties": {"id": "24c8b37d-8779-346e-9aa4-e6bf8d86e1ca", "names": null, "subtype": "transportation", "class": "give_way", "surface": null}}, {"type": "Feature", "geometry": {"type": "Point", "coordinates": [16.8009453, 48.7998226]}, "properties": {"id": "cdd8be5c-93c1-3121-a4d3-0226945cd459", "names": null, "subtype": "transportation", "class": "crossing", "surface": null}}, {"type": "Feature", "geometry": {"type": "Point", "coordinates": [16.8013381, 48.799916]}, "properties": {"id": "74ab9a06-7326-39a9-bfa2-2b4aa90b8a2f", "names": null, "subtype": "transportation", "class": "crossing", "surface": null}}, {"type": "Feature", "geometry": {"type": "Point", "coordinates": [16.8013536, 48.7999439]}, "properties": {"id": "c92b534c-18aa-3e68-b5e5-d0559cdf9873", "names": null, "subtype": "barrier", "class": "kerb", "surface": null}}, {"type": "Feature", "geometry": {"type": "Point", "coordinates": [16.8012749, 48.8001028]}, "properties": {"id": "ff969deb-0c78-3b9d-a576-8b1474092f76", "names": null, "subtype": "barrier", "class": "kerb", "surface": null}}, {"type": "Feature", "geometry": {"type": "Point", "coordinates": [16.8011685, 48.8000792]}, "properties": {"id": "8d1de225-a764-3f30-b3c9-4d2796684d38", "names": null, "subtype": "transportation", "class": "give_way", "surface": null}}, {"type": "Feature", "geometry": {"type": "Point", "coordinates": [16.8012218, 48.7999497]}, "properties": {"id": "7a653a05-bd02-36d3-87d0-8b5563432a8f", "names": null, "subtype": "transportation", "class": "give_way", "surface": null}}, {"type": "Feature", "geometry": {"type": "Point", "coordinates": [16.8011511, 48.8001517]}, "properties": {"id": "fcabaeb1-3a3b-33b4-9114-61ce9e0fcf1a", "names": null, "subtype": "barrier", "class": "kerb", "surface": null}}, {"type": "Feature", "geometry": {"type": "Point", "coordinates": [16.8012116, 48.8001278]}, "properties": {"id": "efb9e465-0f11-315b-af2a-4552fe8cd725", "names": null, "subtype": "transportation", "class": "crossing", "surface": null}}, {"type": "Feature", "geometry": {"type": "Point", "coordinates": [16.8014481, 48.8004991]}, "properties": {"id": "95980c14-6460-35ec-bb1a-74790803f5de", "names": null, "subtype": "transportation", "class": "crossing", "surface": null}}, {"type": "Feature", "geometry": {"type": "Point", "coordinates": [16.801431, 48.8005044]}, "properties": {"id": "42116e89-f88f-3c01-a33f-029a32e62aa4", "names": null, "subtype": "transportation", "class": "stop", "surface": null}}, {"type": "Feature", "geometry": {"type": "Polygon", "coordinates": [[[16.8022122, 48.8021235], [16.8015678, 48.8024608], [16.8014269, 48.8024852], [16.8012768, 48.8024889], [16.8012115, 48.8024719], [16.8011402, 48.8024341], [16.8010955, 48.8024476], [16.8010511, 48.802461], [16.800648, 48.8019502], [16.800086, 48.8015565], [16.8003917, 48.8012603], [16.800715, 48.80133], [16.8008644, 48.8012265], [16.8013096, 48.8013855], [16.8011676, 48.8016485], [16.8013632, 48.8017706], [16.8018095, 48.801938], [16.8021318, 48.802065], [16.8022242, 48.8020794], [16.8022122, 48.8021235]]]}, "properties": {"id": "a6e8f12d-1fc6-3144-a343-ccd3dea48b05", "names": null, "subtype": "transit", "class": "parking", "surface": null}}, {"type": "Feature", "geometry": {"type": "Point", "coordinates": [16.8014567, 48.8021194]}, "properties": {"id": "47a8c604-d36a-3f3c-a066-de07edace44f", "names": null, "subtype": "transportation", "class": "street_lamp", "surface": null}}, {"type": "Feature", "geometry": {"type": "Point", "coordinates": [16.8014661, 48.802115]}, "properties": {"id": "fe5e7e12-c89d-393e-894d-f61366303fa0", "names": null, "subtype": "pedestrian", "class": "bench", "surface": null}}, {"type": "Feature", "geometry": {"type": "Point", "coordinates": [16.8013763, 48.8008653]}, "properties": {"id": "63673837-6586-3c50-9f4b-0e12ee20fbc3", "names": null, "subtype": "pedestrian", "class": "toilets", "surface": null}}, {"type": "Feature", "geometry": {"type": "Point", "coordinates": [16.8013998, 48.8008572]}, "properties": {"id": "d907f727-c16f-31f6-91a2-e0245258fb70", "names": null, "subtype": "pedestrian", "class": "toilets", "surface": null}}, {"type": "Feature", "geometry": {"type": "Point", "coordinates": [16.8015126, 48.8007891]}, "properties": {"id": "4b2a5d06-de07-3657-95a3-d79ae69379e8", "names": null, "subtype": "waste_management", "class": "waste_basket", "surface": null}}, {"type": "Feature", "geometry": {"type": "Point", "coordinates": [16.8016821, 48.8020021]}, "properties": {"id": "f0e14ecb-6ec9-382d-a99a-1a076d24cefd", "names": null, "subtype": "pedestrian", "class": "bench", "surface": null}}, {"type": "Feature", "geometry": {"type": "Point", "coordinates": [16.8016726, 48.8020064]}, "properties": {"id": "0b13e3e0-d900-3a41-8eb5-f0827b003095", "names": null, "subtype": "transportation", "class": "street_lamp", "surface": null}}, {"type": "Feature", "geometry": {"type": "Point", "coordinates": [16.8016639, 48.8020112]}, "properties": {"id": "1b03f91a-c20d-3f55-946e-855d903c9cbe", "names": null, "subtype": "pedestrian", "class": "bench", "surface": null}}, {"type": "Feature", "geometry": {"type": "Point", "coordinates": [16.8019451, 48.8021196]}, "properties": {"id": "31014d60-abb6-3f52-aebd-07c3bf2ae063", "names": null, "subtype": "pedestrian", "class": "vending_machine", "surface": null}}, {"type": "Feature", "geometry": {"type": "Point", "coordinates": [16.8020757, 48.8020082]}, "properties": {"id": "7aae7b96-6987-351d-a084-4714c1575e69", "names": null, "subtype": "pedestrian", "class": "vending_machine", "surface": null}}, {"type": "Feature", "geometry": {"type": "Point", "coordinates": [16.8022208, 48.8021008]}, "properties": {"id": "6f016ea2-19c3-3f0b-b764-319dcfb343f8", "names": null, "subtype": "barrier", "class": "lift_gate", "surface": null}}, {"type": "Feature", "geometry": {"type": "Point", "coordinates": [16.8022974, 48.8020412]}, "properties": {"id": "5cf36216-233d-373f-924b-7c46750733d6", "names": null, "subtype": "waste_management", "class": "waste_basket", "surface": null}}, {"type": "Feature", "geometry": {"type": "Point", "coordinates": [16.8022566, 48.8016956]}, "properties": {"id": "2290d88e-8cbc-3fc8-bb8c-9839b23f7198", "names": null, "subtype": "pedestrian", "class": "toilets", "surface": null}}, {"type": "Feature", "geometry": {"type": "Point", "coordinates": [16.8022655, 48.8016123]}, "properties": {"id": "44a7ee0c-5045-3224-9cee-274740cbb958", "names": null, "subtype": "pedestrian", "class": "atm", "surface": null}}, {"type": "Feature", "geometry": {"type": "Point", "coordinates": [16.8022548, 48.801405]}, "properties": {"id": "d8d90517-19cf-332a-a9c2-945abfe86228", "names": null, "subtype": "transportation", "class": "crossing", "surface": null}}, {"type": "Feature", "geometry": {"type": "Point", "coordinates": [16.802023, 48.8012798]}, "properties": {"id": "10551e4e-79ab-31a8-a67c-a81fe7c66c11", "names": null, "subtype": "transportation", "class": "crossing", "surface": null}}, {"type": "Feature", "geometry": {"type": "Polygon", "coordinates": [[[16.8020041, 48.8007117], [16.8021908, 48.8006511], [16.8022828, 48.8007752], [16.8023673, 48.8009453], [16.8021965, 48.8009918], [16.8020981, 48.8008522], [16.8020041, 48.8007117]]]}, "properties": {"id": "ac2185bd-8752-3b4a-8960-43de66f58370", "names": null, "subtype": "transit", "class": "parking", "surface": "paving_stones"}}, {"type": "Feature", "geometry": {"type": "Point", "coordinates": [16.8021153, 48.8011203]}, "properties": {"id": "320c7bc0-9fe7-34bb-99b3-915484b5a52b", "names": null, "subtype": "transportation", "class": "stop", "surface": null}}, {"type": "Feature", "geometry": {"type": "Point", "coordinates": [16.8022301, 48.8010677]}, "properties": {"id": "91172f6a-be05-3746-be17-693308d6ef9d", "names": null, "subtype": "transportation", "class": "crossing", "surface": null}}, {"type": "Feature", "geometry": {"type": "Point", "coordinates": [16.8016022, 48.8004504]}, "properties": {"id": "b60f74ad-0001-3518-a2d5-aa3112960bd0", "names": null, "subtype": "barrier", "class": "bollard", "surface": null}}, {"type": "Feature", "geometry": {"type": "Point", "coordinates": [16.8030904, 48.7998357]}, "properties": {"id": "b0adbe3a-3bab-35a6-9266-51661beaa931", "names": null, "subtype": "transportation", "class": "crossing", "surface": null}}, {"type": "Feature", "geometry": {"type": "Point", "coordinates": [16.8030858, 48.7998641]}, "properties": {"id": "e5077ef1-8b28-3261-a7e1-78b448d17f13", "names": null, "subtype": "transportation", "class": "stop", "surface": null}}, {"type": "Feature", "geometry": {"type": "Point", "coordinates": [16.8030713, 48.7999508]}, "properties": {"id": "f5f4a856-37bb-3ba0-9e89-912c2a909ded", "names": null, "subtype": "transportation", "class": "stop", "surface": null}}, {"type": "Feature", "geometry": {"type": "Polygon", "coordinates": [[[16.8031553, 48.8000874], [16.803096, 48.8000828], [16.8030994, 48.8000638], [16.802953, 48.8000526], [16.8029684, 48.7999658], [16.803174, 48.7999816], [16.8031553, 48.8000874]]]}, "properties": {"id": "fdc97a86-bc99-354e-97cc-e59459cf7fef", "names": null, "subtype": "transit", "class": "parking", "surface": null}}, {"type": "Feature", "geometry": {"type": "Point", "coordinates": [16.8032646, 48.7998974]}, "properties": {"id": "5d2ec520-d765-3cc4-83c0-84542ad60f92", "names": null, "subtype": "barrier", "class": "kerb", "surface": null}}, {"type": "Feature", "geometry": {"type": "Point", "coordinates": [16.803253, 48.7999264]}, "properties": {"id": "842ef7b4-7ad2-3220-98ba-130a6d5b7b7e", "names": null, "subtype": "transportation", "class": "crossing", "surface": null}}, {"type": "Feature", "geometry": {"type": "Point", "coordinates": [16.80328, 48.800046]}, "properties": {"id": "93ec9d06-94bc-3a7b-8fe1-5989f16285f4", "names": null, "subtype": "pedestrian", "class": "artwork", "surface": null}}, {"type": "Feature", "geometry": {"type": "Point", "coordinates": [16.803786, 48.7994657]}, "properties": {"id": "e9c4bf6a-b206-387e-ab87-e446f84e2fbe", "names": null, "subtype": "transportation", "class": "crossing", "surface": null}}, {"type": "Feature", "geometry": {"type": "Point", "coordinates": [16.8038695, 48.7998917]}, "properties": {"id": "7b374017-3a4a-382a-bf46-a74496c25fae", "names": null, "subtype": "pedestrian", "class": "post_box", "surface": null}}, {"type": "Feature", "geometry": {"type": "Point", "coordinates": [16.8038947, 48.799876]}, "properties": {"id": "def75f0e-f285-3eed-b72a-ad39d9235d27", "names": null, "subtype": "transportation", "class": "street_lamp", "surface": null}}, {"type": "Feature", "geometry": {"type": "Point", "coordinates": [16.8038836, 48.8001044]}, "properties": {"id": "99795a8e-cb4c-33c8-b8c0-0db7da5e7bb3", "names": null, "subtype": "waste_management", "class": "waste_basket", "surface": null}}, {"type": "Feature", "geometry": {"type": "Point", "coordinates": [16.8036259, 48.8002833]}, "properties": {"id": "d5183b41-f63c-3b0f-911b-e3e85ea36b46", "names": null, "subtype": "pedestrian", "class": "atm", "surface": null}}, {"type": "Feature", "geometry": {"type": "Point", "coordinates": [16.8038584, 48.8001336]}, "properties": {"id": "af5d44f8-ba26-36b8-8a22-887c37ade425", "names": null, "subtype": "transportation", "class": "crossing", "surface": null}}, {"type": "Feature", "geometry": {"type": "Point", "coordinates": [16.8040334, 48.8003287]}, "properties": {"id": "94a336d3-0b2d-3395-a36c-862aad622f9e", "names": null, "subtype": "pedestrian", "class": "vending_machine", "surface": null}}, {"type": "Feature", "geometry": {"type": "Point", "coordinates": [16.8039846, 48.8006106]}, "properties": {"id": "2cc01e54-43f2-3072-9dff-39da852aa89c", "names": null, "subtype": "waste_management", "class": "waste_basket", "surface": null}}, {"type": "Feature", "geometry": {"type": "Point", "coordinates": [16.8039293, 48.8006481]}, "properties": {"id": "a00ff727-c55d-3b90-ac99-a67730226692", "names": null, "subtype": "transportation", "class": "street_lamp", "surface": null}}, {"type": "Feature", "geometry": {"type": "Point", "coordinates": [16.8040068, 48.8006849]}, "properties": {"id": "40ce3104-58f5-361e-91c2-fe7e031dbdc0", "names": null, "subtype": "transportation", "class": "crossing", "surface": null}}, {"type": "Feature", "geometry": {"type": "Polygon", "coordinates": [[[16.8039496, 48.8006435], [16.803966, 48.8006764], [16.803085, 48.8008676], [16.8030335, 48.8008366], [16.8039496, 48.8006435]]]}, "properties": {"id": "81ce53f0-3226-3601-9bed-37be224bcd4a", "names": null, "subtype": "transit", "class": "parking", "surface": null}}, {"type": "Feature", "geometry": {"type": "Point", "coordinates": [16.8033068, 48.8004022]}, "properties": {"id": "9d8dc79b-0e42-33ab-8608-d57f77023d0e", "names": null, "subtype": "water", "class": "fountain", "surface": null}}, {"type": "Feature", "geometry": {"type": "Point", "coordinates": [16.8038263, 48.8007873]}, "properties": {"id": "e6c6a7ea-1380-3c0d-90e7-19fd1fa4c6f2", "names": null, "subtype": "pedestrian", "class": "atm", "surface": null}}, {"type": "Feature", "geometry": {"type": "Point", "coordinates": [16.802812, 48.8017598]}, "properties": {"id": "5f4f9dab-34b9-3341-b46e-58031a2b0391", "names": null, "subtype": "barrier", "class": "gate", "surface": null}}, {"type": "Feature", "geometry": {"type": "Point", "coordinates": [16.8029869, 48.8008384]}, "properties": {"id": "1936e77b-c374-3235-8e3d-b9023216079b", "names": null, "subtype": "pedestrian", "class": "vending_machine", "surface": null}}, {"type": "Feature", "geometry": {"type": "Polygon", "coordinates": [[[16.8027139, 48.8009481], [16.80266, 48.8009153], [16.8030335, 48.8008366], [16.803085, 48.8008676], [16.8027139, 48.8009481]]]}, "properties": {"id": "1ddf9806-f776-324e-a830-2d6e98a37688", "names": null, "subtype": "transit", "class": "parking", "surface": null}}, {"type": "Feature", "geometry": {"type": "Point", "coordinates": [16.8025974, 48.8019625]}, "properties": {"id": "09c5b0f6-b023-3ebb-bd03-0bf67f824666", "names": null, "subtype": "transportation", "class": "give_way", "surface": null}}, {"type": "Feature", "geometry": {"type": "Point", "coordinates": [16.8024178, 48.8020387]}, "properties": {"id": "3bf52536-76cc-3625-81a1-8580720da014", "names": null, "subtype": "pedestrian", "class": "information", "surface": null}}, {"type": "Feature", "geometry": {"type": "Point", "coordinates": [16.8023372, 48.8028821]}, "properties": {"id": "5ac08fdd-1a45-3f7c-bcd3-44e2df681fd7", "names": null, "subtype": "barrier", "class": "gate", "surface": null}}, {"type": "Feature", "geometry": {"type": "Polygon", "coordinates": [[[16.8036324, 48.8021895], [16.8038691, 48.8026057], [16.8037981, 48.8026255], [16.8035403, 48.8022104], [16.8036152, 48.8021942], [16.8036324, 48.8021895]]]}, "properties": {"id": "4b2cf795-bef3-35e1-a11a-cdfc1201a714", "names": null, "subtype": "transit", "class": "parking", "surface": null}}, {"type": "Feature", "geometry": {"type": "LineString", "coordinates": [[16.8026399, 48.8038679], [16.8025168, 48.8037352]]}, "properties": {"id": "5b0d2c6b-a8e0-348b-9021-00eef6860f9a", "names": null, "subtype": "bridge", "class": "bridge", "surface": null}}, {"type": "Feature", "geometry": {"type": "Point", "coordinates": [16.8024565, 48.8038972]}, "properties": {"id": "4d9ed245-ff3d-3b75-bb8d-1be119afd38e", "names": null, "subtype": "water", "class": "weir", "surface": null}}, {"type": "Feature", "geometry": {"type": "Point", "coordinates": [16.8025871, 48.804135]}, "properties": {"id": "f6bb2d54-8f72-3392-826f-ee00174dbda8", "names": null, "subtype": "power", "class": "power_pole", "surface": null}}, {"type": "Feature", "geometry": {"type": "Point", "coordinates": [16.8016952, 48.8041112]}, "properties": {"id": "8569e65f-384e-3810-bddb-b5f868e3b076", "names": null, "subtype": "power", "class": "power_pole", "surface": null}}, {"type": "Feature", "geometry": {"type": "Polygon", "coordinates": [[[16.8016215, 48.8025804], [16.8017218, 48.802581], [16.8017305, 48.802543], [16.8020589, 48.8025584], [16.8020466, 48.8028746], [16.8019965, 48.8028731], [16.8019956, 48.8029537], [16.8017516, 48.8029502], [16.8017543, 48.8028726], [16.8016088, 48.80287], [16.8016215, 48.8025804]]]}, "properties": {"id": "8f52a364-17ec-342c-8e35-949775252041", "names": null, "subtype": "transit", "class": "parking", "surface": "paving_stones"}}, {"type": "Feature", "geometry": {"type": "Point", "coordinates": [16.801448, 48.8021242]}, "properties": {"id": "02b7f717-2266-38de-ba2e-1b720f71c2ea", "names": null, "subtype": "pedestrian", "class": "bench", "surface": null}}, {"type": "Feature", "geometry": {"type": "Point", "coordinates": [16.8012089, 48.8022446]}, "properties": {"id": "9f574e25-2fe7-3a74-b249-f92902d5a940", "names": null, "subtype": "pedestrian", "class": "bench", "surface": null}}, {"type": "Feature", "geometry": {"type": "Point", "coordinates": [16.8011994, 48.8022489]}, "properties": {"id": "4df179dc-cea1-3356-8c53-a5558195adf5", "names": null, "subtype": "transportation", "class": "street_lamp", "surface": null}}, {"type": "Feature", "geometry": {"type": "Point", "coordinates": [16.8011907, 48.8022537]}, "properties": {"id": "97074e4a-8e70-33a7-8d7f-ebd555bf2a2e", "names": null, "subtype": "pedestrian", "class": "bench", "surface": null}}, {"type": "Feature", "geometry": {"type": "Point", "coordinates": [16.8011108, 48.8022938]}, "properties": {"id": "27169fd6-45e7-3dc4-89cd-7783b2a00bdd", "names": null, "subtype": "pedestrian", "class": "vending_machine", "surface": null}}, {"type": "Feature", "geometry": {"type": "Point", "coordinates": [16.8010589, 48.8023219]}, "properties": {"id": "6fc6ce16-ec6d-388a-a415-f449b0349bf2", "names": null, "subtype": "pedestrian", "class": "vending_machine", "surface": null}}, {"type": "Feature", "geometry": {"type": "Point", "coordinates": [16.8010955, 48.8024476]}, "properties": {"id": "1cca360e-4c83-37c3-ad5f-633f73a35ec0", "names": null, "subtype": "barrier", "class": "lift_gate", "surface": null}}, {"type": "Feature", "geometry": {"type": "LineString", "coordinates": [[16.8008727, 48.8025275], [16.8005237, 48.8025669]]}, "properties": {"id": "42bf9f1c-1406-3ac5-8fc3-7dfc0e52ddfb", "names": null, "subtype": "bridge", "class": "bridge", "surface": "asphalt"}}, {"type": "Feature", "geometry": {"type": "Point", "coordinates": [16.8013117, 48.804097]}, "properties": {"id": "03dd12fd-5002-3cc0-9e1a-e9d2834600f3", "names": null, "subtype": "power", "class": "power_pole", "surface": null}}, {"type": "Feature", "geometry": {"type": "Point", "coordinates": [16.8003706, 48.803947]}, "properties": {"id": "0ee49b93-8d25-3439-891b-4f47d1d8bdc4", "names": null, "subtype": "pedestrian", "class": "vending_machine", "surface": null}}, {"type": "Feature", "geometry": {"type": "Polygon", "coordinates": [[[16.7993223, 48.8031079], [16.7996825, 48.8035034], [16.7998449, 48.8038573], [16.7995939, 48.8039439], [16.7993724, 48.8035563], [16.7991417, 48.8031912], [16.7993223, 48.8031079]]]}, "properties": {"id": "58b7a1e4-928b-3c23-9269-158f36eaf1ae", "names": {"primary": "P\u00edse\u010dn\u00fd sv\u011bt", "common": null, "rules": null}, "subtype": "pedestrian", "class": "artwork", "surface": null}}, {"type": "Feature", "geometry": {"type": "Point", "coordinates": [16.7999532, 48.8034401]}, "properties": {"id": "acf052d0-a883-3918-9e61-9c6c699bb09a", "names": null, "subtype": "pedestrian", "class": "vending_machine", "surface": null}}, {"type": "Feature", "geometry": {"type": "Polygon", "coordinates": [[[16.799466, 48.8028186], [16.7997345, 48.8027756], [16.7997359, 48.802613], [16.8000725, 48.8026396], [16.8005085, 48.8026268], [16.8005472, 48.8031183], [16.8005311, 48.8033374], [16.8005881, 48.8039169], [16.8003598, 48.8039135], [16.7995398, 48.8029937], [16.799466, 48.8028186]]]}, "properties": {"id": "8a138af9-cf96-367d-a212-1ae98452094d", "names": null, "subtype": "transit", "class": "parking", "surface": "dirt"}}, {"type": "Feature", "geometry": {"type": "Point", "coordinates": [16.7993911, 48.8002965]}, "properties": {"id": "174b07cf-3b25-3650-9905-efa22387f46c", "names": null, "subtype": "transportation", "class": "give_way", "surface": null}}, {"type": "Feature", "geometry": {"type": "Point", "coordinates": [16.7976561, 48.7998001]}, "properties": {"id": "fcc4abaf-2d73-320d-bc12-c2bc4d55e96c", "names": null, "subtype": "transportation", "class": "give_way", "surface": null}}, {"type": "Feature", "geometry": {"type": "Point", "coordinates": [16.7976888, 48.799949]}, "properties": {"id": "aa57d66b-74db-36b7-ab73-4addfc748388", "names": null, "subtype": "transportation", "class": "give_way", "surface": null}}, {"type": "Feature", "geometry": {"type": "Point", "coordinates": [16.7967336, 48.7999259]}, "properties": {"id": "b78c929b-04db-38cc-8169-86a1d80c0761", "names": null, "subtype": "pedestrian", "class": "information", "surface": null}}, {"type": "Feature", "geometry": {"type": "Point", "coordinates": [16.796813, 48.7997582]}, "properties": {"id": "2f263065-7fe8-3a4c-90c1-5711b927323f", "names": null, "subtype": "pedestrian", "class": "bench", "surface": null}}, {"type": "Feature", "geometry": {"type": "Point", "coordinates": [16.7968105, 48.7997972]}, "properties": {"id": "562853a9-9042-3da7-aaec-9fcf6d30047e", "names": null, "subtype": "pedestrian", "class": "bench", "surface": null}}, {"type": "Feature", "geometry": {"type": "Point", "coordinates": [16.7970926, 48.7949311]}, "properties": {"id": "2e05c393-413f-3c47-a9bb-859392376976", "names": null, "subtype": "power", "class": "power_pole", "surface": null}}, {"type": "Feature", "geometry": {"type": "Point", "coordinates": [16.7971596, 48.7950018]}, "properties": {"id": "fa1ad4db-9bdd-37f4-b33c-193edee019f4", "names": null, "subtype": "power", "class": "power_pole", "surface": null}}, {"type": "Feature", "geometry": {"type": "Point", "coordinates": [16.7966285, 48.7944381]}, "properties": {"id": "18694eb3-2e4b-329d-89da-7a3493d51078", "names": null, "subtype": "power", "class": "power_pole", "surface": null}}, {"type": "Feature", "geometry": {"type": "Point", "coordinates": [16.7959084, 48.7943895]}, "properties": {"id": "77d2964b-fff4-3f10-b68c-d8694d4323db", "names": null, "subtype": "power", "class": "power_pole", "surface": null}}, {"type": "Feature", "geometry": {"type": "Point", "coordinates": [16.7956536, 48.7951263]}, "properties": {"id": "1c1768a4-85ea-30b9-ab11-7460f3db9a6b", "names": null, "subtype": "power", "class": "power_pole", "surface": null}}, {"type": "Feature", "geometry": {"type": "Point", "coordinates": [16.795105, 48.7966865]}, "properties": {"id": "237782de-2d67-38bc-8e13-d21bb3f960ad", "names": null, "subtype": "power", "class": "power_pole", "surface": null}}, {"type": "Feature", "geometry": {"type": "LineString", "coordinates": [[16.7961203, 48.7938126], [16.7959084, 48.7943895], [16.7956536, 48.7951263], [16.795321, 48.7960186], [16.795105, 48.7966865], [16.794869, 48.7972634], [16.7946826, 48.7977581], [16.7944801, 48.7983376]]}, "properties": {"id": "5f869323-5cf6-30b1-80a3-b142dcf96fe4", "names": null, "subtype": "power", "class": "minor_line", "surface": null}}, {"type": "Feature", "geometry": {"type": "Point", "coordinates": [16.795321, 48.7960186]}, "properties": {"id": "d2f6947d-f6fe-3278-a607-bd8a7e7636ad", "names": null, "subtype": "power", "class": "power_pole", "surface": null}}, {"type": "Feature", "geometry": {"type": "Point", "coordinates": [16.794869, 48.7972634]}, "properties": {"id": "e89f7d9b-20dc-3bda-91fe-2f182f099552", "names": null, "subtype": "power", "class": "power_pole", "surface": null}}, {"type": "Feature", "geometry": {"type": "Point", "coordinates": [16.7946826, 48.7977581]}, "properties": {"id": "4c1bb0ed-c15c-3832-9a9e-f3968b9a4710", "names": null, "subtype": "power", "class": "power_pole", "surface": null}}, {"type": "Feature", "geometry": {"type": "Point", "coordinates": [16.7947837, 48.7993307]}, "properties": {"id": "9c798f2d-7a5a-3ac1-b865-afde4872f15a", "names": null, "subtype": "transportation", "class": "give_way", "surface": null}}, {"type": "Feature", "geometry": {"type": "Point", "coordinates": [16.7944801, 48.7983376]}, "properties": {"id": "1b6cbb05-5ca7-3271-8d80-34ef1ea7f814", "names": null, "subtype": "power", "class": "power_pole", "surface": null}}, {"type": "Feature", "geometry": {"type": "Point", "coordinates": [16.7937165, 48.7993648]}, "properties": {"id": "bc34d821-96b5-3e6a-93cd-27b013924cbb", "names": null, "subtype": "transportation", "class": "crossing", "surface": null}}, {"type": "Feature", "geometry": {"type": "Point", "coordinates": [16.7931539, 48.79918]}, "properties": {"id": "6e77d9b0-c49f-3322-96f8-92db21372a0e", "names": null, "subtype": "transportation", "class": "crossing", "surface": null}}, {"type": "Feature", "geometry": {"type": "Point", "coordinates": [16.7922209, 48.7990933]}, "properties": {"id": "aacf17cd-d6c1-33e4-aa01-f2b4816a1878", "names": null, "subtype": "transportation", "class": "crossing", "surface": null}}, {"type": "Feature", "geometry": {"type": "Point", "coordinates": [16.7925004, 48.7969962]}, "properties": {"id": "9b2406d4-8f85-33cb-8e2b-e27da94ff000", "names": null, "subtype": "barrier", "class": "gate", "surface": null}}, {"type": "Feature", "geometry": {"type": "Point", "coordinates": [16.7927644, 48.7968538]}, "properties": {"id": "a238c581-edc6-334d-93b1-721f01236f3b", "names": null, "subtype": "barrier", "class": "gate", "surface": null}}, {"type": "Feature", "geometry": {"type": "Polygon", "coordinates": [[[16.7904169, 48.7997892], [16.7903228, 48.7998164], [16.7902874, 48.7997632], [16.7903815, 48.799736], [16.7904169, 48.7997892]]]}, "properties": {"id": "af2d4b4b-ed4c-3f73-981d-974beb8d4f61", "names": null, "subtype": "transit", "class": "bicycle_parking", "surface": null}}, {"type": "Feature", "geometry": {"type": "Point", "coordinates": [16.7904069, 48.7998001]}, "properties": {"id": "3dff7cb0-5865-3543-8a15-e1c60858b82e", "names": null, "subtype": "transit", "class": "bicycle_parking", "surface": null}}, {"type": "Feature", "geometry": {"type": "Point", "coordinates": [16.7911488, 48.800096]}, "properties": {"id": "33a7f5dd-b6d1-3dc8-b7ab-4af73627d54f", "names": {"primary": "Lednice, hospod\u00e1\u0159sk\u00e9 dru\u017estvo", "common": null, "rules": [{"variant": "official", "language": null, "perspectives": null, "value": "Lednice, hosp. dru\u017estvo", "between": null, "side": null}]}, "subtype": "transit", "class": "bus_stop", "surface": null}}, {"type": "Feature", "geometry": {"type": "Polygon", "coordinates": [[[16.7909171, 48.7999948], [16.7908473, 48.7998873], [16.7909502, 48.7998571], [16.7910223, 48.7999671], [16.7909171, 48.7999948]]]}, "properties": {"id": "d6c5311e-86e8-3fbe-a1d3-43369daa9a87", "names": null, "subtype": "transit", "class": "parking", "surface": "paving_stones"}}, {"type": "Feature", "geometry": {"type": "Point", "coordinates": [16.7915005, 48.7999382]}, "properties": {"id": "54102e4f-649d-31f4-a923-f73febc548c6", "names": null, "subtype": "transportation", "class": "crossing", "surface": null}}, {"type": "Feature", "geometry": {"type": "Point", "coordinates": [16.7914197, 48.7999211]}, "properties": {"id": "449eaca4-f5ec-3e33-818e-748e46a276ba", "names": {"primary": "Lednice, hospod\u00e1\u0159sk\u00e9 dru\u017estvo", "common": null, "rules": [{"variant": "official", "language": null, "perspectives": null, "value": "Lednice, hosp. dru\u017estvo", "between": null, "side": null}]}, "subtype": "transit", "class": "bus_stop", "surface": null}}, {"type": "Feature", "geometry": {"type": "Point", "coordinates": [16.7919018, 48.7999429]}, "properties": {"id": "fc7175b8-2d0e-3160-93e3-bd2eb867461d", "names": null, "subtype": "pedestrian", "class": "toilets", "surface": null}}, {"type": "Feature", "geometry": {"type": "Point", "coordinates": [16.7921071, 48.7999326]}, "properties": {"id": "cb224192-6473-3139-bd02-5abe6041fa3e", "names": null, "subtype": "transit", "class": "bicycle_parking", "surface": null}}, {"type": "Feature", "geometry": {"type": "Point", "coordinates": [16.7845318, 48.7996512]}, "properties": {"id": "34afe11c-bb9d-3430-a29f-7b80f2e26caa", "names": null, "subtype": "power", "class": "power_pole", "surface": null}}, {"type": "Feature", "geometry": {"type": "Point", "coordinates": [16.7849356, 48.8005578]}, "properties": {"id": "e4855b3c-4b5e-3856-be4e-e8310d64f6c5", "names": null, "subtype": "barrier", "class": "gate", "surface": null}}, {"type": "Feature", "geometry": {"type": "LineString", "coordinates": [[16.7856235, 48.7996772], [16.7856399, 48.800006]]}, "properties": {"id": "0685c57f-fc63-350e-8b76-2414e3a97f1b", "names": null, "subtype": "power", "class": "minor_line", "surface": null}}, {"type": "Feature", "geometry": {"type": "Point", "coordinates": [16.7856235, 48.7996772]}, "properties": {"id": "86c0349b-e809-370b-9cd2-f185166dd25b", "names": null, "subtype": "power", "class": "power_pole", "surface": null}}, {"type": "Feature", "geometry": {"type": "Point", "coordinates": [16.7857736, 48.8000125]}, "properties": {"id": "8a90ccd6-9d6e-33b2-bb67-4254f67a0cce", "names": null, "subtype": "barrier", "class": "gate", "surface": null}}, {"type": "Feature", "geometry": {"type": "Point", "coordinates": [16.7855356, 48.8003353]}, "properties": {"id": "6b8a8416-b646-38cf-959e-8e85faa45105", "names": null, "subtype": "barrier", "class": "gate", "surface": null}}, {"type": "Feature", "geometry": {"type": "Point", "coordinates": [16.7857538, 48.8015189]}, "properties": {"id": "62b20c6d-4bbe-3f5a-91dc-287c39e21b8c", "names": null, "subtype": "barrier", "class": "gate", "surface": null}}, {"type": "Feature", "geometry": {"type": "Point", "coordinates": [16.7862229, 48.7988562]}, "properties": {"id": "4e88eb7b-eca9-3329-a7ea-1aa3f76b505a", "names": null, "subtype": "power", "class": "power_pole", "surface": null}}, {"type": "Feature", "geometry": {"type": "Point", "coordinates": [16.7868975, 48.7979449]}, "properties": {"id": "d6353f53-38a8-35ee-b26f-0a50721cd883", "names": null, "subtype": "power", "class": "power_pole", "surface": null}}, {"type": "Feature", "geometry": {"type": "Point", "coordinates": [16.7867768, 48.7961017]}, "properties": {"id": "ecc3551f-8d11-374a-a01d-319cde6c19bf", "names": null, "subtype": "power", "class": "power_pole", "surface": null}}, {"type": "Feature", "geometry": {"type": "Point", "coordinates": [16.7866252, 48.795288]}, "properties": {"id": "7f738026-4dbc-3cff-a519-5ceaa4d0b059", "names": null, "subtype": "power", "class": "power_pole", "surface": null}}, {"type": "Feature", "geometry": {"type": "Point", "coordinates": [16.7864683, 48.7944894]}, "properties": {"id": "46ee82b0-96c7-35e1-9117-e87e1270eb00", "names": null, "subtype": "power", "class": "power_pole", "surface": null}}, {"type": "Feature", "geometry": {"type": "Point", "coordinates": [16.7869465, 48.7969389]}, "properties": {"id": "6b7217a0-9455-3e87-92fb-d464917cdbe0", "names": null, "subtype": "power", "class": "power_pole", "surface": null}}, {"type": "Feature", "geometry": {"type": "LineString", "coordinates": [[16.7889206, 48.7975596], [16.788144, 48.7978939], [16.7877211, 48.7974677], [16.7872838, 48.7970231], [16.7875391, 48.7969132], [16.7876186, 48.7968789], [16.7877496, 48.7968226], [16.7880579, 48.7966899], [16.7889206, 48.7975596]]}, "properties": {"id": "7ad1069c-1d47-3ba2-b25e-6a12575667f5", "names": null, "subtype": "barrier", "class": "wall", "surface": null}}, {"type": "Feature", "geometry": {"type": "Point", "coordinates": [16.7894174, 48.7922895]}, "properties": {"id": "269c2007-49a1-327a-a338-e49f2f07bfc8", "names": null, "subtype": "power", "class": "power_pole", "surface": null}}, {"type": "Feature", "geometry": {"type": "Point", "coordinates": [16.7880052, 48.7923955]}, "properties": {"id": "978a089c-e01f-3481-8bb3-f9bc38b7ada6", "names": null, "subtype": "power", "class": "power_pole", "surface": null}}, {"type": "Feature", "geometry": {"type": "Point", "coordinates": [16.7883075, 48.7887883]}, "properties": {"id": "7d52cf2b-bd54-3386-b8ee-49b73fc214bd", "names": null, "subtype": "power", "class": "power_tower", "surface": null}}, {"type": "Feature", "geometry": {"type": "Point", "coordinates": [16.7849212, 48.7893008]}, "properties": {"id": "c189d73c-31e5-3d8c-8f98-8213efad5075", "names": null, "subtype": "power", "class": "power_tower", "surface": null}}, {"type": "Feature", "geometry": {"type": "Point", "coordinates": [16.7854676, 48.792583]}, "properties": {"id": "0947dfc2-00e9-3206-b308-bd62c113b0c0", "names": null, "subtype": "power", "class": "power_pole", "surface": null}}, {"type": "Feature", "geometry": {"type": "Point", "coordinates": [16.785488, 48.7925828]}, "properties": {"id": "ac8519cb-ac50-3a9c-bef4-95e4aa019cde", "names": null, "subtype": "power", "class": "power_pole", "surface": null}}, {"type": "Feature", "geometry": {"type": "Point", "coordinates": [16.78675, 48.7924891]}, "properties": {"id": "a5fa7820-df66-32e0-bc38-0b84435d0f5e", "names": null, "subtype": "power", "class": "power_pole", "surface": null}}, {"type": "Feature", "geometry": {"type": "Point", "coordinates": [16.786102, 48.7925333]}, "properties": {"id": "0226ba48-8d96-3c42-bf04-4b58c7f72812", "names": null, "subtype": "power", "class": "power_pole", "surface": null}}, {"type": "Feature", "geometry": {"type": "Point", "coordinates": [16.7862108, 48.7931429]}, "properties": {"id": "86abe897-77a1-3e27-ad43-0dfda9845d17", "names": null, "subtype": "power", "class": "power_pole", "surface": null}}, {"type": "Feature", "geometry": {"type": "Point", "coordinates": [16.7863181, 48.7936987]}, "properties": {"id": "e02dc3fb-3c83-3cdf-b774-4ccb7ea40417", "names": null, "subtype": "power", "class": "power_pole", "surface": null}}, {"type": "Feature", "geometry": {"type": "Point", "coordinates": [16.784228, 48.7926769]}, "properties": {"id": "50398596-541e-3c57-afd6-5ffcef20e818", "names": null, "subtype": "power", "class": "power_pole", "surface": null}}, {"type": "Feature", "geometry": {"type": "Point", "coordinates": [16.7829426, 48.7927701]}, "properties": {"id": "3e903599-b6be-3924-90e7-d29c9fa644dd", "names": null, "subtype": "power", "class": "power_pole", "surface": null}}, {"type": "Feature", "geometry": {"type": "LineString", "coordinates": [[16.786102, 48.7925333], [16.785488, 48.7925828], [16.784228, 48.7926769], [16.7829426, 48.7927701], [16.7814164, 48.7928726], [16.7800183, 48.7929948]]}, "properties": {"id": "9ad611c0-dc01-30ec-b398-1bb09cb1f853", "names": null, "subtype": "power", "class": "minor_line", "surface": null}}, {"type": "Feature", "geometry": {"type": "Point", "coordinates": [16.7814164, 48.7928726]}, "properties": {"id": "351f49bc-ac7c-3177-8ef6-fa49fc7da47c", "names": null, "subtype": "power", "class": "power_pole", "surface": null}}, {"type": "Feature", "geometry": {"type": "Point", "coordinates": [16.7821265, 48.7897056]}, "properties": {"id": "fd9a14c0-deee-3781-bcd2-1a697e2f4d43", "names": null, "subtype": "power", "class": "power_tower", "surface": null}}, {"type": "Feature", "geometry": {"type": "Point", "coordinates": [16.779655, 48.7900924]}, "properties": {"id": "28a24874-328c-33c3-8627-70042f41c532", "names": null, "subtype": "power", "class": "power_tower", "surface": null}}, {"type": "Feature", "geometry": {"type": "Point", "coordinates": [16.7800183, 48.7929948]}, "properties": {"id": "562328ef-80ea-36cb-ae58-8cb620b9bd8b", "names": null, "subtype": "power", "class": "power_pole", "surface": null}}, {"type": "Feature", "geometry": {"type": "Point", "coordinates": [16.7784868, 48.7930976]}, "properties": {"id": "82f3cb66-a4ee-364b-a9e8-20cdf14bd42a", "names": null, "subtype": "power", "class": "power_pole", "surface": null}}, {"type": "Feature", "geometry": {"type": "Point", "coordinates": [16.7772643, 48.7931796]}, "properties": {"id": "170e2478-bcd7-3905-9c6c-2b30eae8a028", "names": null, "subtype": "power", "class": "power_pole", "surface": null}}, {"type": "Feature", "geometry": {"type": "LineString", "coordinates": [[16.7796454, 48.8055001], [16.7795871, 48.805043], [16.7795227, 48.8045908], [16.7797801, 48.8041419], [16.780145, 48.8033171], [16.7804843, 48.8024982], [16.7808424, 48.8016723], [16.7811871, 48.8008702], [16.7815679, 48.8000982], [16.7823935, 48.7996045], [16.7834803, 48.7996282], [16.7845318, 48.7996512], [16.7856235, 48.7996772], [16.7862229, 48.7988562], [16.7868975, 48.7979449], [16.7869465, 48.7969389], [16.7867768, 48.7961017], [16.7866252, 48.795288], [16.7864683, 48.7944894], [16.7863181, 48.7936987], [16.7862108, 48.7931429], [16.786102, 48.7925333]]}, "properties": {"id": "660bf256-36a8-3c78-85ab-d57f36ee259f", "names": null, "subtype": "power", "class": "minor_line", "surface": null}}, {"type": "Feature", "geometry": {"type": "Point", "coordinates": [16.7808424, 48.8016723]}, "properties": {"id": "3633eedc-012f-3546-b89a-4b5e0ca32e05", "names": null, "subtype": "power", "class": "power_pole", "surface": null}}, {"type": "Feature", "geometry": {"type": "Point", "coordinates": [16.7811871, 48.8008702]}, "properties": {"id": "7ed2794a-452a-35ae-ab01-7512f8af4a29", "names": null, "subtype": "power", "class": "power_pole", "surface": null}}, {"type": "Feature", "geometry": {"type": "Point", "coordinates": [16.7815679, 48.8000982]}, "properties": {"id": "570e9c54-0ad8-3b8d-9574-f78ce9455c0c", "names": null, "subtype": "power", "class": "power_pole", "surface": null}}, {"type": "Feature", "geometry": {"type": "Point", "coordinates": [16.7823935, 48.7996045]}, "properties": {"id": "91ff882d-7ad2-36e8-9ed6-14d3308befe4", "names": null, "subtype": "power", "class": "power_pole", "surface": null}}, {"type": "Feature", "geometry": {"type": "Point", "coordinates": [16.7830124, 48.7999149]}, "properties": {"id": "bce0a8e2-3c4a-395a-bd5b-d99e830abc62", "names": null, "subtype": "barrier", "class": "gate", "surface": null}}, {"type": "Feature", "geometry": {"type": "Point", "coordinates": [16.7834803, 48.7996282]}, "properties": {"id": "f58b9b02-0a2b-301c-90de-bf869b890b71", "names": null, "subtype": "power", "class": "power_pole", "surface": null}}, {"type": "Feature", "geometry": {"type": "Point", "coordinates": [16.7804843, 48.8024982]}, "properties": {"id": "5ddb8f94-addd-3c3a-8899-c6a34fb89f04", "names": null, "subtype": "power", "class": "power_pole", "surface": null}}, {"type": "Feature", "geometry": {"type": "Point", "coordinates": [16.780145, 48.8033171]}, "properties": {"id": "d466be55-db6c-36dd-9706-3927c2bfdc88", "names": null, "subtype": "power", "class": "power_pole", "surface": null}}, {"type": "Feature", "geometry": {"type": "Point", "coordinates": [16.7797801, 48.8041419]}, "properties": {"id": "ba80ac06-259c-33cb-8cb7-d396f7d23d35", "names": null, "subtype": "power", "class": "power_pole", "surface": null}}, {"type": "Feature", "geometry": {"type": "Point", "coordinates": [16.7795227, 48.8045908]}, "properties": {"id": "13b7e0b3-e723-3489-afea-626b78514cdd", "names": null, "subtype": "power", "class": "power_pole", "surface": null}}, {"type": "Feature", "geometry": {"type": "Point", "coordinates": [16.7791114, 48.804279]}, "properties": {"id": "eef716fc-e031-352a-b2e4-4a13d4a24672", "names": {"primary": "Lednice, sklen\u00edky", "common": null, "rules": null}, "subtype": "transit", "class": "bus_stop", "surface": null}}, {"type": "Feature", "geometry": {"type": "Point", "coordinates": [16.7790765, 48.8041902]}, "properties": {"id": "f66d9754-cf55-328c-9c37-11180de02eb1", "names": {"primary": "Lednice, sklen\u00edky", "common": null, "rules": null}, "subtype": "transit", "class": "bus_stop", "surface": null}}, {"type": "Feature", "geometry": {"type": "Point", "coordinates": [16.776355, 48.788767]}, "properties": {"id": "964bcefe-bc5f-3d54-8933-a3dabb584ccc", "names": null, "subtype": "power", "class": "power_tower", "surface": null}}, {"type": "Feature", "geometry": {"type": "LineString", "coordinates": [[16.6222039, 48.8149177], [16.6188464, 48.8139748], [16.6190951, 48.8114573], [16.6192859, 48.8090599], [16.6197024, 48.805062], [16.6199338, 48.8027148], [16.6201611, 48.8003774], [16.6204499, 48.797773], [16.62061, 48.7963605], [16.6209208, 48.7932536], [16.6251891, 48.7918734], [16.6287307, 48.7938029], [16.6318741, 48.7955296], [16.6346371, 48.7970937], [16.6377745, 48.7967641], [16.642175, 48.7963298], [16.6464861, 48.7947451], [16.6501634, 48.793435], [16.6531987, 48.7943633], [16.6560964, 48.7952312], [16.6595126, 48.7962491], [16.6634019, 48.7949155], [16.666787, 48.7937881], [16.6701269, 48.7926546], [16.6735095, 48.7915316], [16.6775959, 48.7921911], [16.6804477, 48.792664], [16.684644, 48.7914217], [16.6875597, 48.7905409], [16.6913724, 48.7892996], [16.6943099, 48.7895028], [16.6975998, 48.7897077], [16.7017292, 48.7899717], [16.705382, 48.7888324], [16.7091322, 48.7876707], [16.7126746, 48.7865476], [16.7157961, 48.785607], [16.7188058, 48.7846769], [16.7224601, 48.784361], [16.7264659, 48.7840276], [16.7300456, 48.7837187], [16.7335187, 48.7831676], [16.7662549, 48.7853193], [16.7698333, 48.7864346], [16.7730472, 48.7874341], [16.776355, 48.788767], [16.779655, 48.7900924], [16.7821265, 48.7897056], [16.7849212, 48.7893008], [16.7883075, 48.7887883], [16.79204, 48.7882182], [16.7943635, 48.7871574], [16.7974191, 48.7858222], [16.8006694, 48.7859938], [16.804591, 48.7862074], [16.808683, 48.7864383], [16.8115596, 48.787326], [16.8150297, 48.7884178], [16.8190121, 48.7901926], [16.8215902, 48.7908767], [16.8259498, 48.7920199], [16.8288444, 48.7901223], [16.8310594, 48.7886297], [16.8331313, 48.7872122], [16.8330196, 48.7856245], [16.8328503, 48.7835006], [16.8326303, 48.7806515], [16.8324157, 48.7779928], [16.8340251, 48.7756343], [16.835297, 48.77388], [16.8368638, 48.7717095], [16.8383076, 48.7696617], [16.8401421, 48.7671324], [16.8418205, 48.7647568], [16.8436553, 48.7621782], [16.8450506, 48.7602085], [16.8464756, 48.7586956], [16.8483835, 48.7566614], [16.850268, 48.7546624], [16.8518758, 48.7522275], [16.8533996, 48.750419], [16.8555924, 48.7499566], [16.8593295, 48.7491664], [16.861783, 48.7475909], [16.8643265, 48.7459574], [16.866463, 48.7445882], [16.8674389, 48.7439617], [16.8706754, 48.7432245], [16.8712464, 48.7419661], [16.8739279, 48.7416244], [16.8757038, 48.7396604], [16.8776587, 48.7385817], [16.8797412, 48.7374259], [16.8821969, 48.7372928], [16.8853925, 48.7378149], [16.887801, 48.7388387], [16.8905642, 48.7400068], [16.8934174, 48.7411959], [16.8960641, 48.7423664], [16.8991768, 48.7437243], [16.9019736, 48.7449465], [16.9044144, 48.7460121], [16.9068318, 48.7470845], [16.9096066, 48.7482925], [16.9125395, 48.7495975], [16.9152455, 48.7507861], [16.9178466, 48.7519383], [16.9181366, 48.7540531], [16.9184997, 48.7564801], [16.9188618, 48.7589454], [16.9191961, 48.7613672], [16.9194479, 48.7636759], [16.917708, 48.7656814], [16.9158847, 48.7677826], [16.9140342, 48.7699042], [16.9120476, 48.7722077], [16.9109836, 48.7734631], [16.9100999, 48.7755819], [16.9093699, 48.777308], [16.9086017, 48.7792366], [16.9077636, 48.7812779]]}, "properties": {"id": "59478c49-e176-3867-8fa8-67c8eaceb331", "names": null, "subtype": "power", "class": "power_line", "surface": null}}, {"type": "Feature", "geometry": {"type": "Polygon", "coordinates": [[[16.8241067, 48.7868854], [16.8237776, 48.7871273], [16.8237581, 48.7871326], [16.8237396, 48.7871361], [16.8237289, 48.7871332], [16.8237126, 48.7870853], [16.8241091, 48.7867818], [16.8241067, 48.7868854]]]}, "properties": {"id": "1aa0e05e-a70e-3d03-8854-d7d98eae1e50", "names": null, "subtype": "transit", "class": "parking", "surface": "asphalt"}}, {"type": "Feature", "geometry": {"type": "Point", "coordinates": [16.8213491, 48.7911383]}, "properties": {"id": "acb32dbd-1d1c-3b40-97fd-6d2e17dd0edf", "names": null, "subtype": "power", "class": "power_pole", "surface": null}}, {"type": "Feature", "geometry": {"type": "Point", "coordinates": [16.8215902, 48.7908767]}, "properties": {"id": "54d63c74-ebe0-3fe5-9f2a-570cc08f2a11", "names": null, "subtype": "power", "class": "power_tower", "surface": null}}, {"type": "Feature", "geometry": {"type": "Point", "coordinates": [16.8222623, 48.7910941]}, "properties": {"id": "c64e39ad-8966-3735-8117-978a7dfcd521", "names": null, "subtype": "barrier", "class": "gate", "surface": null}}, {"type": "Feature", "geometry": {"type": "Point", "coordinates": [16.8228597, 48.7914948]}, "properties": {"id": "4a79d3db-087f-3aea-8b8e-790004c9f20d", "names": null, "subtype": "barrier", "class": "gate", "surface": null}}, {"type": "Feature", "geometry": {"type": "Point", "coordinates": [16.8240414, 48.7926826]}, "properties": {"id": "0dedc099-ba38-37ef-91b0-400683b8861f", "names": null, "subtype": "power", "class": "power_pole", "surface": null}}, {"type": "Feature", "geometry": {"type": "Point", "coordinates": [16.8228518, 48.7928814]}, "properties": {"id": "4e0d5bae-8adb-3557-96c8-06aef07e1bf4", "names": null, "subtype": "power", "class": "power_pole", "surface": null}}, {"type": "Feature", "geometry": {"type": "Point", "coordinates": [16.8216324, 48.7914424]}, "properties": {"id": "6df81765-c1e0-3e1b-ba4b-d34907ecef5e", "names": null, "subtype": "power", "class": "power_pole", "surface": null}}, {"type": "Feature", "geometry": {"type": "Point", "coordinates": [16.8212908, 48.7931407]}, "properties": {"id": "468dcacb-35c1-3d62-b864-fefd6c0b2cd0", "names": null, "subtype": "power", "class": "power_pole", "surface": null}}, {"type": "Feature", "geometry": {"type": "Point", "coordinates": [16.8197291, 48.7933969]}, "properties": {"id": "5912baf0-65f9-3f27-b272-f884985d6f46", "names": null, "subtype": "power", "class": "power_pole", "surface": null}}, {"type": "Feature", "geometry": {"type": "Point", "coordinates": [16.8194944, 48.7927745]}, "properties": {"id": "d6c8ba6e-a74f-330c-a68d-469b5b82a017", "names": null, "subtype": "power", "class": "power_pole", "surface": null}}, {"type": "Feature", "geometry": {"type": "Point", "coordinates": [16.8203795, 48.7922338]}, "properties": {"id": "808392d4-666e-36df-853c-834b7d31a6c1", "names": null, "subtype": "power", "class": "power_pole", "surface": null}}, {"type": "Feature", "geometry": {"type": "LineString", "coordinates": [[16.8197291, 48.7933969], [16.8194944, 48.7927745], [16.8203795, 48.7922338], [16.821095, 48.7917616], [16.8213491, 48.7911383], [16.8216324, 48.7914424]]}, "properties": {"id": "7fee0818-9676-3b16-a8ae-e4a9e9bb1832", "names": null, "subtype": "power", "class": "minor_line", "surface": null}}, {"type": "Feature", "geometry": {"type": "Point", "coordinates": [16.821095, 48.7917616]}, "properties": {"id": "6b195bf0-2cae-3cff-8f48-efad6b55e2bf", "names": null, "subtype": "power", "class": "power_pole", "surface": null}}, {"type": "Feature", "geometry": {"type": "Point", "coordinates": [16.8206008, 48.7903011]}, "properties": {"id": "e79f4fe5-e5b8-3218-9fa1-2e3fa70af1f1", "names": null, "subtype": "power", "class": "power_pole", "surface": null}}, {"type": "Feature", "geometry": {"type": "Polygon", "coordinates": [[[16.8192886, 48.7896914], [16.819243, 48.7896693], [16.8194281, 48.7894228], [16.8195555, 48.789284], [16.8196265, 48.7892195], [16.8196869, 48.7891842], [16.8197754, 48.7891436], [16.8199766, 48.7890897], [16.820336, 48.7890093], [16.8203722, 48.7890464], [16.8200597, 48.7891886], [16.8198355, 48.7893087], [16.8196909, 48.7893998], [16.8194777, 48.789542], [16.8192886, 48.7896914]]]}, "properties": {"id": "db4354a0-2306-3c53-85b6-1733e7e3fdd7", "names": null, "subtype": "transit", "class": "parking", "surface": "asphalt"}}, {"type": "Feature", "geometry": {"type": "Point", "coordinates": [16.8190121, 48.7901926]}, "properties": {"id": "0454f042-b25c-3b87-a726-eecc4dac455f", "names": null, "subtype": "power", "class": "power_tower", "surface": null}}, {"type": "Feature", "geometry": {"type": "Point", "coordinates": [16.8192138, 48.7903689]}, "properties": {"id": "02c92964-16e9-3b7c-943e-97ee39d59d3b", "names": null, "subtype": "waste_management", "class": "waste_basket", "surface": null}}, {"type": "Feature", "geometry": {"type": "Point", "coordinates": [16.8192077, 48.7903941]}, "properties": {"id": "2a9170c2-9ea8-3f20-9644-730c0a543d37", "names": null, "subtype": "pedestrian", "class": "bench", "surface": null}}, {"type": "Feature", "geometry": {"type": "Point", "coordinates": [16.8191028, 48.7899689]}, "properties": {"id": "c03ce12d-3282-3a7f-9611-e1b07768e72e", "names": null, "subtype": "power", "class": "power_pole", "surface": null}}, {"type": "Feature", "geometry": {"type": "Point", "coordinates": [16.8190296, 48.7896832]}, "properties": {"id": "7e026b95-f457-3a29-b354-7a9c79e499ca", "names": {"primary": "Nau\u010dn\u00e1 stezka lednick\u00e9 rybn\u00edky 1", "common": null, "rules": null}, "subtype": "pedestrian", "class": "information", "surface": null}}, {"type": "Feature", "geometry": {"type": "LineString", "coordinates": [[16.8213491, 48.7911383], [16.8206008, 48.7903011], [16.8191028, 48.7899689], [16.8182673, 48.7895267], [16.8172728, 48.7889312], [16.8165071, 48.7883674], [16.816381, 48.7882755]]}, "properties": {"id": "1962377d-0035-3d90-923b-4d19f366914e", "names": null, "subtype": "power", "class": "minor_line", "surface": null}}, {"type": "Feature", "geometry": {"type": "Point", "coordinates": [16.8182673, 48.7895267]}, "properties": {"id": "edae6485-2e49-35a4-a4b4-0aa4b7d432a8", "names": null, "subtype": "power", "class": "power_pole", "surface": null}}, {"type": "Feature", "geometry": {"type": "Point", "coordinates": [16.8184038, 48.7925235]}, "properties": {"id": "d50ffbaa-9af2-3e71-b1ff-3d8e7efbc6f9", "names": null, "subtype": "waste_management", "class": "waste_basket", "surface": null}}, {"type": "Feature", "geometry": {"type": "Point", "coordinates": [16.8183805, 48.7925747]}, "properties": {"id": "c04ac16f-bf80-32e0-b310-ce2e05fb5ffd", "names": null, "subtype": "pedestrian", "class": "bench", "surface": null}}, {"type": "Feature", "geometry": {"type": "Point", "coordinates": [16.818386, 48.7926046]}, "properties": {"id": "f57ca3a9-0469-3c51-835d-ae30a5ec6892", "names": null, "subtype": "transit", "class": "bicycle_parking", "surface": null}}, {"type": "Feature", "geometry": {"type": "Point", "coordinates": [16.8184819, 48.7926811]}, "properties": {"id": "75d4dbb0-07ad-3714-b37d-28e3d9d9fda8", "names": {"primary": "Info tabule", "common": [["cs", "Info tabule"], ["en", "Info-table"]], "rules": null}, "subtype": "pedestrian", "class": "information", "surface": null}}, {"type": "Feature", "geometry": {"type": "Polygon", "coordinates": [[[16.8185239, 48.7926074], [16.8185136, 48.792605], [16.8185046, 48.792601], [16.8184975, 48.7925955], [16.8184928, 48.792589], [16.8184909, 48.7925819], [16.8184919, 48.7925748], [16.8184958, 48.792568], [16.8185022, 48.7925622], [16.8185107, 48.7925577], [16.8185207, 48.7925548], [16.8185315, 48.7925537], [16.8185423, 48.7925546], [16.8185524, 48.7925573], [16.8185596, 48.7925608], [16.8185655, 48.7925652], [16.8185698, 48.7925703], [16.8185724, 48.7925759], [16.818573, 48.7925817], [16.8185718, 48.7925875], [16.8185687, 48.792593], [16.8185638, 48.7925979], [16.8185575, 48.792602], [16.81855, 48.7926052], [16.8185416, 48.7926071], [16.8185328, 48.7926079], [16.8185239, 48.7926074]]]}, "properties": {"id": "cac679a7-3f9b-3d6f-99f8-c354e937bf7d", "names": null, "subtype": "tower", "class": "observation", "surface": null}}, {"type": "Feature", "geometry": {"type": "Point", "coordinates": [16.8185264, 48.7925747]}, "properties": {"id": "98aac7a2-8f36-33d7-880b-33bae999c0e7", "names": {"primary": "Vyhl\u00eddkov\u00e1 v\u011b\u017e Lednick\u00e1 kolon\u00e1da", "common": [["cs", "Vyhl\u00eddkov\u00e1 v\u011b\u017e Lednick\u00e1 kolon\u00e1da"]], "rules": null}, "subtype": "pedestrian", "class": "viewpoint", "surface": null}}, {"type": "Feature", "geometry": {"type": "Point", "coordinates": [16.8184702, 48.7924894]}, "properties": {"id": "274e0930-a35b-3e6a-8da8-1c3a0ac7de73", "names": null, "subtype": "pedestrian", "class": "bench", "surface": null}}, {"type": "Feature", "geometry": {"type": "Point", "coordinates": [16.8185713, 48.7924851]}, "properties": {"id": "06efe9c2-a858-3fa8-b6a3-7db2dfa1a9cc", "names": null, "subtype": "waste_management", "class": "waste_basket", "surface": null}}, {"type": "Feature", "geometry": {"type": "Point", "coordinates": [16.8189688, 48.7918348]}, "properties": {"id": "bba8586a-84fe-3800-a6cd-5233d57c8b52", "names": null, "subtype": "waste_management", "class": "waste_basket", "surface": null}}, {"type": "Feature", "geometry": {"type": "Point", "coordinates": [16.8189585, 48.791865]}, "properties": {"id": "a8d7dcf5-d238-3247-9ea1-83872e6c3b48", "names": null, "subtype": "pedestrian", "class": "bench", "surface": null}}, {"type": "Feature", "geometry": {"type": "Point", "coordinates": [16.8186745, 48.7925373]}, "properties": {"id": "51ed9033-a4ff-3710-b3e7-7dee2c6f77a9", "names": null, "subtype": "transit", "class": "bicycle_parking", "surface": null}}, {"type": "Feature", "geometry": {"type": "Point", "coordinates": [16.8186855, 48.792585]}, "properties": {"id": "d064fa4e-b5a7-3382-98fe-d955bd4d7f5c", "names": null, "subtype": "pedestrian", "class": "bench", "surface": null}}, {"type": "Feature", "geometry": {"type": "Point", "coordinates": [16.8186505, 48.7926353]}, "properties": {"id": "a547899c-caa9-3cc4-89e5-d3027f11e74e", "names": null, "subtype": "waste_management", "class": "waste_basket", "surface": null}}, {"type": "Feature", "geometry": {"type": "Point", "coordinates": [16.8185878, 48.7926705]}, "properties": {"id": "d419bfea-fab0-3d71-9e06-35818c458209", "names": null, "subtype": "pedestrian", "class": "bench", "surface": null}}, {"type": "Feature", "geometry": {"type": "Point", "coordinates": [16.8189076, 48.7935356]}, "properties": {"id": "e863ea5c-7732-339d-9ff2-b1b0d7ff7511", "names": null, "subtype": "power", "class": "power_pole", "surface": null}}, {"type": "Feature", "geometry": {"type": "Point", "coordinates": [16.8180118, 48.7936845]}, "properties": {"id": "e835a76b-62e7-34a2-9267-8042c0f9b776", "names": null, "subtype": "power", "class": "power_pole", "surface": null}}, {"type": "Feature", "geometry": {"type": "Point", "coordinates": [16.8194139, 48.798933]}, "properties": {"id": "81491bd2-ca4d-3bf7-9119-2fa7f8a4ddbb", "names": null, "subtype": "power", "class": "power_pole", "surface": null}}, {"type": "Feature", "geometry": {"type": "Point", "coordinates": [16.8192811, 48.7982192]}, "properties": {"id": "4dd5b312-d874-3235-83ce-4a7c8bfa466e", "names": null, "subtype": "power", "class": "power_pole", "surface": null}}, {"type": "Feature", "geometry": {"type": "Point", "coordinates": [16.8191524, 48.7974259]}, "properties": {"id": "124cbf5a-abf5-3ac5-97d0-cc2d18ad7d80", "names": null, "subtype": "power", "class": "power_pole", "surface": null}}, {"type": "Feature", "geometry": {"type": "Point", "coordinates": [16.8185261, 48.7970911]}, "properties": {"id": "c0e26ac4-f8c8-3622-921a-6319221145ff", "names": null, "subtype": "power", "class": "power_pole", "surface": null}}, {"type": "Feature", "geometry": {"type": "LineString", "coordinates": [[16.8159713, 48.7964586], [16.8167759, 48.7965376], [16.8176718, 48.7966366], [16.8185261, 48.7970911], [16.8191524, 48.7974259], [16.8192811, 48.7982192], [16.8194139, 48.798933], [16.8195494, 48.7998005], [16.819662, 48.8006088], [16.8198082, 48.8014904], [16.8199342, 48.8023861], [16.8200657, 48.8032747], [16.8202172, 48.8040741], [16.8203245, 48.8047454]]}, "properties": {"id": "bcf15f64-324a-3262-963e-6e823b1e1d77", "names": null, "subtype": "power", "class": "minor_line", "surface": null}}, {"type": "Feature", "geometry": {"type": "Point", "coordinates": [16.8199342, 48.8023861]}, "properties": {"id": "d267f1a6-f3a8-32b9-b3df-0002d68b1315", "names": null, "subtype": "power", "class": "power_pole", "surface": null}}, {"type": "Feature", "geometry": {"type": "Point", "coordinates": [16.8200657, 48.8032747]}, "properties": {"id": "2fa2ea59-f202-33af-8c82-6fdf15877854", "names": null, "subtype": "power", "class": "power_pole", "surface": null}}, {"type": "Feature", "geometry": {"type": "Point", "coordinates": [16.8202172, 48.8040741]}, "properties": {"id": "ff6d2232-f18e-39c0-ba47-09d7f905a8f1", "names": null, "subtype": "power", "class": "power_pole", "surface": null}}, {"type": "Feature", "geometry": {"type": "Point", "coordinates": [16.8203245, 48.8047454]}, "properties": {"id": "35462302-a9f6-3393-920b-043a8f231fd1", "names": null, "subtype": "power", "class": "power_pole", "surface": null}}, {"type": "Feature", "geometry": {"type": "LineString", "coordinates": [[16.8203815, 48.8046075], [16.8204339, 48.8046693]]}, "properties": {"id": "d11d4664-8b2d-31b5-9593-7016055f4cf7", "names": null, "subtype": "bridge", "class": "bridge", "surface": "dirt"}}, {"type": "Feature", "geometry": {"type": "Point", "coordinates": [16.8198082, 48.8014904]}, "properties": {"id": "5b86d748-1546-3349-90bf-392d5c8bdeb2", "names": null, "subtype": "power", "class": "power_pole", "surface": null}}, {"type": "Feature", "geometry": {"type": "Point", "coordinates": [16.819662, 48.8006088]}, "properties": {"id": "90875707-fd1f-382f-9213-507af0c8e867", "names": null, "subtype": "power", "class": "power_pole", "surface": null}}, {"type": "Feature", "geometry": {"type": "Point", "coordinates": [16.8195494, 48.7998005]}, "properties": {"id": "dd7e885f-3873-30e7-b0df-53f49ae49374", "names": null, "subtype": "power", "class": "power_pole", "surface": null}}, {"type": "Feature", "geometry": {"type": "LineString", "coordinates": [[16.8310559, 48.8044204], [16.8311846, 48.8044492]]}, "properties": {"id": "e6628724-a0c0-3729-beba-5f6a913531c8", "names": null, "subtype": "pier", "class": "pier", "surface": null}}, {"type": "Feature", "geometry": {"type": "Point", "coordinates": [16.8310559, 48.8044204]}, "properties": {"id": "ffc6d851-1d25-3bce-8a89-b0d91226f123", "names": {"primary": "Janohrad", "common": null, "rules": null}, "subtype": "transit", "class": "ferry_terminal", "surface": null}}, {"type": "Feature", "geometry": {"type": "Point", "coordinates": [16.8312055, 48.8044922]}, "properties": {"id": "17d9d41c-5404-309b-bf3a-5a94948d2b66", "names": null, "subtype": "pedestrian", "class": "bench", "surface": null}}, {"type": "Feature", "geometry": {"type": "Point", "coordinates": [16.8313046, 48.8044671]}, "properties": {"id": "1679b7fe-03aa-3bb5-b444-35f42edba0ee", "names": null, "subtype": "pedestrian", "class": "bench", "surface": null}}, {"type": "Feature", "geometry": {"type": "Point", "coordinates": [16.8312593, 48.8044638]}, "properties": {"id": "15403736-8efb-36a9-a171-d8ad79d7997d", "names": null, "subtype": "pedestrian", "class": "bench", "surface": null}}, {"type": "Feature", "geometry": {"type": "Point", "coordinates": [16.8302413, 48.7889515]}, "properties": {"id": "30dc93c6-72b9-3640-b74a-4799d2e0f97c", "names": null, "subtype": "power", "class": "power_pole", "surface": null}}, {"type": "Feature", "geometry": {"type": "Point", "coordinates": [16.8288444, 48.7901223]}, "properties": {"id": "021738d4-a43c-3f54-89d6-462b5bafd87f", "names": null, "subtype": "power", "class": "power_tower", "surface": null}}, {"type": "Feature", "geometry": {"type": "Point", "coordinates": [16.8294125, 48.7894533]}, "properties": {"id": "ab66baf3-2188-3120-a853-f464bc092db7", "names": null, "subtype": "power", "class": "power_pole", "surface": null}}, {"type": "Feature", "geometry": {"type": "Point", "coordinates": [16.828467, 48.7900188]}, "properties": {"id": "216c1f45-40f8-3851-9bd9-ee8b885bd60c", "names": null, "subtype": "power", "class": "power_pole", "surface": null}}, {"type": "Feature", "geometry": {"type": "Point", "coordinates": [16.8248809, 48.7921804]}, "properties": {"id": "64d933af-e9c1-3529-99a9-4ef10fc09246", "names": null, "subtype": "power", "class": "power_pole", "surface": null}}, {"type": "Feature", "geometry": {"type": "Point", "coordinates": [16.8259498, 48.7920199]}, "properties": {"id": "94e81d7d-b8bb-3ebc-b5cb-b754efea9d4f", "names": null, "subtype": "power", "class": "power_tower", "surface": null}}, {"type": "Feature", "geometry": {"type": "Point", "coordinates": [16.8261275, 48.7914281]}, "properties": {"id": "79898af5-d61e-3408-9300-218d378f42b4", "names": null, "subtype": "power", "class": "power_pole", "surface": null}}, {"type": "Feature", "geometry": {"type": "Point", "coordinates": [16.8272795, 48.7907345]}, "properties": {"id": "860102bd-e96b-3142-8baf-25246ea7a863", "names": null, "subtype": "power", "class": "power_pole", "surface": null}}, {"type": "Feature", "geometry": {"type": "Point", "coordinates": [16.8263496, 48.7862156]}, "properties": {"id": "8781f3dc-5631-3476-bce5-9c173f24e639", "names": {"primary": "ATC Apollo", "common": null, "rules": null}, "subtype": "recreation", "class": "camp_site", "surface": null}}, {"type": "Feature", "geometry": {"type": "LineString", "coordinates": [[16.82518, 48.7871263], [16.8251404, 48.7871375]]}, "properties": {"id": "7f938e92-af5c-3cbc-a1f4-20b7b39b25f1", "names": null, "subtype": "bridge", "class": "bridge", "surface": null}}, {"type": "Feature", "geometry": {"type": "Point", "coordinates": [16.8261575, 48.7857567]}, "properties": {"id": "f9e50193-9778-3104-a13c-3f91cb4e5f6a", "names": null, "subtype": "pedestrian", "class": "post_box", "surface": null}}, {"type": "Feature", "geometry": {"type": "Point", "coordinates": [16.8259028, 48.7856385]}, "properties": {"id": "8a7ea2c2-2b73-3c0b-8368-27068c3e781b", "names": {"primary": "Lednice, Apollo", "common": null, "rules": null}, "subtype": "transit", "class": "stop_position", "surface": null}}, {"type": "Feature", "geometry": {"type": "Point", "coordinates": [16.8259134, 48.7856038]}, "properties": {"id": "7209c081-18f4-3936-9a77-19f11340324d", "names": {"primary": "Lednice, Apollo", "common": null, "rules": null}, "subtype": "transit", "class": "bus_stop", "surface": null}}, {"type": "Feature", "geometry": {"type": "Polygon", "coordinates": [[[16.8264585, 48.7853782], [16.8263329, 48.785331], [16.8262922, 48.7853234], [16.8262488, 48.7853292], [16.8261179, 48.7853747], [16.8260779, 48.7853331], [16.8260568, 48.7853053], [16.8261117, 48.7852465], [16.8261391, 48.7852331], [16.8266098, 48.7851322], [16.8266314, 48.7851654], [16.8266452, 48.7851917], [16.8266505, 48.7852564], [16.8266205, 48.7853205], [16.8265948, 48.7853444], [16.8265353, 48.7853598], [16.8264585, 48.7853782]]]}, "properties": {"id": "75dda32e-d326-3f9a-a578-ecb1766dc7bd", "names": null, "subtype": "transit", "class": "parking", "surface": "gravel"}}, {"type": "Feature", "geometry": {"type": "Point", "coordinates": [16.8263026, 48.7857077]}, "properties": {"id": "ea2c99b3-417f-31ac-9c83-b869d4b78e3e", "names": null, "subtype": "barrier", "class": "lift_gate", "surface": null}}, {"type": "Feature", "geometry": {"type": "Point", "coordinates": [16.8264061, 48.7857593]}, "properties": {"id": "8892e82e-3c38-3c04-b1bb-e6ab39fd9c9c", "names": null, "subtype": "pedestrian", "class": "toilets", "surface": null}}, {"type": "Feature", "geometry": {"type": "Point", "coordinates": [16.8265242, 48.7854291]}, "properties": {"id": "cdbbef85-f3b3-32af-898f-58604c3e7123", "names": {"primary": "Apollo (ATC, koup.)", "common": null, "rules": null}, "subtype": "pedestrian", "class": "information", "surface": null}}, {"type": "Feature", "geometry": {"type": "Point", "coordinates": [16.8267726, 48.7854358]}, "properties": {"id": "8c3b37fc-6be8-3c76-abf4-4e140a05fc29", "names": {"primary": "Lednice, Apollo", "common": null, "rules": null}, "subtype": "transit", "class": "stop_position", "surface": null}}, {"type": "Feature", "geometry": {"type": "Point", "coordinates": [16.8268103, 48.7854964]}, "properties": {"id": "8d07dc1d-38ae-34f2-b4f0-ae29ead7fcaf", "names": {"primary": "Lednice, Apollo", "common": null, "rules": null}, "subtype": "transit", "class": "bus_stop", "surface": null}}, {"type": "Feature", "geometry": {"type": "Point", "coordinates": [16.8273775, 48.7857166]}, "properties": {"id": "9ee2d66e-6e76-35c1-9a84-aa588f2c6285", "names": {"primary": "Kemp Apollo", "common": null, "rules": null}, "subtype": "recreation", "class": "camp_site", "surface": null}}, {"type": "Feature", "geometry": {"type": "LineString", "coordinates": [[16.8161329, 48.7977161], [16.8160222, 48.7969957], [16.8159713, 48.7964586], [16.8158975, 48.7958313], [16.8158399, 48.7951219], [16.8165936, 48.7945963], [16.8172735, 48.7941483], [16.8180118, 48.7936845], [16.8189076, 48.7935356], [16.8197291, 48.7933969], [16.8212908, 48.7931407], [16.8228518, 48.7928814], [16.8240414, 48.7926826], [16.8248809, 48.7921804], [16.8261275, 48.7914281], [16.8272795, 48.7907345], [16.828467, 48.7900188], [16.8294125, 48.7894533], [16.8302413, 48.7889515], [16.8311533, 48.7881982], [16.8319371, 48.787551], [16.832711, 48.7869113], [16.8327311, 48.7861054], [16.832758, 48.7853913], [16.8331629, 48.7845821], [16.8336001, 48.783572], [16.8339609, 48.7827202], [16.8341097, 48.7818789], [16.8344879, 48.7816067], [16.8349104, 48.7812974], [16.8358733, 48.7806029], [16.8368268, 48.7799162], [16.8378326, 48.7792649], [16.8388356, 48.7786189], [16.8399395, 48.7779123], [16.8408287, 48.7773365], [16.8412236, 48.7772314], [16.8414637, 48.7771682], [16.841524, 48.7771244], [16.8415865, 48.7770808]]}, "properties": {"id": "9f409dc3-83f9-38b1-be81-75200c44b78a", "names": null, "subtype": "power", "class": "minor_line", "surface": null}}, {"type": "Feature", "geometry": {"type": "Point", "coordinates": [16.8311533, 48.7881982]}, "properties": {"id": "ab978314-23e6-327d-9724-4735dd5af4d9", "names": null, "subtype": "power", "class": "power_pole", "surface": null}}, {"type": "Feature", "geometry": {"type": "Point", "coordinates": [16.8310594, 48.7886297]}, "properties": {"id": "baa497b5-9167-3708-8f6d-cebf17e767a9", "names": null, "subtype": "power", "class": "power_tower", "surface": null}}, {"type": "Feature", "geometry": {"type": "Point", "coordinates": [16.832758, 48.7853913]}, "properties": {"id": "d212234f-5881-35aa-a111-bdc7b6083890", "names": null, "subtype": "power", "class": "power_pole", "surface": null}}, {"type": "Feature", "geometry": {"type": "Point", "coordinates": [16.8330196, 48.7856245]}, "properties": {"id": "c369f9dd-4c59-39d9-a2f3-d44328657284", "names": null, "subtype": "power", "class": "power_tower", "surface": null}}, {"type": "Feature", "geometry": {"type": "Point", "coordinates": [16.8319371, 48.787551]}, "properties": {"id": "1cbd8e17-2c37-3569-a5a2-c36ad38f7a39", "names": null, "subtype": "power", "class": "power_pole", "surface": null}}, {"type": "Feature", "geometry": {"type": "Point", "coordinates": [16.832711, 48.7869113]}, "properties": {"id": "03773216-d4e5-3a78-b201-7dde97cf6fff", "names": null, "subtype": "power", "class": "power_pole", "surface": null}}, {"type": "Feature", "geometry": {"type": "Point", "coordinates": [16.8327311, 48.7861054]}, "properties": {"id": "fac299fd-71a4-3e16-afb4-e066033030ef", "names": null, "subtype": "power", "class": "power_pole", "surface": null}}, {"type": "Feature", "geometry": {"type": "Point", "coordinates": [16.8331313, 48.7872122]}, "properties": {"id": "38093461-51b5-3b27-8195-d4e651a1a9c5", "names": null, "subtype": "power", "class": "power_tower", "surface": null}}, {"type": "Feature", "geometry": {"type": "Point", "coordinates": [16.8331629, 48.7845821]}, "properties": {"id": "3b1b712a-e1c6-36f8-aa3d-7d8b06ff6c3b", "names": null, "subtype": "power", "class": "power_pole", "surface": null}}, {"type": "Feature", "geometry": {"type": "Point", "coordinates": [16.831945, 48.8033223]}, "properties": {"id": "732d861c-dc36-3851-982f-c88b362890d2", "names": {"primary": "Jan\u016fv hrad (odbo\u010dka)", "common": null, "rules": [{"variant": "official", "language": null, "perspectives": null, "value": "Jan\u016fv hrad (odb.)", "between": null, "side": null}]}, "subtype": "pedestrian", "class": "information", "surface": null}}, {"type": "Feature", "geometry": {"type": "Point", "coordinates": [16.8321614, 48.8044469]}, "properties": {"id": "974a9c52-ae47-367d-9035-c828f21a5e86", "names": null, "subtype": "pedestrian", "class": "bench", "surface": null}}, {"type": "Feature", "geometry": {"type": "Point", "coordinates": [16.8325685, 48.8041762]}, "properties": {"id": "3f3a2006-61c1-3d68-bca0-08a6f7d2273d", "names": {"primary": "Jan\u016fv hrad", "common": null, "rules": null}, "subtype": "pedestrian", "class": "information", "surface": null}}, {"type": "Feature", "geometry": {"type": "Point", "coordinates": [16.8328618, 48.8038911]}, "properties": {"id": "dc64343f-a4b9-32a3-82eb-35d9a1d8ec44", "names": null, "subtype": "barrier", "class": "bollard", "surface": null}}, {"type": "Feature", "geometry": {"type": "LineString", "coordinates": [[16.8331409, 48.8036696], [16.8328618, 48.8038911]]}, "properties": {"id": "4bf91427-16f7-30a6-95fd-44c5c3ef610c", "names": null, "subtype": "bridge", "class": "bridge", "surface": "wood"}}, {"type": "Feature", "geometry": {"type": "Point", "coordinates": [16.8331054, 48.8035938]}, "properties": {"id": "88682de7-03bf-3b4b-9e89-5b662968bda7", "names": null, "subtype": "pedestrian", "class": "bench", "surface": null}}, {"type": "Feature", "geometry": {"type": "Point", "coordinates": [16.8335049, 48.802546]}, "properties": {"id": "a33597c0-001c-39c5-a2e3-6edbc1c4fcb0", "names": {"primary": "U Janova hradu", "common": null, "rules": null}, "subtype": "pedestrian", "class": "information", "surface": null}}, {"type": "Feature", "geometry": {"type": "Point", "coordinates": [16.8338724, 48.8025528]}, "properties": {"id": "d025c6bd-31ac-3584-bfc0-7eda4db46aab", "names": {"primary": "U Janova hradu", "common": null, "rules": null}, "subtype": "pedestrian", "class": "information", "surface": null}}, {"type": "Feature", "geometry": {"type": "Point", "coordinates": [16.8336244, 48.8025237]}, "properties": {"id": "3b8540ba-62b5-34de-8d30-8e9f50c0d757", "names": null, "subtype": "pedestrian", "class": "information", "surface": null}}, {"type": "Feature", "geometry": {"type": "Point", "coordinates": [16.8332011, 48.8033891]}, "properties": {"id": "75a13cec-87f1-317b-a574-9f16961663c2", "names": null, "subtype": "pedestrian", "class": "toilets", "surface": null}}, {"type": "Feature", "geometry": {"type": "Point", "coordinates": [16.8331412, 48.803585]}, "properties": {"id": "aa4d529b-478e-3d0e-b7c7-a2fd82619e3b", "names": {"primary": "J\u00edzdy ko\u0148sk\u00fdm povozem k z\u00e1mku", "common": null, "rules": null}, "subtype": "pedestrian", "class": "information", "surface": null}}, {"type": "Feature", "geometry": {"type": "Point", "coordinates": [16.8331409, 48.8036696]}, "properties": {"id": "a0f122d0-d9e7-386d-9915-fd40645b63b6", "names": null, "subtype": "barrier", "class": "bollard", "surface": null}}, {"type": "Feature", "geometry": {"type": "LineString", "coordinates": [[16.8351701, 48.7965375], [16.8350903, 48.7965308]]}, "properties": {"id": "14864898-7428-35e5-a9f0-0694eeb2668f", "names": null, "subtype": "bridge", "class": "bridge", "surface": null}}, {"type": "Feature", "geometry": {"type": "LineString", "coordinates": [[16.7002921, 49.109965], [16.7018849, 49.1097967], [16.7059728, 49.1093446], [16.710649, 49.1079719], [16.7144884, 49.106844], [16.7189571, 49.1053609], [16.7234183, 49.1038704], [16.7271964, 49.1026125], [16.731073, 49.1013165], [16.7350275, 49.0999886], [16.7393465, 49.0985532], [16.7433652, 49.0972103], [16.7479786, 49.095666], [16.7526107, 49.0941144], [16.7570539, 49.09264], [16.7616331, 49.0911175], [16.7650536, 49.089972], [16.7676909, 49.0890863], [16.7699949, 49.0876781], [16.7738131, 49.0853623], [16.7776241, 49.0830639], [16.7812034, 49.0808649], [16.7854765, 49.0783128], [16.789011, 49.0761769], [16.7933349, 49.0735397], [16.7956846, 49.0721019], [16.8001134, 49.0694281], [16.803618, 49.0673029], [16.8063259, 49.0654863], [16.8096854, 49.0632203], [16.8135552, 49.060659], [16.8156945, 49.0591893], [16.8188399, 49.0570995], [16.822443, 49.0547071], [16.8245681, 49.0532622], [16.8282608, 49.0507942], [16.8304553, 49.0493286], [16.8312617, 49.047169], [16.8325005, 49.0436743], [16.8335156, 49.0409057], [16.8344647, 49.0383088], [16.8355277, 49.0354044], [16.8365865, 49.0324603], [16.837825, 49.0291718], [16.8388196, 49.0263824], [16.8428158, 49.0242271], [16.8454891, 49.0227646], [16.8482946, 49.0212567], [16.851555, 49.0194928], [16.8547442, 49.0177621], [16.8578034, 49.0161015], [16.8617502, 49.0139504], [16.86596, 49.0116641], [16.8696756, 49.0096409], [16.8739073, 49.00734], [16.877672, 49.0052859], [16.8815698, 49.0031676], [16.8853366, 49.0011369], [16.8888395, 48.9992293], [16.8933695, 48.9967635], [16.8954003, 48.9944161], [16.8979883, 48.9914224], [16.8997741, 48.988719], [16.9018283, 48.9855865], [16.903567, 48.982992], [16.9059144, 48.9793737], [16.9071661, 48.9775146], [16.909286, 48.9743078], [16.9108243, 48.9719601], [16.9130239, 48.968623], [16.9149046, 48.965765], [16.9168455, 48.9628404], [16.9188241, 48.9598342], [16.9207264, 48.9569389], [16.9226833, 48.9539235], [16.92478, 48.9508252], [16.9254697, 48.9484665], [16.9296187, 48.9467084], [16.9338809, 48.9449088], [16.9378894, 48.9432288], [16.9420227, 48.9415412], [16.9451555, 48.9401689], [16.9497422, 48.9382696], [16.9536368, 48.936633], [16.9578453, 48.9348517], [16.9611827, 48.9334275], [16.9615635, 48.9298535], [16.9618973, 48.926754], [16.9621627, 48.9245379], [16.9624571, 48.9219049], [16.9627738, 48.9189233], [16.9632611, 48.9152896], [16.963395, 48.9135033], [16.9638721, 48.9102863], [16.9642788, 48.9073121], [16.9646814, 48.9044044], [16.9650473, 48.9020072], [16.9653446, 48.8993707], [16.9657164, 48.8964997], [16.9661686, 48.8935494], [16.9665808, 48.8904654], [16.9648303, 48.8877202], [16.9632666, 48.8851713], [16.9615193, 48.8824449], [16.9604886, 48.8808283], [16.9583297, 48.8773412], [16.9563808, 48.8743378], [16.9552041, 48.8723531], [16.9532453, 48.8691849], [16.9514871, 48.866569], [16.9519678, 48.8633816], [16.9524581, 48.860055], [16.95282, 48.8575537], [16.9530685, 48.8554268], [16.9533653, 48.8528562], [16.9537387, 48.850179], [16.9541263, 48.8475897], [16.9544993, 48.8444876], [16.9550254, 48.8413592], [16.9554799, 48.8381631], [16.9559189, 48.8348548], [16.9563418, 48.8317807], [16.9567501, 48.8288389], [16.9557098, 48.8262029], [16.954492, 48.8231334], [16.9533459, 48.820271], [16.9522121, 48.8175832], [16.9513542, 48.8152686], [16.950143, 48.8121627], [16.9488648, 48.8089935], [16.9476201, 48.8058479], [16.9464836, 48.8029013], [16.9497222, 48.8005813], [16.9528301, 48.7984004], [16.9562098, 48.7959861], [16.9595644, 48.7936018], [16.9586956, 48.7909463], [16.957672, 48.7876967], [16.9568989, 48.7852285], [16.9560824, 48.7826944], [16.9552369, 48.7799813], [16.9546732, 48.7780817], [16.9538429, 48.7755103], [16.9522836, 48.7727533], [16.9506339, 48.7697475], [16.9490888, 48.7669727], [16.9474043, 48.763947], [16.9457473, 48.7609708], [16.9440791, 48.7579093], [16.9425291, 48.755078], [16.9407867, 48.7520782], [16.939268, 48.7492273], [16.9413834, 48.7463886], [16.9421403, 48.7454385], [16.9434985, 48.743526], [16.9474418, 48.7422492], [16.9516311, 48.7408616], [16.956086, 48.7394206], [16.9605962, 48.7379458], [16.9645519, 48.736647], [16.9671415, 48.7354798], [16.969914, 48.7341922], [16.9737103, 48.732458], [16.977316, 48.7308206], [16.9826114, 48.731226], [16.9871363, 48.7294319], [16.9912903, 48.7278001], [16.9957147, 48.7263275], [17.000572, 48.7246891], [17.0049697, 48.72319], [17.0098149, 48.721563], [17.0123732, 48.7207137], [17.0139847, 48.7185095], [17.0162852, 48.7153674], [17.0184595, 48.7123862], [17.0206797, 48.7093952], [17.0228045, 48.7064507], [17.0250135, 48.7034549], [17.027297, 48.7003365], [17.0291605, 48.6977764], [17.0308477, 48.6954664], [17.0323837, 48.6933969], [17.0348712, 48.691123], [17.0374245, 48.6887862], [17.0399393, 48.6864834], [17.0424179, 48.6842182], [17.0451744, 48.6817037], [17.0477757, 48.67931], [17.0499492, 48.6773486], [17.052381, 48.6751243], [17.0547349, 48.6729687], [17.0567186, 48.6711765], [17.059201, 48.6688951], [17.0574609, 48.6659171], [17.0555961, 48.6627896], [17.0537889, 48.6597165], [17.051894, 48.6564938], [17.0500265, 48.6533272], [17.0485595, 48.6508276], [17.0467826, 48.6478121], [17.0450204, 48.6448191], [17.0430911, 48.6415625], [17.0412631, 48.6384484], [17.039357, 48.6352278], [17.0375947, 48.6321816], [17.0361249, 48.6297247], [17.0345456, 48.6270354], [17.0327324, 48.6239577], [17.0309267, 48.6208762], [17.0290867, 48.6177573], [17.0271963, 48.614546], [17.025514, 48.6116874], [17.0237821, 48.6087553], [17.0239516, 48.6073287], [17.0243431, 48.6041593], [17.0247761, 48.6007714], [17.025212, 48.5973072], [17.02562, 48.593959], [17.0260271, 48.5906308], [17.0264473, 48.5873212], [17.0267802, 48.5845753], [17.027141, 48.5815948], [17.0276032, 48.5779191], [17.0280044, 48.5745709], [17.028436, 48.5711159], [17.0287718, 48.5684634], [17.0291128, 48.5656956], [17.0294614, 48.5628537], [17.0298304, 48.5598299], [17.0280991, 48.5573621], [17.0264989, 48.5550822], [17.0247407, 48.5526251], [17.0224736, 48.5494192], [17.021138, 48.5475236], [17.0194306, 48.5451074], [17.0171952, 48.5419505], [17.0151612, 48.5390943], [17.0134658, 48.5370266], [17.0114748, 48.5346155], [17.0098338, 48.5325778], [17.0076588, 48.5299552], [17.0060832, 48.5280484], [17.0074142, 48.5250968], [17.0089141, 48.5217958], [17.0101665, 48.519032], [17.0114638, 48.5161442], [17.0129199, 48.5129613], [17.0143986, 48.5097179], [17.0144204, 48.5065733], [17.0144441, 48.5032356], [17.0144737, 48.4999196], [17.0145304, 48.4967519], [17.0145433, 48.4933577], [17.0145849, 48.4900215], [17.0146184, 48.486574], [17.0135059, 48.48384], [17.0123445, 48.4810232], [17.0110066, 48.4777559], [17.0098614, 48.4749128], [17.0088287, 48.472297], [17.0054545, 48.4703374], [17.0016913, 48.4681322], [16.9982444, 48.4661106], [16.9945968, 48.4639776], [16.9904823, 48.4615517], [16.9871564, 48.4595987], [16.9833047, 48.4573521], [16.9794382, 48.4551251], [16.9758804, 48.4530135], [16.9719692, 48.4507195], [16.9684963, 48.4487108], [16.9653982, 48.4468811], [16.9621636, 48.4449876], [16.9589717, 48.4431128], [16.958615, 48.4406439], [16.9582113, 48.4379683], [16.9578157, 48.4352357], [16.9573678, 48.4322823], [16.956935, 48.4294194], [16.956437, 48.4261249], [16.9559516, 48.4228232], [16.9554446, 48.4194678], [16.9549547, 48.4162011], [16.9545315, 48.4132424], [16.954152, 48.41081], [16.953717, 48.407879], [16.953369, 48.4055], [16.952945, 48.402715], [16.952537, 48.399912], [16.9511904, 48.3970921], [16.9496088, 48.3937692], [16.9481923, 48.3907492], [16.9466889, 48.3875538], [16.9452418, 48.3845496], [16.9439061, 48.3816762], [16.9427528, 48.3792356], [16.9416262, 48.3768315], [16.9403977, 48.37424], [16.9392847, 48.3718774], [16.9398144, 48.3689659], [16.9403884, 48.3657487], [16.9409047, 48.3628929], [16.9413687, 48.3603803], [16.9419427, 48.3571811], [16.942361, 48.3549051], [16.9428366, 48.3523784], [16.947114, 48.3520747], [16.9523684, 48.3516825], [16.9570675, 48.3513325], [16.9612808, 48.3510223], [16.9653718, 48.350711], [16.9700368, 48.3503815], [16.9748895, 48.3500093], [16.9786539, 48.3497427], [16.9839312, 48.3493369], [16.9862541, 48.349167], [16.9879325, 48.3462008], [16.9895969, 48.343265], [16.9910302, 48.3407406], [16.9925327, 48.3381044], [16.9941558, 48.3352624], [16.9950505, 48.3336748], [16.9966491, 48.3308159], [16.9983956, 48.327743], [17.0001409, 48.3246729], [17.0019138, 48.321558], [17.0034416, 48.3188546], [17.0066701, 48.3172316], [17.0105871, 48.3152738], [17.0141542, 48.3134827], [17.0173021, 48.3119187], [17.0200378, 48.3106117], [17.0226912, 48.3093557], [17.0253593, 48.3080689], [17.0282211, 48.3067175], [17.0296496, 48.3057855]]}, "properties": {"id": "ec5e4ef5-fa73-301b-9467-7e86b380ea73", "names": null, "subtype": "power", "class": "power_line", "surface": null}}, {"type": "Feature", "geometry": {"type": "LineString", "coordinates": [[17.6621291, 48.337823], [17.6619957, 48.3378545], [17.6618076, 48.3378982], [17.6613182, 48.3380108], [17.6611988, 48.3380419], [17.659862, 48.338477], [17.6590256, 48.3406033], [17.6578348, 48.3437321], [17.656676, 48.3468376], [17.6559787, 48.34854], [17.6561771, 48.3509268], [17.65644, 48.3541531], [17.6566063, 48.3570654], [17.6568477, 48.3604391], [17.6570998, 48.3638073], [17.6573714, 48.3671394], [17.6575611, 48.370299], [17.6577972, 48.373189], [17.6579876, 48.3762785], [17.6582693, 48.3792786], [17.6584522, 48.3825645], [17.6586689, 48.3854726], [17.6589505, 48.3887518], [17.6591973, 48.3920932], [17.6594065, 48.395324], [17.6596157, 48.398323], [17.6599161, 48.4019665], [17.6601253, 48.4046945], [17.6603185, 48.4075434], [17.6604794, 48.4099969], [17.6606671, 48.4126853], [17.6608093, 48.4152391], [17.6610963, 48.4182468], [17.6592617, 48.4197661], [17.6564239, 48.4222448], [17.6533715, 48.4248471], [17.6504318, 48.4273247], [17.6474224, 48.4299161], [17.6443489, 48.4325358], [17.6412804, 48.4351447], [17.6382978, 48.4376859], [17.635165, 48.4403621], [17.6321502, 48.4429315], [17.629071, 48.4455612], [17.6263298, 48.4478919], [17.6230414, 48.4506921], [17.6203538, 48.4529977], [17.6184709, 48.4545809], [17.615837, 48.4568293], [17.6128704, 48.4593623], [17.6102419, 48.4615963], [17.6070983, 48.4642428], [17.6040567, 48.4668501], [17.6009775, 48.4694748], [17.5983439, 48.4717438], [17.5959189, 48.473764], [17.5929792, 48.4762677], [17.5902272, 48.4786183], [17.5867457, 48.4800229], [17.5831033, 48.4814844], [17.5786079, 48.4832268], [17.5748045, 48.4847699], [17.5712318, 48.4862313], [17.5674886, 48.4876186], [17.5632668, 48.4893198], [17.558927, 48.491069], [17.5552094, 48.4927061], [17.5515375, 48.4941886], [17.5474176, 48.4958683], [17.5430885, 48.4975959], [17.5392369, 48.4992204], [17.5355462, 48.5005782], [17.5311151, 48.5023981], [17.5278911, 48.5036848], [17.5251177, 48.5054868], [17.5214485, 48.5079143], [17.5183049, 48.5099471], [17.5151614, 48.5120297], [17.5121411, 48.5140024], [17.5090996, 48.515999], [17.5060311, 48.5179818], [17.5033006, 48.5197975], [17.5010941, 48.5213605], [17.4979362, 48.5236526], [17.4954686, 48.525429], [17.4922768, 48.5277205], [17.4888167, 48.5302179], [17.4853823, 48.5326796], [17.4820093, 48.5351449], [17.4790803, 48.5372158], [17.4752224, 48.5399772], [17.4736766, 48.542326], [17.4724534, 48.5442106], [17.4712855, 48.5459904], [17.4697037, 48.5484178], [17.4682221, 48.550682], [17.4664502, 48.5533983], [17.464894, 48.5558001], [17.4637649, 48.557536], [17.4610267, 48.561706], [17.4585989, 48.5654176], [17.4577138, 48.5668127], [17.4558718, 48.5695796], [17.4548982, 48.5710529], [17.4532925, 48.5735057], [17.4518998, 48.5756248], [17.4499242, 48.5784774], [17.4482027, 48.5812516], [17.4467919, 48.5833879], [17.445381, 48.5855526], [17.4439594, 48.5877101], [17.4425486, 48.5898178], [17.4412504, 48.5918083], [17.4419531, 48.5947], [17.442275, 48.5960588], [17.4429456, 48.5988332], [17.4434659, 48.6010646], [17.4439916, 48.6032391], [17.4444852, 48.6053001], [17.4450162, 48.6075135], [17.4455902, 48.6098899], [17.4461267, 48.6125181], [17.4467811, 48.6151674], [17.4475125, 48.6182087], [17.4486061, 48.6214255], [17.4494526, 48.6241108], [17.4502787, 48.6266106], [17.4510834, 48.6289826], [17.4519041, 48.6313509], [17.4527732, 48.6339532], [17.4538031, 48.6371083], [17.4551603, 48.6410714], [17.4565658, 48.6452681], [17.4573437, 48.6475612], [17.4580089, 48.6495566], [17.458776, 48.6518744], [17.4577192, 48.6547448], [17.4564693, 48.6581502], [17.4556807, 48.6602763], [17.4549726, 48.6622144], [17.4540541, 48.6648193], [17.4524781, 48.6688645], [17.4515769, 48.6713479], [17.4505845, 48.6740685], [17.4497316, 48.6763001], [17.4484924, 48.6796651], [17.4476984, 48.6818434], [17.4460784, 48.6862244], [17.4453917, 48.6879809], [17.4445442, 48.6903536], [17.4435839, 48.6929351], [17.4425915, 48.6956191], [17.4416474, 48.6981295], [17.4409339, 48.7002609], [17.4400981, 48.702907], [17.4388525, 48.7060175], [17.4370297, 48.7069853], [17.4334463, 48.7088261], [17.4280067, 48.7116792], [17.4258502, 48.7127907], [17.4233708, 48.7140458], [17.421011, 48.7152754], [17.4187582, 48.7164542], [17.416161, 48.7177976], [17.4131258, 48.7193456], [17.4100027, 48.7209333], [17.4064767, 48.7226953], [17.4043687, 48.7237795], [17.4019882, 48.7250596], [17.3999605, 48.7261637], [17.39804, 48.7271262], [17.3954233, 48.7284687], [17.3924181, 48.7299712], [17.3897906, 48.731349], [17.3865602, 48.7338774], [17.3841687, 48.7357788], [17.3813245, 48.7380452], [17.3793778, 48.7395422], [17.3748477, 48.7430797], [17.3723445, 48.7450856], [17.3699924, 48.7469485], [17.3662588, 48.7498813], [17.3639777, 48.7516334], [17.360605, 48.7543288], [17.3573204, 48.7569015], [17.3550347, 48.758684], [17.3524099, 48.7607635], [17.3496968, 48.7628551], [17.3480429, 48.7642117], [17.3453391, 48.7665635], [17.3417614, 48.7691103], [17.339917, 48.7705647], [17.3373201, 48.77261], [17.33483, 48.7745603], [17.3321401, 48.7766759], [17.3294131, 48.7788678], [17.3257662, 48.7816904], [17.3222633, 48.7844423], [17.3196245, 48.7865115], [17.315908, 48.7894254], [17.3127628, 48.7919199], [17.309901, 48.7942091], [17.3068231, 48.7966018], [17.3047141, 48.7982637], [17.3025131, 48.7999688], [17.2991372, 48.8026676], [17.2971041, 48.8041923], [17.2945176, 48.8062568], [17.2900794, 48.8097068], [17.2877249, 48.8115791], [17.2850358, 48.813635], [17.2838869, 48.8145329], [17.2810183, 48.81681], [17.2782505, 48.8189917], [17.2766469, 48.8217977], [17.2756367, 48.8237715], [17.2739249, 48.826823], [17.2727021, 48.8291062], [17.2711113, 48.8319266], [17.2695305, 48.8348524], [17.2681415, 48.8373097], [17.2663557, 48.8405921], [17.2648277, 48.8432998], [17.262989, 48.8466079], [17.2618778, 48.8486754], [17.2598736, 48.8507777], [17.2573403, 48.8532933], [17.2553428, 48.8553997], [17.2534379, 48.8573667], [17.2506599, 48.8602171], [17.2484375, 48.8624711], [17.2457058, 48.8652994], [17.2429476, 48.8681493], [17.2413337, 48.8697504], [17.2401894, 48.8708946], [17.238053, 48.8728567], [17.2356652, 48.8750667], [17.2332586, 48.8772686], [17.230957, 48.8794468], [17.2280946, 48.8821564], [17.2255096, 48.8845455], [17.2226311, 48.8872166], [17.2194897, 48.8901282], [17.2182503, 48.8912845], [17.2163841, 48.8930003], [17.2150512, 48.8956847], [17.2133815, 48.8991346], [17.2122496, 48.9014435], [17.2095931, 48.904377], [17.2064761, 48.9078595], [17.203777, 48.9108866], [17.2012836, 48.9136325], [17.1992844, 48.9158724], [17.1972116, 48.9182013], [17.1949386, 48.9207614], [17.1928854, 48.9229926], [17.1907714, 48.925325], [17.1883908, 48.9280323], [17.1861037, 48.9304997], [17.1839756, 48.932881], [17.1815908, 48.9355726], [17.1778258, 48.936058], [17.1729056, 48.9367431], [17.1663295, 48.9375543], [17.1626908, 48.9386173], [17.1588743, 48.9396741], [17.1547255, 48.9408528], [17.150793, 48.9420056], [17.1472625, 48.9431095], [17.1426191, 48.944347], [17.1380046, 48.9456151], [17.1333719, 48.9469601], [17.1289397, 48.9482072], [17.1250106, 48.9493545], [17.1206598, 48.9505675], [17.1167288, 48.9499459], [17.1125337, 48.9492135], [17.1074961, 48.9483205], [17.1030901, 48.9475395], [17.0982307, 48.9466518], [17.094012, 48.9459422], [17.0891432, 48.9450668], [17.0861078, 48.9445599], [17.0821557, 48.9426185], [17.0788631, 48.9410303], [17.0751052, 48.9391643], [17.0720135, 48.9376423], [17.0680183, 48.9371219], [17.0633541, 48.9365418], [17.0605806, 48.9361977], [17.0565303, 48.9356724], [17.0517738, 48.9350425], [17.0469377, 48.9344096], [17.0422888, 48.933789], [17.0389353, 48.9334205], [17.0326352, 48.9324841], [17.0279324, 48.9319235], [17.0240165, 48.9313987], [17.0191991, 48.930791], [17.0140953, 48.9301159], [17.0101993, 48.9296027], [17.0068646, 48.9291879], [17.0012942, 48.9284351], [16.9973562, 48.9279557], [16.9937034, 48.9274702], [16.990336, 48.9270246], [16.98463, 48.9262564], [16.9805984, 48.9257371], [16.9777407, 48.9269355], [16.9733397, 48.9288683], [16.9706251, 48.9299807], [16.965671, 48.9320274], [16.9617156, 48.9336786], [16.9581902, 48.9352167], [16.9538247, 48.9370329], [16.950921, 48.9382408], [16.9469789, 48.9399091], [16.9436718, 48.9412864], [16.9399479, 48.9428634], [16.9373088, 48.9439712], [16.9340281, 48.9453483], [16.9306085, 48.9467818], [16.9271161, 48.9482675], [16.9257734, 48.950283], [16.9238883, 48.953128], [16.922077, 48.9559078], [16.9203173, 48.9584849], [16.9182985, 48.9616136], [16.9159984, 48.9650875], [16.9140154, 48.9681727], [16.9118266, 48.9714641], [16.9103112, 48.973785], [16.9079431, 48.9773576], [16.9065012, 48.9795065], [16.9042391, 48.9829446], [16.9033461, 48.9843553], [16.9017719, 48.9867687], [16.900158, 48.9891386], [16.8985566, 48.9915788], [16.8956552, 48.9960224], [16.8937299, 48.9970253], [16.889106, 48.9995935], [16.8854152, 49.0016504], [16.8815392, 49.0036941], [16.878285, 49.0054991], [16.8750307, 49.007239], [16.8724511, 49.0086621], [16.8682907, 49.0109138], [16.8654929, 49.0124322], [16.8622651, 49.0141848], [16.8587198, 49.016124], [16.8561799, 49.0174991], [16.8529455, 49.0192645], [16.85069, 49.0205094], [16.8484676, 49.0216762], [16.8457955, 49.0231163], [16.8432093, 49.0245476], [16.8393796, 49.0266121], [16.8381096, 49.0300773], [16.8372894, 49.0323757], [16.8364825, 49.0346697], [16.8357086, 49.0367424], [16.834485, 49.0400335], [16.8336119, 49.0425005], [16.8323684, 49.0457348], [16.83174, 49.047534], [16.8310588, 49.0495498], [16.8287107, 49.0510411], [16.8246495, 49.0538023], [16.8228372, 49.055003], [16.8192059, 49.0574433], [16.816838, 49.0589907], [16.8146619, 49.0604903], [16.810905, 49.0630214], [16.8072671, 49.065496], [16.8040856, 49.0675501], [16.8001567, 49.0699681], [16.7953679, 49.0728237], [16.7934035, 49.0740586], [16.7894018, 49.0764806], [16.786227, 49.0783826], [16.7825825, 49.0806008], [16.7800889, 49.0821648], [16.7781509, 49.0833258], [16.7740449, 49.0856823], [16.7705592, 49.0879045], [16.7680788, 49.0894119], [16.7649767, 49.0903865], [16.7611536, 49.09166], [16.7569734, 49.093059], [16.7531238, 49.094393], [16.7486261, 49.0959002], [16.744141, 49.0974355], [16.7405692, 49.0986171], [16.7363414, 49.1000154], [16.7317523, 49.1015509], [16.7271505, 49.1030698], [16.7236867, 49.1042278], [16.7192787, 49.105697], [16.7146773, 49.1072308], [16.7105766, 49.1084059], [16.7061317, 49.1097909]]}, "properties": {"id": "82a508f2-fe1a-3434-8d69-a57bd4d46310", "names": {"primary": "V424 Sokolnice - Kri\u017eovany", "common": null, "rules": null}, "subtype": "power", "class": "power_line", "surface": null}}]}