{"type": "FeatureCollection", "features": [{"type": "Feature", "geometry": {"type": "Polygon", "coordinates": [[[17.000754580247527, 49.0005], [15.999245419752471, 49.0005], [15.999245419752471, 47.9995], [17.000754580247527, 47.9995], [17.000754580247527, 49.0005]]]}, "properties": {"id": "41705285-1047-37a5-b440-b71a9b16abe1", "names": null, "subtype": "land", "class": "land", "surface": null}}, {"type": "Feature", "geometry": {"type": "MultiPolygon", "coordinates": [[[[17.4356991, 48.5177518], [17.4383067, 48.5198563], [17.4394793, 48.5207857], [17.4401417, 48.5213372], [17.4425461, 48.5233567], [17.4435224, 48.524065], [17.4439017, 48.5251652], [17.4431907, 48.5263386], [17.4423933, 48.5273631], [17.4433659, 48.5295773], [17.4438212, 48.5308975], [17.4447147, 48.5321742], [17.4445592, 48.53324], [17.4434856, 48.534677], [17.4417078, 48.5364989], [17.4405238, 48.5372116], [17.4397438, 48.5373765], [17.4390636, 48.5383368], [17.4382062, 48.5390806], [17.4373648, 48.5398571], [17.4363257, 48.540814], [17.4374197, 48.5414583], [17.4391213, 48.5416396], [17.4416892, 48.5418049], [17.4439881, 48.5415943], [17.4454102, 48.5414706], [17.4491966, 48.5414273], [17.4509086, 48.5415374], [17.4514954, 48.5412165], [17.4517682, 48.5400866], [17.4519807, 48.5386619], [17.4522791, 48.5373224], [17.4535699, 48.5366165], [17.4553888, 48.5367334], [17.4577771, 48.5373889], [17.4598963, 48.5376684], [17.4638204, 48.5374183], [17.466899, 48.5370421], [17.4701398, 48.5370349], [17.4734012, 48.5368854], [17.4746504, 48.5364634], [17.4759099, 48.5359704], [17.4776424, 48.535938], [17.4795129, 48.5356992], [17.480762, 48.5352772], [17.4823875, 48.5352379], [17.4874677, 48.5352044], [17.4919202, 48.535776], [17.495558, 48.5360086], [17.496846, 48.536808], [17.4966258, 48.5375828], [17.4952531, 48.5388576], [17.4935039, 48.5397498], [17.4916477, 48.5406352], [17.4911269, 48.5412473], [17.4924768, 48.5416205], [17.4947239, 48.5417641], [17.495687, 48.5418256], [17.4981647, 48.5411234], [17.500667, 48.5409963], [17.5024861, 48.5411125], [17.5034286, 48.541316], [17.5045131, 48.5420307], [17.5056798, 48.5418952], [17.5057303, 48.541546], [17.5057262, 48.5408409], [17.5063532, 48.540176], [17.5071257, 48.5392384], [17.5093303, 48.5386741], [17.5130822, 48.53842], [17.5162274, 48.5386909], [17.5191522, 48.5390182], [17.5214662, 48.5391656], [17.5244414, 48.5391435], [17.5269412, 48.5387387], [17.5287293, 48.5388524], [17.5299511, 48.5392121], [17.5311529, 48.5397114], [17.532941, 48.5398251], [17.5344941, 48.5393599], [17.5363078, 48.5385589], [17.5377053, 48.5384362], [17.5404053, 48.5381143], [17.5428345, 48.538198], [17.5463255, 48.5382786], [17.5481638, 48.5380428], [17.5524615, 48.537681], [17.5549858, 48.537841], [17.5581212, 48.5381807], [17.5594834, 48.5390423], [17.5608757, 48.5396943], [17.5622432, 48.5397809], [17.5643019, 48.5394883], [17.5650281, 48.5396048], [17.5664607, 48.5399774], [17.5672069, 48.5414343], [17.5676877, 48.5425219], [17.5676877, 48.5440021], [17.567377, 48.5461675], [17.5664199, 48.5491377], [17.5650069, 48.5515858], [17.565122, 48.5530027], [17.5658334, 48.553964], [17.5675169, 48.5540705], [17.5692705, 48.553688], [17.571961, 48.5534352], [17.5730984, 48.5536481], [17.5736442, 48.554452], [17.5742459, 48.5552712], [17.5748021, 48.5565751], [17.5758343, 48.5567812], [17.5773675, 48.5564552], [17.5801883, 48.5552941], [17.5824828, 48.5540998], [17.5863754, 48.5528653], [17.5903231, 48.5519865], [17.5955432, 48.5511173], [17.5986498, 48.5516654], [17.5996774, 48.5526464], [17.5994425, 48.5535478], [17.5988873, 48.5552044], [17.5984119, 48.5563022], [17.5989734, 48.5568309], [17.6009727, 48.5569568], [17.6033431, 48.5574584], [17.6057135, 48.5579599], [17.6088106, 48.5585776], [17.6101044, 48.5599276], [17.6103914, 48.5616372], [17.6107837, 48.5633533], [17.6113211, 48.5647967], [17.6104504, 48.5664335], [17.6082369, 48.5685497], [17.6067201, 48.5709917], [17.6060043, 48.5722858], [17.6062957, 48.5732204], [17.6074236, 48.5735027], [17.6081306, 48.5737586], [17.6096641, 48.5734321], [17.6119344, 48.5731519], [17.614566, 48.5733172], [17.6171976, 48.5734825], [17.620741, 48.5732115], [17.6224252, 48.5733172], [17.6250568, 48.5734823], [17.6273072, 48.5733415], [17.6285902, 48.573281], [17.631361, 48.5724679], [17.6333611, 48.5725932], [17.6347652, 48.5731745], [17.6358695, 48.5743713], [17.6371545, 48.5757909], [17.6376074, 48.5770878], [17.6375339, 48.5783518], [17.6372757, 48.5801681], [17.6359149, 48.5822677], [17.6361771, 48.5834118], [17.6372399, 48.5834078], [17.6386026, 48.5827884], [17.6406567, 48.5817892], [17.6430066, 48.5809496], [17.646191, 48.5817125], [17.6498363, 48.5822223], [17.6534718, 48.5828018], [17.6572325, 48.583248], [17.6598611, 48.5841873], [17.6630523, 48.5856549], [17.6658063, 48.5864609], [17.6674317, 48.5869851], [17.6689385, 48.5883475], [17.6705145, 48.589221], [17.6740683, 48.5911337], [17.677665, 48.594247], [17.6783791, 48.5952076], [17.6794355, 48.5967533], [17.6811634, 48.5980588], [17.6831415, 48.599098], [17.6849749, 48.60041], [17.6883028, 48.6016739], [17.6928555, 48.6032956], [17.69756, 48.6053494], [17.7018661, 48.6064622], [17.7049448, 48.607992], [17.7067791, 48.6093036], [17.7073394, 48.6106068], [17.7086766, 48.6116763], [17.7093817, 48.6127065], [17.7104984, 48.6138328], [17.7108945, 48.6155486], [17.7114353, 48.6169915], [17.711594, 48.6181289], [17.7121279, 48.6188666], [17.7131226, 48.619351], [17.7142058, 48.6192066], [17.7156366, 48.618939], [17.7170116, 48.6196621], [17.7175329, 48.6212447], [17.7175542, 48.6233601], [17.7170752, 48.6260084], [17.7159934, 48.628408], [17.7144308, 48.6312006], [17.7118633, 48.6335788], [17.70972, 48.6352079], [17.7066446, 48.6374135], [17.7068918, 48.6383826], [17.7069185, 48.6384876], [17.7086584, 48.6397228], [17.7108033, 48.6403489], [17.712421, 48.6409423], [17.7144971, 48.6420573], [17.7161051, 48.6427205], [17.7185861, 48.6432262], [17.7196895, 48.642942], [17.7204007, 48.6424222], [17.7215728, 48.641649], [17.7230049, 48.6405395], [17.7247506, 48.6402245], [17.7286143, 48.6399697], [17.7315072, 48.6405711], [17.7324142, 48.6416841], [17.7337625, 48.6426833], [17.7355449, 48.6428637], [17.7370086, 48.6437996], [17.738058, 48.6454146], [17.7385313, 48.6473464], [17.7379797, 48.6490037], [17.7383794, 48.6499444], [17.7395368, 48.6507909], [17.7410228, 48.650812], [17.7426534, 48.6505601], [17.7449732, 48.6507029], [17.7465427, 48.6516451], [17.7471783, 48.6539392], [17.7482403, 48.6547093], [17.748699, 48.6552308], [17.7498959, 48.6557977], [17.7510559, 48.655869], [17.7524321, 48.6574335], [17.7537302, 48.6595569], [17.7545576, 48.6620036], [17.7545238, 48.6637632], [17.7538279, 48.6656936], [17.7531047, 48.6670585], [17.7531982, 48.6679098], [17.7546358, 48.6682801], [17.7565273, 48.668222], [17.7574166, 48.6687688], [17.7588732, 48.6700393], [17.7592903, 48.6718364], [17.7595054, 48.6740149], [17.7592253, 48.6760153], [17.7592004, 48.6777853], [17.759739, 48.6792455], [17.7601509, 48.6805502], [17.7600416, 48.6813309], [17.7602802, 48.6822805], [17.7607193, 48.6833901], [17.7598483, 48.6858955], [17.7588069, 48.6869634], [17.7590196, 48.687567], [17.7623411, 48.6882629], [17.7652819, 48.6884926], [17.768033, 48.6895471], [17.7708566, 48.6911472], [17.7741431, 48.692628], [17.775916, 48.69377], [17.7778148, 48.6956086], [17.7790435, 48.6974553], [17.7796418, 48.6995587], [17.7789678, 48.7011905], [17.7782541, 48.7025739], [17.7758586, 48.7037559], [17.7740609, 48.7043839], [17.7732691, 48.7047291], [17.773235, 48.704973], [17.7739641, 48.7056082], [17.7749867, 48.7068026], [17.7748558, 48.7082709], [17.7751672, 48.7097662], [17.7749899, 48.7110348], [17.7753777, 48.7114522], [17.7763088, 48.711706], [17.777722, 48.7122354], [17.7784004, 48.7127667], [17.7794536, 48.7142113], [17.7793897, 48.7157328], [17.7790663, 48.7164512], [17.7796604, 48.7175209], [17.7805508, 48.7180674], [17.7812882, 48.7181125], [17.7820324, 48.7181089], [17.7828968, 48.7183093], [17.7831929, 48.7189158], [17.7832221, 48.7197071], [17.7831199, 48.7204389], [17.7831119, 48.7210289], [17.783788, 48.7215132], [17.7844244, 48.7217489], [17.785678, 48.7218255], [17.7877576, 48.7213129], [17.7902319, 48.7211688], [17.7924262, 48.7214977], [17.7932134, 48.7221874], [17.7932112, 48.7232699], [17.7927518, 48.7249641], [17.7928777, 48.7256607], [17.794178, 48.7259369], [17.795358, 48.7260089], [17.7969532, 48.7263031], [17.7980663, 48.7263218], [17.7993938, 48.7264028], [17.80119, 48.7268568], [17.8022079, 48.7275585], [17.8032326, 48.7282115], [17.8039352, 48.7290416], [17.8046048, 48.7295745], [17.8059324, 48.7296554], [17.8075541, 48.7302955], [17.8087128, 48.731055], [17.8096834, 48.7320982], [17.8103658, 48.7330747], [17.8104988, 48.7337225], [17.8117383, 48.7344376], [17.8128167, 48.7352414], [17.8135856, 48.7366659], [17.8136779, 48.7376065], [17.8136897, 48.7385913], [17.8131376, 48.7398863], [17.8120292, 48.7409014], [17.8105687, 48.7418735], [17.8104713, 48.7419383], [17.8088125, 48.7431658], [17.8080058, 48.7441501], [17.8075554, 48.7447131], [17.8082049, 48.7453923], [17.8082496, 48.7466744], [17.8084418, 48.7479655], [17.8081778, 48.7493272], [17.8079876, 48.7506934], [17.8071672, 48.7517752], [17.805204, 48.754116], [17.8046583, 48.7553621], [17.8046308, 48.7557374], [17.8045757, 48.7564888], [17.8050301, 48.7575007], [17.8058875, 48.758291], [17.8075111, 48.7583898], [17.8088734, 48.7582267], [17.810195, 48.7583564], [17.8110661, 48.7590491], [17.8111322, 48.7596436], [17.8120245, 48.7596487], [17.8127431, 48.7592987], [17.8140588, 48.7589359], [17.8156552, 48.7592299], [17.816842, 48.7597941], [17.8176453, 48.7609747], [17.8182603, 48.762439], [17.8182841, 48.7644087], [17.8184012, 48.7651839], [17.8185166, 48.7659482], [17.819393, 48.7676745], [17.8204647, 48.7690681], [17.8221141, 48.770054], [17.8244883, 48.7711823], [17.8271382, 48.7719337], [17.8298086, 48.7725386], [17.8319494, 48.7726685], [17.8337814, 48.772878], [17.8352984, 48.7726747], [17.836426, 48.7725955], [17.8383264, 48.7717758], [17.8400113, 48.771435], [17.8412392, 48.7717062], [17.8422383, 48.772554], [17.8433647, 48.7735571], [17.8454115, 48.7738286], [17.8465995, 48.7738513], [17.8477874, 48.773874], [17.8493377, 48.7739678], [17.8500687, 48.7746025], [17.8500543, 48.7756504], [17.8503012, 48.7761715], [17.8508478, 48.7763733], [17.8514005, 48.7760693], [17.8526089, 48.7761002], [17.8542196, 48.7769147], [17.8560773, 48.7782504], [17.8584358, 48.7796585], [17.8618818, 48.7815119], [17.8635905, 48.7825431], [17.8641443, 48.7846713], [17.8647694, 48.788013], [17.8653147, 48.7904157], [17.8669929, 48.7900146], [17.8709038, 48.7892449], [17.8772058, 48.7884755], [17.8866929, 48.7866764], [17.8932394, 48.7857054], [17.895513, 48.7857702], [17.898012, 48.7857767], [17.898693, 48.7863018], [17.8993665, 48.7860469], [17.8994125, 48.7857122], [17.8992743, 48.7848603], [17.8994296, 48.7837306], [17.8994756, 48.7829319], [17.8993259, 48.7821636], [17.8986928, 48.7811975], [17.8980597, 48.7806955], [17.896995, 48.7796191], [17.8958785, 48.7789193], [17.8944743, 48.7784552], [17.8931277, 48.7775728], [17.892535, 48.7767779], [17.892207, 48.7759145], [17.8922704, 48.7749902], [17.8931912, 48.7743285], [17.894227, 48.773758], [17.8948313, 48.7726131], [17.8952974, 48.7715444], [17.896454, 48.7710233], [17.897507, 48.7703272], [17.8977256, 48.7696654], [17.8972193, 48.768707], [17.8970466, 48.768106], [17.8972135, 48.7668927], [17.8978866, 48.7657098], [17.8995148, 48.7645421], [17.9007977, 48.7640286], [17.9032141, 48.7636253], [17.9053195, 48.7622331], [17.9078563, 48.7604871], [17.9087707, 48.759403], [17.909012, 48.7581098], [17.909121, 48.7568508], [17.9081544, 48.7559914], [17.9068945, 48.7554096], [17.9062098, 48.7548201], [17.9058415, 48.7537856], [17.9058298, 48.7529412], [17.9056398, 48.7520017], [17.9052715, 48.7509672], [17.9051332, 48.7496512], [17.9054378, 48.7483618], [17.9065189, 48.7469925], [17.9070419, 48.7455053], [17.9071855, 48.7444593], [17.9068229, 48.743383], [17.9067478, 48.7416067], [17.9067015, 48.7400854], [17.9068393, 48.7390812], [17.9072992, 48.7385183], [17.9083858, 48.7375711], [17.9090354, 48.7370195], [17.9089836, 48.736468], [17.9079944, 48.7357759], [17.906919, 48.7352473], [17.9065221, 48.734422], [17.9067287, 48.7324518], [17.9070848, 48.7307858], [17.9075906, 48.7303522], [17.9084242, 48.7298538], [17.9095854, 48.7292908], [17.9106316, 48.7286364], [17.9107695, 48.7280963], [17.9102231, 48.7274308], [17.9085788, 48.7273321], [17.9067161, 48.7274312], [17.9046808, 48.7269293], [17.9029215, 48.7258112], [17.9016566, 48.7243431], [17.9011908, 48.7230917], [17.9008228, 48.7220572], [17.9009032, 48.7210074], [17.9004835, 48.7203495], [17.8998051, 48.7197181], [17.899397, 48.7189764], [17.8981381, 48.7179305], [17.8973333, 48.7172915], [17.8971551, 48.7167324], [17.8972873, 48.7157701], [17.8970114, 48.7149942], [17.8952814, 48.7141308], [17.8944997, 48.7133245], [17.8938733, 48.7118525], [17.8938044, 48.7104985], [17.8937413, 48.7091026], [17.8933333, 48.7074328], [17.8927243, 48.7062994], [17.89196, 48.7053675], [17.8910694, 48.704428], [17.8901674, 48.7031081], [17.8885529, 48.7014079], [17.8874441, 48.7002021], [17.887427, 48.6993995], [17.8877489, 48.6989127], [17.8887142, 48.6983803], [17.8886741, 48.6977451], [17.8881456, 48.6969539], [17.8871804, 48.6965583], [17.8861233, 48.696368], [17.8847272, 48.6958621], [17.8836932, 48.6950404], [17.8827801, 48.6938041], [17.8816086, 48.6916664], [17.8801215, 48.6890456], [17.8787841, 48.685801], [17.8777916, 48.6823663], [17.876535, 48.679], [17.875904, 48.6771058], [17.8760422, 48.6761017], [17.8763583, 48.6756567], [17.876215, 48.6748465], [17.8760549, 48.6732338], [17.8761015, 48.671507], [17.8764985, 48.6695483], [17.8776077, 48.667042], [17.8781593, 48.6662737], [17.8791003, 48.6652246], [17.879446, 48.6644524], [17.8796119, 48.6632463], [17.8795191, 48.6610199], [17.8795846, 48.6588032], [17.8797072, 48.6579117], [17.8800887, 48.6574588], [17.8805709, 48.6574351], [17.8810676, 48.6567248], [17.881219, 48.6556236], [17.881421, 48.6541553], [17.8814574, 48.6527299], [17.8819614, 48.6513856], [17.8835303, 48.6498411], [17.8836168, 48.6492119], [17.8829119, 48.6485348], [17.8799262, 48.648196], [17.8774804, 48.6474137], [17.8761569, 48.6465935], [17.8724164, 48.6453629], [17.8700355, 48.6446902], [17.8664391, 48.6435737], [17.8658137, 48.6429014], [17.8650729, 48.6424864], [17.8637639, 48.6421428], [17.8631096, 48.6416802], [17.8628083, 48.6403929], [17.8627589, 48.6390152], [17.8634287, 48.6376281], [17.865358, 48.6352068], [17.8662293, 48.6335147], [17.866834, 48.6325995], [17.8672873, 48.6322039], [17.8674754, 48.6302589], [17.8680518, 48.6283903], [17.8685846, 48.6274179], [17.8695925, 48.6253109], [17.8702837, 48.6237665], [17.8707952, 48.6217882], [17.8714214, 48.6207157], [17.8725362, 48.6201486], [17.8730973, 48.619548], [17.8731697, 48.618442], [17.8719045, 48.6177839], [17.8700283, 48.6169301], [17.8693241, 48.616253], [17.869073, 48.6151803], [17.869678, 48.6131019], [17.8703326, 48.6124012], [17.8712536, 48.6109235], [17.872081, 48.609546], [17.8728221, 48.608216], [17.8732324, 48.6069719], [17.8740234, 48.6064381], [17.8751884, 48.6055039], [17.8755265, 48.6047841], [17.8750524, 48.6041738], [17.8741038, 48.6035348], [17.8728534, 48.6027718], [17.8716319, 48.601799], [17.8707697, 48.6011123], [17.8705905, 48.6000968], [17.8699658, 48.5988429], [17.8700602, 48.5969979], [17.8695143, 48.5963304], [17.8678617, 48.5955958], [17.8673949, 48.594933], [17.8661094, 48.5932689], [17.8638108, 48.5914376], [17.8618928, 48.5903168], [17.8605282, 48.5892294], [17.8600904, 48.5883568], [17.8585538, 48.5867831], [17.8570814, 48.5859007], [17.8561767, 48.5849469], [17.8551502, 48.5837213], [17.8546336, 48.582844], [17.8539155, 48.5822716], [17.8522057, 48.5819563], [17.85148, 48.582018], [17.8500135, 48.5828279], [17.8478067, 48.5838043], [17.8443135, 48.5848611], [17.8425885, 48.5852322], [17.8413885, 48.585265], [17.8399303, 48.5848591], [17.8383647, 48.5840764], [17.836958, 48.5827218], [17.8358253, 48.5805378], [17.8351445, 48.5791215], [17.8351103, 48.5776389], [17.835414, 48.5760181], [17.8361411, 48.5747933], [17.837385, 48.5738643], [17.8378387, 48.5728873], [17.8384367, 48.5714431], [17.8401335, 48.5701186], [17.8421963, 48.5690279], [17.8443163, 48.5680992], [17.8451432, 48.5673034], [17.8450792, 48.5666121], [17.8425896, 48.5638698], [17.8415204, 48.5629587], [17.8409832, 48.561657], [17.8405598, 48.5612611], [17.8394183, 48.5608744], [17.8388232, 48.5599921], [17.8383157, 48.557899], [17.8388633, 48.5562402], [17.8403444, 48.554744], [17.841308, 48.5535336], [17.8421353, 48.5521562], [17.8427189, 48.5502353], [17.8446452, 48.548396], [17.8458166, 48.5474096], [17.8462922, 48.5456936], [17.8463868, 48.5444303], [17.8457428, 48.5421703], [17.8450411, 48.5403298], [17.844856, 48.5387851], [17.8446559, 48.5379269], [17.844815, 48.5367733], [17.8458229, 48.5358175], [17.8472463, 48.5359232], [17.8477026, 48.5348866], [17.8480985, 48.5337474], [17.8474546, 48.5314874], [17.8461069, 48.5297134], [17.8443489, 48.5291834], [17.8423463, 48.5292731], [17.8408897, 48.5288672], [17.8401442, 48.5279229], [17.8400889, 48.5260159], [17.8397606, 48.5243567], [17.8386995, 48.5233932], [17.8363465, 48.5225625], [17.832782, 48.5207061], [17.8311114, 48.5195467], [17.8293482, 48.5179057], [17.8271035, 48.5168699], [17.8265881, 48.5159924], [17.8266968, 48.5152058], [17.8275875, 48.5145199], [17.8288656, 48.5139104], [17.829463, 48.5124662], [17.829744, 48.5115844], [17.8299888, 48.5109648], [17.8302126, 48.5099209], [17.8297833, 48.5089958], [17.8295046, 48.5081327], [17.8299506, 48.5072081], [17.8301454, 48.506374], [17.8297524, 48.5051867], [17.8288932, 48.503918], [17.8278754, 48.5032214], [17.8269358, 48.5031112], [17.8246257, 48.5031289], [17.8236716, 48.5031235], [17.8219438, 48.5023835], [17.8211419, 48.5012769], [17.8205841, 48.5001324], [17.8189349, 48.4983402], [17.8175091, 48.4970196], [17.8154473, 48.4958245], [17.8142346, 48.493859], [17.8126766, 48.4917079], [17.8119646, 48.4905953], [17.8108409, 48.4888818], [17.8106859, 48.4882145], [17.8108568, 48.4860868], [17.8097333, 48.4843734], [17.8085986, 48.4827415], [17.8083903, 48.4806728], [17.8086515, 48.4778928], [17.8090113, 48.4761879], [17.8103311, 48.4738016], [17.8127206, 48.4717275], [17.8138483, 48.4707275], [17.8150451, 48.4683336], [17.8163855, 48.4666887], [17.8183164, 48.4652443], [17.8189985, 48.463888], [17.8192563, 48.462917], [17.8185883, 48.4623827], [17.8170846, 48.4616329], [17.8146113, 48.4607415], [17.8134995, 48.4589466], [17.8126781, 48.4568404], [17.8111551, 48.4544446], [17.8108904, 48.4527837], [17.810916, 48.4508117], [17.8118011, 48.4479876], [17.8134426, 48.44595], [17.8148036, 48.4450465], [17.8157954, 48.4450249], [17.8174902, 48.4443885], [17.818706, 48.4436405], [17.8188299, 48.4427435], [17.8190215, 48.4413573], [17.8171394, 48.4406665], [17.8165393, 48.439643], [17.816876, 48.4381011], [17.8181493, 48.4360409], [17.8194775, 48.4344775], [17.8200591, 48.4342904], [17.8218072, 48.4337154], [17.8239579, 48.4333535], [17.8254397, 48.4333618], [17.82633, 48.4340741], [17.8273982, 48.4346325], [17.8282894, 48.4350984], [17.8297363, 48.4362558], [17.8312395, 48.4370055], [17.8337895, 48.4382302], [17.8366184, 48.4392251], [17.8392135, 48.4401235], [17.8397692, 48.4414731], [17.8412155, 48.4435349], [17.8413811, 48.4450251], [17.8412014, 48.4463299], [17.8410217, 48.4476346], [17.8426806, 48.4490515], [17.8438054, 48.4498601], [17.8439261, 48.4516766], [17.8440253, 48.4527516], [17.8463977, 48.4543763], [17.8478904, 48.4552073], [17.8478007, 48.4558597], [17.8468302, 48.4566229], [17.8465505, 48.4577571], [17.8471177, 48.4590251], [17.8474398, 48.4602782], [17.8470927, 48.4619017], [17.8470806, 48.4628877], [17.8485174, 48.4641265], [17.8487057, 48.4654536], [17.8481021, 48.4671437], [17.8475209, 48.4686707], [17.8490029, 48.4695833], [17.8487896, 48.4711327], [17.8489892, 48.4723783], [17.8500247, 48.4738392], [17.8511838, 48.4744032], [17.8524536, 48.4759606], [17.8530669, 48.4759979], [17.8541939, 48.4749974], [17.8565914, 48.4746498], [17.8579959, 48.4752285], [17.8579392, 48.4765408], [17.8577822, 48.4776825], [17.8582939, 48.4793582], [17.8599544, 48.4807748], [17.8635329, 48.4826367], [17.8657072, 48.4830154], [17.8678593, 48.4835572], [17.8710259, 48.4848183], [17.8743596, 48.486665], [17.8752288, 48.4884445], [17.8750722, 48.4895862], [17.8739677, 48.4904237], [17.8740008, 48.4910836], [17.8755395, 48.4924925], [17.8755056, 48.4936416], [17.8767545, 48.4944574], [17.8769101, 48.4960292], [17.8772887, 48.4977789], [17.8783036, 48.4984982], [17.8799323, 48.4983502], [17.881762, 48.4976387], [17.8835581, 48.4971718], [17.8853095, 48.4970311], [17.8869046, 48.4971276], [17.8883881, 48.4980396], [17.8892581, 48.4989145], [17.890686, 48.4993298], [17.8909648, 48.5000044], [17.8921361, 48.5004864], [17.8938541, 48.5005902], [17.8964311, 48.5007459], [17.8971005, 48.5012797], [17.897346, 48.502199], [17.897201, 48.5032592], [17.8968998, 48.5045567], [17.8964981, 48.5056836], [17.8965428, 48.5062619], [17.8970783, 48.5068698], [17.8977366, 48.5074851], [17.8979263, 48.5079077], [17.8976586, 48.5089605], [17.8973239, 48.5105026], [17.897257, 48.5118964], [17.8974579, 48.5131419], [17.8988416, 48.5138833], [17.9007275, 48.5145727], [17.9021447, 48.5150694], [17.9031603, 48.5157885], [17.9035511, 48.5174566], [17.9033839, 48.5186799], [17.9024467, 48.5201034], [17.9015094, 48.5215269], [17.900985, 48.5226464], [17.9000364, 48.5241515], [17.8992107, 48.5265684], [17.8986192, 48.5281772], [17.8981393, 48.529875], [17.8983626, 48.5309574], [17.8989878, 48.5318174], [17.9004948, 48.5325662], [17.9025935, 48.533515], [17.9031407, 48.5349459], [17.9029958, 48.5360061], [17.9036881, 48.5372812], [17.9042688, 48.5384674], [17.9053856, 48.5402615], [17.9065247, 48.5418924], [17.9066925, 48.5433826], [17.9063467, 48.5450063], [17.9066708, 48.5462592], [17.9081227, 48.5474156], [17.9094626, 48.5475785], [17.9099431, 48.5485942], [17.9105349, 48.5487943], [17.9116627, 48.5486978], [17.9127905, 48.5486012], [17.9146219, 48.5487937], [17.9154261, 48.5492532], [17.9171235, 48.5495198], [17.9177381, 48.5504613], [17.9184866, 48.5513285], [17.9195592, 48.5525442], [17.9203524, 48.5530852], [17.9212123, 48.5531369], [17.922731, 48.5528994], [17.9249422, 48.5530323], [17.926662, 48.5531356], [17.9284936, 48.5533279], [17.9300351, 48.5538316], [17.9313642, 48.5540758], [17.9330737, 48.5551651], [17.9331978, 48.5569815], [17.9330423, 48.5581233], [17.932183, 48.5589761], [17.930553, 48.5600294], [17.9291466, 48.5612605], [17.9287897, 48.5620613], [17.9296837, 48.5627728], [17.9308352, 48.5643219], [17.9314391, 48.5653449], [17.9319986, 48.566694], [17.9331607, 48.5672571], [17.9343007, 48.5679833], [17.9348936, 48.5690877], [17.9352963, 48.5697697], [17.9362794, 48.5698286], [17.9372966, 48.5705474], [17.9375542, 48.5713851], [17.9373987, 48.5725269], [17.9376476, 48.5726223], [17.9383256, 48.5720891], [17.9398337, 48.5719329], [17.9430844, 48.5717166], [17.9459553, 48.5715597], [17.9496191, 48.571039], [17.9521545, 48.5706152], [17.954835, 48.5700356], [17.9596045, 48.5695808], [17.9615486, 48.5698615], [17.9618853, 48.5710326], [17.9616186, 48.5720856], [17.9605701, 48.5734207], [17.9592648, 48.5748226], [17.959256, 48.5767131], [17.9594022, 48.5774619], [17.9599049, 48.5774097], [17.961145, 48.5774016], [17.9614142, 48.5781576], [17.9625437, 48.5789651], [17.9638392, 48.5785492], [17.965045, 48.5778812], [17.9661857, 48.5786071], [17.9677823, 48.577798], [17.9690667, 48.5774635], [17.9716037, 48.5779438], [17.9733355, 48.5779649], [17.9751336, 48.5774966], [17.9769663, 48.577688], [17.9784412, 48.577776], [17.9800391, 48.5778712], [17.9819837, 48.5781515], [17.9827779, 48.5786921], [17.9831025, 48.5790403], [17.984275, 48.5786168], [17.9851795, 48.5783418], [17.9859832, 48.5778963], [17.9864622, 48.5771027], [17.9877338, 48.5759451], [17.9889061, 48.5755215], [17.990504, 48.5756166], [17.9911974, 48.5759867], [17.9924172, 48.5770459], [17.9932353, 48.5783278], [17.9943213, 48.5794612], [17.9942349, 48.5810182], [17.993378, 48.582776], [17.9933678, 48.5834892], [17.9933356, 48.5840067], [17.9939521, 48.5849478], [17.9949924, 48.5855029], [17.9968034, 48.5858572], [17.997374, 48.58622], [17.9980126, 48.5869979], [17.9988089, 48.5884429], [17.9987447, 48.5898367], [17.9997188, 48.5903822], [18.0012593, 48.5909753], [18.0016672, 48.5903545], [18.0040697, 48.5885621], [18.006309, 48.5879783], [18.0086747, 48.5872586], [18.0117042, 48.5872233], [18.0133903, 48.5875382], [18.0144256, 48.5886746], [18.014837, 48.5896307], [18.0158896, 48.5898364], [18.0170763, 48.5890467], [18.0194514, 48.5882557], [18.0210686, 48.5882798], [18.0220542, 48.5889832], [18.0232352, 48.5898414], [18.0231013, 48.5908369], [18.0233675, 48.592071], [18.0242843, 48.5924836], [18.0256586, 48.5927082], [18.0267612, 48.5933468], [18.0281567, 48.5942177], [18.0283137, 48.594657], [18.0292689, 48.5947851], [18.0310105, 48.5938848], [18.0336499, 48.5935391], [18.0345859, 48.5938094], [18.0343759, 48.5953737], [18.0329177, 48.5965775], [18.0321217, 48.5976772], [18.0322406, 48.5984009], [18.0328169, 48.5989366], [18.0329358, 48.5996603], [18.0327617, 48.6001517], [18.0328615, 48.6010176], [18.0339166, 48.6020116], [18.0362796, 48.6037279], [18.0371013, 48.6048514], [18.0370653, 48.6059243], [18.0368934, 48.6072042], [18.0367947, 48.6093436], [18.0361634, 48.6110311], [18.0328979, 48.6144216], [18.0312805, 48.6173919], [18.0294715, 48.6198092], [18.0282556, 48.6208123], [18.0274496, 48.621983], [18.0276374, 48.6229975], [18.0297887, 48.6254897], [18.0309632, 48.6272074], [18.0326667, 48.6298164], [18.0339486, 48.6315405], [18.035493, 48.6329216], [18.0366869, 48.6344971], [18.0373064, 48.6363254], [18.0384325, 48.6382222], [18.0386291, 48.6385534], [18.0391891, 48.6400198], [18.0392604, 48.641099], [18.0401305, 48.641867], [18.0412821, 48.6421499], [18.0418186, 48.6421815], [18.0428724, 48.642387], [18.0434398, 48.6429938], [18.0448346, 48.643076], [18.0455953, 48.6430492], [18.0469901, 48.6431314], [18.049136, 48.6432578], [18.0508313, 48.6427126], [18.0534516, 48.6417202], [18.0558451, 48.6399978], [18.0584531, 48.6382879], [18.0612115, 48.6378768], [18.0632594, 48.6379256], [18.0639724, 48.6382541], [18.0654173, 48.6387691], [18.0660732, 48.6395242], [18.0662715, 48.6404675], [18.0663027, 48.6410427], [18.0674734, 48.6411831], [18.0681864, 48.6415117], [18.0680343, 48.6426494], [18.0681469, 48.6442326], [18.0677802, 48.6453577], [18.0670983, 48.6456043], [18.0669366, 48.6468131], [18.0662669, 48.647777], [18.0645552, 48.6492531], [18.0640403, 48.6498678], [18.0651351, 48.6505771], [18.0644844, 48.6513989], [18.0630322, 48.6517435], [18.0616492, 48.6523789], [18.0606262, 48.6527487], [18.0604617, 48.6531691], [18.0608053, 48.6538342], [18.0619763, 48.6539747], [18.0644949, 48.6545527], [18.0658235, 48.6551324], [18.0681302, 48.6564862], [18.0683761, 48.657074], [18.0684957, 48.6577976], [18.068372, 48.658722], [18.0685296, 48.6591612], [18.0691641, 48.6592701], [18.0707646, 48.6594358], [18.0722007, 48.6600217], [18.0723801, 48.6611072], [18.0733869, 48.6616679], [18.0745515, 48.6626678], [18.0754918, 48.6637263], [18.0753018, 48.6651484], [18.0759581, 48.6659035], [18.0773945, 48.6664894], [18.0792537, 48.66796], [18.0811889, 48.6688617], [18.0826664, 48.6699515], [18.0851385, 48.6708846], [18.086552, 48.671826], [18.0869999, 48.6721802], [18.087546, 48.6725401], [18.0887713, 48.6730053], [18.0889619, 48.6738035], [18.088984, 48.6745576], [18.0889876, 48.6758382], [18.0889122, 48.6771456], [18.0889525, 48.6783285], [18.088143, 48.6791994], [18.0858968, 48.6804453], [18.0820312, 48.6834327], [18.0793506, 48.6857025], [18.0791767, 48.6870041], [18.0793324, 48.6880626], [18.0797282, 48.6888073], [18.0797943, 48.689795], [18.0801032, 48.6911904], [18.0809062, 48.6933363], [18.0809142, 48.6955011], [18.0816451, 48.697446], [18.0814624, 48.6988126], [18.0813038, 48.6993496], [18.0806638, 48.70034], [18.079371, 48.7011169], [18.0775198, 48.7024525], [18.0768138, 48.7031971], [18.0770043, 48.7039953], [18.0774002, 48.70474], [18.0776804, 48.7056091], [18.0776512, 48.7065653], [18.0763116, 48.7076933], [18.0747173, 48.7092396], [18.0739992, 48.7109028], [18.073484, 48.7117909], [18.0734952, 48.7124474], [18.0733472, 48.7135537], [18.0717501, 48.7143784], [18.0705899, 48.7149006], [18.069589, 48.7149731], [18.0672288, 48.7148347], [18.0647155, 48.7143593], [18.0616035, 48.7139143], [18.0614266, 48.7144942], [18.0613045, 48.7154053], [18.0615757, 48.7163395], [18.0609618, 48.7172217], [18.0604812, 48.7178494], [18.0588116, 48.7184728], [18.0577495, 48.7190007], [18.0583309, 48.7191005], [18.0586545, 48.7196442], [18.0585235, 48.7206203], [18.0592865, 48.7215834], [18.059925, 48.7227359], [18.0600717, 48.7238595], [18.0591277, 48.7249847], [18.0579496, 48.725637], [18.0571592, 48.7266717], [18.0569072, 48.7267564], [18.0566581, 48.7271353], [18.057867, 48.7277311], [18.0594059, 48.7280838], [18.0612487, 48.7283887], [18.0625648, 48.7289251], [18.0631836, 48.7294861], [18.0626243, 48.7306995], [18.0622158, 48.7315282], [18.0626116, 48.7322729], [18.0629068, 48.7322902], [18.0642467, 48.7319097], [18.0659191, 48.7320078], [18.0666015, 48.7328349], [18.0671244, 48.7341117], [18.0671817, 48.7351645], [18.0683361, 48.735429], [18.0692216, 48.7354809], [18.0697334, 48.7361012], [18.0710846, 48.7363771], [18.0721121, 48.7361094], [18.0730959, 48.736167], [18.0746091, 48.7367148], [18.0754162, 48.7373523], [18.0767588, 48.7376933], [18.0777279, 48.7386027], [18.0783931, 48.7395599], [18.0788703, 48.7404404], [18.0787309, 48.7414817], [18.0786177, 48.7423277], [18.0790401, 48.7428771], [18.0804003, 48.7430879], [18.0811901, 48.7438556], [18.0811057, 48.745228], [18.0814471, 48.7456415], [18.0819739, 48.7454099], [18.0825845, 48.7460359], [18.0829834, 48.7475022], [18.0828094, 48.7488038], [18.0833242, 48.7501456], [18.0841865, 48.7511143], [18.0848259, 48.7522666], [18.0857922, 48.7546843], [18.0862984, 48.7560912], [18.0854006, 48.7576128], [18.0850096, 48.7583114], [18.0856116, 48.7590025], [18.0865089, 48.7597108], [18.0871485, 48.7608631], [18.08868, 48.7612805], [18.0907472, 48.7614013], [18.0917778, 48.761855], [18.0930777, 48.7625212], [18.0947859, 48.7623585], [18.0962104, 48.7628352], [18.0958339, 48.764912], [18.0943079, 48.7659379], [18.0914673, 48.7671494], [18.0893738, 48.7672239], [18.0883834, 48.7679531], [18.0885918, 48.7686211], [18.0911108, 48.7698176], [18.0920199, 48.7711824], [18.0923787, 48.7736957], [18.0925002, 48.7750145], [18.0917933, 48.7773343], [18.0908344, 48.7793116], [18.091538, 48.7807299], [18.0925429, 48.7813789], [18.0929049, 48.7823838], [18.0922877, 48.7847745], [18.091882, 48.7863249], [18.0925944, 48.7876782], [18.0933706, 48.7892975], [18.0935413, 48.7917342], [18.0929385, 48.7932731], [18.0932745, 48.7944733], [18.0936568, 48.7960696], [18.0928048, 48.7979875], [18.0922918, 48.7995973], [18.0933202, 48.8015593], [18.0926129, 48.8038791], [18.0910074, 48.8054907], [18.0892249, 48.8076822], [18.0886131, 48.8092862], [18.0881434, 48.8113575], [18.0881287, 48.8114223], [18.089401, 48.8113832], [18.091694, 48.8106129], [18.0931641, 48.8098549], [18.0947912, 48.8092869], [18.09661, 48.8093326], [18.0982504, 48.8100309], [18.0994541, 48.8105832], [18.1001145, 48.8111038], [18.1000027, 48.811941], [18.1007031, 48.8121626], [18.1010892, 48.8120043], [18.1011771, 48.8113465], [18.102442, 48.8107572], [18.1038001, 48.8108363], [18.1050438, 48.8110895], [18.1056297, 48.8114852], [18.107009, 48.8107218], [18.1081036, 48.8107252], [18.1089532, 48.8111965], [18.1094007, 48.8119457], [18.1105408, 48.8129763], [18.1119924, 48.8137237], [18.1125944, 48.8139997], [18.1143872, 48.8156106], [18.1149841, 48.8166095], [18.1160628, 48.8167325], [18.1172799, 48.8165019], [18.1185506, 48.8172386], [18.119691, 48.8182691], [18.1207756, 48.8197182], [18.1207686, 48.8218271], [18.1216613, 48.8226623], [18.1222047, 48.8226939], [18.1232915, 48.822757], [18.1240827, 48.8229837], [18.1247436, 48.8235041], [18.1258384, 48.8235074], [18.1272526, 48.8231676], [18.12884, 48.8228981], [18.1293008, 48.8228645], [18.1293724, 48.8223263], [18.1298301, 48.8216297], [18.1305833, 48.8207694], [18.1316559, 48.819566], [18.1328349, 48.8182483], [18.1335881, 48.817388], [18.1342236, 48.8160387], [18.1347686, 48.8146843], [18.1349386, 48.8140915], [18.1366004, 48.8139467], [18.1382303, 48.8140411], [18.1395171, 48.814658], [18.1404338, 48.8153137], [18.1414999, 48.8162191], [18.1429409, 48.8163628], [18.1440388, 48.817029], [18.144916, 48.8179837], [18.1458758, 48.8190034], [18.1472263, 48.8191418], [18.148313, 48.8192047], [18.1486085, 48.819041], [18.150507, 48.8184878], [18.1519605, 48.8178487], [18.1526069, 48.8171026], [18.153474, 48.816068], [18.1537819, 48.8151216], [18.153791, 48.8136758], [18.1529884, 48.812846], [18.1518905, 48.8121799], [18.1510405, 48.811709], [18.1502777, 48.8105801], [18.1500073, 48.8091784], [18.1508664, 48.8082036], [18.1526784, 48.8069223], [18.1543059, 48.8049675], [18.1553176, 48.8049054], [18.1565693, 48.8050983], [18.157494, 48.805694], [18.1588397, 48.8065552], [18.159331, 48.8076683], [18.1599401, 48.8092703], [18.1616913, 48.8105163], [18.1636711, 48.811414], [18.1665952, 48.8134508], [18.1686967, 48.8155004], [18.1712986, 48.8172171], [18.1718535, 48.8178517], [18.171648, 48.8194067], [18.1710098, 48.820093], [18.1709623, 48.8204519], [18.1711903, 48.8214895], [18.1701387, 48.8218507], [18.1692013, 48.8220377], [18.1678543, 48.8225627], [18.1675861, 48.8232101], [18.1673928, 48.8239823], [18.1681051, 48.8248068], [18.1689397, 48.8253973], [18.1701093, 48.825525], [18.1721573, 48.8252211], [18.1733348, 48.825289], [18.1749415, 48.8255623], [18.1757093, 48.8259681], [18.1762839, 48.8271461], [18.1764998, 48.8289664], [18.1767158, 48.8307866], [18.1769123, 48.8320634], [18.1776839, 48.8331323], [18.1782112, 48.8346691], [18.1779706, 48.8358002], [18.1783841, 48.8361253], [18.1791995, 48.8361723], [18.1802077, 48.8368329], [18.1800419, 48.8380888], [18.1799313, 48.8389261], [18.1801321, 48.83948], [18.1807742, 48.8394567], [18.1815432, 48.8399264], [18.1826649, 48.8403488], [18.1844337, 48.8400889], [18.1863601, 48.8400189], [18.1883101, 48.8397694], [18.1895786, 48.8398422], [18.1915798, 48.8398969], [18.1926395, 48.8394757], [18.1939355, 48.8386462], [18.194944, 48.8379207], [18.1959878, 48.8376191], [18.1972169, 48.8379909], [18.1980914, 48.8382821], [18.1994466, 48.8390829], [18.2002424, 48.8399722], [18.2015109, 48.840045], [18.201432, 48.8392571], [18.200908, 48.8383834], [18.2009472, 48.8366984], [18.2009666, 48.8344699], [18.2010056, 48.8313989], [18.2018915, 48.8295214], [18.2028248, 48.828671], [18.2043488, 48.827493], [18.2058214, 48.8260106], [18.2063095, 48.8250745], [18.2075458, 48.8240004], [18.2091878, 48.8233111], [18.2106329, 48.822731], [18.2120978, 48.8226944], [18.2132952, 48.8233053], [18.2141895, 48.8241399], [18.2150681, 48.825094], [18.2159232, 48.8262276], [18.2158803, 48.8272496], [18.2167825, 48.8280243], [18.216913, 48.8291164], [18.216945, 48.8302631], [18.2162523, 48.8313684], [18.2152835, 48.8317951], [18.2138147, 48.8325546], [18.2136968, 48.8334517], [18.2141226, 48.83438], [18.2154423, 48.8347568], [18.2166044, 48.8349438], [18.2174826, 48.834512], [18.2179078, 48.8340542], [18.2186675, 48.8331336], [18.2200065, 48.8326678], [18.2212349, 48.8316534], [18.2226879, 48.8310134], [18.2235938, 48.8310652], [18.2239013, 48.8315045], [18.2243351, 48.8323729], [18.2243472, 48.8329762], [18.2245685, 48.8340735], [18.2247226, 48.8349862], [18.2245972, 48.8359431], [18.2244638, 48.8369599], [18.2251259, 48.8374798], [18.2259928, 48.8378306], [18.2264066, 48.8381555], [18.226834, 48.8391484], [18.2273807, 48.8397778], [18.2287599, 48.8403989], [18.2297095, 48.8408147], [18.23192, 48.8413627], [18.2348789, 48.8417725], [18.2367817, 48.841881], [18.2373053, 48.8413686], [18.2373601, 48.8409499], [18.2371822, 48.8402167], [18.2367505, 48.8386644], [18.2365579, 48.8380118], [18.2363207, 48.8370342], [18.2357916, 48.8354976], [18.2358654, 48.8342364], [18.2361159, 48.8323225], [18.2356215, 48.8298237], [18.2344539, 48.8275879], [18.2343343, 48.8257131], [18.2343332, 48.8243271], [18.2346664, 48.8224781], [18.2355789, 48.821084], [18.2370459, 48.8189382], [18.2387969, 48.8174112], [18.239698, 48.8167997], [18.2400558, 48.8161573], [18.2401262, 48.815619], [18.2398734, 48.814761], [18.2399158, 48.8137391], [18.2400722, 48.8125428], [18.2410234, 48.8108496], [18.2415264, 48.8097937], [18.2419153, 48.808912], [18.2417922, 48.8077601], [18.2421296, 48.8065742], [18.2434305, 48.8042984], [18.2443033, 48.8032033], [18.2445147, 48.8024836], [18.2450385, 48.8009765], [18.2463462, 48.7988801], [18.2467703, 48.7982823], [18.2474307, 48.7974161], [18.2475993, 48.7968232], [18.2476181, 48.7959806], [18.2472123, 48.795596], [18.246936, 48.7949174], [18.247061, 48.7939604], [18.2481661, 48.7931798], [18.2493664, 48.7930674], [18.2511691, 48.7932304], [18.253298, 48.7929901], [18.2541986, 48.7923785], [18.2550476, 48.7914628], [18.2560698, 48.7906171], [18.257788, 48.789329], [18.2593329, 48.7879708], [18.2612319, 48.7866929], [18.2635241, 48.7851964], [18.2650064, 48.7843166], [18.2675105, 48.782591], [18.2689848, 48.7817709], [18.2709329, 48.7794111], [18.2721978, 48.7780971], [18.2737597, 48.778005], [18.2762471, 48.7785077], [18.2799706, 48.7793215], [18.2826159, 48.7800138], [18.2850647, 48.7808154], [18.2867068, 48.781511], [18.2876765, 48.7824698], [18.2891144, 48.7833345], [18.2907178, 48.7843291], [18.2932962, 48.7848366], [18.2947652, 48.785462], [18.2967154, 48.7865967], [18.2993458, 48.7874082], [18.3007763, 48.7883326], [18.3024134, 48.7883649], [18.3034116, 48.7876983], [18.3043346, 48.7869069], [18.3047765, 48.7856063], [18.3051974, 48.7837622], [18.3063114, 48.7821983], [18.307273, 48.7811079], [18.3077356, 48.7803507], [18.3081464, 48.7792894], [18.3082337, 48.7779085], [18.3089755, 48.7771068], [18.3097019, 48.7764248], [18.3098619, 48.7758916], [18.310022, 48.7753583], [18.3112968, 48.7753701], [18.3131951, 48.7762002], [18.3139765, 48.7772084], [18.3145096, 48.7780217], [18.3151354, 48.7781173], [18.3162159, 48.7775155], [18.3172269, 48.777452], [18.3195338, 48.7779436], [18.3223065, 48.7790639], [18.3249966, 48.7801192], [18.3277176, 48.7809352], [18.3299805, 48.7810626], [18.3329154, 48.7809264], [18.3360179, 48.7801972], [18.3382454, 48.7796683], [18.3409585, 48.7796144], [18.3438872, 48.7795037], [18.3468002, 48.7787043], [18.3474434, 48.7786038], [18.3492472, 48.7782913], [18.3510127, 48.7783216], [18.3531408, 48.7779594], [18.3551831, 48.7774548], [18.3564757, 48.7771146], [18.3583375, 48.7763935], [18.3595706, 48.7757059], [18.3596669, 48.7749546], [18.3598246, 48.7737253], [18.359336, 48.7726661], [18.3583396, 48.7715097], [18.3581365, 48.7698474], [18.3583117, 48.7684815], [18.359408, 48.767236], [18.3602538, 48.7663203], [18.3600665, 48.7653468], [18.3590859, 48.7648791], [18.357545, 48.764724], [18.3556855, 48.7646197], [18.3536193, 48.7645038], [18.3510453, 48.7642907], [18.3489792, 48.7641747], [18.3474032, 48.7642926], [18.3460602, 48.7642172], [18.3452776, 48.7638293], [18.3446929, 48.7635213], [18.3447544, 48.7630432], [18.3446024, 48.7617965], [18.3451932, 48.7596284], [18.3459095, 48.758912], [18.3467993, 48.757655], [18.3473616, 48.7565172], [18.347423, 48.7560391], [18.347236, 48.7550656], [18.3473851, 48.7539045], [18.3477671, 48.7525502], [18.3479688, 48.7509794], [18.347507, 48.7497153], [18.34732, 48.7487417], [18.3461178, 48.7475736], [18.3460165, 48.7467424], [18.346871, 48.7457586], [18.3478969, 48.7450596], [18.3496895, 48.7440596], [18.3519107, 48.7437716], [18.3534597, 48.7438585], [18.3562041, 48.7443564], [18.3556914, 48.7426768], [18.3547814, 48.7416627], [18.3539134, 48.7411325], [18.3529158, 48.7408013], [18.3520128, 48.7405443], [18.3505584, 48.7405314], [18.349216, 48.740456], [18.3478493, 48.7397602], [18.3468363, 48.7387402], [18.3468207, 48.7380515], [18.3461438, 48.736844], [18.3455175, 48.7360522], [18.344865, 48.7354652], [18.3439971, 48.7349349], [18.3435686, 48.7342229], [18.34401, 48.7332159], [18.3439351, 48.7321798], [18.3436207, 48.73058], [18.3433326, 48.7287753], [18.34266, 48.7259172], [18.3428355, 48.7245512], [18.3435972, 48.722668], [18.3438516, 48.7206874], [18.3440445, 48.7191849], [18.3443252, 48.7169994], [18.3442018, 48.7147225], [18.3443859, 48.7132882], [18.3458503, 48.7124075], [18.3484303, 48.7125525], [18.3511555, 48.7131872], [18.3544805, 48.7148184], [18.3579703, 48.7159773], [18.3612118, 48.7166407], [18.3650727, 48.7173386], [18.3687097, 48.7181615], [18.3704731, 48.7181915], [18.3715839, 48.7176346], [18.3730638, 48.7174423], [18.374019, 48.7172894], [18.3749726, 48.7179618], [18.3750989, 48.7194134], [18.3751148, 48.7201022], [18.3758882, 48.7205582], [18.3766013, 48.7203493], [18.3774032, 48.7200926], [18.3787639, 48.7192057], [18.380994, 48.7180235], [18.3840497, 48.7168873], [18.3855832, 48.7154597], [18.3859042, 48.713758], [18.3864826, 48.7124834], [18.3878269, 48.7109076], [18.3892234, 48.708922], [18.3904295, 48.7076137], [18.3909828, 48.7057186], [18.3912921, 48.7042278], [18.3914837, 48.7027252], [18.3917985, 48.7009491], [18.3924561, 48.6982344], [18.3932653, 48.6960836], [18.3906214, 48.6946927], [18.3887234, 48.6932797], [18.387703, 48.6915031], [18.3862527, 48.68984], [18.3859372, 48.6882403], [18.386652, 48.6875236], [18.388853, 48.6873714], [18.3908491, 48.6863823], [18.3911337, 48.6857792], [18.3919875, 48.6839696], [18.3929531, 48.6820976], [18.3928089, 48.6807826], [18.3916582, 48.6800305], [18.3904466, 48.6797564], [18.3890039, 48.6788504], [18.3884473, 48.6775124], [18.3885934, 48.6764937], [18.3888538, 48.675953], [18.3913749, 48.6740991], [18.3939295, 48.6727972], [18.3977909, 48.671018], [18.4006295, 48.6691129], [18.403176, 48.6670538], [18.4054889, 48.6660134], [18.4079473, 48.6654626], [18.4106552, 48.6645817], [18.4137841, 48.6636554], [18.415134, 48.6628363], [18.4167421, 48.6616189], [18.4178424, 48.6611299], [18.4194583, 48.6606695], [18.4217533, 48.6597654], [18.4231802, 48.6591569], [18.4255953, 48.6582869], [18.4271852, 48.6578663], [18.4292478, 48.6571555], [18.4315684, 48.6560463], [18.4317838, 48.6551641], [18.4315609, 48.6544639], [18.4306424, 48.6535187], [18.430772, 48.6524941], [18.4321991, 48.6510602], [18.4339095, 48.6498482], [18.4350445, 48.6482605], [18.4357925, 48.6472702], [18.4366349, 48.646354], [18.4371767, 48.6453524], [18.4380449, 48.6442312], [18.4402794, 48.6421542], [18.441084, 48.6419221], [18.4389025, 48.6406598], [18.4369619, 48.6397641], [18.4358616, 48.6399179], [18.4350479, 48.6395146], [18.4331344, 48.6384054], [18.4316937, 48.6379725], [18.4302024, 48.6359502], [18.4292217, 48.6317409], [18.4232496, 48.6191591], [18.4223524, 48.6171824], [18.4135222, 48.6183308], [18.4087304, 48.6177772], [18.4037952, 48.6175018], [18.402213, 48.6171986], [18.4012848, 48.6160005], [18.4017862, 48.6154554], [18.4011876, 48.6150638], [18.3998811, 48.6159938], [18.3997015, 48.6165569], [18.3988794, 48.6162244], [18.3976372, 48.6157968], [18.3970284, 48.6163359], [18.3981001, 48.6172554], [18.3987065, 48.6184355], [18.3979633, 48.619182], [18.3955668, 48.6193347], [18.3938502, 48.6192387], [18.3926881, 48.6190305], [18.3927786, 48.6183191], [18.3934339, 48.6165648], [18.3929427, 48.6161792], [18.3916191, 48.6163917], [18.3905269, 48.6173336], [18.3892214, 48.6174038], [18.3883889, 48.618002], [18.3894333, 48.619135], [18.3904066, 48.6199775], [18.390298, 48.620831], [18.3888489, 48.6211798], [18.3858266, 48.621154], [18.381597, 48.6212754], [18.3796839, 48.6210249], [18.378067, 48.6201463], [18.377183, 48.619452], [18.3772465, 48.6189541], [18.3765152, 48.6179101], [18.3750586, 48.6174703], [18.3741021, 48.617345], [18.372091, 48.6170173], [18.3711428, 48.6169683], [18.3691366, 48.6190008], [18.3678401, 48.6189996], [18.3660345, 48.618755], [18.3650161, 48.618268], [18.3639251, 48.61835], [18.3625123, 48.6184139], [18.3605267, 48.6187322], [18.3572627, 48.6189069], [18.3552952, 48.6190829], [18.3525312, 48.6195722], [18.3509584, 48.6191971], [18.3486893, 48.6183529], [18.3464749, 48.617082], [18.3456734, 48.6157473], [18.3457849, 48.6140342], [18.3464053, 48.6125646], [18.3464529, 48.6113494], [18.3457588, 48.6100207], [18.3459228, 48.6087404], [18.3457286, 48.6077265], [18.345158, 48.6071212], [18.3438882, 48.6070533], [18.3412946, 48.6077632], [18.3394005, 48.6073698], [18.3382571, 48.6070187], [18.3366483, 48.606928], [18.334752, 48.6073941], [18.3336418, 48.6077649], [18.3318015, 48.6070912], [18.3311055, 48.6066221], [18.3309391, 48.6053947], [18.3312541, 48.6046244], [18.3313728, 48.6036997], [18.3315373, 48.6024194], [18.3313959, 48.6018382], [18.3308894, 48.6007349], [18.3313756, 48.5994728], [18.3326374, 48.5988992], [18.3337646, 48.598533], [18.334043, 48.5980472], [18.333338, 48.5976492], [18.3321333, 48.5969363], [18.3313235, 48.5956726], [18.330719, 48.5944921], [18.3309267, 48.5937157], [18.3315542, 48.5930347], [18.3326904, 48.5925974], [18.3340935, 48.592605], [18.3355148, 48.5924704], [18.3359186, 48.5918484], [18.3354647, 48.5911779], [18.3341712, 48.5903168], [18.3321637, 48.5891287], [18.3295064, 48.5871157], [18.3277934, 48.5861591], [18.3254488, 48.5842353], [18.324523, 48.5830366], [18.324277, 48.5815898], [18.3244482, 48.5810979], [18.3237618, 48.5805576], [18.3232923, 48.5791697], [18.3238948, 48.5778425], [18.3247391, 48.5763141], [18.3275516, 48.5737506], [18.3294103, 48.5735691], [18.3306759, 48.5746437], [18.3314786, 48.5751189], [18.3326053, 48.5747527], [18.335577, 48.5726279], [18.3381882, 48.571629], [18.3415131, 48.570957], [18.3435586, 48.5710007], [18.3462017, 48.5714364], [18.3482543, 48.5722686], [18.3509319, 48.5732793], [18.3538604, 48.5740175], [18.3550394, 48.5740839], [18.3571832, 48.5742047], [18.3584877, 48.5741349], [18.3597395, 48.5736322], [18.361609, 48.5725194], [18.3624975, 48.570635], [18.3638872, 48.5682057], [18.3657492, 48.5663044], [18.3665175, 48.5662043], [18.3673659, 48.5663237], [18.3688935, 48.5661946], [18.3702085, 48.5651939], [18.3727024, 48.5642594], [18.3748277, 48.5645221], [18.3756471, 48.5657144], [18.3760923, 48.5664559], [18.3765466, 48.5671262], [18.377404, 48.5671743], [18.3784502, 48.5665883], [18.3793635, 48.56535], [18.3794722, 48.5644963], [18.381833, 48.5629094], [18.3835854, 48.5618615], [18.3859083, 48.5614186], [18.3877573, 48.5613074], [18.3883655, 48.5607683], [18.3873572, 48.5602103], [18.3849996, 48.5600781], [18.3834103, 48.5598456], [18.3822859, 48.5593527], [18.3820368, 48.5587656], [18.3822361, 48.5572006], [18.3830148, 48.5561697], [18.3850174, 48.5548492], [18.3873852, 48.5540507], [18.3893772, 48.5536609], [18.3909497, 48.5531759], [18.3912273, 48.55269], [18.3909691, 48.552174], [18.3899791, 48.5514737], [18.3871433, 48.5491655], [18.3854667, 48.5479252], [18.3846926, 48.5463772], [18.3846502, 48.5450137], [18.3868847, 48.5435629], [18.3883602, 48.5421412], [18.3907002, 48.541556], [18.3927446, 48.541599], [18.3946728, 48.5417071], [18.3951104, 48.5416599], [18.3952898, 48.5410969], [18.3954162, 48.540101], [18.3958744, 48.5381924], [18.3972784, 48.53648], [18.4001536, 48.5359246], [18.4020275, 48.5364594], [18.4039184, 48.5377114], [18.4049264, 48.5382693], [18.406417, 48.5384243], [18.4076574, 48.5388518], [18.4083091, 48.5388166], [18.4085424, 48.5378267], [18.4090891, 48.5360663], [18.4107519, 48.5340101], [18.4122705, 48.533092], [18.4138961, 48.5321799], [18.4149501, 48.5315224], [18.4150221, 48.5309533], [18.4144155, 48.5306329], [18.4121043, 48.5301455], [18.4091325, 48.5297645], [18.4057774, 48.5290038], [18.400736, 48.5279336], [18.3978547, 48.5268409], [18.3972315, 48.5258031], [18.3951696, 48.5259024], [18.3929207, 48.5257764], [18.3905029, 48.5252826], [18.3872117, 48.5240234], [18.3861061, 48.5233882], [18.3852509, 48.5224805], [18.3853865, 48.5214135], [18.3839688, 48.5206892], [18.3818544, 48.5203555], [18.3805077, 48.5199217], [18.3785275, 48.5193806], [18.3769923, 48.5195809], [18.3753046, 48.5201308], [18.37372, 48.5205068], [18.3726348, 48.5208604], [18.3707863, 48.5212171], [18.3688457, 48.5217528], [18.3679728, 48.5220722], [18.3676846, 48.5227009], [18.3674746, 48.5243475], [18.3668351, 48.5255553], [18.3656716, 48.5276089], [18.3636933, 48.5295244], [18.3623709, 48.5306477], [18.3610904, 48.530898], [18.3601146, 48.5309352], [18.3583801, 48.5314824], [18.3571171, 48.5315955], [18.3562908, 48.5315489], [18.3553266, 48.5314945], [18.3530703, 48.5317819], [18.35117, 48.5319972], [18.3500889, 48.5328575], [18.3484964, 48.5339193], [18.3463309, 48.5345803], [18.3441828, 48.535104], [18.3419761, 48.5350025], [18.3412493, 48.5349], [18.3399012, 48.5353153], [18.3397919, 48.5361691], [18.3389928, 48.5373524], [18.3368905, 48.5393221], [18.3360698, 48.5399514], [18.3354348, 48.539854], [18.3339791, 48.540386], [18.3334944, 48.54128], [18.333086, 48.5423012], [18.3323707, 48.5435507], [18.3295351, 48.5447417], [18.3282081, 48.5457109], [18.3280907, 48.5466257], [18.3291203, 48.5479739], [18.3296438, 48.549662], [18.3295165, 48.5513747], [18.3290218, 48.5530667], [18.32848, 48.5551245], [18.3281476, 48.5562728], [18.3276392, 48.5573497], [18.3264663, 48.5578362], [18.3250178, 48.5583071], [18.3232253, 48.5585742], [18.3222148, 48.558517], [18.3211437, 48.5582107], [18.3207549, 48.5576358], [18.320896, 48.5565381], [18.3210898, 48.5557506], [18.3206562, 48.5548046], [18.3195561, 48.5540052], [18.3192222, 48.5530034], [18.318857, 48.5522456], [18.3182062, 48.5522702], [18.3170569, 48.5525736], [18.3163567, 48.5537011], [18.3158268, 48.5542239], [18.3147929, 48.5543496], [18.3137063, 48.5541651], [18.3130397, 48.5543116], [18.3127932, 48.5547891], [18.3126912, 48.5555818], [18.3120066, 48.5565873], [18.3103138, 48.5567984], [18.3094007, 48.5574223], [18.3080313, 48.5594332], [18.3069767, 48.5611547], [18.3051187, 48.5626464], [18.3035859, 48.5630508], [18.3022603, 48.5632827], [18.3013416, 48.5632305], [18.3001787, 48.5629188], [18.2987585, 48.5617324], [18.2975614, 48.5602515], [18.297081, 48.5596714], [18.2965795, 48.5585371], [18.2957317, 48.5579361], [18.2942304, 48.5580964], [18.2929496, 48.5586993], [18.2914247, 48.5590426], [18.290674, 48.5591227], [18.2886846, 48.5587638], [18.2868315, 48.5587812], [18.2850125, 48.5599676], [18.2833562, 48.5606104], [18.2818627, 48.5607096], [18.2792668, 48.560746], [18.2763271, 48.5605784], [18.274306, 48.5604631], [18.2733192, 48.5602225], [18.2726001, 48.5600586], [18.2715343, 48.5604278], [18.271151, 48.5605288], [18.2701326, 48.5605321], [18.2682667, 48.5599342], [18.2646347, 48.5586824], [18.2633043, 48.5582378], [18.2631759, 48.5578005], [18.2632471, 48.5572517], [18.2631108, 48.5568753], [18.2624155, 48.5565284], [18.2618565, 48.5565579], [18.2603709, 48.5565959], [18.2587175, 48.5565013], [18.2578623, 48.555961], [18.2575978, 48.5551473], [18.2572524, 48.5535303], [18.2569119, 48.5525894], [18.2566316, 48.5518976], [18.2550258, 48.5514372], [18.2527851, 48.5508789], [18.252006, 48.5504657], [18.2520932, 48.549795], [18.253189, 48.5477691], [18.2554105, 48.5456233], [18.2584012, 48.5425386], [18.2596693, 48.541321], [18.2603468, 48.5403769], [18.2605366, 48.5389134], [18.2593934, 48.5377423], [18.2582582, 48.5365102], [18.2566609, 48.5359888], [18.2521571, 48.5350553], [18.2487426, 48.5335696], [18.2466817, 48.5323458], [18.2433561, 48.5316022], [18.2398662, 48.5299891], [18.2362178, 48.5295954], [18.2329888, 48.5295329], [18.2299875, 48.5298519], [18.2270216, 48.52919], [18.2257558, 48.5282571], [18.2249252, 48.5275336], [18.2248927, 48.5263645], [18.223914, 48.5246496], [18.22187, 48.5233033], [18.2203493, 48.5229086], [18.2191358, 48.5222859], [18.2182173, 48.52082], [18.218073, 48.5190916], [18.2188905, 48.5177872], [18.2202066, 48.5162042], [18.2220256, 48.5150189], [18.2225639, 48.5144355], [18.2222763, 48.5138046], [18.2207241, 48.5136539], [18.2203209, 48.5132006], [18.2198657, 48.5124372], [18.2198174, 48.5113901], [18.2195855, 48.5103324], [18.2186758, 48.5102186], [18.2170722, 48.5111706], [18.2148703, 48.5124567], [18.2116868, 48.5141776], [18.208447, 48.5149123], [18.2055662, 48.5157291], [18.203224, 48.5159626], [18.2013206, 48.5156684], [18.2002193, 48.5156048], [18.1986591, 48.5155147], [18.1977374, 48.5147857], [18.197857, 48.5138711], [18.1972545, 48.5135291], [18.1964286, 48.5134814], [18.195056, 48.5126649], [18.1937394, 48.5114215], [18.1920797, 48.509974], [18.1887006, 48.5082427], [18.1854893, 48.5066439], [18.1830918, 48.5058907], [18.1815164, 48.5045093], [18.1808388, 48.502627], [18.1819045, 48.5008457], [18.1836043, 48.4991625], [18.1856827, 48.4981156], [18.1881121, 48.4972118], [18.190015, 48.4960932], [18.1914111, 48.4953139], [18.1916584, 48.4948367], [18.1917782, 48.4939221], [18.1903104, 48.4938372], [18.186952, 48.4940729], [18.1840763, 48.4941521], [18.1806821, 48.4939555], [18.1788954, 48.4934834], [18.178154, 48.4920888], [18.1773333, 48.489891], [18.1779284, 48.4874681], [18.1799431, 48.4854961], [18.1827948, 48.4841868], [18.1848924, 48.483694], [18.1868904, 48.4832568], [18.1880309, 48.4830156], [18.1883581, 48.4819287], [18.1877761, 48.4807278], [18.187645, 48.4782014], [18.1879523, 48.4765604], [18.1881679, 48.4749141], [18.1886426, 48.4734057], [18.1887624, 48.4724912], [18.1884237, 48.47155], [18.1878297, 48.471147], [18.1854616, 48.470887], [18.1841295, 48.4708115], [18.1829355, 48.4709508], [18.1814088, 48.4707144], [18.1791958, 48.4697723], [18.1764071, 48.4681308], [18.1746893, 48.4659596], [18.1750213, 48.4642771], [18.1753147, 48.4628884], [18.1754785, 48.4616402], [18.1753155, 48.4611868], [18.1744515, 48.4609887], [18.1722531, 48.4607871], [18.1698865, 48.4610196], [18.168312, 48.4611501], [18.1664448, 48.4609677], [18.1650964, 48.4602234], [18.1630965, 48.4576656], [18.1629347, 48.4555106], [18.1625468, 48.4542302], [18.1600562, 48.4537155], [18.1560493, 48.4528904], [18.1534678, 48.4522222], [18.1514672, 48.4513659], [18.1501539, 48.4495136], [18.1489527, 48.4459662], [18.1477847, 48.4430126], [18.1471475, 48.4419396], [18.1472499, 48.4403178], [18.1482874, 48.4391945], [18.1503872, 48.4359134], [18.1536328, 48.4332169], [18.1566926, 48.4321003], [18.1603916, 48.4318716], [18.1650022, 48.4314739], [18.1711286, 48.4313861], [18.1741891, 48.4317858], [18.176367, 48.4321342], [18.1791255, 48.4322943], [18.1802577, 48.432138], [18.1803251, 48.431624], [18.1784737, 48.4304808], [18.1765365, 48.4282967], [18.1734051, 48.4258953], [18.1704219, 48.4249082], [18.1682453, 48.422858], [18.1652389, 48.4212035], [18.1647987, 48.4194762], [18.1636485, 48.4180775], [18.1631271, 48.4161235], [18.1633681, 48.4142878], [18.1622084, 48.4129626], [18.1598783, 48.4120871], [18.1568728, 48.4104323], [18.1554584, 48.4102019], [18.152595, 48.410849], [18.1494626, 48.4118502], [18.1466707, 48.4127972], [18.1442482, 48.4134697], [18.1426267, 48.413967], [18.1408988, 48.415272], [18.139674, 48.4169762], [18.1384393, 48.4187539], [18.1373014, 48.4197972], [18.1356216, 48.420735], [18.1335489, 48.4212798], [18.131722, 48.4208031], [18.1311049, 48.4195832], [18.1310684, 48.4181752], [18.1297798, 48.41699], [18.1289361, 48.4166447], [18.1261787, 48.4164834], [18.1233727, 48.4166892], [18.1220297, 48.4167586], [18.1204529, 48.4160743], [18.1196446, 48.4146212], [18.1204519, 48.4135586], [18.1229027, 48.4101505], [18.1256973, 48.4075024], [18.1284067, 48.4038134], [18.13051, 48.4013468], [18.1317386, 48.4004568], [18.1327331, 48.3988132], [18.1333252, 48.3968501], [18.1344955, 48.3964005], [18.136898, 48.395875], [18.1380876, 48.3952787], [18.1391011, 48.3934881], [18.1397646, 48.3918251], [18.1399966, 48.3900629], [18.1399695, 48.3885816], [18.1402577, 48.3880805], [18.1411163, 48.3874647], [18.1416113, 48.3868693], [18.1417913, 48.3865629], [18.1416609, 48.3861428], [18.1380668, 48.3848548], [18.1349122, 48.383315], [18.1327338, 48.3805446], [18.1310462, 48.3786838], [18.1299343, 48.3763146], [18.1298886, 48.3743465], [18.129152, 48.3737613], [18.1275724, 48.3733977], [18.1262424, 48.3734554], [18.1244288, 48.3740947], [18.1235114, 48.3741087], [18.1219052, 48.3739469], [18.1194794, 48.3730592], [18.1167476, 48.3714081], [18.1156309, 48.3698516], [18.115681, 48.3687024], [18.1149059, 48.3676404], [18.1134186, 48.3673498], [18.1122995, 48.3673519], [18.1105335, 48.3684004], [18.1085478, 48.3695715], [18.1084855, 48.3700423], [18.1078919, 48.3706852], [18.1066451, 48.370883], [18.1060306, 48.3709147], [18.1037686, 48.3718662], [18.102409, 48.373684], [18.1021033, 48.3752248], [18.1014502, 48.3770841], [18.1017353, 48.3795407], [18.1031458, 48.3811823], [18.1060025, 48.3841966], [18.1073568, 48.385496], [18.1075084, 48.386657], [18.1070364, 48.387917], [18.1048955, 48.3894856], [18.1035413, 48.3904905], [18.1023594, 48.3909632], [18.1011566, 48.3908248], [18.1002241, 48.3894145], [18.0999776, 48.3874346], [18.0998974, 48.3857356], [18.0991937, 48.3841354], [18.0982554, 48.3835381], [18.0967024, 48.3829724], [18.0960314, 48.3826618], [18.0949565, 48.3823275], [18.0938253, 48.381651], [18.0929317, 48.3807174], [18.0929912, 48.379501], [18.0936475, 48.3783874], [18.0946898, 48.3774321], [18.0954351, 48.3756461], [18.0955956, 48.3744356], [18.0943221, 48.3725308], [18.0927282, 48.3707426], [18.091256, 48.3695716], [18.0883145, 48.3679752], [18.0865006, 48.3686139], [18.0852654, 48.3694899], [18.083689, 48.3698715], [18.0821751, 48.3697823], [18.079091, 48.3692616], [18.0776396, 48.3687015], [18.0766545, 48.3676946], [18.0760348, 48.3662347], [18.0757, 48.3649272], [18.074356, 48.3635602], [18.0722164, 48.3628239], [18.0699873, 48.3627601], [18.0679537, 48.363521], [18.06557, 48.3638546], [18.0627891, 48.3633514], [18.0601337, 48.3619066], [18.0582027, 48.3603691], [18.0576039, 48.3595203], [18.0563638, 48.3589047], [18.0549758, 48.3578737], [18.0540474, 48.3572087], [18.0538905, 48.3568605], [18.0544213, 48.3559295], [18.0575356, 48.3546905], [18.0595535, 48.3548099], [18.0621117, 48.3546901], [18.0632371, 48.3538756], [18.065918, 48.3520686], [18.0720801, 48.3493149], [18.0750033, 48.348742], [18.0782531, 48.3472394], [18.0800548, 48.3459224], [18.081717, 48.3441228], [18.0819607, 48.3430527], [18.0816464, 48.3423565], [18.0808367, 48.3415632], [18.0797896, 48.341027], [18.0774785, 48.3408228], [18.076369, 48.3407573], [18.0750219, 48.3409489], [18.073574, 48.3411345], [18.0719511, 48.3411064], [18.0702453, 48.3409379], [18.069483, 48.340554], [18.0699976, 48.3382122], [18.0715502, 48.336474], [18.0744789, 48.3350881], [18.0777332, 48.3350769], [18.0807842, 48.3349023], [18.0834475, 48.3345233], [18.0854542, 48.3330334], [18.0857187, 48.3310386], [18.0855844, 48.3290203], [18.0855789, 48.3275458], [18.0858273, 48.3256823], [18.0871224, 48.3249562], [18.090384, 48.3246137], [18.0929267, 48.3238219], [18.096199, 48.3233439], [18.0980122, 48.3233011], [18.0993981, 48.3229788], [18.100694, 48.322673], [18.1034329, 48.3232362], [18.1051924, 48.3236077], [18.1069695, 48.3238462], [18.1105238, 48.3243231], [18.1130108, 48.3252733], [18.1166004, 48.325484], [18.1189232, 48.3261564], [18.119997, 48.3271575], [18.1211474, 48.3291012], [18.1208141, 48.331628], [18.1210025, 48.3332473], [18.1215547, 48.3351559], [18.123374, 48.3366028], [18.1259737, 48.3382293], [18.1277931, 48.3396761], [18.1289024, 48.3404112], [18.1300292, 48.3410132], [18.1312261, 48.3410833], [18.132857, 48.3409107], [18.1347506, 48.3387432], [18.1360525, 48.3380153], [18.1373963, 48.338496], [18.1391204, 48.3397677], [18.1411379, 48.3398857], [18.1442828, 48.3399339], [18.1482774, 48.3412516], [18.1501133, 48.3435274], [18.1510463, 48.3449373], [18.1510096, 48.3467649], [18.1505303, 48.3480923], [18.1504507, 48.3486976], [18.1509148, 48.349809], [18.1529365, 48.3506724], [18.1546202, 48.3517872], [18.1549658, 48.3530272], [18.1563205, 48.354326], [18.1588079, 48.3547421], [18.1623394, 48.3541754], [18.1662757, 48.3528459], [18.1684917, 48.3522295], [18.1718913, 48.3534438], [18.1728604, 48.3545845], [18.1734306, 48.3548887], [18.1769801, 48.3549596], [18.1796742, 48.354574], [18.1829783, 48.3534106], [18.1843168, 48.3517264], [18.1837821, 48.3495945], [18.1817821, 48.3477842], [18.1779269, 48.3453916], [18.1750545, 48.3432593], [18.1736563, 48.3407383], [18.1732278, 48.3377994], [18.1740226, 48.3356093], [18.1775056, 48.3338466], [18.1805933, 48.3335517], [18.1822729, 48.3339204], [18.1835269, 48.335213], [18.1853511, 48.3368099], [18.1859869, 48.3373889], [18.1879036, 48.3375002], [18.1897721, 48.3372021], [18.1915835, 48.3381204], [18.1918114, 48.3394889], [18.1921754, 48.3405943], [18.1938509, 48.3417758], [18.1973601, 48.3444866], [18.2006502, 48.3457615], [18.2024049, 48.3463375], [18.2023964, 48.3479634], [18.2018439, 48.350642], [18.2018573, 48.3528791], [18.2025506, 48.3538002], [18.2021386, 48.3569613], [18.2017263, 48.3585638], [18.2007215, 48.359251], [18.1985012, 48.3591224], [18.1969611, 48.3592365], [18.1950435, 48.3591254], [18.1937886, 48.3593914], [18.1937271, 48.3598622], [18.194043, 48.3605582], [18.1947363, 48.3614794], [18.194631, 48.3622865], [18.1932311, 48.362883], [18.1911028, 48.3628273], [18.1891282, 48.362374], [18.1881146, 48.3615697], [18.1874524, 48.3596338], [18.1864874, 48.3576803], [18.1857592, 48.3570282], [18.1846491, 48.3569637], [18.1826919, 48.3579344], [18.1815989, 48.359294], [18.1814054, 48.3607736], [18.1816684, 48.3618732], [18.1830633, 48.3636484], [18.184169, 48.3645258], [18.1840983, 48.3666224], [18.1838432, 48.3685729], [18.1823463, 48.3699091], [18.1799496, 48.3711253], [18.1774254, 48.3725373], [18.1737202, 48.3744227], [18.172354, 48.375066], [18.172311, 48.3750862], [18.1705067, 48.375659], [18.1692512, 48.3759248], [18.1673066, 48.376015], [18.1643046, 48.3756369], [18.1618729, 48.3755631], [18.1591237, 48.3764736], [18.1580445, 48.376831], [18.1546461, 48.3779206], [18.1536669, 48.3784056], [18.1535343, 48.3794144], [18.1536163, 48.3811134], [18.1529489, 48.3830973], [18.1537557, 48.3850282], [18.1545897, 48.3855515], [18.1576554, 48.3874751], [18.1598258, 48.3887113], [18.161321, 48.3891683], [18.1630849, 48.389271], [18.1666854, 48.3880748], [18.1696524, 48.3883214], [18.1740096, 48.3881308], [18.1799916, 48.3882563], [18.1849718, 48.3883974], [18.1868698, 48.3891734], [18.1888973, 48.3898089], [18.190551, 48.3899047], [18.1942516, 48.3887875], [18.1966675, 48.3872998], [18.1979472, 48.3851543], [18.2002477, 48.3828461], [18.2020545, 48.3817669], [18.2045658, 48.3812464], [18.2091618, 48.3809203], [18.2108249, 48.3809425], [18.2116831, 48.3820278], [18.2118703, 48.3831484], [18.212633, 48.3849681], [18.2131127, 48.3864015], [18.2126386, 48.3874838], [18.2100842, 48.3891858], [18.2084883, 48.3903513], [18.2066813, 48.3914305], [18.205042, 48.3920756], [18.2044957, 48.3928578], [18.2052199, 48.3949712], [18.206994, 48.3967015], [18.2078141, 48.3980806], [18.2100965, 48.3993222], [18.2124122, 48.399456], [18.2155859, 48.3989735], [18.21782, 48.3988805], [18.2195601, 48.3983151], [18.2223924, 48.3961851], [18.2229281, 48.3937745], [18.2237329, 48.3927112], [18.225741, 48.3917913], [18.2299254, 48.3912187], [18.2335067, 48.3918689], [18.2363163, 48.3924745], [18.2377965, 48.3935659], [18.2404483, 48.3945323], [18.241336, 48.3953971], [18.2417104, 48.3959365], [18.2439538, 48.3957696], [18.245661, 48.3963116], [18.2457142, 48.3967586], [18.2474746, 48.3977475], [18.2501459, 48.3985668], [18.2522696, 48.3984668], [18.2542166, 48.3988745], [18.2543436, 48.3990724], [18.2563948, 48.3996368], [18.2613935, 48.3996797], [18.2630271, 48.400261], [18.2654359, 48.4014557], [18.2686134, 48.4023692], [18.2715696, 48.4031074], [18.2734212, 48.4030503], [18.2777908, 48.4031382], [18.2809063, 48.4045355], [18.2817472, 48.4065341], [18.2823182, 48.4077859], [18.2833465, 48.4083323], [18.2866183, 48.4085192], [18.2890143, 48.4079245], [18.2902884, 48.4075096], [18.2917184, 48.4078362], [18.2947292, 48.409731], [18.2971949, 48.4107354], [18.2981684, 48.4121346], [18.2979233, 48.4140402], [18.2977395, 48.4154695], [18.2975517, 48.4180502], [18.2985865, 48.418973], [18.2999322, 48.4197216], [18.3019691, 48.4207014], [18.3041248, 48.42188], [18.3067382, 48.4217408], [18.3117032, 48.4212555], [18.3133232, 48.4221154], [18.3160152, 48.4236121], [18.3216649, 48.4256607], [18.3245493, 48.4267842], [18.3269555, 48.4282644], [18.3281098, 48.4293856], [18.3288469, 48.4303872], [18.3298003, 48.4308252], [18.3335687, 48.4318066], [18.3346898, 48.4320621], [18.3373007, 48.4330738], [18.3392536, 48.43472], [18.339665, 48.4371426], [18.3405183, 48.4394943], [18.3403965, 48.4404472], [18.3396288, 48.4419393], [18.3388244, 48.4437173], [18.3395375, 48.4449094], [18.3406711, 48.4450695], [18.3426762, 48.445183], [18.3436695, 48.4441834], [18.3443183, 48.4424926], [18.3464235, 48.4406922], [18.3488366, 48.4398688], [18.3506983, 48.4399741], [18.3524601, 48.4419931], [18.3532897, 48.4445353], [18.3537289, 48.4456158], [18.3538573, 48.4468707], [18.3565396, 48.4484617], [18.3608463, 48.4497604], [18.3644249, 48.4511139], [18.3664886, 48.4519021], [18.3691618, 48.4524366], [18.3712378, 48.4531293], [18.3732653, 48.4542032], [18.3746957, 48.4554354], [18.375985, 48.4555079], [18.3788502, 48.4556691], [18.3820019, 48.4558464], [18.3861182, 48.4575173], [18.3890421, 48.4583533], [18.3912135, 48.4594349], [18.3918314, 48.461389], [18.392439, 48.4622868], [18.3938355, 48.4626531], [18.3959485, 48.4630595], [18.3975004, 48.4633385], [18.3989799, 48.4641892], [18.4007461, 48.4650559], [18.4025002, 48.4660179], [18.402749, 48.4674714], [18.4028063, 48.469298], [18.4053345, 48.4721267], [18.407279, 48.4738671], [18.4100489, 48.4747898], [18.4124009, 48.4755932], [18.4126781, 48.4734014], [18.4128589, 48.471972], [18.4131348, 48.4709318], [18.4131778, 48.4692222], [18.4139432, 48.4682823], [18.4155789, 48.4682509], [18.4164543, 48.4691188], [18.4191847, 48.4699265], [18.4248193, 48.4711421], [18.4273669, 48.471448], [18.4305867, 48.4722828], [18.4330216, 48.4734832], [18.4359254, 48.4748734], [18.4375966, 48.475294], [18.4414494, 48.4750173], [18.4442322, 48.4744352], [18.4457315, 48.4723076], [18.4457325, 48.4703423], [18.4462119, 48.4694682], [18.4469563, 48.4684451], [18.4457344, 48.4664118], [18.4465095, 48.4651447], [18.4484868, 48.4641082], [18.4491902, 48.4634104], [18.4504747, 48.4620078], [18.4508623, 48.4608829], [18.4505675, 48.4593106], [18.4487441, 48.4581447], [18.4446696, 48.4562801], [18.4413084, 48.4546189], [18.4395161, 48.4532089], [18.4385195, 48.4503691], [18.4389995, 48.4485124], [18.4385515, 48.4481598], [18.4391633, 48.4472112], [18.4404982, 48.4463848], [18.4420065, 48.4451586], [18.4451753, 48.4434517], [18.4467038, 48.4420627], [18.4491384, 48.4412975], [18.4509616, 48.4414808], [18.4522345, 48.4421248], [18.4524578, 48.4442663], [18.4527428, 48.4449373], [18.4539549, 48.4450866], [18.4561959, 48.4448836], [18.4576828, 48.4457851], [18.45918, 48.4466053], [18.4608403, 48.4471069], [18.4628266, 48.4479542], [18.4634377, 48.4489708], [18.4641099, 48.4494994], [18.4653324, 48.4495673], [18.4674208, 48.4486186], [18.4686942, 48.4472972], [18.4709352, 48.4461113], [18.4724835, 48.445542], [18.4739503, 48.4456233], [18.4761709, 48.4455826], [18.4771414, 48.4454255], [18.4762623, 48.4444213], [18.4752238, 48.4426312], [18.4750826, 48.4413634], [18.474658, 48.4397124], [18.473365, 48.4374358], [18.4721112, 48.4361062], [18.4695974, 48.4347593], [18.4674363, 48.4337469], [18.4662807, 48.4328953], [18.4661959, 48.4323131], [18.4669859, 48.4316744], [18.4676845, 48.4311357], [18.4666074, 48.4302884], [18.4647795, 48.4285069], [18.4635328, 48.4271252], [18.4633109, 48.4263779], [18.4634742, 48.4257044], [18.4623972, 48.4248571], [18.4606151, 48.4246006], [18.4591529, 48.4243093], [18.4571295, 48.4234619], [18.4553086, 48.4222581], [18.4523388, 48.4214104], [18.4482988, 48.420293], [18.4451726, 48.4194364], [18.4434694, 48.418554], [18.4422428, 48.4176456], [18.4419627, 48.4167375], [18.4417612, 48.4152037], [18.4415984, 48.4145541], [18.4418206, 48.4140415], [18.441625, 48.4137156], [18.4409136, 48.4137284], [18.4399345, 48.4139888], [18.4389098, 48.4139842], [18.4384948, 48.4136564], [18.438068, 48.4133154], [18.4378779, 48.4123963], [18.4378003, 48.411132], [18.4380101, 48.4094636], [18.4384414, 48.4085426], [18.4382527, 48.4075346], [18.438378, 48.405284], [18.4381442, 48.4033809], [18.4380211, 48.4018515], [18.4386154, 48.4008871], [18.4386875, 48.4003136], [18.438127, 48.3991273], [18.437874, 48.3967507], [18.4370598, 48.3944477], [18.4366437, 48.3921144], [18.4374207, 48.3909502], [18.4378452, 48.3900813], [18.4372456, 48.3892079], [18.4353149, 48.3888902], [18.4340362, 48.3890288], [18.4329666, 48.3887592], [18.4324781, 48.3876293], [18.432956, 48.3850834], [18.4344182, 48.383485], [18.4356257, 48.3832846], [18.4363567, 48.3824853], [18.4366054, 48.3811342], [18.4386999, 48.3795184], [18.4408723, 48.378537], [18.4434752, 48.3772646], [18.4445842, 48.3765913], [18.4453022, 48.3752663], [18.4472986, 48.3731725], [18.4485315, 48.3721386], [18.449321, 48.3708701], [18.4495431, 48.3697274], [18.4518454, 48.368333], [18.4546233, 48.3681726], [18.4588748, 48.3675691], [18.46147, 48.3676084], [18.4639739, 48.3677475], [18.4654215, 48.3681429], [18.4665952, 48.3682081], [18.467945, 48.3681256], [18.4708727, 48.3673956], [18.4750913, 48.3664221], [18.4776735, 48.3665653], [18.479558, 48.3672472], [18.4820363, 48.3688545], [18.4849907, 48.3704356], [18.4869671, 48.3716475], [18.4884477, 48.372412], [18.490972, 48.3736541], [18.4934707, 48.3757347], [18.4936211, 48.3764255], [18.4938692, 48.3769642], [18.494874, 48.3777547], [18.4955793, 48.3795577], [18.4959779, 48.3807872], [18.4969369, 48.3813126], [18.4987372, 48.3814121], [18.5002118, 48.3822285], [18.5010342, 48.3832189], [18.5014126, 48.3833448], [18.5020384, 48.3827493], [18.5031277, 48.382862], [18.5042111, 48.3836567], [18.5046483, 48.3839434], [18.5055482, 48.383678], [18.5092845, 48.3821517], [18.5113249, 48.3809517], [18.5124985, 48.3803865], [18.5148201, 48.3800944], [18.516229, 48.380172], [18.5172271, 48.3803845], [18.5188708, 48.380475], [18.5212836, 48.3800829], [18.5253918, 48.3793639], [18.5275697, 48.3789588], [18.5297483, 48.3791835], [18.5306746, 48.3793394], [18.5315743, 48.3790739], [18.5326169, 48.3782912], [18.5333051, 48.3759142], [18.5342814, 48.3743929], [18.5357869, 48.3736882], [18.5373949, 48.373556], [18.5389408, 48.3737984], [18.5399582, 48.3738542], [18.5410216, 48.374175], [18.5416615, 48.3747351], [18.5422812, 48.3748216], [18.5428677, 48.3745388], [18.5440536, 48.3738689], [18.5462515, 48.3739369], [18.5475819, 48.3740099], [18.5488535, 48.3739221], [18.5500715, 48.3729914], [18.5500372, 48.3719921], [18.5485998, 48.3702335], [18.5478077, 48.3683527], [18.5473813, 48.366702], [18.5475873, 48.3650334], [18.5483336, 48.362817], [18.5488729, 48.3616392], [18.5484613, 48.3611442], [18.547561, 48.3607798], [18.5462492, 48.3599205], [18.5459021, 48.358904], [18.5459333, 48.3580133], [18.5461661, 48.3567662], [18.5466142, 48.3556883], [18.5474213, 48.3548927], [18.5482487, 48.3545706], [18.5491811, 48.3546742], [18.5501789, 48.3548864], [18.5507458, 48.35476], [18.5520094, 48.3540943], [18.5535526, 48.3530764], [18.5544775, 48.3526021], [18.5557549, 48.3524621], [18.5565168, 48.3520314], [18.5570365, 48.3510099], [18.5569806, 48.3489071], [18.5569912, 48.3475428], [18.5574134, 48.3466735], [18.5580252, 48.346182], [18.5591985, 48.3462463], [18.5591812, 48.3452408], [18.5589649, 48.3449708], [18.5575305, 48.341371], [18.5567916, 48.340366], [18.5570115, 48.3391589], [18.5572158, 48.3348799], [18.555561, 48.3321677], [18.5534475, 48.3315874], [18.551498, 48.331308], [18.5485996, 48.3303539], [18.5443095, 48.3286562], [18.54096, 48.3278113], [18.5389159, 48.3276487], [18.5367223, 48.3268878], [18.5344825, 48.3252336], [18.5332145, 48.3237787], [18.5309061, 48.3226286], [18.5274624, 48.3219003], [18.5243465, 48.3199296], [18.523145, 48.3189519], [18.5227771, 48.3173378], [18.5223461, 48.3151868], [18.5226019, 48.3135861], [18.5229382, 48.3121656], [18.5229986, 48.3109175], [18.523059, 48.3096695], [18.523082, 48.3091941], [18.5234096, 48.3070298], [18.523582, 48.3053082], [18.5232688, 48.3044091], [18.5225246, 48.3032033], [18.5223091, 48.3021278], [18.5222747, 48.3009968], [18.5227057, 48.2994593], [18.523605, 48.297456], [18.5239354, 48.2961543], [18.5239785, 48.2952629], [18.5234183, 48.293942], [18.5224904, 48.2928512], [18.5215538, 48.2919387], [18.5210511, 48.2912734], [18.5204301, 48.290694], [18.5192471, 48.2907884], [18.5168253, 48.2910931], [18.5159525, 48.2911846], [18.5149437, 48.2912904], [18.5111543, 48.2922199], [18.5083473, 48.293111], [18.5053187, 48.2948896], [18.5021205, 48.296486], [18.4993848, 48.2977353], [18.4961262, 48.2987353], [18.4910087, 48.2994567], [18.4863772, 48.2993556], [18.4856583, 48.2993399], [18.4829036, 48.2992797], [18.4796972, 48.2992095], [18.4769654, 48.2985548], [18.4738892, 48.2976544], [18.4709168, 48.2964588], [18.4697257, 48.2953023], [18.4694732, 48.2949993], [18.4683948, 48.2906624], [18.4679339, 48.289165], [18.4680162, 48.2875011], [18.4681043, 48.2857183], [18.4688127, 48.2840086], [18.4693723, 48.2817008], [18.4684448, 48.2788248], [18.4673814, 48.2768977], [18.4658465, 48.2754956], [18.4612559, 48.2719142], [18.4602377, 48.2708804], [18.4603407, 48.2688004], [18.4604261, 48.2670771], [18.4600723, 48.265225], [18.4572389, 48.264865], [18.4551499, 48.263867], [18.4533011, 48.2616249], [18.4513781, 48.2590837], [18.4490016, 48.2567108], [18.4469368, 48.2552372], [18.444442, 48.2534566], [18.4431635, 48.2522978], [18.4403946, 48.2479826], [18.4402018, 48.2464911], [18.4417825, 48.2451579], [18.4429064, 48.2440526], [18.4456198, 48.2432205], [18.4478824, 48.2424973], [18.4497684, 48.2421822], [18.452485, 48.2430753], [18.4549825, 48.2447963], [18.4573494, 48.2455625], [18.4604663, 48.2455719], [18.46197, 48.2457835], [18.4633583, 48.246528], [18.4636672, 48.2474867], [18.4651159, 48.2483824], [18.4661712, 48.2490887], [18.4675538, 48.249952], [18.4691447, 48.2520097], [18.4691575, 48.2535568], [18.4699682, 48.2551809], [18.4729528, 48.2560793], [18.4770464, 48.2561692], [18.4774024, 48.256177], [18.4806892, 48.256368], [18.4836501, 48.2586637], [18.4862954, 48.2610417], [18.4902952, 48.2648769], [18.4944118, 48.2663349], [18.4964842, 48.2676888], [18.4975572, 48.2694374], [18.499598, 48.271445], [18.5019059, 48.2734583], [18.5031761, 48.2742713], [18.5038927, 48.2747508], [18.5078815, 48.2751942], [18.5116894, 48.275693], [18.5149489, 48.2764773], [18.5186018, 48.2783409], [18.5205547, 48.2794241], [18.5234958, 48.2812721], [18.524165, 48.2821789], [18.5245844, 48.2827234], [18.5247697, 48.2834085], [18.525222, 48.2833617], [18.5264371, 48.2840422], [18.5295567, 48.285894], [18.5372128, 48.289806], [18.5395808, 48.2924742], [18.5401528, 48.2935573], [18.540498, 48.2944995], [18.5411148, 48.2963201], [18.5431014, 48.2962081], [18.545653, 48.296917], [18.5484719, 48.2976315], [18.5519455, 48.2977054], [18.5554475, 48.297185], [18.5599787, 48.2975191], [18.563082, 48.2978823], [18.5670449, 48.298918], [18.5722466, 48.3001582], [18.5763019, 48.301136], [18.5792743, 48.3023884], [18.5894791, 48.3100686], [18.5945934, 48.3113059], [18.5979066, 48.3110182], [18.5999224, 48.3098704], [18.6048781, 48.3087838], [18.6080993, 48.3085534], [18.612835, 48.3083542], [18.6152432, 48.3083447], [18.6188207, 48.3081213], [18.6225845, 48.3077232], [18.623503, 48.3071473], [18.6248532, 48.3068777], [18.6289887, 48.3042264], [18.6316327, 48.3029721], [18.6349287, 48.3030398], [18.6389046, 48.3038354], [18.6405917, 48.3039889], [18.6428736, 48.3028459], [18.6448716, 48.3020539], [18.6465997, 48.3013159], [18.6492939, 48.300895], [18.6506302, 48.3009223], [18.6536426, 48.3013407], [18.6557479, 48.3020975], [18.6576023, 48.3024922], [18.6610684, 48.3027412], [18.6633358, 48.303858], [18.664456, 48.3043956], [18.6652551, 48.3047893], [18.6660352, 48.3052811], [18.6747904, 48.3117939], [18.6785166, 48.3141893], [18.6822486, 48.3164656], [18.6872742, 48.3177565], [18.6904393, 48.3187719], [18.6932454, 48.3198395], [18.6954528, 48.3223227], [18.6969954, 48.3237219], [18.7001796, 48.3292883], [18.7037076, 48.3301916], [18.7059452, 48.3320209], [18.7060954, 48.3346414], [18.7070799, 48.3365647], [18.7094828, 48.3386947], [18.7119751, 48.3408264], [18.7129213, 48.3416185], [18.7149108, 48.3430263], [18.7153714, 48.3447012], [18.714325, 48.3471492], [18.7153567, 48.3500252], [18.7167585, 48.352611], [18.7190496, 48.355274], [18.7221832, 48.3570612], [18.7246169, 48.3585371], [18.7252616, 48.3600965], [18.7269687, 48.3618554], [18.7289515, 48.3634413], [18.7312647, 48.3656285], [18.7336806, 48.3675202], [18.7356114, 48.3682721], [18.7405846, 48.3678641], [18.7411486, 48.3692434], [18.7412089, 48.369899], [18.7436988, 48.3701263], [18.7451996, 48.3705126], [18.7467581, 48.3716139], [18.7492824, 48.373091], [18.7512663, 48.3746765], [18.753266, 48.3759053], [18.7551635, 48.3774296], [18.7564339, 48.379001], [18.7606756, 48.3820581], [18.7625189, 48.3848304], [18.765396, 48.386433], [18.7679059, 48.3882663], [18.7701691, 48.3896189], [18.7734141, 48.3909905], [18.7755534, 48.3910913], [18.7764304, 48.3911654], [18.7762816, 48.3887258], [18.7763152, 48.3879531], [18.7762118, 48.3862259], [18.7767304, 48.3845703], [18.7767925, 48.3831437], [18.7761388, 48.3807218], [18.7752169, 48.3793358], [18.7751975, 48.3777292], [18.7749027, 48.3762958], [18.7737314, 48.3744884], [18.7725471, 48.3729783], [18.7706389, 48.3716921], [18.7682899, 48.3702784], [18.7664528, 48.3694099], [18.7646003, 48.368898], [18.7631176, 48.3680959], [18.7614878, 48.366577], [18.7598503, 48.3652364], [18.758302, 48.3638975], [18.7570267, 48.3624449], [18.7564519, 48.3613034], [18.7562182, 48.3605255], [18.754834, 48.3585056], [18.7538917, 48.3555723], [18.7514858, 48.3514206], [18.7513254, 48.3489784], [18.7517575, 48.345239], [18.7530289, 48.3427058], [18.7534926, 48.3402758], [18.7566896, 48.3375719], [18.7573079, 48.3356803], [18.7590037, 48.3336312], [18.7612029, 48.3323057], [18.7633207, 48.3308002], [18.7657846, 48.3295392], [18.7683478, 48.3280422], [18.7680276, 48.3272032], [18.7668922, 48.3266458], [18.7651588, 48.3254818], [18.7647599, 48.3244033], [18.7658259, 48.3224608], [18.765427, 48.3213823], [18.7625093, 48.3207902], [18.7589549, 48.3204831], [18.7562312, 48.3195377], [18.7548756, 48.317905], [18.7549095, 48.3171323], [18.7559211, 48.3164382], [18.7572968, 48.3155727], [18.7615536, 48.3130677], [18.7635503, 48.3122737], [18.7641317, 48.3112142], [18.7641784, 48.3101443], [18.7649638, 48.3084938], [18.7666272, 48.3071579], [18.7681911, 48.3060579], [18.7705594, 48.304914], [18.7723594, 48.3045324], [18.7735744, 48.3032472], [18.7750722, 48.3016104], [18.7760069, 48.3006172], [18.7763232, 48.299493], [18.77638, 48.2981853], [18.776034, 48.2979407], [18.7750063, 48.296969], [18.7746861, 48.2961299], [18.7739263, 48.2941223], [18.7735197, 48.2932221], [18.7725102, 48.2918343], [18.7724038, 48.2903044], [18.7723308, 48.2898082], [18.7724767, 48.2885023], [18.7730705, 48.2871455], [18.7740915, 48.2862134], [18.7750235, 48.2852796], [18.775852, 48.2826186], [18.7763643, 48.2810818], [18.7773748, 48.2803874], [18.7787647, 48.279165], [18.7800732, 48.2777624], [18.7807119, 48.2774178], [18.7823971, 48.2755466], [18.7837507, 48.2751563], [18.7875653, 48.2724634], [18.7895017, 48.2709539], [18.7911837, 48.269142], [18.7924026, 48.2677376], [18.7939421, 48.2650901], [18.794446, 48.2637315], [18.7965727, 48.2619281], [18.7988575, 48.2596611], [18.7996354, 48.2590717], [18.8013166, 48.2572596], [18.8041676, 48.2551724], [18.8044804, 48.2541076], [18.8062428, 48.2535166], [18.8079999, 48.2520033], [18.8089484, 48.2506531], [18.809345, 48.2497088], [18.8112162, 48.2476028], [18.8130646, 48.2460317], [18.8145189, 48.2453455], [18.8162224, 48.2450803], [18.8191207, 48.2439455], [18.8215588, 48.2431588], [18.8238952, 48.2426676], [18.8263105, 48.2424158], [18.8277343, 48.2424427], [18.8310833, 48.2432792], [18.8322865, 48.2443132], [18.8371875, 48.2463686], [18.8388473, 48.2492553], [18.8413684, 48.2507303], [18.84273, 48.2522431], [18.8432781, 48.254038], [18.8435252, 48.2545186], [18.8450009, 48.2554386], [18.8489035, 48.2569096], [18.8527853, 48.2578149], [18.8568802, 48.2578912], [18.8593156, 48.2593048], [18.8621123, 48.2606061], [18.8648126, 48.2620839], [18.8670927, 48.2629591], [18.8689723, 48.2648975], [18.8744455, 48.266129], [18.8793674, 48.2677665], [18.8827933, 48.2689599], [18.8856058, 48.2699039], [18.8890875, 48.2705134], [18.89178, 48.2714449], [18.8942366, 48.2723822], [18.9013846, 48.2773611], [18.9024475, 48.2797005], [18.9053185, 48.2814185], [18.9087531, 48.2824328], [18.9121806, 48.2836253], [18.9152447, 48.2849896], [18.9191949, 48.2864888], [18.9211881, 48.287893], [18.9232488, 48.2898339], [18.9245176, 48.2915224], [18.9264052, 48.2933411], [18.9286589, 48.2949284], [18.9350303, 48.2972142], [18.9366148, 48.2977185], [18.9396272, 48.2981889], [18.9414838, 48.298579], [18.942763, 48.3000296], [18.9437677, 48.3016538], [18.9443151, 48.3035672], [18.9444965, 48.305712], [18.9454028, 48.3075723], [18.9463449, 48.308541], [18.9479227, 48.3092235], [18.9493652, 48.3088327], [18.9507423, 48.307846], [18.9515609, 48.3074441], [18.952635, 48.3073442], [18.9547855, 48.307085], [18.9573862, 48.3067148], [18.960039, 48.3050366], [18.9614134, 48.3041091], [18.9636063, 48.3027797], [18.9649877, 48.3016739], [18.9677946, 48.3005931], [18.9691523, 48.3000817], [18.9704053, 48.3010854], [18.9732565, 48.3011356], [18.9751582, 48.3003957], [18.9772356, 48.2997184], [18.9799507, 48.2986952], [18.9821288, 48.2977221], [18.983212, 48.2973842], [18.9843983, 48.2966911], [18.9852939, 48.2965878], [18.9858401, 48.2962999], [18.98633, 48.296187], [18.9861846, 48.294684], [18.9886036, 48.2921088], [18.9905298, 48.2884542], [18.9929599, 48.2855816], [18.9933125, 48.2811261], [18.9938858, 48.2778642], [18.9936574, 48.2745884], [18.9936707, 48.2719711], [18.9934253, 48.2702714], [18.994394, 48.2660051], [18.9940209, 48.2641544], [18.9922279, 48.2621601], [18.9890879, 48.2604396], [18.9855944, 48.2586533], [18.981321, 48.2563179], [18.97992, 48.2556984], [18.9781255, 48.2537633], [18.9770385, 48.2519595], [18.9761344, 48.25004], [18.974729, 48.2495393], [18.9737804, 48.2487493], [18.9708514, 48.2473592], [18.9681303, 48.2440988], [18.9669412, 48.2403895], [18.9653563, 48.2376845], [18.9637298, 48.2337889], [18.961579, 48.2296461], [18.9599853, 48.2271788], [18.9587192, 48.2254312], [18.9569447, 48.2219196], [18.9560489, 48.2198215], [18.9540133, 48.2172868], [18.9516921, 48.2152229], [18.9499724, 48.213705], [18.9479765, 48.2124202], [18.9465167, 48.2110854], [18.9457598, 48.2107182], [18.9445043, 48.2102166], [18.94292, 48.2097719], [18.9409634, 48.2097369], [18.9394514, 48.2097098], [18.9376726, 48.209678], [18.9361606, 48.2096509], [18.9350044, 48.2096301], [18.9333815, 48.2079353], [18.9319222, 48.2066003], [18.9321068, 48.204224], [18.9320609, 48.2031524], [18.9322024, 48.2018462], [18.9314138, 48.200434], [18.9292434, 48.1990862], [18.9292961, 48.1977784], [18.929344, 48.1965895], [18.9281327, 48.1957348], [18.9268493, 48.1944624], [18.925924, 48.193137], [18.9250083, 48.1915737], [18.9243427, 48.1904314], [18.9225261, 48.1891494], [18.9203348, 48.1883364], [18.917985, 48.1870446], [18.9164089, 48.1864212], [18.9142659, 48.1844192], [18.9136127, 48.1829796], [18.9129787, 48.1810645], [18.9117008, 48.179673], [18.9099043, 48.1779152], [18.9093087, 48.17725], [18.9041902, 48.175164], [18.9032683, 48.1737789], [18.9018253, 48.1720869], [18.900716, 48.1709364], [18.9006061, 48.1692686], [18.8994178, 48.1678787], [18.8976988, 48.1664195], [18.8959653, 48.165317], [18.8948441, 48.1644637], [18.8939993, 48.1633774], [18.8936706, 48.162717], [18.8929342, 48.1611568], [18.8917365, 48.1600045], [18.8908845, 48.1590966], [18.8901141, 48.1583685], [18.8903241, 48.1564985], [18.8925804, 48.1535058], [18.8956981, 48.1511833], [18.8984626, 48.1487947], [18.9012261, 48.1486072], [18.9034517, 48.1485288], [18.9050652, 48.1482013], [18.9085706, 48.1472537], [18.9126402, 48.1455429], [18.9168632, 48.1433291], [18.9205458, 48.1423844], [18.9241609, 48.1409029], [18.9265396, 48.1392206], [18.9285676, 48.1374129], [18.9330435, 48.1343999], [18.9359616, 48.1325487], [18.9380421, 48.1316341], [18.9421559, 48.1296946], [18.9442668, 48.1293064], [18.9465058, 48.1288705], [18.950124, 48.1272693], [18.9523117, 48.125869], [18.9528611, 48.1254738], [18.9549694, 48.1238456], [18.9696919, 48.1166404], [18.972318, 48.1153779], [18.974229, 48.1142218], [18.9742664, 48.1132706], [18.9725329, 48.1121692], [18.9710752, 48.1108348], [18.9698045, 48.1092656], [18.9683493, 48.1078716], [18.9665556, 48.1060552], [18.9653715, 48.1045471], [18.9641805, 48.1032172], [18.9637766, 48.1021987], [18.9624993, 48.1008078], [18.9619761, 48.1005606], [18.9613051, 48.0984368], [18.9596365, 48.0934696], [18.9582196, 48.0911243], [18.957216, 48.0895597], [18.9558951, 48.0870377], [18.9548453, 48.0844015], [18.9532915, 48.0810424], [18.952844, 48.0788928], [18.9528959, 48.0775849], [18.9533054, 48.0765567], [18.9554966, 48.071055], [18.9559712, 48.0706817], [18.9578785, 48.0688321], [18.9589984, 48.0654], [18.9597064, 48.0629206], [18.9610435, 48.059175], [18.9614877, 48.0579399], [18.9614464, 48.0576642], [18.958958, 48.057635], [18.9544758, 48.0573455], [18.9492105, 48.0578305], [18.9435927, 48.0583558], [18.939868, 48.0582795], [18.9372846, 48.0580885], [18.9327496, 48.0575044], [18.9277169, 48.0567196], [18.9238577, 48.055002], [18.9203307, 48.0537356], [18.9133135, 48.0521571], [18.9105864, 48.0513897], [18.908677, 48.0509624], [18.8937908, 48.0547514], [18.8928864, 48.0532598], [18.8869741, 48.0582052], [18.8863496, 48.0576799], [18.8863748, 48.0553504], [18.8857203, 48.05466], [18.8842642, 48.0534351], [18.8842379, 48.0524087], [18.8851918, 48.0510907], [18.8852096, 48.0503102], [18.8828762, 48.050335], [18.8806167, 48.049094], [18.8780946, 48.0488653], [18.8772042, 48.048379], [18.875951, 48.0485086], [18.8741104, 48.0468011], [18.8670245, 48.048237], [18.8602168, 48.0497851], [18.8574683, 48.0483714], [18.8548576, 48.0476493], [18.8539767, 48.0483349], [18.8475319, 48.0517575], [18.845293, 48.0524586], [18.8408903, 48.0506271], [18.8390393, 48.0465255], [18.8332841, 48.0477857], [18.8290228, 48.0412611], [18.8270727, 48.0417448], [18.8229557, 48.0426994], [18.8204402, 48.0399303], [18.8211275, 48.0390384], [18.8212186, 48.0382325], [18.8211321, 48.0363029], [18.8213052, 48.0355904], [18.8227586, 48.0354268], [18.8251435, 48.035733], [18.8269587, 48.036309], [18.8280088, 48.0357633], [18.8278184, 48.0350925], [18.8269293, 48.0342641], [18.8255463, 48.0307631], [18.8274663, 48.0304437], [18.8285916, 48.0300226], [18.8290999, 48.0295081], [18.8283539, 48.0289873], [18.8251957, 48.0284002], [18.8236033, 48.0266924], [18.821125, 48.0256595], [18.8199828, 48.0246983], [18.8202383, 48.0240498], [18.8215222, 48.023035], [18.8213459, 48.0222442], [18.8207855, 48.0216733], [18.8190461, 48.0212218], [18.8180314, 48.0214682], [18.8176261, 48.0218674], [18.8184324, 48.0226317], [18.8183552, 48.0232896], [18.8176427, 48.023252], [18.816658, 48.0224783], [18.8166129, 48.0213336], [18.8163101, 48.0193328], [18.8163679, 48.018074], [18.8172141, 48.0169752], [18.8180739, 48.0104068], [18.8193838, 48.0099346], [18.8204893, 48.0089115], [18.8217259, 48.0075334], [18.8219199, 48.0066415], [18.8210384, 48.0057537], [18.8193487, 48.004883], [18.8199619, 48.003472], [18.8181852, 48.0018152], [18.8197971, 48.0010579], [18.8194357, 48.0003171], [18.817352, 47.9982235], [18.8166337, 47.9972101], [18.818039, 47.9969562], [18.8184135, 47.9964099], [18.8182589, 47.9958368], [18.8161486, 47.9934023], [18.8144822, 47.9936119], [18.814224, 47.9950575], [18.8142874, 47.9967873], [18.8135098, 47.9969853], [18.8124013, 47.9954675], [18.8111363, 47.99415], [18.8095113, 47.9928721], [18.8092489, 47.9920846], [18.8096143, 47.9912401], [18.8106156, 47.9910247], [18.8116923, 47.9916771], [18.813143, 47.992171], [18.8138996, 47.9921512], [18.8141824, 47.9916305], [18.8142819, 47.9911588], [18.8126911, 47.9899729], [18.8085125, 47.9873996], [18.8061884, 47.9864128], [18.8047175, 47.986097], [18.8021095, 47.9848865], [18.800476, 47.9844424], [18.7985467, 47.9842511], [18.7950511, 47.9849296], [18.7922667, 47.9859728], [18.7906183, 47.9860342], [18.7884521, 47.9867233], [18.7865057, 47.9866797], [18.7840076, 47.9871729], [18.7832986, 47.9869774], [18.7831527, 47.985957], [18.781879, 47.985472], [18.7802353, 47.9851163], [18.7779421, 47.98425], [18.7753309, 47.9842002], [18.7741669, 47.9842883], [18.7739583, 47.9849313], [18.7743333, 47.9862616], [18.7739941, 47.9872563], [18.7733209, 47.9876975], [18.7723789, 47.9874094], [18.7705014, 47.9860284], [18.7689912, 47.9852927], [18.7662598, 47.9847604], [18.7659666, 47.9842384], [18.7678541, 47.9836533], [18.7688605, 47.9830224], [18.7687947, 47.9824528], [18.7683762, 47.9818655], [18.7668836, 47.9809819], [18.7650409, 47.980436], [18.7642034, 47.9803914], [18.7636024, 47.9805984], [18.7630847, 47.9810377], [18.7622797, 47.9822161], [18.7617922, 47.9829649], [18.7607812, 47.9821362], [18.7601521, 47.9807031], [18.7589645, 47.9791207], [18.7583027, 47.9783411], [18.7571722, 47.9777744], [18.7567947, 47.9772174], [18.7568074, 47.9756099], [18.7565319, 47.97494], [18.7558001, 47.9747521], [18.754952, 47.974797], [18.7536143, 47.9750098], [18.7533997, 47.9736845], [18.7538951, 47.9726317], [18.7557019, 47.9719816], [18.7567919, 47.9711263], [18.7571839, 47.9699033], [18.7573206, 47.968749], [18.7578604, 47.9683628], [18.7592596, 47.9680225], [18.7608753, 47.9679429], [18.7624714, 47.9680281], [18.7642195, 47.9678721], [18.7650245, 47.9673342], [18.7654513, 47.9668596], [18.7656714, 47.9660413], [18.7657785, 47.9651347], [18.7662638, 47.9641648], [18.7682673, 47.9639389], [18.770109, 47.964037], [18.7710267, 47.9635885], [18.7719249, 47.9633048], [18.7721936, 47.9620741], [18.7725173, 47.9614271], [18.7733415, 47.9607244], [18.7737681, 47.9602498], [18.77414, 47.9591904], [18.7745024, 47.9582139], [18.7758467, 47.9572897], [18.7771715, 47.9565302], [18.7773723, 47.9558778], [18.7770624, 47.9553628], [18.776536, 47.9545882], [18.7768239, 47.9531928], [18.7769503, 47.9521214], [18.7763952, 47.9515934], [18.7756587, 47.9515542], [18.7747605, 47.9518391], [18.7737589, 47.9519515], [18.7725121, 47.9520509], [18.77154, 47.9519168], [18.7707101, 47.9516234], [18.7704392, 47.9507789], [18.7706299, 47.9502083], [18.7715221, 47.9489285], [18.7720851, 47.9472985], [18.7725054, 47.9458277], [18.7725512, 47.9447667], [18.7733176, 47.9431329], [18.7735668, 47.9420669], [18.7739291, 47.9410904], [18.7741878, 47.9399426], [18.7744272, 47.9389596], [18.7736166, 47.938586], [18.7745147, 47.9382177], [18.7738113, 47.9368529], [18.7735891, 47.9355961], [18.7732696, 47.935164], [18.7723854, 47.9342881], [18.7723212, 47.9337862], [18.7736551, 47.9329449], [18.7729224, 47.9318267], [18.7720091, 47.9311972], [18.7715768, 47.9306768], [18.771041, 47.9299841], [18.7704959, 47.9293742], [18.7697539, 47.9283389], [18.7674652, 47.9268072], [18.7650393, 47.9243535], [18.7628253, 47.9232396], [18.7616668, 47.922597], [18.7601305, 47.9220176], [18.7589333, 47.9211812], [18.7570388, 47.9204992], [18.7569938, 47.9198337], [18.7573368, 47.919022], [18.7575373, 47.9183684], [18.7576153, 47.9177095], [18.7575804, 47.9169611], [18.7578845, 47.9164789], [18.7583105, 47.9160043], [18.7587915, 47.9153849], [18.7588066, 47.9153654], [18.7593903, 47.9148423], [18.7598026, 47.9145358], [18.7598497, 47.9144953], [18.7602782, 47.914067], [18.7614279, 47.9126026], [18.761697, 47.911372], [18.7623531, 47.9099962], [18.7624115, 47.909502], [18.7616407, 47.9087142], [18.7600757, 47.9083814], [18.7591527, 47.9078348], [18.7589857, 47.9071616], [18.7588865, 47.9059113], [18.7587482, 47.9049916], [18.7588164, 47.9044144], [18.7600078, 47.9037315], [18.7615923, 47.9038985], [18.7622348, 47.9036847], [18.7623029, 47.9031075], [18.7614929, 47.9026493], [18.7606541, 47.9024387], [18.7600644, 47.9011622], [18.7589747, 47.8999424], [18.7582333, 47.898907], [18.7568499, 47.8980865], [18.7565698, 47.8973249], [18.7568831, 47.8967598], [18.7570644, 47.8962721], [18.7579713, 47.8959056], [18.7594812, 47.8956547], [18.7601432, 47.8952751], [18.7604471, 47.8947929], [18.7609216, 47.8939059], [18.7609256, 47.892828], [18.7611748, 47.891762], [18.7611094, 47.891326], [18.7610369, 47.8908423], [18.7614794, 47.8900957], [18.761576, 47.8899328], [18.7643547, 47.8883389], [18.765997, 47.8880116], [18.7664135, 47.8876188], [18.7667756, 47.8866423], [18.7670148, 47.8856593], [18.7674895, 47.8847723], [18.7679156, 47.8842977], [18.7680421, 47.8832252], [18.7667814, 47.8824114], [18.7650205, 47.8816532], [18.7634659, 47.8812386], [18.7630536, 47.8805523], [18.7625476, 47.879613], [18.7626654, 47.8780292], [18.7632198, 47.8765803], [18.7634686, 47.8749449], [18.7630136, 47.873609], [18.7627071, 47.8724311], [18.7629436, 47.8718437], [18.7637708, 47.8714391], [18.7651968, 47.8716269], [18.7670692, 47.8718024], [18.768351, 47.8717953], [18.7686296, 47.871323], [18.7689806, 47.8707057], [18.768843, 47.8699856], [18.7686144, 47.8695618], [18.7685448, 47.8687337], [18.7697086, 47.8683087], [18.7712452, 47.8685034], [18.7725687, 47.8686112], [18.7735185, 47.8685863], [18.774242, 47.8685877], [18.775008, 47.8687041], [18.7757655, 47.8688934], [18.777169, 47.8692681], [18.7778972, 47.8692325], [18.7783881, 47.8688459], [18.7793304, 47.868409], [18.7799581, 47.8678064], [18.7806079, 47.8670167], [18.7809549, 47.8664352], [18.7809915, 47.86565], [18.7815333, 47.8653045], [18.78233, 47.8651597], [18.7835383, 47.8652985], [18.7848445, 47.8655563], [18.7860314, 47.8658812], [18.787023, 47.8659711], [18.7879811, 47.8658721], [18.7896295, 47.8655854], [18.7912404, 47.8651467], [18.7925229, 47.8646533], [18.7931638, 47.8639375], [18.7937116, 47.8630678], [18.7942286, 47.8610339], [18.794552, 47.8597024], [18.7947862, 47.8591466], [18.7950148, 47.8586038], [18.7938126, 47.8582197], [18.78992, 47.8585975], [18.7890209, 47.8577977], [18.7879301, 47.8575726], [18.7859563, 47.8574675], [18.784239, 47.8572926], [18.7833302, 47.8565758], [18.7825155, 47.8561147], [18.7814345, 47.8558065], [18.7806296, 47.8552623], [18.7791493, 47.8551834], [18.777299, 47.8550848], [18.7766077, 47.8546302], [18.7750688, 47.8550494], [18.7739097, 47.8554053], [18.7725235, 47.855582], [18.7704264, 47.8554701], [18.7685859, 47.8552883], [18.7668393, 47.8553621], [18.7643233, 47.8556455], [18.7616936, 47.8558391], [18.7586195, 47.8555912], [18.7558314, 47.8550244], [18.7537736, 47.8545801], [18.7520019, 47.8538168], [18.7517496, 47.8528008], [18.7514875, 47.8518677], [18.7518126, 47.8512167], [18.7515211, 47.8505328], [18.7500508, 47.8503705], [18.7486493, 47.849627], [18.7479681, 47.8490892], [18.7463015, 47.8488716], [18.7436333, 47.8489434], [18.7405001, 47.8493482], [18.7388002, 47.8493287], [18.7368085, 47.8490785], [18.7350872, 47.8483416], [18.7340975, 47.8477156], [18.7331714, 47.847451], [18.7313276, 47.8468506], [18.7293529, 47.8464581], [18.7285112, 47.8454818], [18.7286041, 47.8446991], [18.7287391, 47.8435605], [18.727369, 47.8425559], [18.7261384, 47.8412723], [18.7249629, 47.8404213], [18.7240454, 47.8400855], [18.7229885, 47.8400286], [18.7219907, 47.8394736], [18.7217581, 47.838745], [18.7224809, 47.8371368], [18.7239096, 47.835853], [18.7251438, 47.8344155], [18.7263908, 47.8337664], [18.7279632, 47.8330632], [18.7292017, 47.8324853], [18.7307065, 47.8323514], [18.7314885, 47.8320353], [18.7326434, 47.8307384], [18.7341844, 47.8290292], [18.7365975, 47.8275117], [18.7391459, 47.826646], [18.7411574, 47.825823], [18.7428182, 47.8252676], [18.7450242, 47.8245982], [18.7507038, 47.8233272], [18.7574868, 47.8226162], [18.7620807, 47.8224323], [18.7685045, 47.8220596], [18.7733818, 47.8221768], [18.7756008, 47.8222953], [18.7771243, 47.8223788], [18.7775447, 47.8220409], [18.7779761, 47.8214757], [18.8999169, 47.7730223], [18.9260094, 47.7647151], [18.9548486, 47.7707149], [18.9706414, 47.7997809], [19.0090936, 47.8140772], [19.0612786, 47.8149994], [19.1195767, 47.79379], [19.1271945, 47.791018], [19.2035043, 47.7458163], [19.2301937, 47.7305492], [19.2823788, 47.7250067], [19.2906186, 47.7014445], [19.2854687, 47.6753288], [19.2669293, 47.6683933], [19.2343136, 47.6688557], [19.2157742, 47.6612256], [19.212341, 47.626992], [19.2367169, 47.6073206], [19.2621228, 47.5853263], [19.2782589, 47.5559088], [19.3290707, 47.5172009], [19.3606564, 47.4947048], [19.4337841, 47.4684857], [19.5239545, 47.4935161], [19.5281979, 47.5920413], [19.4705197, 47.626992], [19.4897433, 47.687581], [19.6140262, 47.6801848], [19.6476718, 47.7284725], [19.7259508, 47.6922022], [19.7554776, 47.7280089], [19.8224255, 47.7173848], [19.8883435, 47.6928948], [19.9360653, 47.7296255], [19.9978634, 47.7125339], [20.0435229, 47.7273177], [20.130386, 47.7250067], [20.2045437, 47.7462497], [20.2258297, 47.7679456], [20.2206799, 47.803701], [20.2440258, 47.8090045], [20.2895573, 47.8387459], [20.3518292, 47.8046234], [20.423927, 47.7734835], [20.4208371, 47.8251424], [20.4819485, 47.802548], [20.5458065, 47.8212237], [20.6443402, 47.8608584], [20.7193071, 47.8842554], [20.8149706, 47.9439476], [20.8369432, 47.9963558], [20.8084484, 48.0429721], [20.8191073, 48.097144], [20.7723985, 48.1532614], [20.7528277, 48.1903542], [20.743558, 48.2178123], [20.7895657, 48.2107187], [20.8177157, 48.2255893], [20.8472439, 48.1896659], [20.8745982, 48.1392462], [20.9035489, 48.1491378], [20.9045788, 48.2022529], [20.9152208, 48.2173538], [21.0003648, 48.1972191], [21.0450059, 48.186467], [21.1023327, 48.1608187], [21.1370083, 48.1452436], [21.1730572, 48.154406], [21.2069286, 48.144884], [21.2354777, 48.1638349], [21.30558, 48.1547494], [21.3402551, 48.110641], [21.3739007, 48.0987194], [21.4164727, 48.1138502], [21.4157861, 48.1376836], [21.3677209, 48.1715813], [21.3931247, 48.1953892], [21.3923644, 48.230277], [21.4623555, 48.2865957], [21.5319281, 48.309118], [21.5922533, 48.3626374], [21.683368, 48.390273], [21.6866627, 48.3908001], [21.6921092, 48.3918904], [21.6967322, 48.3925814], [21.7000015, 48.3922937], [21.7028474, 48.3919945], [21.7058113, 48.392075], [21.7088761, 48.3928173], [21.7116416, 48.3938339], [21.7123071, 48.394511], [21.7140731, 48.3956887], [21.7154557, 48.3970037], [21.7176857, 48.396728], [21.7204859, 48.3971804], [21.722773, 48.3967714], [21.7270076, 48.3968857], [21.7344376, 48.3979332], [21.7365207, 48.3985542], [21.7387793, 48.3986149], [21.7440809, 48.3997929], [21.7456337, 48.3998345], [21.7483329, 48.3996244], [21.7508909, 48.3994104], [21.752167, 48.3993504], [21.7536297, 48.3985422], [21.7556116, 48.398501], [21.7572602, 48.3992982], [21.7570058, 48.4011745], [21.7568081, 48.4021108], [21.7571806, 48.4029681], [21.7588464, 48.4034833], [21.7613141, 48.4047732], [21.7630646, 48.4062321], [21.7657415, 48.4063976], [21.7667919, 48.4053899], [21.7684915, 48.4029871], [21.7702758, 48.4015282], [21.7722522, 48.4015807], [21.7762455, 48.4057353], [21.7792166, 48.4080738], [21.7807816, 48.4102807], [21.7815057, 48.4131791], [21.7814161, 48.4162291], [21.7814955, 48.4172669], [21.78101, 48.4182897], [21.7809819, 48.4187597], [21.7814737, 48.4199967], [21.7837735, 48.4217523], [21.7859209, 48.4236922], [21.7874923, 48.4258051], [21.7887758, 48.4280045], [21.7903306, 48.4303993], [21.7923542, 48.4320533], [21.7950563, 48.4341959], [21.7973683, 48.4357632], [21.7994147, 48.437041], [21.8016415, 48.4376645], [21.8036602, 48.4394123], [21.8048704, 48.4404798], [21.8047699, 48.4421718], [21.8038441, 48.4434656], [21.8012858, 48.4460346], [21.7993819, 48.4471143], [21.7973589, 48.4478143], [21.7945105, 48.4481158], [21.7935158, 48.4481837], [21.7916677, 48.4483233], [21.7903511, 48.4490418], [21.78999, 48.4503504], [21.7886117, 48.4521028], [21.7877413, 48.4524565], [21.7871144, 48.4534756], [21.7870414, 48.4546976], [21.7863695, 48.4564687], [21.7851995, 48.4570968], [21.7823674, 48.4571161], [21.781248, 48.4568982], [21.7798292, 48.4569548], [21.7779469, 48.4576581], [21.7766186, 48.4585644], [21.7754711, 48.4588165], [21.7737751, 48.4587715], [21.772537, 48.4581737], [21.771689, 48.4581512], [21.7707282, 48.4600087], [21.7700048, 48.4626258], [21.7689082, 48.4643855], [21.7683825, 48.4660663], [21.7673252, 48.467168], [21.7660474, 48.4672282], [21.764713, 48.4658746], [21.7622649, 48.4642088], [21.7608008, 48.4626634], [21.759738, 48.4615052], [21.7596363, 48.4608435], [21.7563856, 48.4607568], [21.7552096, 48.4614786], [21.7542764, 48.462866], [21.7542197, 48.463806], [21.7540103, 48.4649302], [21.754683, 48.4655131], [21.7572272, 48.465581], [21.7581373, 48.4669234], [21.7600143, 48.4686682], [21.76162, 48.4702174], [21.7626207, 48.4724095], [21.7615349, 48.4739812], [21.7595441, 48.4764703], [21.7587409, 48.4780494], [21.7579433, 48.4795346], [21.7557374, 48.4808881], [21.7536784, 48.4821513], [21.7527676, 48.4831626], [21.7511441, 48.4842491], [21.7493279, 48.4861777], [21.7481056, 48.4876515], [21.7471946, 48.4886628], [21.7452149, 48.4886098], [21.7445648, 48.4876509], [21.7447859, 48.4863387], [21.7447242, 48.4850189], [21.7439726, 48.4833982], [21.742163, 48.482879], [21.7399006, 48.4828183], [21.7373613, 48.4826561], [21.734262, 48.4823845], [21.7322883, 48.4822374], [21.7304502, 48.4821879], [21.728912, 48.4818641], [21.7274867, 48.482014], [21.7267167, 48.483029], [21.7260996, 48.4838598], [21.7249283, 48.4844873], [21.7249952, 48.4857131], [21.725022, 48.4875969], [21.7250603, 48.4892927], [21.7257215, 48.4900637], [21.7262298, 48.4910189], [21.7268739, 48.492072], [21.7274167, 48.4924632], [21.7287736, 48.4934412], [21.729435, 48.4942122], [21.7296263, 48.4957238], [21.7306604, 48.4973523], [21.7305689, 48.4988562], [21.7283271, 48.5007732], [21.7267368, 48.5012953], [21.7250395, 48.5012496], [21.7229465, 48.5007224], [21.722031, 48.4994738], [21.7212512, 48.4983229], [21.7197127, 48.4979989], [21.718004, 48.4981411], [21.7165896, 48.4981029], [21.7150683, 48.4974969], [21.7128169, 48.4972478], [21.711345, 48.4981495], [21.7102135, 48.4981189], [21.7085163, 48.4980729], [21.7078987, 48.4989036], [21.7083838, 48.5002349], [21.7091979, 48.5008218], [21.7093771, 48.5025215], [21.709409, 48.5043113], [21.7093514, 48.5052512], [21.7088637, 48.5062737], [21.7075214, 48.5073672], [21.7057835, 48.5079792], [21.7041986, 48.5084071], [21.702732, 48.5092147], [21.7021026, 48.5102333], [21.6995878, 48.511954], [21.6974599, 48.5119904], [21.6956497, 48.5114704], [21.6929246, 48.5097015], [21.6914264, 48.5087192], [21.689446, 48.5086653], [21.686801, 48.5101938], [21.683931, 48.5107746], [21.6806191, 48.5116258], [21.6764699, 48.5122656], [21.6738943, 48.5126659], [21.6713303, 48.5128782], [21.6689311, 48.5127183], [21.6669972, 48.511912], [21.6652516, 48.5103576], [21.662952, 48.5085997], [21.6621149, 48.5083884], [21.6595979, 48.5078484], [21.6584419, 48.5059335], [21.6572324, 48.5026047], [21.6563946, 48.5001336], [21.6562172, 48.4984339], [21.6572122, 48.4961074], [21.6576473, 48.4936713], [21.6583067, 48.4921829], [21.6591308, 48.4903224], [21.6596838, 48.4882662], [21.6590353, 48.4873068], [21.658577, 48.4865555], [21.6583927, 48.4862534], [21.6588812, 48.4852311], [21.659517, 48.4841187], [21.6601762, 48.4826303], [21.6608646, 48.480672], [21.662331, 48.4798649], [21.6644167, 48.4804871], [21.6653246, 48.4818303], [21.6655081, 48.483436], [21.6674642, 48.4838663], [21.6691609, 48.4839128], [21.6703853, 48.4824399], [21.6710325, 48.4811395], [21.6713138, 48.4788874], [21.6718603, 48.4769251], [21.6728717, 48.4743165], [21.6741896, 48.4730479], [21.6746787, 48.472577], [21.6764623, 48.4712135], [21.6760906, 48.4703559], [21.6744642, 48.4691815], [21.6722026, 48.4691195], [21.6705063, 48.469073], [21.6684866, 48.4696767], [21.6661724, 48.4704606], [21.6630626, 48.4703752], [21.6594167, 48.4698041], [21.6563128, 48.4696245], [21.6539802, 48.4684303], [21.6530611, 48.4672751], [21.6531314, 48.4661471], [21.653227, 48.4653552], [21.6508459, 48.4642009], [21.6490848, 48.4629283], [21.6472827, 48.4623135], [21.6418414, 48.4610332], [21.6386086, 48.4606612], [21.6345337, 48.4601716], [21.630544, 48.4588669], [21.6301541, 48.4591936], [21.6298409, 48.4593999], [21.6269685, 48.4609954], [21.6260153, 48.4614606], [21.625527, 48.461878], [21.6250331, 48.4623864], [21.6246448, 48.4626827], [21.6228877, 48.4645399], [21.6216198, 48.4663331], [21.6209284, 48.4674052], [21.6205362, 48.4681313], [21.6197101, 48.4695069], [21.6196351, 48.4699662], [21.6197817, 48.4709379], [21.6201131, 48.4711778], [21.6208089, 48.4715044], [21.6213209, 48.4718112], [21.6224911, 48.472673], [21.6227668, 48.4730655], [21.6228793, 48.4734827], [21.6227922, 48.4752322], [21.6224638, 48.4771449], [21.622325, 48.4789841], [21.6219859, 48.4806962], [21.6217115, 48.4824867], [21.6215715, 48.4843427], [21.6212526, 48.4861004], [21.6209551, 48.4878902], [21.6207226, 48.4897436], [21.6205172, 48.491536], [21.6202188, 48.4926033], [21.6196869, 48.4933413], [21.6188596, 48.4943635], [21.6184652, 48.4951211], [21.618052, 48.4969076], [21.6177932, 48.4969769], [21.6149239, 48.4973886], [21.6137065, 48.4976315], [21.6136617, 48.5009034], [21.6135224, 48.5027437], [21.613723, 48.5046543], [21.6136145, 48.5063717], [21.6138032, 48.5076225], [21.6138101, 48.5089279], [21.6137666, 48.5093216], [21.6112212, 48.5103387], [21.6105748, 48.5106762], [21.6096911, 48.5105334], [21.6085663, 48.5099675], [21.6069516, 48.5086768], [21.6059122, 48.508174], [21.6049358, 48.5080871], [21.6038176, 48.5088265], [21.6025915, 48.50986], [21.6016514, 48.5106045], [21.5997272, 48.5113821], [21.5984569, 48.5117021], [21.5977993, 48.512217], [21.5971342, 48.512851], [21.5959303, 48.5135295], [21.5952915, 48.513749], [21.5931446, 48.5138091], [21.5912065, 48.513398], [21.58876, 48.5125585], [21.5868144, 48.5122664], [21.5861322, 48.5121077], [21.5852744, 48.5112149], [21.583722, 48.5120419], [21.5816454, 48.5131266], [21.5786856, 48.5145675], [21.5769619, 48.5146141], [21.5755123, 48.514859], [21.5729756, 48.516407], [21.5710478, 48.5174005], [21.5685656, 48.5180924], [21.5641493, 48.5198728], [21.5619471, 48.5206679], [21.5592273, 48.5205908], [21.5582497, 48.520182], [21.5566053, 48.5189921], [21.5556828, 48.5177274], [21.555065, 48.5161855], [21.5544166, 48.5151191], [21.5535639, 48.5149996], [21.552239, 48.5155336], [21.549853, 48.5191813], [21.5462764, 48.5212707], [21.5439307, 48.5220613], [21.541137, 48.5231249], [21.5400919, 48.523762], [21.5400181, 48.5249031], [21.5402307, 48.5260524], [21.540077, 48.5284298], [21.5399786, 48.5299513], [21.540142, 48.5318614], [21.5408087, 48.5326425], [21.5441265, 48.532356], [21.5451288, 48.5323846], [21.5464174, 48.5324213], [21.547974, 48.5327514], [21.5488843, 48.5342063], [21.5490603, 48.5359262], [21.549316, 48.5364098], [21.5509279, 48.535884], [21.5529449, 48.5357508], [21.5546571, 48.5358947], [21.5576727, 48.5380762], [21.5582542, 48.5401886], [21.5577328, 48.5416028], [21.5557793, 48.5429764], [21.5557059, 48.5441176], [21.5546812, 48.5466608], [21.5532391, 48.5490015], [21.5504893, 48.5515909], [21.5467979, 48.5532008], [21.542347, 48.5554558], [21.5380698, 48.5572393], [21.5348689, 48.5579101], [21.5319792, 48.5582086], [21.5289709, 48.5581226], [21.5269777, 48.5578751], [21.5269024, 48.5568249], [21.5263726, 48.5561429], [21.5253514, 48.5563994], [21.522811, 48.5579463], [21.5194048, 48.5595635], [21.5169013, 48.5605396], [21.5151326, 48.561251], [21.5144976, 48.5621855], [21.5148406, 48.5635291], [21.5177872, 48.5645664], [21.5222853, 48.5660292], [21.5251014, 48.566872], [21.5277804, 48.5676156], [21.5312513, 48.5694297], [21.5330031, 48.5711946], [21.5337903, 48.5745515], [21.5339598, 48.5763664], [21.5359923, 48.5782346], [21.5389095, 48.5797468], [21.5402688, 48.5809287], [21.5414725, 48.5822968], [21.5419781, 48.5833592], [21.5432066, 48.5843468], [21.5453319, 48.5847884], [21.5481494, 48.5856306], [21.5483255, 48.5873505], [21.5479774, 48.5882933], [21.5456164, 48.5892741], [21.5430301, 48.5892958], [21.5417523, 48.5890689], [21.5408351, 48.587709], [21.5392522, 48.5877591], [21.5359185, 48.5882357], [21.5333076, 48.5886375], [21.532691, 48.5892868], [21.532785, 48.5900517], [21.5348242, 48.5918247], [21.5349059, 48.5927797], [21.5364334, 48.5935855], [21.5391325, 48.5940435], [21.539034, 48.595565], [21.5383312, 48.5975456], [21.5362255, 48.5990098], [21.5335955, 48.599697], [21.5311397, 48.5999127], [21.5299618, 48.6003554], [21.5280053, 48.6017285], [21.5262415, 48.6023449], [21.5230315, 48.6031105], [21.5215668, 48.6035449], [21.5194098, 48.6035784], [21.5181132, 48.6036365], [21.5176273, 48.60448], [21.5165492, 48.6055923], [21.5144549, 48.606866], [21.5127845, 48.6082471], [21.5120557, 48.6106079], [21.5109587, 48.6120054], [21.5100423, 48.6128365], [21.5085523, 48.6136511], [21.5073615, 48.6142838], [21.5054101, 48.6155614], [21.5039199, 48.616376], [21.5031405, 48.6173062], [21.5023487, 48.6184267], [21.501825, 48.6198406], [21.5013033, 48.6215721], [21.5009385, 48.6222047], [21.4996897, 48.623169], [21.4978469, 48.6233302], [21.4961678, 48.6226387], [21.4955785, 48.6217643], [21.4942457, 48.6207255], [21.4932637, 48.6192681], [21.4924121, 48.6184845], [21.4910388, 48.6180164], [21.4893383, 48.6179845], [21.4875197, 48.6187434], [21.4852506, 48.6193356], [21.4835286, 48.6194349], [21.4803314, 48.6191299], [21.4776093, 48.6191161], [21.4752414, 48.619486], [21.4740319, 48.6195193], [21.4735687, 48.619999], [21.4735172, 48.6202474], [21.4737746, 48.6206329], [21.4756731, 48.6212596], [21.4770292, 48.6219421], [21.4780484, 48.6228291], [21.4778749, 48.6238244], [21.4744553, 48.6250113], [21.4723359, 48.626093], [21.4710487, 48.6276276], [21.4694434, 48.6290815], [21.4679598, 48.6303245], [21.4659429, 48.6314805], [21.4644035, 48.6319359], [21.4621441, 48.6318701], [21.4614844, 48.6320652], [21.4614323, 48.6328497], [21.4620861, 48.6343693], [21.464069, 48.6353559], [21.4657623, 48.6358339], [21.467011, 48.6365134], [21.4679794, 48.6365415], [21.4690743, 48.6362876], [21.4701881, 48.6357483], [21.4723401, 48.6358108], [21.4730367, 48.6366885], [21.4732511, 48.6383382], [21.4726612, 48.639107], [21.4712245, 48.6396369], [21.4699285, 48.6396707], [21.4688524, 48.6396394], [21.4680661, 48.6401167], [21.468337, 48.6409106], [21.4694971, 48.6413016], [21.4710877, 48.6417051], [21.4723602, 48.6420279], [21.4729729, 48.6425458], [21.4735714, 48.6432778], [21.4749139, 48.6441742], [21.4767293, 48.6444412], [21.4794709, 48.6453781], [21.481628, 48.6453692], [21.4833547, 48.6453477], [21.4846226, 48.6457417], [21.4856566, 48.6464147], [21.4857356, 48.6484891], [21.4856134, 48.6503433], [21.48522, 48.6514037], [21.486577, 48.6520861], [21.4870866, 48.6541729], [21.4866791, 48.6554473], [21.4865245, 48.6561573], [21.4869923, 48.6572427], [21.4883113, 48.6575931], [21.4885835, 48.6576459], [21.4908441, 48.6577112], [21.4931282, 48.6574199], [21.4948599, 48.6573269], [21.4953982, 48.6573425], [21.4986276, 48.6574355], [21.5009725, 48.6578603], [21.5024235, 48.6587595], [21.5034732, 48.6599937], [21.5037648, 48.6614571], [21.5033388, 48.662044], [21.5015782, 48.6632772], [21.4978775, 48.6645401], [21.4952476, 48.6652346], [21.4938793, 48.6663934], [21.4927408, 48.6679868], [21.4917021, 48.6686749], [21.4920675, 48.6703639], [21.4924039, 48.671144], [21.4944339, 48.6717161], [21.4951292, 48.6729344], [21.4954825, 48.6734581], [21.4974734, 48.6746282], [21.4973892, 48.6759096], [21.4975799, 48.6769422], [21.499083, 48.6776702], [21.5004982, 48.6773452], [21.5015345, 48.6768987], [21.5033762, 48.6773327], [21.5050058, 48.6788086], [21.505549, 48.6793006], [21.5061359, 48.6791269], [21.5062106, 48.6779858], [21.5064227, 48.676944], [21.5069095, 48.6761005], [21.5079271, 48.6759392], [21.5097937, 48.6759928], [21.5117222, 48.6757944], [21.5119661, 48.6757693], [21.5138078, 48.6762032], [21.51535, 48.676819], [21.5160369, 48.677315], [21.5176164, 48.6773603], [21.517635, 48.677075], [21.5191702, 48.6755947], [21.5217857, 48.6751932], [21.5248133, 48.6750892], [21.5285774, 48.6747203], [21.5322673, 48.6754924], [21.5338097, 48.676108], [21.5363881, 48.6762767], [21.538704, 48.6760568], [21.5388722, 48.6756805], [21.5394898, 48.6750312], [21.5397567, 48.6731335], [21.5383562, 48.6703309], [21.5364804, 48.6659905], [21.5343564, 48.6632625], [21.5327868, 48.6586449], [21.5322235, 48.6562472], [21.532273, 48.6554864], [21.5336327, 48.6544773], [21.5354476, 48.6531], [21.5358411, 48.6536828], [21.5369214, 48.6547615], [21.5380573, 48.6549844], [21.5395357, 48.6543596], [21.5397409, 48.6534128], [21.5392901, 48.6514946], [21.5393949, 48.649878], [21.5413961, 48.6478391], [21.543641, 48.6464739], [21.5451561, 48.6452785], [21.5467592, 48.644943], [21.5491802, 48.6452975], [21.5504472, 48.6457145], [21.5533675, 48.6464523], [21.5534178, 48.6464656], [21.5564645, 48.6482667], [21.5573894, 48.6495313], [21.5574287, 48.651152], [21.5566191, 48.6525581], [21.555547, 48.6535756], [21.5541755, 48.6547753], [21.553989, 48.6554368], [21.5552623, 48.6557587], [21.5577514, 48.655067], [21.5590493, 48.6550085], [21.559654, 48.6545493], [21.5606587, 48.6545777], [21.5617457, 48.6555611], [21.5629518, 48.6569289], [21.5636784, 48.6590452], [21.5648752, 48.6627944], [21.5647651, 48.6645061], [21.5645938, 48.6671687], [21.564502, 48.6685951], [21.5644347, 48.6696411], [21.5657909, 48.6709178], [21.5677337, 48.6720206], [21.5686593, 48.6732851], [21.5691236, 48.675013], [21.5678526, 48.6768824], [21.5669238, 48.6779042], [21.5680633, 48.6803179], [21.5679349, 48.6823149], [21.5676873, 48.6839274], [21.5673634, 48.6844899], [21.5678523, 48.6858373], [21.5707124, 48.6861085], [21.5730286, 48.6858879], [21.5735327, 48.6847589], [21.5749534, 48.6827983], [21.5769395, 48.6832352], [21.5794636, 48.6842588], [21.5816944, 48.6853694], [21.5824587, 48.6869151], [21.5819487, 48.6881392], [21.5804515, 48.6890498], [21.5782605, 48.6895598], [21.57702, 48.6909539], [21.5758621, 48.693303], [21.5753641, 48.6943369], [21.5753213, 48.6950025], [21.5763146, 48.695221], [21.5776379, 48.6947819], [21.5794931, 48.6950245], [21.5804011, 48.6965743], [21.5805056, 48.6994351], [21.5795767, 48.7004569], [21.579473, 48.7020735], [21.5810168, 48.7026884], [21.5815305, 48.7036555], [21.5814453, 48.7049868], [21.5808315, 48.7078275], [21.5801505, 48.7117142], [21.5797168, 48.7139883], [21.5784148, 48.7163334], [21.576611, 48.7175211], [21.5744554, 48.7174605], [21.5715874, 48.7172846], [21.5698446, 48.7175213], [21.5683341, 48.7186219], [21.5668419, 48.7194373], [21.5657196, 48.7212157], [21.565386, 48.7241595], [21.5652574, 48.7261564], [21.564034, 48.727265], [21.5631594, 48.7274309], [21.5616151, 48.7268157], [21.560814, 48.7258405], [21.560169, 48.7246791], [21.5584565, 48.7244402], [21.5569517, 48.7254456], [21.5568781, 48.7265867], [21.5579113, 48.7284259], [21.558963, 48.7299799], [21.5606204, 48.7310746], [21.5605284, 48.7325009], [21.5596437, 48.73385], [21.5580536, 48.734321], [21.5567285, 48.7347134], [21.5560355, 48.7353816], [21.5561209, 48.7360718], [21.55659, 48.7368589], [21.5572964, 48.7379965], [21.5562828, 48.7396014], [21.5545128, 48.740841], [21.5518976, 48.7430884], [21.5505965, 48.745115], [21.5484146, 48.7466868], [21.5457766, 48.7492773], [21.5448421, 48.7516581], [21.5452611, 48.7532176], [21.5469038, 48.753952], [21.5483834, 48.7551975], [21.5491975, 48.7566822], [21.5509813, 48.7572485], [21.553616, 48.7567212], [21.5549695, 48.7558997], [21.555878, 48.7559254], [21.557024, 48.7563017], [21.5583108, 48.75651], [21.5602578, 48.7565649], [21.561528, 48.7570306], [21.5617212, 48.7580678], [21.5609393, 48.7601091], [21.5609005, 48.7607099], [21.5617205, 48.7621086], [21.5625794, 48.7629066], [21.5640073, 48.7629469], [21.5661119, 48.7625763], [21.5677884, 48.7627954], [21.5691887, 48.7632647], [21.5709674, 48.7639166], [21.5721302, 48.7640352], [21.5733262, 48.763639], [21.5748203, 48.7626493], [21.5771734, 48.7624574], [21.57951, 48.762523], [21.5822251, 48.762771], [21.5841393, 48.7633405], [21.5861558, 48.7643427], [21.5870041, 48.7653121], [21.5876477, 48.7654161], [21.5887027, 48.7651877], [21.5903045, 48.7645447], [21.5927984, 48.7641845], [21.5959141, 48.7642715], [21.5979911, 48.7643295], [21.5991431, 48.7646195], [21.6002676, 48.7653386], [21.6014579, 48.7650279], [21.6021562, 48.7642736], [21.603341, 48.7640487], [21.6052882, 48.7641029], [21.6074951, 48.7641642], [21.6091828, 48.7642112], [21.610914, 48.7635715], [21.6120453, 48.7621414], [21.6130085, 48.7613084], [21.6144854, 48.7605756], [21.6157944, 48.76044], [21.6174819, 48.7604868], [21.6191585, 48.7607052], [21.6197858, 48.7610664], [21.6204675, 48.7605695], [21.6210683, 48.7592965], [21.6212742, 48.7580986], [21.6232756, 48.7572943], [21.624541, 48.7578452], [21.6243889, 48.7602482], [21.6250103, 48.7627585], [21.6249935, 48.7650793], [21.624371, 48.7666956], [21.6244085, 48.7681581], [21.6261338, 48.7696674], [21.6273074, 48.7716772], [21.6266849, 48.7732934], [21.626203, 48.7747416], [21.625456, 48.7762685], [21.6243466, 48.7773554], [21.623367, 48.778446], [21.6241782, 48.7800159], [21.6253894, 48.7834882], [21.6258867, 48.7859092], [21.6272606, 48.7888702], [21.6271791, 48.7901575], [21.6271086, 48.7912732], [21.6246945, 48.7924101], [21.6240233, 48.7927354], [21.622989, 48.7946841], [21.6221063, 48.7962932], [21.6218676, 48.798006], [21.6214289, 48.7987676], [21.6204488, 48.7998581], [21.6185974, 48.8003227], [21.6177962, 48.8006444], [21.6170921, 48.8014846], [21.6159874, 48.8024857], [21.6151752, 48.802979], [21.6143521, 48.803644], [21.6142812, 48.8047596], [21.6141503, 48.8068193], [21.6132235, 48.8091148], [21.6113815, 48.811471], [21.6088198, 48.8128614], [21.6063509, 48.8127928], [21.6047916, 48.8127495], [21.6027987, 48.8133818], [21.6001341, 48.8143393], [21.597925, 48.8142778], [21.5953261, 48.8142054], [21.5945306, 48.8144712], [21.5932086, 48.8147481], [21.5917078, 48.8158239], [21.5907212, 48.8169999], [21.5895387, 48.8192022], [21.5899541, 48.8208473], [21.5900016, 48.8221382], [21.5911109, 48.8231149], [21.5939702, 48.8231946], [21.5972249, 48.8231994], [21.5997217, 48.8228391], [21.6017847, 48.8231544], [21.6025098, 48.8240343], [21.6022922, 48.8254038], [21.6015876, 48.8262439], [21.6009965, 48.8273451], [21.6009691, 48.8277742], [21.6013261, 48.8282999], [21.6024796, 48.8285899], [21.6032102, 48.829384], [21.6031814, 48.8318764], [21.6036945, 48.8340399], [21.6044184, 48.8369831], [21.6040489, 48.8386922], [21.6028022, 48.8398612], [21.6021138, 48.8404438], [21.601929, 48.8412984], [21.6012847, 48.842364], [21.6005743, 48.84329], [21.5996039, 48.8442086], [21.5987909, 48.8447018], [21.5986389, 48.8450415], [21.5992561, 48.8455745], [21.6007836, 48.8461328], [21.602452, 48.8465231], [21.6044134, 48.8464057], [21.6053838, 48.845487], [21.6076653, 48.8444327], [21.609502, 48.8442257], [21.6107859, 48.8445193], [21.6116578, 48.8451452], [21.6115704, 48.8465183], [21.6101882, 48.8477696], [21.608454, 48.8484092], [21.6069854, 48.8489703], [21.6059013, 48.8496279], [21.605863, 48.8502287], [21.6065557, 48.8516234], [21.6068747, 48.8527499], [21.606679, 48.8537761], [21.6053074, 48.8548557], [21.6034757, 48.8549767], [21.6003436, 48.8550616], [21.5990869, 48.8543388], [21.5977058, 48.8535267], [21.5965409, 48.8534083], [21.5950774, 48.8538833], [21.5939711, 48.8548841], [21.5928593, 48.8559708], [21.5918665, 48.8572327], [21.5908901, 48.8582371], [21.5902874, 48.8595098], [21.5902324, 48.860368], [21.5904265, 48.8614051], [21.5913095, 48.8618596], [21.5929894, 48.8620784], [21.5943762, 48.8628048], [21.5950852, 48.8639422], [21.5950029, 48.8652294], [21.594173, 48.86598], [21.5938634, 48.8667452], [21.5939055, 48.8681219], [21.5931617, 48.8695626], [21.5923317, 48.8703133], [21.5919029, 48.8709031], [21.5915713, 48.8720115], [21.5892992, 48.8728938], [21.585726, 48.8737397], [21.5842619, 48.8742146], [21.5831549, 48.8752154], [21.5823357, 48.8757943], [21.5817436, 48.8768953], [21.5815859, 48.8773208], [21.5815252, 48.8782648], [21.5818328, 48.8795629], [21.5824338, 48.8803535], [21.583414, 48.8813265], [21.5833865, 48.8817556], [21.5826752, 48.8826814], [21.5816011, 48.8831672], [21.5814158, 48.8840218], [21.5813386, 48.8852232], [21.580442, 48.8870035], [21.5795894, 48.8880973], [21.5775435, 48.8895016], [21.5772224, 48.8904382], [21.5759848, 48.8914352], [21.574091, 48.8924998], [21.5740523, 48.8931005], [21.5724075, 48.894344], [21.5705633, 48.8946362], [21.5683507, 48.8945741], [21.5671849, 48.8944554], [21.5647564, 48.8936994], [21.5639009, 48.8928156], [21.5632446, 48.8928832], [21.5622725, 48.8938015], [21.5611536, 48.8949737], [21.5590379, 48.89543], [21.5556984, 48.8946481], [21.5536439, 48.8941604], [21.5523869, 48.8934371], [21.5523848, 48.8914597], [21.5524516, 48.8904299], [21.5523994, 48.8892248], [21.5524662, 48.8881951], [21.5511928, 48.8877293], [21.5496312, 48.8876852], [21.5474822, 48.8886562], [21.5459615, 48.8899888], [21.5444128, 48.8917504], [21.5429886, 48.8936015], [21.5415866, 48.8951094], [21.5405749, 48.8966282], [21.5387767, 48.8982108], [21.5375046, 48.8997223], [21.5360057, 48.9007115], [21.5337649, 48.9010778], [21.5300811, 48.9015751], [21.5283721, 48.9017845], [21.5262839, 48.9018111], [21.5248857, 48.9012555], [21.5249531, 48.9002257], [21.5260449, 48.899483], [21.5271255, 48.8989119], [21.5260046, 48.8981063], [21.5243125, 48.8980582], [21.5226542, 48.8974951], [21.5214772, 48.8975476], [21.5190613, 48.8985965], [21.5189882, 48.899712], [21.5194189, 48.9010999], [21.5185479, 48.9024507], [21.5180673, 48.9038125], [21.51714, 48.9060214], [21.5159747, 48.9078796], [21.5143111, 48.9093797], [21.5136264, 48.909876], [21.5140217, 48.9102837], [21.5158395, 48.9099391], [21.5200842, 48.9088565], [21.5237406, 48.9087886], [21.5256541, 48.9094448], [21.5270356, 48.9102578], [21.5276304, 48.9111345], [21.528434, 48.9108134], [21.5299502, 48.9095669], [21.5312913, 48.9090031], [21.5330915, 48.9093981], [21.5341847, 48.9106327], [21.5342197, 48.9120952], [21.5354601, 48.9130761], [21.5374817, 48.9140791], [21.5392541, 48.914903], [21.5416944, 48.9154879], [21.5445365, 48.9159121], [21.5468913, 48.9158067], [21.5479832, 48.9150638], [21.5484518, 48.9138734], [21.5492199, 48.9120897], [21.5501647, 48.9116005], [21.5522756, 48.9112302], [21.5551176, 48.9116542], [21.5572062, 48.911627], [21.5590456, 48.9114209], [21.5601483, 48.9105062], [21.5626774, 48.9097176], [21.5635887, 48.9097433], [21.5647549, 48.909862], [21.5657021, 48.9113501], [21.5667463, 48.9133568], [21.5668958, 48.9150804], [21.5660092, 48.9166889], [21.5627788, 48.9182316], [21.5605318, 48.9186843], [21.5572098, 48.9196225], [21.554866, 48.9195565], [21.5529072, 48.9195873], [21.5519957, 48.9195616], [21.5504053, 48.9199466], [21.5501003, 48.9206257], [21.5509505, 48.9215954], [21.5506809, 48.9237371], [21.549816, 48.9250023], [21.5472524, 48.9263055], [21.5456394, 48.9270337], [21.5436245, 48.9279224], [21.54371, 48.9286126], [21.5444747, 48.9288921], [21.5460096, 48.9293653], [21.5479185, 48.930107], [21.548927, 48.9306513], [21.5493755, 48.9317816], [21.5502537, 48.9323222], [21.5529221, 48.933429], [21.554986, 48.9358084], [21.5559223, 48.9374682], [21.5575711, 48.9382024], [21.5598658, 48.9390407], [21.5626872, 48.9398077], [21.5651234, 48.9404779], [21.5669776, 48.9420774], [21.567008, 48.9436257], [21.5668222, 48.9444802], [21.5659906, 48.9452306], [21.5659407, 48.9460029], [21.5682025, 48.9473559], [21.5702151, 48.94853], [21.5716899, 48.9499468], [21.5722693, 48.9510806], [21.5723276, 48.9521999], [21.5717732, 48.9527002], [21.571751, 48.9530434], [21.5733036, 48.9532588], [21.5746981, 48.9538996], [21.5762151, 48.9555961], [21.5765783, 48.9571331], [21.5775433, 48.9583636], [21.579487, 48.9585899], [21.5836406, 48.9589638], [21.5859918, 48.9589434], [21.5870528, 48.958973], [21.5888588, 48.9590233], [21.5921318, 48.9593402], [21.5934327, 48.9569154], [21.5948586, 48.9530005], [21.5969891, 48.9503087], [21.5983855, 48.9488861], [21.5985982, 48.9476024], [21.5987026, 48.9459719], [21.5984216, 48.9442448], [21.5988894, 48.9430542], [21.600291, 48.9415457], [21.6033696, 48.9403416], [21.6057583, 48.9397201], [21.6073653, 48.9390769], [21.6092986, 48.9374111], [21.6111934, 48.9363459], [21.6119695, 48.9364534], [21.6127839, 48.9359601], [21.6146513, 48.935324], [21.6159539, 48.93536], [21.616893, 48.9349561], [21.6181581, 48.9335296], [21.6190488, 48.9318348], [21.6210032, 48.9298256], [21.6232125, 48.9279092], [21.6264526, 48.9261932], [21.6284116, 48.9261612], [21.6308861, 48.9262293], [21.6335451, 48.9254428], [21.6365243, 48.9237193], [21.6387707, 48.9232652], [21.640073, 48.9233009], [21.6403878, 48.9245131], [21.6403011, 48.9258862], [21.6395685, 48.9271556], [21.6385972, 48.9280746], [21.6382933, 48.928754], [21.6390422, 48.9292903], [21.640323, 48.9296693], [21.6402417, 48.9309566], [21.6399215, 48.9318935], [21.6392052, 48.9329054], [21.6381143, 48.9336492], [21.6374467, 48.9338888], [21.6365132, 48.934207], [21.6363504, 48.9347183], [21.6369583, 48.9354228], [21.6382392, 48.9358018], [21.6385649, 48.9368423], [21.6384943, 48.937958], [21.6384292, 48.9389878], [21.6370722, 48.9398102], [21.6358781, 48.9401213], [21.634342, 48.9396492], [21.634076, 48.9397279], [21.6331424, 48.9400461], [21.6320784, 48.9403607], [21.6309601, 48.9415335], [21.630884, 48.942735], [21.6296516, 48.9436467], [21.6278654, 48.945059], [21.626405, 48.9454486], [21.6257482, 48.9455165], [21.6255961, 48.9458562], [21.6260845, 48.9463854], [21.6277456, 48.946947], [21.6282123, 48.9478195], [21.6285597, 48.9485168], [21.6299929, 48.9485562], [21.6312686, 48.9490211], [21.6323652, 48.9502548], [21.6325496, 48.9514634], [21.6318274, 48.9525611], [21.6286348, 48.9535049], [21.6266475, 48.953966], [21.6249154, 48.9545201], [21.623976, 48.9549241], [21.6237966, 48.9556928], [21.6230796, 48.9567047], [21.6222486, 48.9574555], [21.6209182, 48.9578486], [21.6202338, 48.9583455], [21.620983, 48.958882], [21.6218516, 48.9595937], [21.6215145, 48.9607879], [21.6200373, 48.9614349], [21.618848, 48.96166], [21.6176313, 48.9623142], [21.6177179, 48.9630043], [21.619488, 48.9639128], [21.6217794, 48.9648357], [21.6227511, 48.96598], [21.6220176, 48.9672493], [21.6196223, 48.967957], [21.6184328, 48.968182], [21.6181394, 48.9686897], [21.6192742, 48.9693228], [21.6199689, 48.9707175], [21.6185671, 48.9722262], [21.6183166, 48.9741105], [21.6189629, 48.9742143], [21.62056, 48.9737426], [21.6224395, 48.9729347], [21.6248078, 48.9726561], [21.6256984, 48.9730245], [21.6256167, 48.9743117], [21.6251493, 48.9755024], [21.6263225, 48.9755347], [21.6267954, 48.9742582], [21.6274581, 48.9741045], [21.6284791, 48.9744765], [21.6290387, 48.9738901], [21.6279853, 48.9719699], [21.6279857, 48.9699067], [21.6290179, 48.9680438], [21.6302781, 48.966703], [21.631397, 48.9655302], [21.6326136, 48.9648759], [21.6339767, 48.9639678], [21.635948, 48.963764], [21.6381203, 48.9645113], [21.6393422, 48.9658343], [21.640423, 48.9673254], [21.6411237, 48.968634], [21.6419004, 48.9687413], [21.6426172, 48.9677293], [21.6430949, 48.966367], [21.644485, 48.9650296], [21.6462119, 48.964561], [21.646, 48.9637815], [21.6447996, 48.9621153], [21.6440011, 48.9602882], [21.6437892, 48.9595087], [21.6444516, 48.9593549], [21.6457657, 48.9592189], [21.645809, 48.9585324], [21.6445492, 48.9578102], [21.6446142, 48.9567804], [21.645108, 48.9551605], [21.6460361, 48.9528649], [21.645482, 48.9513023], [21.6449334, 48.9496539], [21.6443524, 48.9485205], [21.6451392, 48.9463929], [21.6458665, 48.9452092], [21.6483852, 48.9445904], [21.6509038, 48.9439716], [21.6531295, 48.9438604], [21.6548177, 48.9439925], [21.6570056, 48.944482], [21.6582707, 48.9451183], [21.6598503, 48.9449034], [21.6608485, 48.9435552], [21.6610435, 48.9425289], [21.6620631, 48.9408374], [21.6630666, 48.9394033], [21.6639128, 48.9383947], [21.6656063, 48.9384408], [21.6668057, 48.9380436], [21.6680587, 48.9367882], [21.6686873, 48.935086], [21.6696743, 48.9339093], [21.6708735, 48.933512], [21.6722029, 48.9331183], [21.6744924, 48.9319769], [21.6763036, 48.9301348], [21.6783323, 48.9289863], [21.6794171, 48.928328], [21.6787214, 48.9269337], [21.6788124, 48.9254748], [21.6795654, 48.9238618], [21.681344, 48.9225346], [21.6826891, 48.9218832], [21.6837309, 48.9219114], [21.6852937, 48.9219537], [21.6865031, 48.9213847], [21.6884278, 48.9198033], [21.6907985, 48.9194376], [21.6918296, 48.9196373], [21.6926931, 48.9204343], [21.6932963, 48.9212243], [21.6955155, 48.9211981], [21.6977932, 48.9202279], [21.7002118, 48.9190896], [21.7037703, 48.9184976], [21.7072144, 48.9176445], [21.7094175, 48.9178756], [21.7107091, 48.9180822], [21.711392, 48.9175847], [21.7128562, 48.9171082], [21.7141182, 48.9156807], [21.7152605, 48.914078], [21.7170537, 48.9124927], [21.7183928, 48.9119268], [21.719625, 48.9114994], [21.7207682, 48.9114746], [21.7214456, 48.9110628], [21.7228216, 48.9098961], [21.7249153, 48.9097802], [21.7288635, 48.9091978], [21.7319619, 48.9097103], [21.7345291, 48.9103804], [21.7361639, 48.9113695], [21.7365072, 48.9121523], [21.7367, 48.9127297], [21.7378069, 48.9128817], [21.7389176, 48.9129726], [21.7396418, 48.9132984], [21.7438284, 48.913287], [21.7451286, 48.9133215], [21.7508198, 48.9130432], [21.7541892, 48.9127032], [21.7555405, 48.912427], [21.7565109, 48.9127646], [21.7579002, 48.9128626], [21.7597725, 48.9126668], [21.7611582, 48.9112933], [21.7627705, 48.9092513], [21.7642229, 48.9083086], [21.7657495, 48.9076745], [21.7670644, 48.9074639], [21.7677627, 48.9066853], [21.7678443, 48.9053386], [21.7693076, 48.9042122], [21.7720115, 48.9040995], [21.7737535, 48.9045131], [21.7765469, 48.9059967], [21.7775054, 48.9070641], [21.7775465, 48.9079235], [21.7777844, 48.9086042], [21.7785051, 48.908991], [21.7795525, 48.9085893], [21.7819147, 48.9079768], [21.783382, 48.9083219], [21.7842774, 48.9088971], [21.7845504, 48.9097661], [21.7852362, 48.9099645], [21.7862091, 48.9092542], [21.7880952, 48.9072804], [21.7902855, 48.9048853], [21.7923864, 48.9024265], [21.7929573, 48.9006635], [21.7934657, 48.8999411], [21.7942379, 48.8994708], [21.7958421, 48.8990835], [21.7973239, 48.8991835], [21.7989878, 48.8993495], [21.8005515, 48.8996355], [21.8009302, 48.8995227], [21.8024635, 48.8987657], [21.8038562, 48.8988019], [21.8055274, 48.8988454], [21.8070496, 48.8982719], [21.8078436, 48.8974343], [21.8088978, 48.8969099], [21.8106435, 48.8972618], [21.8113533, 48.897832], [21.8127424, 48.8979294], [21.8144464, 48.8974218], [21.8166893, 48.8972348], [21.8181403, 48.8962915], [21.8202594, 48.8950589], [21.8222219, 48.8933317], [21.8238839, 48.8919646], [21.8255827, 48.8904496], [21.8267333, 48.8900707], [21.8281632, 48.8903586], [21.829412, 48.8912492], [21.8324101, 48.8924301], [21.8337845, 48.8927721], [21.8350095, 48.8924971], [21.8370243, 48.8914455], [21.839971, 48.8903565], [21.8410284, 48.8897706], [21.8410899, 48.8887299], [21.8412515, 48.8875692], [21.8424197, 48.8866797], [21.8443739, 48.8850746], [21.846692, 48.8836014], [21.8488774, 48.8827992], [21.850084, 48.8828301], [21.851269, 48.8832284], [21.8527649, 48.8830828], [21.8537328, 48.8824332], [21.8544596, 48.881712], [21.8568002, 48.8808564], [21.8585069, 48.880287], [21.8611129, 48.880231], [21.8628943, 48.87997], [21.8647542, 48.8799561], [21.8667033, 48.8800059], [21.8677099, 48.8802768], [21.8692841, 48.8803782], [21.8706907, 48.8801688], [21.8716367, 48.8798864], [21.873536, 48.879199], [21.8749497, 48.8788671], [21.8770023, 48.8787354], [21.8783195, 48.8784623], [21.8793905, 48.8776312], [21.8817357, 48.8772616], [21.8830351, 48.8772946], [21.8842416, 48.8773252], [21.8852875, 48.8769226], [21.8857979, 48.8761385], [21.8866617, 48.8756699], [21.8873147, 48.8740312], [21.8876502, 48.8730588], [21.8878892, 48.8721452], [21.8884994, 48.8712411], [21.8901233, 48.8704852], [21.8913297, 48.8705157], [21.892429, 48.8707887], [21.8935177, 48.8712454], [21.8946526, 48.8709063], [21.8961121, 48.8697783], [21.8972825, 48.8688269], [21.8988706, 48.8686831], [21.9004482, 48.8687229], [21.9011551, 48.8693538], [21.9009949, 48.8705146], [21.9007525, 48.8714894], [21.9005959, 48.8725889], [21.9014778, 48.8734082], [21.9027664, 48.8736246], [21.9033587, 48.8730264], [21.9047507, 48.8730615], [21.9057, 48.8727175], [21.9058636, 48.8714955], [21.9076119, 48.8701908], [21.9092496, 48.8691898], [21.9108377, 48.8690458], [21.914021, 48.8686353], [21.9155587, 48.8677543], [21.9156116, 48.866836], [21.9156716, 48.8657953], [21.9158032, 48.8651242], [21.9151996, 48.8643121], [21.9153665, 48.8630289], [21.9168581, 48.8629437], [21.918675, 48.8636636], [21.9194713, 48.8643579], [21.9204603, 48.8649344], [21.9218909, 48.8642959], [21.9234788, 48.8641517], [21.9250632, 48.8640688], [21.9265865, 48.8634325], [21.9270645, 48.8631992], [21.9272747, 48.8627753], [21.9265711, 48.8620834], [21.9260671, 48.8611512], [21.9260376, 48.8600469], [21.9282664, 48.8584474], [21.9306315, 48.8577095], [21.9334096, 48.8562461], [21.9355102, 48.8552563], [21.9372326, 48.8543796], [21.938948, 48.8536254], [21.9394538, 48.8529023], [21.9390495, 48.85185], [21.9374498, 48.8505841], [21.9358396, 48.8495018], [21.9342365, 48.848297], [21.9331654, 48.8475346], [21.9320227, 48.8464026], [21.9308696, 48.8454542], [21.9296412, 48.8441974], [21.9285443, 48.8422695], [21.9266739, 48.840874], [21.9255913, 48.8387012], [21.9251908, 48.8375876], [21.9252717, 48.8361796], [21.9259054, 48.8348467], [21.9268784, 48.8340741], [21.9281767, 48.8341065], [21.9299351, 48.8342118], [21.9309341, 48.8346046], [21.9319542, 48.8346301], [21.9334484, 48.8344834], [21.9341396, 48.833765], [21.9340925, 48.8329668], [21.9334347, 48.8314791], [21.9324316, 48.8295258], [21.9327752, 48.8280732], [21.9342494, 48.8273363], [21.935964, 48.8269493], [21.9379385, 48.8265688], [21.9391527, 48.8258254], [21.9411222, 48.8255306], [21.9423461, 48.8246156], [21.9439501, 48.8238819], [21.9445141, 48.8231223], [21.9447224, 48.8217522], [21.9448964, 48.8209829], [21.9443493, 48.8191642], [21.9431327, 48.8176727], [21.943104, 48.817367], [21.9430517, 48.8168111], [21.9437114, 48.8166556], [21.9464653, 48.8162943], [21.9488048, 48.8163524], [21.9506391, 48.8161401], [21.9537585, 48.8162174], [21.9544993, 48.8169234], [21.9549363, 48.8183955], [21.9549785, 48.8199438], [21.9547705, 48.8213139], [21.9539125, 48.8226679], [21.9544179, 48.8229383], [21.9563531, 48.8232441], [21.9574792, 48.8240456], [21.9583404, 48.8249265], [21.9605261, 48.8254103], [21.9634966, 48.8258275], [21.9663517, 48.825984], [21.9692165, 48.8259687], [21.9718602, 48.8252602], [21.9744747, 48.8250667], [21.976054, 48.8247617], [21.978293, 48.824301], [21.979752, 48.8238211], [21.9793958, 48.8232107], [21.9786207, 48.8231057], [21.9768105, 48.8228893], [21.9759248, 48.8224378], [21.9742542, 48.8220528], [21.973157, 48.8207365], [21.9720841, 48.818991], [21.9712518, 48.8175952], [21.9706989, 48.8158625], [21.9715757, 48.814165], [21.9734534, 48.8131798], [21.9754417, 48.8125411], [21.9770013, 48.8125794], [21.9802311, 48.8130026], [21.9818772, 48.8138166], [21.982758, 48.814354], [21.9835861, 48.8135147], [21.9836296, 48.8127422], [21.982513, 48.8117693], [21.9807756, 48.8102654], [21.9791151, 48.8097089], [21.9771754, 48.8094893], [21.9752067, 48.8097847], [21.9722128, 48.809797], [21.9709278, 48.8095075], [21.9704613, 48.8085504], [21.9708182, 48.8068401], [21.972234, 48.8048121], [21.973322, 48.8039793], [21.9745254, 48.8034073], [21.9750887, 48.8026475], [21.9749975, 48.8019577], [21.9755657, 48.8011121], [21.9760951, 48.8009532], [21.9780538, 48.8008295], [21.9800463, 48.8001048], [21.9808743, 48.7992656], [21.9813123, 48.7984168], [21.9813848, 48.7971293], [21.9833578, 48.7967479], [21.9855569, 48.7969738], [21.9884971, 48.7979054], [21.9905326, 48.7987289], [21.9911486, 48.7993456], [21.9914517, 48.8009002], [21.991394, 48.8019303], [21.9910667, 48.8031256], [21.9902052, 48.8045658], [21.9896276, 48.8055831], [21.9885832, 48.8056434], [21.9881693, 48.8060631], [21.9887853, 48.8066799], [21.989666, 48.8072171], [21.9898826, 48.807996], [21.9899403, 48.8092868], [21.9908404, 48.8094807], [21.9916538, 48.8088989], [21.9926261, 48.8078053], [21.993685, 48.8074874], [21.9948546, 48.807516], [21.9957354, 48.8080532], [21.996525, 48.8102213], [21.9978681, 48.8118013], [21.9988406, 48.8130284], [21.9999239, 48.814602], [22.000237, 48.8159849], [22.0011229, 48.8164363], [22.0021723, 48.8162899], [22.0046658, 48.8159209], [22.006629, 48.8157159], [22.007841, 48.8153168], [22.0091769, 48.814635], [22.009933, 48.8146533], [22.0128255, 48.8151522], [22.0145259, 48.8156935], [22.0165504, 48.8162426], [22.017471, 48.8171935], [22.0174115, 48.8182635], [22.0171519, 48.8190429], [22.0167802, 48.819891], [22.0170686, 48.8205409], [22.0193094, 48.8210952], [22.022006, 48.8212319], [22.0242785, 48.8212154], [22.0258989, 48.8212546], [22.0268435, 48.8217774], [22.0274403, 48.8227204], [22.0276933, 48.8240122], [22.0276103, 48.8255102], [22.0275234, 48.8270795], [22.0275564, 48.8284375], [22.0279649, 48.8288759], [22.0291533, 48.8289046], [22.0318544, 48.8289697], [22.0343433, 48.8289583], [22.036072, 48.8289999], [22.0382014, 48.8296226], [22.0392582, 48.8300765], [22.0401462, 48.8296693], [22.0411697, 48.8287654], [22.0432815, 48.8277446], [22.0456544, 48.827873], [22.0466799, 48.8288976], [22.0466328, 48.8297536], [22.0459414, 48.8305227], [22.0455505, 48.8317276], [22.0452441, 48.8333631], [22.0461302, 48.8349558], [22.0469554, 48.8356899], [22.0479358, 48.8355705], [22.0489514, 48.8348091], [22.0506389, 48.8336353], [22.0535681, 48.8334911], [22.0549571, 48.83381], [22.0561184, 48.8343378], [22.0570909, 48.834361], [22.0586349, 48.8338264], [22.0600513, 48.833646], [22.0611241, 48.8338144], [22.0627827, 48.8351397], [22.0638555, 48.8353081], [22.0649634, 48.8348345], [22.0664878, 48.8346565], [22.067989, 48.8349065], [22.069162, 48.8352201], [22.0703507, 48.8352484], [22.0714624, 48.8347034], [22.0723696, 48.8339392], [22.0730296, 48.8337406], [22.0753796, 48.8342964], [22.0770775, 48.8349081], [22.0781037, 48.8359324], [22.0792264, 48.8371733], [22.0801757, 48.8376243], [22.0827421, 48.8381851], [22.0875703, 48.838942], [22.0904649, 48.8394389], [22.091615, 48.8401803], [22.0923368, 48.8408402], [22.0933171, 48.8407205], [22.0943979, 48.8407459], [22.0962119, 48.8412172], [22.0986706, 48.8417751], [22.100616, 48.8418208], [22.102982, 48.8420907], [22.1049274, 48.8421363], [22.1063093, 48.8425973], [22.1073655, 48.8434274], [22.107869, 48.8437767], [22.108286, 48.8440722], [22.1087918, 48.8447269], [22.1095529, 48.8466732], [22.1095152, 48.8493865], [22.1098248, 48.8516793], [22.1101574, 48.8535442], [22.110563, 48.8540536], [22.1112077, 48.8541402], [22.1128484, 48.8538214], [22.114072, 48.8532072], [22.1170251, 48.8526334], [22.1205339, 48.8517868], [22.1230468, 48.8513455], [22.1249925, 48.8513908], [22.1273401, 48.8520169], [22.1314059, 48.8528971], [22.131696, 48.8535466], [22.1331203, 48.8532226], [22.1345332, 48.8531125], [22.1364562, 48.8535857], [22.1380853, 48.8534806], [22.1395096, 48.8531565], [22.1408713, 48.8519738], [22.1437273, 48.8511829], [22.1460865, 48.8515945], [22.1474463, 48.852483], [22.1485749, 48.8536519], [22.1509819, 48.8552073], [22.1530798, 48.8564699], [22.1541935, 48.857924], [22.1545731, 48.8589327], [22.1553336, 48.8588788], [22.1568472, 48.8589136], [22.1579095, 48.8592952], [22.1585506, 48.8594528], [22.1586776, 48.8590986], [22.1591326, 48.8586805], [22.16043, 48.8587104], [22.1614848, 48.8592346], [22.1629984, 48.8592693], [22.1647319, 48.8592377], [22.1661562, 48.8589132], [22.1672824, 48.858082], [22.168576, 48.8581831], [22.1699627, 48.8585719], [22.1712226, 48.859315], [22.1729299, 48.8597826], [22.1746448, 48.8601075], [22.175081, 48.8600461], [22.1755359, 48.8596279], [22.1761289, 48.8586416], [22.1768412, 48.8574437], [22.1790595, 48.856423], [22.1804649, 48.856455], [22.182299, 48.8565683], [22.1833465, 48.857235], [22.1847072, 48.858123], [22.186437, 48.8602337], [22.1872236, 48.8617514], [22.1878686, 48.8618375], [22.1891623, 48.8619384], [22.1914254, 48.8621327], [22.1924955, 48.8623712], [22.1932839, 48.8624517], [22.1935169, 48.8614659], [22.1927264, 48.8600195], [22.1917308, 48.8583542], [22.1908322, 48.8569054], [22.1899486, 48.8551711], [22.1893708, 48.853801], [22.1887818, 48.8526448], [22.1880996, 48.8512008], [22.1877529, 48.8495502], [22.1878013, 48.8486228], [22.1888077, 48.8480029], [22.18946, 48.8479464], [22.1903135, 48.84818], [22.1925351, 48.849159], [22.1956141, 48.8503002], [22.197776, 48.8503492], [22.1987674, 48.8500146], [22.1979881, 48.8483542], [22.1969814, 48.846903], [22.1955833, 48.8446572], [22.1952736, 48.8422932], [22.1955492, 48.8411567], [22.1965776, 48.8401087], [22.1981463, 48.8390729], [22.2006765, 48.8382732], [22.2007062, 48.8377024], [22.2006389, 48.8369153], [22.2009329, 48.8354221], [22.1999227, 48.8340422], [22.1990132, 48.8328074], [22.198439, 48.8313659], [22.1975668, 48.8294177], [22.1976113, 48.8285616], [22.1984196, 48.82758], [22.2010387, 48.8271394], [22.2028755, 48.827181], [22.2028866, 48.826967], [22.2018469, 48.8261578], [22.199641, 48.8248937], [22.1987057, 48.8241582], [22.1981428, 48.8225027], [22.1981947, 48.821504], [22.1992078, 48.8207413], [22.2020538, 48.8200916], [22.2039983, 48.8201356], [22.2057979, 48.8208905], [22.2072623, 48.8218521], [22.2081599, 48.8212296], [22.2085283, 48.8203808], [22.2094258, 48.8197583], [22.2109225, 48.8180065], [22.211518, 48.8169486], [22.2128439, 48.8164072], [22.213697, 48.8166407], [22.2145354, 48.8171595], [22.2159176, 48.8176192], [22.216734, 48.8185661], [22.2166824, 48.8195648], [22.2170028, 48.8196435], [22.2186417, 48.8193232], [22.21983, 48.81935], [22.2214542, 48.8193151], [22.2222361, 48.8188327], [22.2235839, 48.817863], [22.2253271, 48.8176165], [22.2271636, 48.8176577], [22.227733, 48.8170991], [22.227345, 48.8162333], [22.2270119, 48.8142975], [22.2276364, 48.8126688], [22.2292786, 48.812277], [22.2305071, 48.8115189], [22.2305731, 48.8102348], [22.2306683, 48.80838], [22.2310876, 48.8065324], [22.2320047, 48.8034103], [22.2326399, 48.8015676], [22.2340657, 48.801171], [22.2355557, 48.8016328], [22.2358249, 48.8027102], [22.2368866, 48.803091], [22.2377761, 48.8026109], [22.2387204, 48.8010608], [22.2398311, 48.7983715], [22.240131, 48.7967355], [22.2411502, 48.7958298], [22.2426547, 48.7960062], [22.2441482, 48.7963966], [22.2450121, 48.7964159], [22.2467762, 48.7957409], [22.2483316, 48.7949185], [22.2502, 48.7943173], [22.2517226, 48.7941369], [22.2534757, 48.7936759], [22.2551027, 48.7935691], [22.2568267, 48.7936788], [22.2582014, 48.7942807], [22.2602958, 48.7956127], [22.2629556, 48.7964572], [22.2643594, 48.7964883], [22.2652414, 48.7961507], [22.265587, 48.7957298], [22.265292, 48.7951519], [22.2652201, 48.7944361], [22.265915, 48.793523], [22.2668904, 48.7934731], [22.2680854, 48.7933567], [22.2681142, 48.7927859], [22.267488, 48.7923436], [22.2655842, 48.7915158], [22.2645551, 48.7904932], [22.2645623, 48.7903505], [22.2655774, 48.7895159], [22.2669128, 48.7887598], [22.2681329, 48.7881439], [22.2685145, 48.7870096], [22.2700549, 48.7864723], [22.2722142, 48.7865199], [22.2746973, 48.7865746], [22.2766623, 48.7861894], [22.2781197, 48.7851502], [22.278807, 48.7843796], [22.2803472, 48.7838421], [22.2815347, 48.7838682], [22.282204, 48.7834544], [22.2822363, 48.7828123], [22.2821858, 48.7816685], [22.2813437, 48.7812215], [22.2803865, 48.7809147], [22.278339, 48.7807983], [22.2769788, 48.7799113], [22.2759964, 48.7779613], [22.2762806, 48.7766105], [22.2765505, 48.7755452], [22.276536, 48.7736879], [22.2769533, 48.7718401], [22.2770756, 48.7694145], [22.2771439, 48.768059], [22.27632, 48.7672552], [22.2749314, 48.7669389], [22.2731328, 48.766185], [22.2710176, 48.7652813], [22.2681543, 48.7642182], [22.2675501, 48.7633477], [22.2684567, 48.7625107], [22.2696546, 48.7623229], [22.2722697, 48.7618807], [22.2750826, 48.7617999], [22.2782192, 48.7617261], [22.2792443, 48.7606774], [22.2804743, 48.7598474], [22.2817764, 48.7597331], [22.2823446, 48.7591743], [22.2826107, 48.7581802], [22.282981, 48.7572599], [22.2842937, 48.7569316], [22.2859194, 48.7568244], [22.2861746, 48.7560444], [22.2866564, 48.7550551], [22.2867351, 48.7534855], [22.2881735, 48.7528029], [22.2893747, 48.7525435], [22.2897341, 48.7518372], [22.2891762, 48.7500394], [22.2891541, 48.7483248], [22.2898336, 48.7476969], [22.2911497, 48.7472972], [22.292775, 48.74719], [22.2939617, 48.747216], [22.2946768, 48.7458746], [22.2950825, 48.7442408], [22.2960311, 48.7425474], [22.2967532, 48.7410633], [22.2974575, 48.739936], [22.2985896, 48.7388894], [22.2992866, 48.7379047], [22.3004115, 48.7370008], [22.3014178, 48.7349441], [22.3036343, 48.7330001], [22.3055246, 48.7318986], [22.3069479, 48.7315011], [22.3089566, 48.7301878], [22.3094554, 48.7288416], [22.3095192, 48.7275574], [22.3103131, 48.7267891], [22.3117221, 48.7266769], [22.3140945, 48.7267284], [22.3153921, 48.7266852], [22.3172607, 48.7260115], [22.319352, 48.7251998], [22.3200379, 48.724429], [22.3214025, 48.7230302], [22.3223604, 48.7211225], [22.3227791, 48.7192032], [22.3245431, 48.7184558], [22.3271308, 48.7185117], [22.3283309, 48.718252], [22.3280814, 48.7167467], [22.3290108, 48.7154098], [22.330771, 48.7147336], [22.3322147, 48.7139077], [22.333676, 48.7127251], [22.335429, 48.7121915], [22.3370426, 48.7122976], [22.3386563, 48.7124038], [22.3403812, 48.7124409], [22.3415671, 48.7124664], [22.3424751, 48.7115574], [22.3431709, 48.7105725], [22.3441586, 48.7102366], [22.3455251, 48.7109801], [22.3467979, 48.7114359], [22.3476638, 48.7113831], [22.3486353, 48.7109013], [22.3488842, 48.7108085], [22.3663861, 48.5497377], [22.6053589, 48.4011939], [22.6906323, 48.3678424], [22.7437552, 48.3614906], [22.9476915, 48.2228437], [23.1234948, 48.091713], [23.1289576, 48.0032199], [23.254394, 47.9758506], [23.286693, 48.0308093], [23.4374452, 48.0167765], [23.5410178, 47.9430251], [23.5176669, 47.912016], [23.5188131, 47.9089552], [23.343263, 47.8987178], [23.3143609, 47.8366666], [23.3191674, 47.7342441], [23.4448215, 47.6598398], [23.3816501, 47.6376362], [23.2058688, 47.6801848], [22.9449435, 47.6764863], [22.810361, 47.5468735], [22.6757785, 47.4949384], [22.3544284, 47.4540961], [22.1594211, 47.4039282], [21.9726535, 47.2643219], [22.1786472, 47.2680496], [22.3544284, 47.3239324], [22.4122191, 47.3046146], [22.2226096, 47.2405894], [22.0020845, 47.1596685], [21.950958, 47.0621566], [22.1704074, 47.1206088], [22.2799554, 47.0573423], [22.5282143, 47.0482121], [22.600783, 47.0057994], [22.5828062, 46.9826381], [22.5286005, 46.968266], [22.4123541, 47.0109095], [22.3528458, 47.0175449], [22.2117613, 47.0008991], [22.109516, 46.9941515], [21.8490573, 46.9277605], [21.9207668, 46.793305], [22.1335715, 46.7508996], [22.1429416, 46.6814807], [21.9808932, 46.7078545], [21.9396945, 46.6381243], [21.9836398, 46.589071], [21.9583524, 46.4963312], [22.0710203, 46.4693338], [22.1249902, 46.3192082], [21.9873163, 46.3605275], [21.8030396, 46.3865803], [21.9574361, 46.3192624], [21.8125173, 46.2474292], [21.7525007, 46.2379732], [21.6821615, 46.2853476], [21.6059862, 46.2073995], [21.5899798, 46.1193865], [21.7133787, 46.100799], [21.7421797, 46.0592527], [21.5863047, 46.0227702], [21.4096042, 45.9606989], [21.4343207, 45.8670665], [21.5469333, 45.8134884], [21.7199652, 45.8173189], [22.1539252, 45.8708914], [22.3159763, 45.830715], [22.055051, 45.7732724], [21.9149753, 45.7943415], [21.8270847, 45.7426121], [22.0935031, 45.606354], [22.2198459, 45.5101985], [22.4261854, 45.5255926], [22.3246749, 45.4566265], [22.3350766, 45.3852753], [22.3138082, 45.2696092], [22.2920953, 45.2578104], [22.2312225, 45.3437321], [22.0814259, 45.5162361], [21.8847601, 45.5832936], [21.636645, 45.5959459], [21.714472, 45.4639873], [21.6660065, 45.3358408], [21.5450598, 45.2735993], [21.5108078, 45.1009947], [21.6211957, 45.0929334], [21.7223354, 45.0552652], [21.7343795, 44.9488055], [21.6682112, 44.8933962], [21.4545656, 44.8592717], [21.3550625, 44.8273379], [21.380856, 44.8178765], [21.2805148, 44.6491183], [21.1651584, 44.5865571], [21.1898776, 44.2471685], [21.1184665, 44.1743268], [21.2228366, 44.0560137], [21.3546725, 43.9097679], [21.3821384, 43.6877378], [21.6458102, 43.5525314], [21.8243381, 43.3990629], [22.2797844, 43.5682734], [22.2802707, 43.5684538], [22.2994968, 43.8008384], [22.324216, 43.9236174], [22.4478122, 44.0994227], [22.5549303, 44.0836403], [22.6043687, 44.1329432], [22.5288364, 44.2579886], [22.4340793, 44.4867109], [22.5219699, 44.6549799], [22.4780246, 44.703804], [22.415785, 44.7089312], [22.4754727, 44.7188741], [22.5025676, 44.6947004], [22.591116, 44.6488506], [22.6722959, 44.6854916], [22.730461, 44.7670762], [22.7890779, 44.8890959], [22.8717606, 44.9529643], [22.878024, 45.0076606], [22.9345692, 45.0425019], [23.0083563, 45.09943], [23.1266616, 45.1244911], [23.3056206, 45.1312079], [23.3698655, 45.1772771], [23.7238958, 45.1955883], [24.2845024, 45.2260059], [24.3014542, 45.2317226], [24.3046578, 45.2338052], [24.3113914, 45.236398], [24.3193628, 45.2395194], [24.3235081, 45.2435109], [24.3463864, 45.2514745], [24.3647476, 45.2544968], [24.3785619, 45.2327234], [24.3801905, 45.2099638], [24.7298896, 45.010665], [24.746431, 45.0119756], [24.8340013, 44.9299324], [24.913823, 45.0010877], [24.9685485, 44.9998406], [24.9703649, 44.9721134], [24.9231261, 44.9317799], [24.947958, 44.8732712], [25.1132341, 44.8047971], [25.2938569, 44.7778585], [25.3770433, 44.8811753], [25.4041291, 44.9909303], [25.4789094, 44.9447126], [25.5902537, 44.9498245], [25.7887389, 45.0107125], [25.9111058, 45.0700383], [25.9213865, 45.0705758], [25.9344531, 45.0704762], [25.9447959, 45.0707487], [25.9472962, 45.0744942], [25.9542683, 45.0719498], [25.9663738, 45.0719107], [26.1211843, 44.9695631], [26.2518256, 44.9803463], [26.4605658, 45.0308366], [26.6653505, 45.128704], [26.7959732, 45.2543088], [26.9879095, 45.3560093], [27.1252386, 45.579449], [27.1087592, 45.77519], [27.1636908, 45.932054], [27.001573, 46.2271756], [26.9467149, 46.2805304], [26.9686876, 46.4406969], [26.9508361, 46.4636991], [26.9447421, 46.4784184], [26.944537, 46.4985926], [26.9824205, 46.5834072], [26.9467149, 46.7163281], [26.8464647, 46.7784342], [26.8739305, 46.8132199], [26.7832933, 46.9596369], [26.739348, 46.988685], [26.7517076, 47.0785403], [26.67343, 47.1701115], [26.6596971, 47.2447467], [26.6075121, 47.2661849], [26.621245, 47.2978602], [26.4674364, 47.4178676], [26.4413438, 47.4838018], [26.361693, 47.5153466], [26.3699327, 47.5672615], [26.2765489, 47.6098675], [26.2435899, 47.6561389], [26.2321605, 47.6649424], [26.1735521, 47.7097625], [26.1419664, 47.7965526], [25.9332262, 47.9034558], [25.9149992, 47.9775177], [25.9030138, 48.0487109], [25.7862827, 48.1880653], [25.4649326, 48.3918277], [24.9389621, 48.5184254], [24.6011325, 48.6256492], [24.4555637, 48.8068653], [24.0589518, 48.9045125], [23.816733, 49.0482601], [23.7675449, 49.1224964], [23.6670792, 49.1053502], [23.6644248, 49.1150076], [23.6695688, 49.1417407], [23.6727857, 49.1659619], [23.46237, 49.265342], [23.4564573, 49.2681317], [23.4537594, 49.268419], [23.4529731, 49.2685027], [23.4206917, 49.2719397], [23.4152836, 49.2725937], [23.4121567, 49.2729719], [23.4073469, 49.2764673], [23.4066788, 49.2769537], [23.3640165, 49.3171703], [23.2908978, 49.3589228], [23.1017814, 49.4279856], [23.061802, 49.4435658], [22.9439794, 49.5029883], [22.6860666, 49.5730765], [22.6884971, 49.5755302], [22.6910402, 49.5780997], [22.6911616, 49.5782224], [22.6928, 49.5798853], [22.6935839, 49.580692], [22.69484, 49.58198], [22.6956923, 49.5827854], [22.6966285, 49.5837135], [22.6975148, 49.5845903], [22.6981116, 49.5851627], [22.6983901, 49.5854301], [22.7012994, 49.58822], [22.7012997, 49.5882199], [22.7050028, 49.5917712], [22.7050023, 49.5917716], [22.7065824, 49.5932869], [22.7135635, 49.598375], [22.7162509, 49.6003294], [22.718802, 49.6029374], [22.7238147, 49.608065], [22.7245502, 49.6088153], [22.7255952, 49.6097552], [22.7279244, 49.6118475], [22.7284675, 49.6123373], [22.7290625, 49.612871], [22.7313357, 49.6149226], [22.733645, 49.6170033], [22.7366107, 49.6196783], [22.7381862, 49.6211017], [22.7397837, 49.6225456], [22.7416974, 49.6242734], [22.742058, 49.6246016], [22.7424535, 49.6249562], [22.7447088, 49.6269903], [22.744804, 49.6270762], [22.7452719, 49.6274979], [22.7458999, 49.628064], [22.7463523, 49.6284718], [22.7494427, 49.6312574], [22.7510118, 49.6321273], [22.751363, 49.6323386], [22.7550199, 49.6345133], [22.755799, 49.634975], [22.7562457, 49.6352387], [22.7563755, 49.6353508], [22.7587235, 49.6373345], [22.7424386, 49.6836824], [22.7391377, 49.7076027], [22.7460222, 49.7302409], [22.7792474, 49.7623831], [22.7875394, 49.7727059], [22.8012482, 49.7815437], [22.8049345, 49.783267], [22.8127008, 49.7868821], [22.7953222, 49.7979314], [22.7822751, 49.8117744], [22.7718872, 49.8201505], [22.7670267, 49.8286434], [22.7663424, 49.8375957], [22.7630852, 49.8430596], [22.754982, 49.8454064], [22.7464873, 49.842705], [22.737879, 49.8385183], [22.7315891, 49.8378451], [22.7260108, 49.8397939], [22.7060148, 49.851542], [22.6756304, 49.867301], [22.6351609, 49.8808253], [22.6278301, 49.8832747], [22.5861578, 49.8918679], [22.5393415, 49.8971443], [22.5012576, 49.9037927], [22.4534109, 49.9243249], [22.4499496, 49.9339527], [22.4380331, 49.9414504], [22.4155866, 49.9436026], [22.3960881, 49.9417946], [22.3797685, 49.9458435], [22.3703266, 49.9559407], [22.3599134, 49.972018], [22.3544013, 49.9794417], [22.3303278, 49.9913256], [22.3054546, 49.9988832], [22.286086, 50.0033032], [22.267892, 50.0073892], [22.2521196, 50.0063446], [22.2321196, 50.0042253], [22.2055772, 50.0147841], [22.1762168, 50.0248187], [22.1327932, 50.0319528], [22.0961826, 50.0302576], [22.075009, 50.0242733], [22.0575566, 50.0113419], [22.055375, 50.0101911], [22.0274624, 49.9954649], [22.0105816, 49.9779932], [21.9838216, 49.9632089], [21.9658613, 49.952646], [21.948129, 49.9529317], [21.9445754, 49.9593782], [21.9618207, 49.9848161], [21.9908274, 50.0100999], [21.9972345, 50.0180525], [21.9898838, 50.0306004], [21.9977705, 50.0503968], [21.9941731, 50.054238], [21.983209, 50.0660103], [21.9479887, 50.0707203], [21.904888, 50.0737374], [21.8580102, 50.0765176], [21.8324416, 50.0762166], [21.7866876, 50.075678], [21.713663, 50.0779646], [21.6700343, 50.0726685], [21.6246971, 50.0665337], [21.5640177, 50.0715764], [21.500751, 50.0693222], [21.4577625, 50.0572134], [21.4410259, 50.0524983], [21.43645, 50.0509469], [21.4057858, 50.0405494], [21.3499927, 50.0215971], [21.3179418, 50.0082553], [21.3127553, 50.0012166], [21.3121039, 49.9924506], [21.3192179, 49.9868031], [21.3319565, 49.9829766], [21.3402554, 49.9780479], [21.3456277, 49.9699043], [21.3466192, 49.9570877], [21.3500283, 49.9418413], [21.3391373, 49.9264378], [21.3298176, 49.9406124], [21.3065251, 49.940483], [21.2919859, 49.9412357], [21.2878957, 49.9414474], [21.2775101, 49.9461157], [21.266779, 49.9508347], [21.2644065, 49.9518779], [21.2530738, 49.9561161], [21.2437855, 49.9597185], [21.2361947, 49.9601628], [21.2265092, 49.9602004], [21.2206044, 49.9571889], [21.2183528, 49.9533633], [21.221549, 49.9476479], [21.2277254, 49.9415776], [21.2275334, 49.937415], [21.2184205, 49.9347626], [21.2087536, 49.935096], [21.1980296, 49.9375318], [21.193395, 49.9420834], [21.1902362, 49.9486901], [21.184732, 49.9544481], [21.1776022, 49.9548798], [21.1728732, 49.9522902], [21.1668223, 49.9510643], [21.1594358, 49.9509046], [21.1565401, 49.9531904], [21.1595912, 49.9595317], [21.1567415, 49.9628582], [21.1514563, 49.9622719], [21.1402356, 49.9589086], [21.1310711, 49.9519353], [21.1244821, 49.9531275], [21.1231369, 49.9602942], [21.1227028, 49.9607107], [21.1151687, 49.967939], [21.103536, 49.9677935], [21.0944369, 49.9622446], [21.0827747, 49.9613833], [21.0743483, 49.9590166], [21.0648452, 49.9563474], [21.0529117, 49.9490602], [21.0419421, 49.9513965], [21.0406149, 49.9592761], [21.0491556, 49.9679259], [21.0510261, 49.9698054], [21.0513612, 49.9705655], [21.0555464, 49.980056], [21.0485705, 49.9902035], [21.024382, 49.9945563], [21.0095264, 49.9955273], [21.0008621, 49.9932013], [20.9818143, 49.9843668], [20.9761285, 49.9817323], [20.9624165, 49.9515064], [20.9605608, 49.9497158], [20.951977, 49.9414322], [20.9482886, 49.9354466], [20.9389124, 49.9376043], [20.9342996, 49.9413404], [20.9314094, 49.9436811], [20.9321874, 49.9539049], [20.9441217, 49.9593057], [20.9481695, 49.9681652], [20.952231, 49.9773219], [20.9479079, 49.9845365], [20.9324771, 49.9910438], [20.9140733, 49.9925393], [20.8983425, 49.9916075], [20.884582, 49.9820656], [20.8823936, 49.9732929], [20.8826022, 49.9597199], [20.8800003, 49.9497634], [20.8637506, 49.939789], [20.8494416, 49.932162], [20.8429297, 49.930605], [20.8302098, 49.9355677], [20.8265894, 49.9422849], [20.8320672, 49.9519468], [20.8342439, 49.9557856], [20.8351372, 49.957361], [20.8179756, 49.9593745], [20.8085059, 49.9606533], [20.8034152, 49.9613408], [20.7998003, 49.9618289], [20.7982298, 49.962041], [20.7754279, 49.96512], [20.7597489, 49.9660088], [20.7535461, 49.9663604], [20.7533119, 49.9663684], [20.7378799, 49.9668938], [20.7187174, 49.9664664], [20.716875, 49.9664253], [20.7161138, 49.9664083], [20.7138713, 49.9663583], [20.7126168, 49.9665803], [20.6881956, 49.9709009], [20.6714976, 49.9698618], [20.6713661, 49.9698536], [20.6712754, 49.969848], [20.6679519, 49.9696412], [20.6493575, 49.968484], [20.6492644, 49.9684819], [20.6483502, 49.9684699], [20.6225719, 49.9676716], [20.6181314, 49.9657928], [20.6150844, 49.9645028], [20.6059416, 49.9670103], [20.5989946, 49.9734627], [20.5392669, 49.9738657], [20.469687, 49.9768512], [20.4151542, 49.9739585], [20.3570076, 49.9720067], [20.3363266, 49.9749249], [20.323987, 49.9792323], [20.3190936, 49.9790706], [20.3169863, 49.9763364], [20.3171699, 49.9758245], [20.31913, 49.9703607], [20.3249215, 49.9628556], [20.3258194, 49.9485579], [20.3208715, 49.9328477], [20.3084417, 49.9190273], [20.3080077, 49.9185447], [20.2685833, 49.9078408], [20.2300785, 49.8975432], [20.1783167, 49.8906417], [20.1691718, 49.8934124], [20.16702, 49.8996829], [20.1675883, 49.9041407], [20.1676522, 49.9043016], [20.1705319, 49.9115501], [20.1855288, 49.9218125], [20.2042265, 49.9323322], [20.240887, 49.9417653], [20.2648318, 49.9581703], [20.2799895, 49.9731798], [20.2857861, 49.9829352], [20.2862807, 49.9854952], [20.2863116, 49.9856552], [20.2873924, 49.9912492], [20.2746692, 49.9988287], [20.2517566, 50.005327], [20.212546, 50.0066361], [20.1664522, 50.0097867], [20.0766545, 50.0141939], [20.0609405, 50.0165508], [20.0316392, 50.020941], [20.0310082, 50.0210355], [20.0301648, 50.0211622], [20.0300229, 50.0211856], [20.0009309, 50.0261536], [20.0000885, 50.02629], [19.9988878, 50.0264819], [19.9986621, 50.0266937], [19.9831784, 50.0378344], [19.9618248, 50.0375697], [19.9462946, 50.0305056], [19.9337386, 50.024343], [19.933579, 50.022068], [19.9333803, 50.0192345], [19.9346545, 50.017755], [19.9391607, 50.0125226], [19.9387545, 50.0119323], [19.9386289, 50.0117498], [19.9300392, 49.9992656], [19.9162555, 49.9919959], [19.9047058, 49.9906737], [19.8854812, 49.9896037], [19.8781541, 49.9891959], [19.8705781, 49.9877226], [19.8522196, 49.9841523], [19.8284151, 49.9738508], [19.7691453, 49.9604523], [19.7133246, 49.9604073], [19.664151, 49.9640768], [19.6211133, 49.9683683], [19.5736312, 49.977105], [19.5615323, 49.9816121], [19.5320561, 49.9899954], [19.5054933, 49.9920185], [19.4707586, 49.9893081], [19.4460577, 49.9866511], [19.4393531, 49.968317], [19.4221115, 49.9590973], [19.4142375, 49.9444861], [19.3908576, 49.9270711], [19.3752573, 49.9124829], [19.3633404, 49.9012257], [19.3624489, 49.9003834], [19.350284, 49.8855524], [19.350179, 49.8854243], [19.3483084, 49.8825082], [19.3401215, 49.8697432], [19.3379151, 49.8543957], [19.3168488, 49.8590971], [19.2970242, 49.8687904], [19.282711, 49.8773958], [19.2754581, 49.8794044], [19.2645047, 49.8824377], [19.2639844, 49.8825136], [19.2396557, 49.8860624], [19.2318898, 49.8800081], [19.2175054, 49.8761082], [19.1998395, 49.8797107], [19.1756515, 49.8836776], [19.1408662, 49.8937229], [19.0960933, 49.8926975], [19.0524193, 49.8837988], [19.0310069, 49.8845144], [18.9464236, 49.8626895], [18.9239931, 49.867105], [18.8953501, 49.8739329], [18.8820243, 49.8705015], [18.8678261, 49.862891], [18.8575988, 49.8587566], [18.844157, 49.8564172], [18.8419905, 49.8403235], [18.8484939, 49.8369255], [18.8415457, 49.8344676], [18.8303831, 49.8164425], [18.8221416, 49.8016534], [18.8160248, 49.793362], [18.7981043, 49.795969], [18.791926, 49.8128237], [18.7874163, 49.8308708], [18.7817823, 49.8343497], [18.7758749, 49.835362], [18.7649621, 49.8356676], [18.7556225, 49.8303763], [18.7530122, 49.8290982], [18.7446078, 49.8289091], [18.735132, 49.8218948], [18.7332866, 49.8203383], [18.6969605, 49.8045379], [18.6550415, 49.8029924], [18.6331475, 49.7998661], [18.6325564, 49.7997817], [18.6131127, 49.7970051], [18.6128464, 49.7969671], [18.6084397, 49.7963378], [18.5959863, 49.7945582], [18.4535953, 49.7744485], [18.2723209, 49.7318601], [18.1899234, 49.6607963], [18.1240054, 49.6323417], [17.7971635, 49.5691477], [17.6502214, 49.5272706], [17.6318716, 49.5162476], [17.5582109, 49.4719736], [17.4826799, 49.4130403], [17.5881896, 49.3239068], [17.6000963, 49.2839327], [17.5183862, 49.1749709], [17.5211327, 49.1480298], [17.4765008, 49.1125351], [17.4176216, 49.0094731], [17.4394212, 48.9044497], [17.3164793, 48.8455452], [17.3174668, 48.843809], [17.3176923, 48.8422995], [17.3179028, 48.8408907], [17.3181433, 48.8392807], [17.3188351, 48.8379261], [17.31805, 48.8367469], [17.3172411, 48.8342971], [17.3167838, 48.8330688], [17.3177312, 48.8310153], [17.3179085, 48.8298283], [17.3187308, 48.8286127], [17.3201458, 48.8277178], [17.3216562, 48.8268995], [17.322584, 48.8256908], [17.3217365, 48.8249306], [17.3211437, 48.82461], [17.3192401, 48.8244861], [17.3175481, 48.8243759], [17.3156878, 48.8246778], [17.3134462, 48.8246728], [17.3119657, 48.8245764], [17.3105478, 48.824061], [17.3098911, 48.8234541], [17.3095398, 48.8222326], [17.3100345, 48.8210663], [17.31111, 48.8195853], [17.3113291, 48.8181189], [17.3114961, 48.8170017], [17.3125819, 48.8154509], [17.3149379, 48.8146878], [17.3172847, 48.8146996], [17.3192192, 48.8146141], [17.3209093, 48.8140191], [17.3221661, 48.8134663], [17.3235926, 48.8132066], [17.3250296, 48.8128771], [17.3255879, 48.8119969], [17.3261461, 48.8111166], [17.3276767, 48.8101586], [17.3280667, 48.8096905], [17.3279594, 48.8089784], [17.3280827, 48.8074354], [17.3290621, 48.8058775], [17.3302961, 48.8047591], [17.3323358, 48.8025591], [17.3342733, 48.801704], [17.3365971, 48.80115], [17.3381809, 48.8005478], [17.3382103, 48.7996332], [17.3380699, 48.7984255], [17.3371896, 48.7971698], [17.3373871, 48.7958431], [17.3372554, 48.7938604], [17.3384578, 48.7929515], [17.3396497, 48.7921124], [17.3416559, 48.7915376], [17.3434525, 48.7916543], [17.3456719, 48.7917984], [17.3471411, 48.7919642], [17.3494662, 48.7921151], [17.3510288, 48.7916524], [17.3498955, 48.7906624], [17.3492056, 48.7895601], [17.3484309, 48.7883113], [17.3471156, 48.7863929], [17.3453032, 48.7842307], [17.344423, 48.782975], [17.3435428, 48.7817193], [17.3418711, 48.7807647], [17.3411401, 48.7799417], [17.3411694, 48.779027], [17.34088, 48.7773867], [17.3408868, 48.7759065], [17.3406286, 48.7740567], [17.3397261, 48.7722355], [17.3386228, 48.7703307], [17.3378383, 48.7691516], [17.3362728, 48.7682038], [17.3350779, 48.7676326], [17.3339679, 48.7672079], [17.3328995, 48.7665039], [17.3308372, 48.7653122], [17.3298537, 48.7647546], [17.3295336, 48.7633237], [17.330112, 48.7623038], [17.330668, 48.7607184], [17.3304534, 48.7592944], [17.330715, 48.7582538], [17.3316638, 48.7576105], [17.3323374, 48.7566673], [17.332746, 48.7553543], [17.3344756, 48.7544798], [17.3358796, 48.7543596], [17.3373148, 48.7540299], [17.3383379, 48.7536029], [17.3395515, 48.7533293], [17.3409866, 48.7529995], [17.342813, 48.7529067], [17.3458547, 48.7532453], [17.3484948, 48.7534168], [17.349994, 48.7533731], [17.3522428, 48.7533075], [17.3546821, 48.7533953], [17.3566866, 48.7528203], [17.3592832, 48.7525657], [17.3627557, 48.7521562], [17.3660583, 48.7514537], [17.3681475, 48.751025], [17.3687583, 48.7505005], [17.369516, 48.7497036], [17.3712883, 48.7492543], [17.3719093, 48.74866], [17.3725384, 48.7472907], [17.3737057, 48.7458858], [17.375277, 48.745353], [17.3769974, 48.7452528], [17.3775874, 48.7448679], [17.3777113, 48.7440299], [17.3777606, 48.7429756], [17.3779155, 48.7419281], [17.3784594, 48.7404123], [17.3793923, 48.7384282], [17.3810768, 48.7371271], [17.3834383, 48.7362928], [17.3862348, 48.736121], [17.3883463, 48.7362574], [17.3893298, 48.7368145], [17.3904165, 48.7366732], [17.3917324, 48.7357006], [17.393123, 48.7349444], [17.3953142, 48.7338169], [17.3978453, 48.7332753], [17.4016355, 48.7335902], [17.4031909, 48.734607], [17.4060749, 48.7352864], [17.4089049, 48.7356097], [17.4104063, 48.7357064], [17.4120334, 48.7345636], [17.412165, 48.7318086], [17.4126097, 48.7297226], [17.4129665, 48.7272975], [17.4135128, 48.7235841], [17.4134559, 48.7208264], [17.4121697, 48.7169949], [17.4107468, 48.7133077], [17.4092877, 48.7090825], [17.40815, 48.7050311], [17.4072444, 48.7017596], [17.407272, 48.7000018], [17.4066096, 48.6974345], [17.4048695, 48.6943387], [17.4046124, 48.692945], [17.405497, 48.69086], [17.4062894, 48.688616], [17.4065108, 48.6875109], [17.407225, 48.6862238], [17.4076517, 48.6847708], [17.4079085, 48.683025], [17.4081755, 48.6812092], [17.4071846, 48.6785369], [17.4058699, 48.6766192], [17.4049436, 48.674233], [17.4037113, 48.6717565], [17.4036929, 48.6697109], [17.4041321, 48.6660028], [17.4044532, 48.6645431], [17.4048695, 48.66316], [17.4066692, 48.6612566], [17.4078642, 48.6597559], [17.4077378, 48.6582435], [17.4070996, 48.6561205], [17.4071672, 48.6541883], [17.4086106, 48.6532057], [17.4110713, 48.65193], [17.4112934, 48.6511554], [17.4107961, 48.6501192], [17.4103957, 48.649161], [17.4110334, 48.6477677], [17.4121341, 48.6469064], [17.4129548, 48.64574], [17.4130354, 48.6444543], [17.4130534, 48.6435948], [17.4139395, 48.6427196], [17.4140543, 48.641938], [17.4141378, 48.6413696], [17.4153217, 48.6399399], [17.4174941, 48.6391476], [17.4199598, 48.6393065], [17.4217719, 48.639495], [17.4231655, 48.6395847], [17.4241274, 48.6389295], [17.4249507, 48.6384805], [17.4260718, 48.6374769], [17.4266672, 48.6363677], [17.4265986, 48.6353592], [17.4254893, 48.6340685], [17.4243801, 48.6327779], [17.423914, 48.6315286], [17.4246895, 48.629929], [17.4261497, 48.6280866], [17.4273316, 48.6268179], [17.4281383, 48.6270671], [17.4301747, 48.6271982], [17.4315785, 48.6272169], [17.4332798, 48.6266809], [17.435465, 48.6265346], [17.4380373, 48.6267], [17.4395722, 48.6273007], [17.4414703, 48.6276379], [17.4426493, 48.6277136], [17.4444162, 48.6274686], [17.4456471, 48.627189], [17.4474139, 48.6269439], [17.450339, 48.6269166], [17.4528422, 48.6260732], [17.4552486, 48.6251518], [17.4568286, 48.6239622], [17.4589547, 48.622736], [17.4604205, 48.6223279], [17.4612157, 48.6228092], [17.4619002, 48.6225662], [17.4632138, 48.6217181], [17.4635214, 48.6210923], [17.4626397, 48.6204621], [17.4608143, 48.6196279], [17.4580002, 48.6181566], [17.4545952, 48.6162887], [17.4515464, 48.6149455], [17.4495174, 48.6140264], [17.4487743, 48.6131897], [17.447741, 48.6121193], [17.4462168, 48.6114477], [17.4462205, 48.6099418], [17.4450593, 48.6090066], [17.4435041, 48.6085481], [17.4423917, 48.6065402], [17.4425475, 48.6054744], [17.4429623, 48.6048556], [17.4419293, 48.6037851], [17.44222, 48.6017957], [17.4431224, 48.6000608], [17.4444876, 48.5988576], [17.4446122, 48.598005], [17.4438383, 48.5973815], [17.4424977, 48.5969367], [17.4403936, 48.5957974], [17.4388772, 48.5943372], [17.438933, 48.5924761], [17.4401222, 48.5902576], [17.4423856, 48.5888253], [17.4456231, 48.587384], [17.4488604, 48.5859425], [17.4498105, 48.5853581], [17.4499419, 48.583717], [17.4501389, 48.582367], [17.4498005, 48.5809827], [17.4496141, 48.5800384], [17.4486711, 48.5798343], [17.4453756, 48.5801962], [17.4429679, 48.5804], [17.4424462, 48.5810119], [17.4433302, 48.5823597], [17.4430155, 48.5837738], [17.4419304, 48.5852819], [17.4394083, 48.5862671], [17.4378019, 48.5861637], [17.4366966, 48.5855906], [17.4349487, 48.584976], [17.4343301, 48.58551], [17.4340776, 48.5864978], [17.4331512, 48.5876574], [17.4315063, 48.5885555], [17.4282965, 48.5890659], [17.4268595, 48.588543], [17.4266184, 48.5872365], [17.426474, 48.586008], [17.4258492, 48.5851071], [17.4242429, 48.5850035], [17.4222736, 48.5851634], [17.4219554, 48.5858601], [17.4219822, 48.5871528], [17.4209692, 48.5881633], [17.4192899, 48.588557], [17.4181981, 48.58863], [17.4171955, 48.5895694], [17.4155815, 48.5902541], [17.4136983, 48.5905629], [17.4110209, 48.59039], [17.4100854, 48.5893972], [17.4086174, 48.5890872], [17.4067863, 48.5890406], [17.4057154, 48.5889714], [17.404143, 48.5893718], [17.4030748, 48.59002], [17.4000996, 48.5904014], [17.3985219, 48.5893669], [17.3969677, 48.5889078], [17.3958863, 48.5889095], [17.3924384, 48.5888298], [17.3908634, 48.5885126], [17.3899519, 48.588095], [17.3864622, 48.5882992], [17.3850257, 48.5877758], [17.3837068, 48.5871882], [17.3826359, 48.5871188], [17.3811915, 48.5873837], [17.3799611, 48.5876626], [17.3781407, 48.5875445], [17.3760199, 48.5872634], [17.3738339, 48.5866912], [17.3726537, 48.5858973], [17.37005, 48.5852262], [17.3680679, 48.5847388], [17.3659765, 48.583527], [17.3645509, 48.5829323], [17.362256, 48.5816355], [17.3612587, 48.5810685], [17.3579333, 48.5787004], [17.3566759, 48.5769689], [17.3548728, 48.5752736], [17.352522, 48.572897], [17.3504275, 48.5702502], [17.3494287, 48.5689657], [17.3488456, 48.5670628], [17.3490242, 48.5658551], [17.3495765, 48.5643131], [17.3500972, 48.5629842], [17.3505549, 48.5620816], [17.3512581, 48.5609798], [17.3515437, 48.559779], [17.3512942, 48.5585434], [17.3516218, 48.5570585], [17.3534371, 48.5557422], [17.3555943, 48.5543048], [17.355786, 48.5537523], [17.3559868, 48.553111], [17.3551497, 48.5521957], [17.3546756, 48.5510172], [17.3542835, 48.548553], [17.3540549, 48.5471753], [17.3535809, 48.5459968], [17.3517035, 48.5440813], [17.351626, 48.5431438], [17.3506716, 48.5422926], [17.3483599, 48.541855], [17.34441, 48.5408084], [17.3397851, 48.5392155], [17.3372894, 48.5378332], [17.3350096, 48.5371822], [17.3333507, 48.5367152], [17.3316269, 48.535957], [17.3295489, 48.5346735], [17.3272677, 48.533305], [17.3259598, 48.5319283], [17.3258285, 48.5306286], [17.3249818, 48.5297842], [17.3235897, 48.5289759], [17.3228711, 48.5279964], [17.3229433, 48.5267817], [17.3224175, 48.5259582], [17.3191759, 48.5252439], [17.3176349, 48.5247127], [17.3158139, 48.5231588], [17.3142068, 48.5216189], [17.3139162, 48.5206674], [17.3127279, 48.5199439], [17.3121496, 48.5194756], [17.3107356, 48.5180918], [17.3093202, 48.5159905], [17.3077855, 48.5150073], [17.3062378, 48.5142103], [17.3044201, 48.514091], [17.3008693, 48.5132841], [17.2991257, 48.5126675], [17.2953718, 48.5117753], [17.293929, 48.5120392], [17.2918988, 48.5126231], [17.2886384, 48.5127674], [17.2861899, 48.5125346], [17.2849916, 48.5118819], [17.2835044, 48.510995], [17.2823052, 48.5096249], [17.2822069, 48.508112], [17.2819063, 48.5072314], [17.2810607, 48.5063867], [17.2792434, 48.506267], [17.2776389, 48.505444], [17.2755646, 48.504877], [17.2733197, 48.504729], [17.2716077, 48.5031815], [17.2708039, 48.5013352], [17.2705996, 48.5002404], [17.2705566, 48.5000994], [17.2697969, 48.4994037], [17.2680582, 48.4989325], [17.2674826, 48.4985325], [17.2668348, 48.4980072], [17.2660074, 48.49747], [17.2652876, 48.4968192], [17.2643072, 48.4960909], [17.2640548, 48.4953503], [17.2639101, 48.4944961], [17.263585, 48.4930268], [17.2630171, 48.4913604], [17.2628183, 48.4902614], [17.2625118, 48.4892759], [17.2623481, 48.4873346], [17.2623826, 48.485889], [17.2616631, 48.4852382], [17.2613119, 48.4845514], [17.2616797, 48.4839121], [17.2623349, 48.4831711], [17.2624152, 48.4826334], [17.262322, 48.4825205], [17.2620195, 48.4822453], [17.2612108, 48.4821919], [17.2596653, 48.4822105], [17.2586138, 48.48196], [17.2572838, 48.4817515], [17.25669, 48.4808677], [17.2565902, 48.4797148], [17.2567509, 48.4786395], [17.2566963, 48.4777913], [17.2559775, 48.4777438], [17.2548903, 48.4777323], [17.2535421, 48.4770398], [17.2528854, 48.4759708], [17.2533609, 48.475218], [17.2539531, 48.4742919], [17.255264, 48.4734133], [17.2560815, 48.473407], [17.2564855, 48.473132], [17.2565301, 48.4728333], [17.25573, 48.4721168], [17.2547234, 48.4715677], [17.2536359, 48.4709528], [17.2525032, 48.4700333], [17.2514694, 48.46906], [17.2493577, 48.4680153], [17.2473456, 48.4680846], [17.2460531, 48.4680708], [17.244419, 48.4681778], [17.2414601, 48.4677666], [17.2403167, 48.4667583], [17.2403482, 48.4658278], [17.239878, 48.4653662], [17.2373047, 48.4667022], [17.2357561, 48.4669582], [17.2347518, 48.4664612], [17.2342601, 48.4654243], [17.2346331, 48.4636556], [17.235743, 48.4620075], [17.2365861, 48.4607004], [17.2369696, 48.4588606], [17.2371186, 48.4578662], [17.2376625, 48.4563958], [17.2369894, 48.455849], [17.2352808, 48.4557357], [17.2337971, 48.4570003], [17.2318115, 48.4587338], [17.2305412, 48.4600126], [17.2282028, 48.4612204], [17.2253728, 48.4613913], [17.2226493, 48.4608517], [17.2201182, 48.4604684], [17.2185269, 48.4595735], [17.2174482, 48.4588562], [17.215857, 48.4586787], [17.2145968, 48.4584515], [17.2143905, 48.4584658], [17.2120766, 48.4587143], [17.2103679, 48.4586007], [17.2087661, 48.4584941], [17.2072497, 48.4578193], [17.2035337, 48.456711], [17.2012912, 48.4565617], [17.1991555, 48.4564194], [17.1976605, 48.4563198], [17.1954716, 48.4558152], [17.1920652, 48.4555163], [17.1904852, 48.4545501], [17.1894395, 48.452902], [17.1895576, 48.4514033], [17.1900067, 48.4498549], [17.1885448, 48.4481073], [17.1873817, 48.4465231], [17.1874785, 48.4451665], [17.1873724, 48.4437246], [17.1869139, 48.4424744], [17.1874163, 48.4412883], [17.1887936, 48.4407346], [17.1901285, 48.4397475], [17.1909402, 48.4386538], [17.1922961, 48.4382421], [17.1945805, 48.4381075], [17.197847, 48.4378948], [17.1997723, 48.438085], [17.200537, 48.4379306], [17.2006974, 48.4368652], [17.199929, 48.4362401], [17.1997478, 48.4362181], [17.1973672, 48.4360693], [17.1957449, 48.4353872], [17.1939945, 48.4348401], [17.1924258, 48.4338028], [17.1909, 48.4324814], [17.1899082, 48.4304782], [17.1897804, 48.4298957], [17.1891297, 48.4292066], [17.1873478, 48.428155], [17.1873485, 48.4267202], [17.1874877, 48.4257969], [17.1880751, 48.42476], [17.1882892, 48.4233394], [17.1891221, 48.4221037], [17.1909264, 48.4201436], [17.190628, 48.4192628], [17.189508, 48.4181119], [17.1887507, 48.4174157], [17.1873315, 48.4175361], [17.1868616, 48.4185091], [17.1848335, 48.4198085], [17.1832856, 48.4207813], [17.1809698, 48.4211287], [17.1785473, 48.421469], [17.1764872, 48.4222639], [17.1745439, 48.4237123], [17.1728676, 48.4248198], [17.1710321, 48.4248404], [17.1692287, 48.424648], [17.1680018, 48.4242072], [17.1659756, 48.4226366], [17.1660728, 48.42128], [17.1672365, 48.4207122], [17.1683047, 48.4193489], [17.1695762, 48.4173534], [17.1714668, 48.4148255], [17.1718197, 48.4139164], [17.1722904, 48.4122261], [17.1725263, 48.4106636], [17.1718766, 48.409257], [17.1709814, 48.4080491], [17.1701292, 48.4065572], [17.1703652, 48.4049947], [17.1715831, 48.4026369], [17.1717011, 48.4018557], [17.1713709, 48.4011879], [17.1696321, 48.4012867], [17.1679148, 48.4012434], [17.1665926, 48.4007244], [17.1655581, 48.4004399], [17.1638402, 48.401114], [17.1621214, 48.4025054], [17.1611822, 48.4030164], [17.1594756, 48.402902], [17.1573853, 48.4024748], [17.1568105, 48.4012884], [17.1565872, 48.4006277], [17.1567806, 48.3993493], [17.1577635, 48.3978368], [17.1586183, 48.3964593], [17.158876, 48.3947547], [17.1588131, 48.393746], [17.1577059, 48.3918064], [17.1571535, 48.3897605], [17.1566541, 48.3880769], [17.1563895, 48.3862655], [17.1558909, 48.3838645], [17.1556593, 48.3811227], [17.1554155, 48.3798867], [17.1541592, 48.378224], [17.1514418, 48.3769654], [17.1484075, 48.373533], [17.1469931, 48.3707834], [17.1462389, 48.3686521], [17.1461664, 48.3669971], [17.1461888, 48.3661377], [17.1457947, 48.365896], [17.1448355, 48.3658315], [17.1428319, 48.3655533], [17.1404285, 48.3651652], [17.1386654, 48.3646273], [17.136312, 48.3631058], [17.1350449, 48.3622313], [17.1324236, 48.3617678], [17.1299627, 48.3609564], [17.1289305, 48.3599541], [17.1273439, 48.359058], [17.1258831, 48.3594618], [17.1239205, 48.360334], [17.1226201, 48.3603898], [17.1200948, 48.3600042], [17.1192651, 48.3590873], [17.117127, 48.3568623], [17.1167358, 48.3551857], [17.1160236, 48.3542049], [17.1144468, 48.353955], [17.1127541, 48.3530515], [17.1121148, 48.3530083], [17.1093567, 48.3520328], [17.1087203, 48.3505548], [17.1092869, 48.3496604], [17.1104617, 48.3483048], [17.1113277, 48.3468566], [17.1116609, 48.3453723], [17.1111405, 48.344548], [17.1098203, 48.3440283], [17.1075644, 48.3425844], [17.1052238, 48.3409912], [17.1031148, 48.3407051], [17.1002618, 48.3396511], [17.0985374, 48.3389604], [17.0972392, 48.3382986], [17.0957063, 48.3377643], [17.0945362, 48.3369676], [17.093655, 48.3356882], [17.0933587, 48.3348071], [17.0925191, 48.333961], [17.0908474, 48.3336325], [17.0889519, 48.3333606], [17.0866412, 48.3329888], [17.0855455, 48.3324122], [17.084567, 48.3317719], [17.0821084, 48.3309594], [17.0800416, 48.3311062], [17.0778771, 48.3318921], [17.0753086, 48.333386], [17.0734551, 48.3340136], [17.0713024, 48.3349556], [17.0687919, 48.3349525], [17.0666771, 48.3356459], [17.0636062, 48.3360232], [17.0597059, 48.3352557], [17.0568172, 48.3343027], [17.0568572, 48.3334253], [17.0575027, 48.3329035], [17.0588394, 48.3321772], [17.0593745, 48.331145], [17.0591726, 48.3299997], [17.0583995, 48.3295071], [17.0574666, 48.3294436], [17.0556006, 48.3293166], [17.0542297, 48.3290347], [17.0531768, 48.328523], [17.051846, 48.3273637], [17.0507019, 48.3262171], [17.0500433, 48.3249779], [17.0493105, 48.3236079], [17.0484083, 48.3227292], [17.0471976, 48.3220181], [17.045511, 48.3213373], [17.0441976, 48.320682], [17.0429203, 48.3204064], [17.0404473, 48.320552], [17.0380866, 48.3205796], [17.0357928, 48.3201716], [17.0342401, 48.3186197], [17.033936, 48.3175303], [17.0341174, 48.3163483], [17.0348298, 48.3153911], [17.0370557, 48.3137828], [17.0408711, 48.3110257], [17.0425848, 48.3090681], [17.0434568, 48.3076817], [17.0441826, 48.3054053], [17.0445808, 48.3034208], [17.0451104, 48.3011939], [17.0453603, 48.2989478], [17.0456577, 48.2963907], [17.045293, 48.2938513], [17.0437926, 48.2907316], [17.0418528, 48.2880218], [17.040769, 48.2858734], [17.0400848, 48.2841922], [17.0388942, 48.2833566], [17.0377513, 48.2822099], [17.0369527, 48.2812753], [17.0360779, 48.2808383], [17.0346629, 48.2802388], [17.034591, 48.2794795], [17.0347796, 48.2788637], [17.0356205, 48.2782926], [17.0366935, 48.2780515], [17.0375344, 48.2774803], [17.0376393, 48.276796], [17.0377442, 48.2761116], [17.0376076, 48.2751594], [17.0374138, 48.2745804], [17.0380514, 48.2734924], [17.0395298, 48.2718331], [17.0412856, 48.2708215], [17.0425733, 48.2704065], [17.0429005, 48.2701145], [17.0438058, 48.2697362], [17.0446731, 48.2696068], [17.0447493, 48.2691091], [17.0444242, 48.2687726], [17.0439603, 48.2681123], [17.0440195, 48.2671106], [17.0440978, 48.2659844], [17.0438108, 48.265399], [17.0427022, 48.2652605], [17.0413977, 48.2651714], [17.0404394, 48.264666], [17.0397797, 48.2640551], [17.0393065, 48.2634571], [17.0390576, 48.2626228], [17.0395638, 48.2617773], [17.0407125, 48.2610385], [17.0421026, 48.2605677], [17.0432588, 48.2603952], [17.0448277, 48.2593707], [17.0469822, 48.2588262], [17.0497166, 48.2575669], [17.0519735, 48.2569665], [17.05339, 48.2569374], [17.055647, 48.2563369], [17.0575026, 48.2558976], [17.0598697, 48.2558074], [17.0619479, 48.2557603], [17.0637103, 48.2553146], [17.0639726, 48.2548296], [17.0637691, 48.2543128], [17.0636321, 48.2533606], [17.0636624, 48.2525454], [17.0636832, 48.2517925], [17.0625767, 48.2510257], [17.0617116, 48.2505267], [17.0616108, 48.2499541], [17.0614472, 48.24856], [17.0615802, 48.247689], [17.0617607, 48.246507], [17.0618385, 48.2453807], [17.0620285, 48.2441365], [17.062095, 48.243701], [17.0614546, 48.242928], [17.0610551, 48.2424986], [17.0593425, 48.2420048], [17.0584681, 48.241568], [17.056765, 48.2410119], [17.0554631, 48.2402945], [17.0548701, 48.2392483], [17.0551172, 48.2376307], [17.0544768, 48.2368956], [17.0536501, 48.2361477], [17.0530818, 48.2361718], [17.051377, 48.2362441], [17.0498699, 48.2356384], [17.0478708, 48.234559], [17.0467003, 48.2335991], [17.0462482, 48.2322481], [17.0463169, 48.2311841], [17.0466649, 48.2301392], [17.0474499, 48.2293127], [17.0483415, 48.2271734], [17.0480832, 48.2264014], [17.0475435, 48.2262389], [17.0473118, 48.2259087], [17.0474069, 48.2252866], [17.0474184, 48.2245959], [17.046115, 48.2245069], [17.0452485, 48.2246363], [17.0433388, 48.2248202], [17.0424268, 48.2246322], [17.0418248, 48.2236481], [17.0415666, 48.2228761], [17.0413465, 48.2218553], [17.0406059, 48.2205474], [17.0402092, 48.2194516], [17.040352, 48.2185184], [17.0408671, 48.2176107], [17.0418477, 48.2167348], [17.0420455, 48.2160568], [17.0416657, 48.2154651], [17.0418921, 48.2146004], [17.0425933, 48.2137054], [17.0430058, 48.2128535], [17.0431961, 48.2116093], [17.0441575, 48.2108577], [17.0444673, 48.2100617], [17.0434551, 48.209301], [17.0427791, 48.2081862], [17.0426046, 48.2074828], [17.0431651, 48.2068924], [17.0441264, 48.2061409], [17.0458418, 48.205378], [17.0471087, 48.2050874], [17.0489531, 48.2047104], [17.0507139, 48.2042649], [17.0514695, 48.203737], [17.0518156, 48.2032086], [17.0514908, 48.2028721], [17.050319, 48.2025407], [17.0490276, 48.201761], [17.0472805, 48.2008873], [17.045858, 48.2003501], [17.0443997, 48.1994333], [17.0418702, 48.1987575], [17.039954, 48.1983751], [17.0375346, 48.1982096], [17.0359051, 48.1984125], [17.0327485, 48.1987623], [17.0299546, 48.1991997], [17.0289478, 48.1996337], [17.0277043, 48.2011061], [17.0264621, 48.2023552], [17.0254266, 48.2029758], [17.0237587, 48.2034273], [17.0227445, 48.203295], [17.0223197, 48.2023858], [17.0226775, 48.2012787], [17.0228397, 48.2002211], [17.0229923, 48.1992258], [17.0223074, 48.198173], [17.0212385, 48.1977854], [17.0206634, 48.1972431], [17.021038, 48.1966401], [17.0205869, 48.1952891], [17.0204676, 48.1948408], [17.0197805, 48.1944165], [17.0182536, 48.1945633], [17.0168579, 48.1944676], [17.0163855, 48.1938694], [17.0152428, 48.193351], [17.0143505, 48.1930383], [17.0138924, 48.1935727], [17.01389, 48.1942012], [17.0137015, 48.1948169], [17.0130955, 48.1950896], [17.0123773, 48.1954804], [17.0117642, 48.1951869], [17.0108624, 48.1949364], [17.0096814, 48.1946667], [17.009085, 48.1948772], [17.0083763, 48.1952058], [17.0082164, 48.1956349], [17.00814, 48.1961325], [17.008147, 48.1966988], [17.0080298, 48.1980738], [17.0072638, 48.1987756], [17.0070561, 48.1995157], [17.007464, 48.1999209], [17.0080007, 48.2007122], [17.0079982, 48.2013406], [17.0077165, 48.20195], [17.0072583, 48.2024843], [17.0072558, 48.2031128], [17.007215, 48.2039901], [17.0068594, 48.2044686], [17.0061688, 48.2047841], [17.0050051, 48.2049071], [17.0037858, 48.2048862], [17.0024829, 48.2047967], [17.0008843, 48.2041839], [16.9999371, 48.2036159], [16.9983195, 48.2031276], [16.9974724, 48.2031322], [16.9962435, 48.2031734], [16.9938979, 48.2031379], [16.9928195, 48.2028122], [16.9927291, 48.2021774], [16.9921612, 48.2022012], [16.9916193, 48.2026668], [16.9909392, 48.2028086], [16.9898293, 48.2032981], [16.9887869, 48.2038079], [16.9875518, 48.2041944], [16.9863286, 48.2045031], [16.9852013, 48.2041897], [16.9849362, 48.2036214], [16.9849038, 48.2030691], [16.9853246, 48.2026265], [16.9860824, 48.2022858], [16.9858857, 48.2020365], [16.9854205, 48.2020045], [16.9843017, 48.2023989], [16.9833711, 48.2023348], [16.9825449, 48.2023565], [16.981823, 48.202464], [16.9807042, 48.2028584], [16.9795291, 48.202856], [16.9787832, 48.203119], [16.977572, 48.2033498], [16.9768261, 48.2036128], [16.9761965, 48.2038837], [16.9760886, 48.2045835], [16.9754913, 48.2054068], [16.9743724, 48.2058012], [16.9723949, 48.2056648], [16.9715723, 48.2049008], [16.9709322, 48.2038204], [16.9710944, 48.2028739], [16.9711341, 48.201855], [16.9714185, 48.2007744], [16.9717818, 48.1996525], [16.9729335, 48.1979494], [16.9740075, 48.196109], [16.975176, 48.1949352], [16.9758932, 48.1941265], [16.9767314, 48.1925338], [16.9769934, 48.1908354], [16.9769592, 48.1897767], [16.9770731, 48.1883982], [16.9770632, 48.1883735], [16.977106, 48.188281], [16.9770265, 48.1878107], [16.9769304, 48.1867436], [16.9770346, 48.186068], [16.9772567, 48.1854732], [16.9775594, 48.184637], [16.9777593, 48.184186], [16.9777978, 48.1840632], [16.9787108, 48.1828996], [16.9796635, 48.181843], [16.9805113, 48.180185], [16.9806624, 48.1792052], [16.9815273, 48.1780765], [16.9828201, 48.1773734], [16.9837726, 48.1763167], [16.9838057, 48.1754608], [16.9834281, 48.1747086], [16.9830677, 48.1744857], [16.9822461, 48.1746931], [16.9813369, 48.1748285], [16.9801922, 48.1752117], [16.9789225, 48.1751241], [16.9783366, 48.1750837], [16.9770367, 48.1751921], [16.9754825, 48.1750349], [16.9754918, 48.1749228], [16.975601, 48.174527], [16.976016, 48.1729659], [16.9760721, 48.1727521], [16.9761998, 48.1722736], [16.9762313, 48.1721643], [16.9761964, 48.1718951], [16.9761413, 48.1719191], [16.974422, 48.172664], [16.972834, 48.173034], [16.970319, 48.173331], [16.967141, 48.173144], [16.963421, 48.172423], [16.9590062, 48.1704812], [16.958632, 48.170259], [16.954927, 48.167405], [16.9541306, 48.166665], [16.9480146, 48.1584945], [16.946321, 48.156422], [16.943315, 48.152542], [16.9502734, 48.1510274], [16.9472694, 48.1448998], [16.9396304, 48.1422653], [16.9305324, 48.1391724], [16.9282149, 48.1350483], [16.9173144, 48.1394015], [16.9128512, 48.1390579], [16.9113063, 48.1309812], [16.9207477, 48.12657], [16.9291591, 48.1263981], [16.9303607, 48.120153], [16.9482992, 48.1243929], [16.9651221, 48.120726], [16.9666455, 48.1111565], [16.9634054, 48.101929], [16.9428588, 48.1040485], [16.9422911, 48.1041071], [16.9389009, 48.1003527], [16.9405745, 48.0961969], [16.9732761, 48.0944197], [16.9834899, 48.0910947], [16.9852065, 48.0952223], [16.9770526, 48.0988337], [16.9799708, 48.1054826], [17.0024585, 48.1061704], [17.022457, 48.1086921], [17.0399665, 48.1045082], [17.0450305, 48.1061704], [17.0287227, 48.1248512], [17.0212554, 48.1297782], [17.0074367, 48.1338454], [16.9983386, 48.129549], [16.9768809, 48.1332726], [16.9603156, 48.139287], [16.9495868, 48.1384278], [16.952505, 48.1453579], [16.9677829, 48.1513137], [16.9673537, 48.1599597], [16.9691991, 48.1651695], [16.9760227, 48.1680032], [16.983726, 48.1683287], [16.9841498, 48.1680747], [16.9852334, 48.1673913], [16.9868696, 48.1661963], [16.989364, 48.1643966], [16.9908678, 48.1633933], [16.9919443, 48.1627221], [16.9965736, 48.1609192], [17.0097369, 48.1534641], [17.0211781, 48.1455722], [17.0259018, 48.1419151], [17.0273988, 48.1414607], [17.0331727, 48.1402642], [17.0353482, 48.1401533], [17.0359535, 48.140136], [17.0362884, 48.1401872], [17.0370123, 48.1402232], [17.0375898, 48.1402334], [17.0380402, 48.1402359], [17.0387238, 48.1402534], [17.0392334, 48.1402882], [17.0401891, 48.1403424], [17.041019, 48.1403969], [17.0415639, 48.1404771], [17.0422483, 48.1404946], [17.0428292, 48.1406213], [17.0431736, 48.1406155], [17.0438419, 48.1407336], [17.0444718, 48.1408207], [17.045209, 48.1409129], [17.0456071, 48.1409537], [17.0458983, 48.1410313], [17.0460535, 48.140999], [17.0465074, 48.141117], [17.0470784, 48.1411696], [17.0482541, 48.141337], [17.0487617, 48.1413853], [17.0493947, 48.1414579], [17.0496188, 48.1414439], [17.0496495, 48.1414753], [17.0498278, 48.1414299], [17.0507851, 48.141623], [17.0519355, 48.141818], [17.0524082, 48.1419509], [17.05279, 48.141977], [17.0535263, 48.1422137], [17.0540229, 48.1423335], [17.0546826, 48.1425085], [17.0557941, 48.1428477], [17.056607, 48.1431134], [17.0571889, 48.1431775], [17.0571495, 48.1433627], [17.0571997, 48.1437267], [17.0569574, 48.144016], [17.0569853, 48.1446218], [17.0571785, 48.1457221], [17.0575747, 48.1466751], [17.0576818, 48.1470907], [17.0582465, 48.1472597], [17.0598642, 48.1482943], [17.0606234, 48.1491382], [17.0609442, 48.1496222], [17.0617351, 48.1496102], [17.0631317, 48.1495074], [17.0643629, 48.1491954], [17.0657993, 48.1488313], [17.067431, 48.1484805], [17.0698734, 48.1479869], [17.0737322, 48.1472598], [17.0752941, 48.1473662], [17.0761628, 48.1474914], [17.077384, 48.1472445], [17.0800728, 48.1457774], [17.0813833, 48.1449425], [17.0834663, 48.1435661], [17.0855957, 48.1431829], [17.0883503, 48.1425782], [17.0925352, 48.1421043], [17.0971914, 48.141198], [17.1005135, 48.1408361], [17.1018774, 48.1409969], [17.1027901, 48.1411771], [17.1034773, 48.1415001], [17.1038063, 48.1421102], [17.103638, 48.1432209], [17.1032844, 48.144253], [17.101789, 48.1450095], [17.1004704, 48.14525], [17.0992989, 48.1451705], [17.0987498, 48.1453432], [17.0982633, 48.1454962], [17.0978911, 48.1459989], [17.0977227, 48.1471096], [17.0986862, 48.1485612], [17.0998266, 48.1494967], [17.1014467, 48.1498707], [17.1035338, 48.1510684], [17.1046828, 48.1525985], [17.1045032, 48.1544345], [17.1037887, 48.1552441], [17.1035213, 48.1570081], [17.1037125, 48.1590012], [17.1045121, 48.1595835], [17.1065628, 48.1597226], [17.1087507, 48.159607], [17.1118841, 48.1604135], [17.1146073, 48.1613241], [17.1162452, 48.1628871], [17.1167694, 48.1646387], [17.1168531, 48.1656071], [17.1166329, 48.1670086], [17.1163621, 48.1675559], [17.1165658, 48.1680726], [17.1184155, 48.1688893], [17.120237, 48.1698926], [17.1207646, 48.171374], [17.1203161, 48.172475], [17.1192636, 48.1732209], [17.1180249, 48.1739542], [17.1168981, 48.1745693], [17.1155581, 48.17473], [17.1139673, 48.1746851], [17.1131959, 48.1749339], [17.1126167, 48.1755365], [17.1126061, 48.1762272], [17.1130794, 48.1768249], [17.1133114, 48.1771549], [17.1151719, 48.177281], [17.1164731, 48.1779977], [17.1182395, 48.1787458], [17.1198199, 48.1794814], [17.1215126, 48.1805903], [17.1223003, 48.1817235], [17.1220932, 48.1830923], [17.1207519, 48.1838815], [17.1194388, 48.1844841], [17.1181811, 48.1853418], [17.1167384, 48.1855584], [17.1159929, 48.1861365], [17.1165025, 48.1869942], [17.1163724, 48.1880389], [17.1148178, 48.1882952], [17.1136254, 48.1887788], [17.1129341, 48.1895751], [17.1128869, 48.1898862], [17.1137892, 48.1901358], [17.1170554, 48.1902941], [17.1201166, 48.1905642], [17.1207209, 48.1909193], [17.1217717, 48.1914304], [17.1236421, 48.1914941], [17.1252241, 48.1916011], [17.1265917, 48.1918821], [17.1282186, 48.1929349], [17.1286076, 48.1940926], [17.1284101, 48.1953992], [17.1281289, 48.1966373], [17.1274283, 48.1981614], [17.1265792, 48.199424], [17.125591, 48.2003629], [17.1244083, 48.2007229], [17.1233845, 48.2006537], [17.1236438, 48.2014255], [17.1222456, 48.202588], [17.1215281, 48.2029795], [17.1214057, 48.2037884], [17.1246351, 48.2041953], [17.1260961, 48.2044827], [17.1265981, 48.2048937], [17.1276953, 48.2057221], [17.1283186, 48.2059528], [17.129036, 48.2055613], [17.1295024, 48.2049643], [17.1312061, 48.2048908], [17.1329746, 48.2050103], [17.1350966, 48.2052793], [17.1373015, 48.2062452], [17.1394782, 48.2073978], [17.1420906, 48.2100254], [17.1427961, 48.2115814], [17.1436323, 48.2128949], [17.1441337, 48.2139344], [17.1440398, 48.2145566], [17.1439459, 48.2151788], [17.1445882, 48.215285], [17.1463571, 48.2154042], [17.1472967, 48.2160333], [17.1483107, 48.216793], [17.1497808, 48.2176463], [17.1503286, 48.2190031], [17.1513152, 48.219321], [17.1535679, 48.2199755], [17.1565568, 48.2201139], [17.158419, 48.2202392], [17.1596757, 48.220638], [17.1616117, 48.2215225], [17.1625335, 48.2216473], [17.1641346, 48.2222578], [17.1655308, 48.2229802], [17.1664983, 48.2240509], [17.1671116, 48.2256006], [17.1670825, 48.2270442], [17.1669794, 48.2277287], [17.1681526, 48.2280589], [17.1694189, 48.2283954], [17.1708809, 48.2286822], [17.1726784, 48.2286143], [17.1743547, 48.2287269], [17.1764971, 48.2282422], [17.1788814, 48.2280251], [17.1803719, 48.2274966], [17.1825699, 48.2272669], [17.1850563, 48.2276221], [17.1866765, 48.2281079], [17.1887531, 48.228687], [17.1900194, 48.2296517], [17.1899166, 48.2303362], [17.1905777, 48.2309462], [17.1914248, 48.2321971], [17.1922906, 48.2333235], [17.1938084, 48.2344936], [17.1940316, 48.2355142], [17.1937333, 48.2362484], [17.1930717, 48.2368955], [17.1920282, 48.2375798], [17.1916554, 48.2381834], [17.1918786, 48.2392039], [17.1926142, 48.2399445], [17.1934526, 48.2400007], [17.1945239, 48.2397581], [17.1949061, 48.2390924], [17.1964618, 48.2387565], [17.1982597, 48.2386883], [17.1998432, 48.2387942], [17.2006441, 48.2397277], [17.2008486, 48.2421297], [17.2008017, 48.2436978], [17.2005965, 48.2450668], [17.2004006, 48.2463736], [17.2007825, 48.2469648], [17.2028321, 48.2471018], [17.2069314, 48.2480043], [17.2083196, 48.2487884], [17.209037, 48.2502819], [17.2087947, 48.2518998], [17.208543, 48.2535799], [17.2079466, 48.2550485], [17.2076856, 48.2561623], [17.208077, 48.2573198], [17.2084683, 48.2578487], [17.2097357, 48.2581847], [17.2111987, 48.2578425], [17.2116833, 48.2571207], [17.2133513, 48.2566664], [17.2161841, 48.256604], [17.217703, 48.2565168], [17.2192591, 48.2561807], [17.2210947, 48.2558632], [17.2226882, 48.2559066], [17.2248314, 48.2560494], [17.2278508, 48.2566277], [17.23019, 48.2573492], [17.2306469, 48.258071], [17.2305447, 48.2587555], [17.2316818, 48.259334], [17.2338726, 48.261051], [17.2347026, 48.2624261], [17.2348992, 48.2642617], [17.2349466, 48.2658361], [17.2346769, 48.2670122], [17.2341368, 48.2681076], [17.2331582, 48.2683567], [17.23245, 48.2686866], [17.2330095, 48.2693523], [17.2339512, 48.2699806], [17.2356105, 48.2702167], [17.2374001, 48.2702101], [17.2399261, 48.2703153], [17.2420979, 48.2702711], [17.2440651, 48.2709675], [17.2438234, 48.271957], [17.2424074, 48.2732455], [17.2406927, 48.2740114], [17.2385397, 48.2745595], [17.2366756, 48.275064], [17.2360512, 48.2754624], [17.2359304, 48.2762714], [17.2352596, 48.2769809], [17.2337964, 48.277952], [17.2324076, 48.2784252], [17.2308695, 48.2786371], [17.2286601, 48.2789299], [17.2278304, 48.2788118], [17.2269074, 48.2786875], [17.2263573, 48.278588], [17.226255, 48.2792725], [17.2266281, 48.2799258], [17.2266564, 48.2809961], [17.2259949, 48.2822719], [17.2244475, 48.2831744], [17.2230677, 48.2835853], [17.2201962, 48.2838967], [17.2189876, 48.2838161], [17.2184247, 48.2837786], [17.2163735, 48.2836418], [17.2156276, 48.283592], [17.2153759, 48.2840152], [17.2159541, 48.285185], [17.2161781, 48.2868341], [17.2160943, 48.2880226], [17.2158892, 48.2887631], [17.215134, 48.2894041], [17.2136328, 48.2899953], [17.2129335, 48.2902629], [17.2133717, 48.2904807], [17.2139592, 48.2909598], [17.2142017, 48.2918559], [17.2150597, 48.2924159], [17.215843, 48.2928452], [17.2174656, 48.2933305], [17.2193214, 48.2935171], [17.2216154, 48.2932929], [17.2237881, 48.2932491], [17.2263153, 48.2933546], [17.2277608, 48.293765], [17.2287401, 48.2941445], [17.2294955, 48.2941319], [17.2290569, 48.2932857], [17.2292525, 48.2926074], [17.2303434, 48.2922401], [17.2317047, 48.2919536], [17.2336069, 48.2918287], [17.2357239, 48.2921581], [17.2373188, 48.2928298], [17.2394544, 48.2930346], [17.2413566, 48.2929097], [17.2417022, 48.2937497], [17.2415721, 48.2946209], [17.2407239, 48.2952558], [17.2400715, 48.2958409], [17.2399693, 48.2965255], [17.2406321, 48.2977636], [17.2414626, 48.2985101], [17.2421716, 48.2988086], [17.2438318, 48.2990446], [17.2449421, 48.2998097], [17.2453718, 48.3007181], [17.2453258, 48.3016577], [17.2448877, 48.3020686], [17.244156, 48.3028171], [17.2442137, 48.3030792], [17.2448558, 48.3033156], [17.2455461, 48.3038779], [17.2457572, 48.3044084], [17.2472523, 48.3047659], [17.2488622, 48.3050019], [17.2491883, 48.305411], [17.24939, 48.3060054], [17.2499078, 48.3064271], [17.2509714, 48.3064332], [17.2525608, 48.30486], [17.253978, 48.3037919], [17.2562867, 48.3032348], [17.2580781, 48.3029017], [17.2594197, 48.3029906], [17.2598518, 48.3039877], [17.2594894, 48.3057714], [17.2588389, 48.3068904], [17.2577377, 48.3077858], [17.2570389, 48.3085788], [17.2568103, 48.3101131], [17.254776, 48.3118755], [17.2545325, 48.3132724], [17.2542095, 48.313928], [17.2533721, 48.3144918], [17.2537009, 48.3160403], [17.2537306, 48.3171398], [17.2537976, 48.317444], [17.2539038, 48.317926], [17.2542978, 48.3191788], [17.2559957, 48.3207763], [17.2562553, 48.3216328], [17.2562183, 48.3231799], [17.2569197, 48.3249695], [17.2575336, 48.3253976], [17.2589239, 48.3258125], [17.259567, 48.3266944], [17.2594825, 48.3285611], [17.2587454, 48.3296098], [17.2586888, 48.330639], [17.2589777, 48.3319494], [17.2598025, 48.3322623], [17.2610394, 48.3324088], [17.2623524, 48.3320438], [17.2637512, 48.3311035], [17.2645175, 48.3305086], [17.2640565, 48.3297033], [17.2641802, 48.3288722], [17.2646875, 48.3280665], [17.2659045, 48.3276952], [17.2675526, 48.3270295], [17.2682515, 48.3262365], [17.2686145, 48.3250984], [17.2702427, 48.323915], [17.2710176, 48.3226105], [17.2730956, 48.3210048], [17.2741199, 48.319975], [17.2752496, 48.3188876], [17.2761296, 48.3175255], [17.2772496, 48.316502], [17.2794041, 48.3150304], [17.2825074, 48.3136861], [17.2854966, 48.3131088], [17.2879886, 48.3132734], [17.2894747, 48.3136943], [17.2907217, 48.3144221], [17.2908955, 48.3152083], [17.2909829, 48.3159242], [17.2926808, 48.3168755], [17.2931137, 48.3178725], [17.2932612, 48.3201417], [17.2940312, 48.3221293], [17.2954903, 48.3233876], [17.2972644, 48.3238273], [17.2987899, 48.324638], [17.3004113, 48.325455], [17.3017641, 48.3261252], [17.3018233, 48.3270329], [17.3017002, 48.327864], [17.3013095, 48.329194], [17.3000843, 48.3302753], [17.2991657, 48.3312477], [17.2985346, 48.3322391], [17.2970596, 48.3330457], [17.2960639, 48.3338839], [17.2951546, 48.3347923], [17.2951557, 48.335438], [17.2949755, 48.3366527], [17.2938754, 48.3381941], [17.2930335, 48.3393007], [17.292593, 48.339659], [17.2925171, 48.3401704], [17.2934476, 48.3404255], [17.2947807, 48.3405779], [17.2955395, 48.3413381], [17.2968157, 48.3418741], [17.299109, 48.3427354], [17.2999448, 48.3436297], [17.300358, 48.3441088], [17.3008008, 48.3450418], [17.3021435, 48.3451302], [17.3026893, 48.3447143], [17.3038592, 48.3446622], [17.3052019, 48.3447506], [17.3049035, 48.3441499], [17.3048632, 48.3431143], [17.3054942, 48.3421229], [17.3064142, 48.3417961], [17.3073542, 48.3419871], [17.3083618, 48.3423762], [17.3098572, 48.3420873], [17.3111134, 48.3421053], [17.3119765, 48.3421621], [17.3124857, 48.3426475], [17.312287, 48.3439901], [17.3120789, 48.3453967], [17.3112939, 48.3461198], [17.3117653, 48.3468609], [17.3118436, 48.3476407], [17.3107438, 48.3491823], [17.3098155, 48.3502188], [17.3094344, 48.3514848], [17.3092059, 48.3523736], [17.3080964, 48.3539791], [17.3079733, 48.3548103], [17.3065653, 48.3558151], [17.3055018, 48.3564553], [17.3052626, 48.3567623], [17.3057138, 48.3569857], [17.306846, 48.3571893], [17.3075188, 48.3578791], [17.3073092, 48.35864], [17.3073105, 48.3592857], [17.3078008, 48.359899], [17.3085589, 48.3600134], [17.309671, 48.3596992], [17.3104467, 48.3590401], [17.3119425, 48.3587511], [17.3127194, 48.3587376], [17.3134193, 48.3585899], [17.3137058, 48.3579632], [17.3140113, 48.3572086], [17.3146531, 48.3567989], [17.3158137, 48.3568106], [17.3182796, 48.3571663], [17.319047, 48.3572167], [17.3202753, 48.3574265], [17.3208333, 48.3582378], [17.3208565, 48.3600469], [17.3214822, 48.3610564], [17.3229322, 48.3617326], [17.3248336, 48.3626321], [17.3262757, 48.3640178], [17.3273922, 48.3656404], [17.3273857, 48.3669957], [17.3283279, 48.3678321], [17.329808, 48.3689621], [17.3307502, 48.3697986], [17.3311639, 48.3702776], [17.3326898, 48.3704422], [17.3352036, 48.3704778], [17.3383404, 48.3702314], [17.3399811, 48.3702743], [17.3410367, 48.3703435], [17.3418343, 48.3708476], [17.3419054, 48.372337], [17.3417073, 48.3736797], [17.3428313, 48.3778847], [17.3433651, 48.3801791], [17.344264, 48.3826264], [17.3442674, 48.3839178], [17.3435877, 48.3845834], [17.3442031, 48.385011], [17.3457106, 48.3853033], [17.3475061, 48.3856144], [17.3516862, 48.3875015], [17.3532182, 48.3896028], [17.3527813, 48.3912527], [17.3524498, 48.3928449], [17.352252, 48.3941876], [17.3523421, 48.3955491], [17.3524889, 48.396527], [17.3522327, 48.3976077], [17.3511595, 48.3983122], [17.351583, 48.3987272], [17.3526091, 48.3983424], [17.3538573, 48.3984239], [17.3546668, 48.3995097], [17.3553709, 48.4006531], [17.3552973, 48.4018102], [17.3550394, 48.4022453], [17.3556644, 48.4026088], [17.3572969, 48.4027154], [17.3582624, 48.4034982], [17.3585094, 48.4036984], [17.3598764, 48.4049495], [17.361684, 48.4058421], [17.3638665, 48.4068237], [17.3645332, 48.4082228], [17.365793, 48.408886], [17.3674861, 48.4099001], [17.3690946, 48.4114897], [17.3704996, 48.412485], [17.3720217, 48.4140043], [17.373265, 48.4154409], [17.3731146, 48.4164639], [17.3723409, 48.4177691], [17.3714503, 48.4185503], [17.3706933, 48.4190819], [17.3704374, 48.4201627], [17.3707484, 48.4213449], [17.3707759, 48.4219194], [17.3713853, 48.4222901], [17.3722895, 48.4227363], [17.3726456, 48.4229532], [17.3732408, 48.4228628], [17.3739884, 48.4223951], [17.3752936, 48.4220928], [17.3767325, 48.4215409], [17.378471, 48.4215895], [17.3799235, 48.422265], [17.3815306, 48.4232087], [17.3832995, 48.4237111], [17.3844639, 48.4243678], [17.3862517, 48.4247422], [17.3879738, 48.4255642], [17.3890704, 48.4260228], [17.3900522, 48.426603], [17.3907176, 48.4273563], [17.3921142, 48.4284153], [17.3939115, 48.4287257], [17.3956526, 48.4294197], [17.3962315, 48.4301027], [17.3983875, 48.4312755], [17.3999859, 48.4322829], [17.4021702, 48.4332637], [17.4034898, 48.4341885], [17.405011, 48.4350617], [17.4056275, 48.435489], [17.4061504, 48.4365557], [17.4080866, 48.4379076], [17.40913, 48.4393953], [17.409653, 48.440462], [17.4112613, 48.4414053], [17.4128883, 48.4422207], [17.4152655, 48.4432137], [17.4171529, 48.4442395], [17.4170901, 48.4453328], [17.4170153, 48.4458444], [17.4155856, 48.4463328], [17.4165587, 48.4469767], [17.4180498, 48.4473959], [17.4201977, 48.4486322], [17.4211149, 48.4496597], [17.4212351, 48.4508294], [17.422378, 48.4529688], [17.423059, 48.4549493], [17.4250739, 48.4564351], [17.4260127, 48.4579803], [17.4265642, 48.4588551], [17.427941, 48.4593959], [17.4288931, 48.4595219], [17.4302605, 48.4601266], [17.4315318, 48.4607251], [17.4319594, 48.4617854], [17.4324738, 48.462916], [17.4341448, 48.4647666], [17.4347927, 48.4656475], [17.4360578, 48.4669556], [17.4368608, 48.4681047], [17.4373445, 48.4687813], [17.4372512, 48.4694208], [17.436779, 48.4700932], [17.436497, 48.4705985], [17.4359564, 48.4711391], [17.4350117, 48.4720035], [17.4340511, 48.4729758], [17.4333339, 48.4739638], [17.4327812, 48.4755067], [17.4322915, 48.4766182], [17.4312993, 48.4778062], [17.4301685, 48.4788219], [17.4300583, 48.4795769], [17.4303693, 48.4802502], [17.4302433, 48.481113], [17.4293613, 48.481546], [17.4283564, 48.4816988], [17.4264254, 48.4814653], [17.4243615, 48.480461], [17.4225094, 48.4796881], [17.420707, 48.4791361], [17.4192527, 48.4784433], [17.4179786, 48.4781977], [17.4165187, 48.4781032], [17.4147106, 48.4781496], [17.4133893, 48.4782274], [17.4120578, 48.4778147], [17.4110924, 48.4776977], [17.4098026, 48.4775598], [17.4075496, 48.4778494], [17.4067069, 48.4780126], [17.4061176, 48.4786821], [17.4062424, 48.4795068], [17.406482, 48.4806654], [17.4067296, 48.4817702], [17.4084788, 48.4832444], [17.4094981, 48.4846713], [17.4094097, 48.4869519], [17.409228, 48.4881921], [17.4089394, 48.4890444], [17.4080513, 48.4900757], [17.4074281, 48.4904164], [17.4073491, 48.4909556], [17.4072068, 48.4919263], [17.4074624, 48.4929771], [17.4081277, 48.4935573], [17.4093621, 48.4934267], [17.4114794, 48.4935093], [17.4130051, 48.4937169], [17.4144519, 48.4944637], [17.4150659, 48.4958643], [17.4158794, 48.4964612], [17.4168136, 48.4967938], [17.4185197, 48.4974484], [17.4200162, 48.4984161], [17.4215444, 48.4991681], [17.4225046, 48.4998833], [17.4223863, 48.5006922], [17.4209359, 48.5010885], [17.4203802, 48.5020868], [17.4207747, 48.5033099], [17.4228395, 48.5043142], [17.4247815, 48.5050384], [17.4255717, 48.5057971], [17.4263832, 48.5058495], [17.427268, 48.5059611], [17.4285137, 48.5069668], [17.4303534, 48.508392], [17.430827, 48.5090758], [17.4317212, 48.5102517], [17.4325383, 48.5113085], [17.4337799, 48.5116754], [17.4349147, 48.5120354], [17.4362147, 48.5134819], [17.4366249, 48.514369], [17.4361692, 48.515272], [17.4355962, 48.5162391], [17.4356991, 48.5177518]]], [[[16.5426622, 48.687335], [16.5289293, 48.6773614], [16.4327989, 48.6637578], [16.4327996, 48.6093064], [16.4966576, 48.5697927], [16.5708154, 48.5561601], [16.6909783, 48.603404], [16.7294305, 48.6814413], [16.7198174, 48.7140722], [16.6950982, 48.7589052], [16.7143243, 48.7896764], [16.75415, 48.8206546], [16.7565533, 48.8315039], [16.6669461, 48.8870693], [16.6360467, 48.8904556], [16.5962212, 48.8737484], [16.5996545, 48.8362499], [16.6188805, 48.8005324], [16.6078942, 48.7733882], [16.5248101, 48.7620737], [16.5206895, 48.7417018], [16.5426622, 48.687335]]], [[[17.4462863, 49.2767666], [17.317197, 49.3340736], [17.1606418, 49.3269139], [16.7925998, 49.1727277], [16.72119, 49.1134344], [16.6003404, 49.0504711], [16.6140733, 48.9414462], [16.9532762, 48.8312785], [17.0109544, 48.8421255], [17.0658861, 48.9351316], [17.1153246, 48.9648931], [17.2045885, 48.983823], [17.2814928, 48.9757111], [17.4600206, 49.1161311], [17.5053392, 49.1448862], [17.5176988, 49.1879876], [17.4462863, 49.2767666]]]]}, "properties": {"id": "f2ba7f9b-9ff3-35ea-89a0-ce0653cffb42", "names": {"primary": "Karpaten / Karpati / K\u00e1rp\u00e1tok / Karpaty / Mun\u021bii Carpa\u021bi / \u041a\u0430\u0440\u043f\u0430\u0442\u0438", "common": [["af", "Karpate"], ["ar", "\u0643\u0627\u0631\u0628\u0627\u062a"], ["az", "Karpat"], ["ba", "\u041a\u0430\u0440\u043f\u0430\u0442 \u0442\u0430\u0443\u0499\u0430\u0440\u044b"], ["be", "\u041a\u0430\u0440\u043f\u0430\u0442\u044b"], ["bg", "\u041a\u0430\u0440\u043f\u0430\u0442\u0438"], ["bn", "\u0995\u09be\u09b0\u09cd\u09aa\u09c7\u09a5\u09c0\u09af\u09bc \u09aa\u09b0\u09cd\u09ac\u09a4\u09ae\u09be\u09b2\u09be"], ["br", "Karpato\u00f9"], ["bs", "Karpati"], ["ca", "Carpats"], ["cs", "Karpaty"], ["cy", "Carpatiau"], ["da", "Karpaterne"], ["de", "Karpaten"], ["el", "\u039a\u03b1\u03c1\u03c0\u03ac\u03b8\u03b9\u03b1 \u038c\u03c1\u03b7"], ["en", "Carpathian Mountains"], ["eo", "Karpatoj"], ["es", "Montes C\u00e1rpatos"], ["et", "Karpaadid"], ["eu", "Karpatoak"], ["fa", "\u06a9\u0648\u0647\u200c\u0647\u0627\u06cc \u06a9\u0627\u0631\u067e\u0627\u062a"], ["fi", "Karpaatit"], ["fo", "Karpatafj\u00f8ll"], ["fr", "Carpates"], ["fy", "Karpaten"], ["ga", "Sl\u00e9ibhte Cairp"], ["gl", "Montes C\u00e1rpatos"], ["he", "\u05d4\u05e8\u05d9 \u05d4\u05e7\u05e8\u05e4\u05d8\u05d9\u05dd"], ["hi", "\u0915\u093e\u0930\u092a\u0948\u0925\u0940 \u092a\u0930\u094d\u0935\u0924"], ["hr", "Karpati"], ["hu", "K\u00e1rp\u00e1tok"], ["hy", "\u053f\u0561\u0580\u057a\u0561\u057f\u0576\u0565\u0580"], ["ia", "Carpates"], ["id", "Pegunungan Carpathia"], ["is", "Karpatafj\u00f6ll"], ["it", "Carpazi"], ["ja", "\u30ab\u30eb\u30d1\u30c6\u30a3\u30a2\u5c71\u8108"], ["jv", "Pagunungan Carpathian"], ["ka", "\u10d9\u10d0\u10e0\u10de\u10d0\u10e2\u10d4\u10d1\u10d8"], ["kk", "\u041a\u0430\u0440\u043f\u0430\u0442 \u0442\u0430\u0443\u043b\u0430\u0440\u044b"], ["ko", "\uce74\ub974\ud30c\ud2f0\uc544 \uc0b0\ub9e5"], ["ky", "\u041a\u0430\u0440\u043f\u0430\u0442 \u0442\u043e\u043e\u043b\u043e\u0440\u0443"], ["la", "Carpates"], ["lb", "Karpaten"], ["li", "Karpate"], ["lt", "Karpatai"], ["lv", "Karpati"], ["mk", "\u041a\u0430\u0440\u043f\u0430\u0442\u0438"], ["ml", "\u0d15\u0d3e\u0d7c\u0d2a\u0d3e\u0d24\u0d4d\u0d24\u0d4d\u0d2f\u0d7b \u0d2e\u0d32\u0d28\u0d3f\u0d30"], ["ms", "Pergunungan Karpatos"], ["nl", "Karpaten"], ["nn", "Karpatane"], ["no", "Karpatene"], ["oc", "Carpats"], ["pa", "\u0a15\u0a3e\u0a30\u0a2a\u0a3e\u0a24\u0a40 \u0a2a\u0a39\u0a3e\u0a5c"], ["pl", "Karpaty"], ["pt", "C\u00e1rpatos"], ["ro", "Mun\u021bii Carpa\u021bi"], ["ru", "\u041a\u0430\u0440\u043f\u0430\u0442\u044b"], ["sk", "Karpaty"], ["sl", "Karpati"], ["sq", "Karpatet"], ["sr", "\u041a\u0430\u0440\u043f\u0430\u0442\u0438"], ["sv", "Karpaterna"], ["tg", "\u041a\u04ef\u04b3\u04b3\u043e\u0438 \u041a\u0430\u0440\u043f\u0430\u0442"], ["th", "\u0e40\u0e17\u0e37\u0e2d\u0e01\u0e40\u0e02\u0e32\u0e04\u0e32\u0e23\u0e4c\u0e40\u0e1e\u0e40\u0e17\u0e35\u0e22\u0e19"], ["tl", "Kabundukang Carpatos"], ["tr", "Karpatlar"], ["tt", "\u041a\u0430\u0440\u043f\u0430\u0442 \u0442\u0430\u0443\u043b\u0430\u0440\u044b"], ["uk", "\u041a\u0430\u0440\u043f\u0430\u0442\u0438"], ["uz", "Karpat tog\u02bblari"], ["vi", "D\u00e3y n\u00fai Karpat"], ["yi", "\u05e7\u05d0\u05e8\u05e4\u05d0\u05d8\u05df \u05d1\u05e2\u05e8\u05d2"], ["zh", "\u5580\u5c14\u5df4\u9621\u5c71\u8109"]], "rules": null}, "subtype": "physical", "class": "mountain_range", "surface": null}}, {"type": "Feature", "geometry": {"type": "Polygon", "coordinates": [[[16.7614448, 48.8177225], [16.7615642, 48.8177634], [16.7617479, 48.8178484], [16.7617782, 48.8178634], [16.7618147, 48.817875], [16.7619082, 48.8178978], [16.7620461, 48.8178911], [16.7620978, 48.8178868], [16.7622475, 48.8178746], [16.7625334, 48.8178168], [16.7627548, 48.8177256], [16.7628261, 48.8176827], [16.7628407, 48.8176511], [16.7628414, 48.817587], [16.762815, 48.8175472], [16.7627551, 48.8175194], [16.7626961, 48.8175027], [16.7624858, 48.8174138], [16.7623904, 48.8173682], [16.7623347, 48.8173317], [16.762268, 48.8172692], [16.7622047, 48.8171596], [16.7621351, 48.8171091], [16.7618712, 48.8169177], [16.7619288, 48.8168043], [16.7624277, 48.8171717], [16.7627925, 48.8172247], [16.7630446, 48.8171717], [16.7632914, 48.8170269], [16.7634416, 48.8169103], [16.7636132, 48.8167266], [16.7637473, 48.8166807], [16.7639351, 48.8166101], [16.7645413, 48.8165218], [16.764847, 48.8165924], [16.7650241, 48.8166948], [16.7648846, 48.8170057], [16.7646754, 48.8172847], [16.7643428, 48.8175179], [16.7646003, 48.8176592], [16.7649597, 48.8173978], [16.7652976, 48.8172741], [16.765539, 48.8172247], [16.7656732, 48.8172671], [16.7658234, 48.8173413], [16.7661108, 48.8172335], [16.7664357, 48.8172056], [16.7666177, 48.8171812], [16.7668167, 48.8171355], [16.7670035, 48.8170898], [16.7671374, 48.8170485], [16.7674001, 48.8169475], [16.7675411, 48.8168624], [16.7676188, 48.8167964], [16.7676818, 48.8167113], [16.7677533, 48.8166494], [16.7678665, 48.8165587], [16.768021, 48.8163896], [16.7680467, 48.8163489], [16.7680644, 48.8163067], [16.7680633, 48.8162623], [16.7680537, 48.8162201], [16.7680256, 48.8161901], [16.7679762, 48.8161649], [16.7679298, 48.8161472], [16.7678493, 48.8161452], [16.7676829, 48.8161498], [16.7674555, 48.8161673], [16.7672779, 48.816182], [16.7670503, 48.8162005], [16.7664927, 48.8162365], [16.7665702, 48.8161082], [16.7667754, 48.8160976], [16.7669135, 48.8160658], [16.7670395, 48.8160124], [16.767171, 48.8159005], [16.7675024, 48.815632], [16.7677376, 48.8154419], [16.7681329, 48.8153421], [16.7684336, 48.8152347], [16.7689261, 48.81493], [16.7691975, 48.8149545], [16.7694048, 48.8149337], [16.7696881, 48.8148748], [16.7699214, 48.8148034], [16.7700692, 48.8147532], [16.7704766, 48.8147998], [16.7705838, 48.8147973], [16.771374, 48.81466], [16.7714283, 48.8146457], [16.7718387, 48.8144863], [16.7723656, 48.8143685], [16.7728638, 48.8143109], [16.7731128, 48.8142713], [16.773231, 48.8142174], [16.7733259, 48.8141355], [16.7733443, 48.8142893], [16.7739227, 48.8143301], [16.7742764, 48.8144114], [16.7756514, 48.8146473], [16.7758834, 48.814634], [16.7758916, 48.8149443], [16.7758569, 48.8151638], [16.7758844, 48.815524], [16.7762518, 48.8155292], [16.7767507, 48.8153808], [16.776976, 48.8152748], [16.7772764, 48.8152501], [16.7773156, 48.8153487], [16.7771186, 48.81541], [16.7770144, 48.8154493], [16.7768921, 48.8155098], [16.7765411, 48.8157434], [16.7764768, 48.8158], [16.7765853, 48.8159948], [16.776586, 48.8161268], [16.7765808, 48.8161884], [16.7765736, 48.8162725], [16.7766066, 48.8163571], [16.7767025, 48.8163909], [16.7770034, 48.8164445], [16.777329, 48.8165324], [16.7776659, 48.8166427], [16.777828, 48.8165982], [16.777855, 48.8165908], [16.7781752, 48.8164043], [16.7782769, 48.816359], [16.7784193, 48.8163165], [16.7785857, 48.816244], [16.7787923, 48.8161336], [16.779017, 48.8159434], [16.7791129, 48.8158251], [16.779225, 48.8157153], [16.7792446, 48.8156572], [16.7792536, 48.8156305], [16.7792409, 48.8155645], [16.7791452, 48.8154783], [16.7790831, 48.8154123], [16.7789552, 48.8152764], [16.7788579, 48.8151381], [16.7788797, 48.8151039], [16.7788972, 48.8150764], [16.7789971, 48.8150247], [16.7790368, 48.8150122], [16.7791883, 48.8149646], [16.7794489, 48.8149166], [16.7797866, 48.8149142], [16.7800537, 48.8143298], [16.7801064, 48.8141099], [16.7801226, 48.8140422], [16.7800454, 48.8138677], [16.7799429, 48.8137471], [16.7797203, 48.8135991], [16.7796517, 48.8135535], [16.7795587, 48.8136702], [16.7793177, 48.8139276], [16.7791723, 48.8140728], [16.7790453, 48.8141787], [16.778919, 48.8142715], [16.7787876, 48.8143498], [16.7786078, 48.814445], [16.7781108, 48.8148809], [16.7781184, 48.8145054], [16.7782239, 48.8142805], [16.7782939, 48.8142346], [16.7784741, 48.814178], [16.7786748, 48.8140898], [16.7788452, 48.8139833], [16.7789493, 48.8138711], [16.7790206, 48.8137527], [16.7790093, 48.8137481], [16.7790443, 48.8137305], [16.7789607, 48.8132377], [16.7787278, 48.8127081], [16.7785946, 48.8124146], [16.7786449, 48.8118498], [16.7786392, 48.8116703], [16.7786234, 48.8111766], [16.779087, 48.8108116], [16.7797571, 48.8105338], [16.7798843, 48.8102628], [16.7798107, 48.8100841], [16.7791234, 48.8098234], [16.7795976, 48.8096449], [16.7796099, 48.8096403], [16.7799586, 48.8094672], [16.7799211, 48.8092633], [16.779973, 48.809186], [16.7800793, 48.809081], [16.7801533, 48.8090736], [16.7801942, 48.8090568], [16.7802519, 48.8090269], [16.7803192, 48.8090057], [16.7803921, 48.8089978], [16.780458, 48.8089992], [16.7805406, 48.8090112], [16.7806402, 48.8090053], [16.7807228, 48.8089851], [16.7808036, 48.8089336], [16.7808506, 48.8088485], [16.7808397, 48.8087812], [16.7807698, 48.8086943], [16.7806824, 48.808636], [16.7806283, 48.8086698], [16.7805652, 48.8087409], [16.7805046, 48.8088272], [16.7803972, 48.8088878], [16.7802686, 48.8089104], [16.7800617, 48.8089246], [16.7799381, 48.8088832], [16.7799137, 48.8089257], [16.7799426, 48.8090015], [16.7800204, 48.8090505], [16.780029, 48.8090872], [16.7795958, 48.8092653], [16.7796362, 48.8090602], [16.7795891, 48.8089053], [16.779437, 48.8087982], [16.7792806, 48.8087716], [16.7795242, 48.8086282], [16.7797168, 48.8086054], [16.7799136, 48.8085331], [16.7800296, 48.8083064], [16.7800078, 48.8079824], [16.7802158, 48.8079362], [16.7806745, 48.8081707], [16.78131, 48.8084955], [16.7813524, 48.8084254], [16.7819627, 48.8074165], [16.7819059, 48.8072093], [16.7819067, 48.8071857], [16.7819118, 48.8070261], [16.7819358, 48.8069531], [16.7820149, 48.8068238], [16.7823456, 48.8065503], [16.7827803, 48.8063759], [16.7824745, 48.8056446], [16.7820722, 48.8044892], [16.7820081, 48.8043864], [16.7823094, 48.8045506], [16.7824409, 48.804609], [16.782822, 48.8047143], [16.7831064, 48.8047637], [16.7833295, 48.8047739], [16.7836439, 48.8047377], [16.7838352, 48.804676], [16.7839095, 48.8046177], [16.783966, 48.8045358], [16.7839329, 48.8044548], [16.7838171, 48.8044002], [16.7836482, 48.8043562], [16.783312, 48.8043255], [16.7828505, 48.8042316], [16.7821895, 48.8039806], [16.7820139, 48.8038771], [16.7819131, 48.8037457], [16.7820826, 48.8035832], [16.7823055, 48.8034932], [16.7826826, 48.8034203], [16.7828103, 48.8034346], [16.7830224, 48.8034288], [16.7833236, 48.8034409], [16.7835694, 48.8034107], [16.7838582, 48.8033486], [16.7839455, 48.8033109], [16.7840714, 48.8032848], [16.7849619, 48.8031435], [16.7852194, 48.8030799], [16.7852945, 48.8029739], [16.7850584, 48.8029739], [16.7846561, 48.8030092], [16.7841948, 48.8030516], [16.7842555, 48.8028215], [16.784277, 48.8026449], [16.7845023, 48.8025318], [16.7848615, 48.8024329], [16.7854101, 48.8026056], [16.7855745, 48.8026035], [16.7858172, 48.8026005], [16.7861491, 48.8025777], [16.7864656, 48.8027226], [16.78675, 48.8029275], [16.7869002, 48.8029664], [16.7870986, 48.8029487], [16.7874742, 48.8029169], [16.787619, 48.8030547], [16.7879409, 48.8034116], [16.7882198, 48.8034363], [16.7884183, 48.8034611], [16.7889188, 48.803563], [16.7893796, 48.8035834], [16.7896921, 48.803607], [16.7898286, 48.8036437], [16.7900185, 48.8037057], [16.7902469, 48.8038103], [16.7905947, 48.8039377], [16.7906428, 48.8039456], [16.7906755, 48.8039379], [16.7906967, 48.8039077], [16.7907074, 48.8038841], [16.7906939, 48.8038569], [16.7906474, 48.8037795], [16.790298, 48.8035589], [16.790087, 48.803432], [16.7897941, 48.8032777], [16.7894493, 48.803071], [16.7894909, 48.8029175], [16.7898444, 48.8025867], [16.7892731, 48.8023072], [16.7893839, 48.8021255], [16.7895824, 48.801758], [16.7895883, 48.8016549], [16.7898496, 48.8013373], [16.7904654, 48.8008896], [16.7912668, 48.8007828], [16.7913955, 48.8009312], [16.7918462, 48.800963], [16.7922968, 48.8008464], [16.792801, 48.8006733], [16.7931336, 48.8005213], [16.7934501, 48.8003623], [16.7938256, 48.800221], [16.7942923, 48.8000832], [16.7945498, 48.8001185], [16.7952204, 48.800115], [16.7971891, 48.8007722], [16.7981493, 48.8010867], [16.7996889, 48.8015142], [16.8000323, 48.8016449], [16.8003219, 48.8019228], [16.8006595, 48.8021001], [16.8009413, 48.8026891], [16.8009178, 48.8032795], [16.8009869, 48.8039575], [16.8011735, 48.8041933], [16.8014343, 48.8042651], [16.8023961, 48.8038194], [16.8024565, 48.8038972], [16.8025321, 48.8039946], [16.8022263, 48.8042949], [16.8016094, 48.8044822], [16.8010247, 48.8045952], [16.8008723, 48.8046085], [16.8006807, 48.8045906], [16.8005146, 48.8046991], [16.8005306, 48.8049122], [16.8003642, 48.8049858], [16.7999933, 48.8049978], [16.7998752, 48.8049485], [16.7997249, 48.8050183], [16.799535, 48.805559], [16.7996644, 48.8055583], [16.7999716, 48.8055448], [16.8002122, 48.805741], [16.8004125, 48.8057496], [16.8008027, 48.8059029], [16.800778, 48.805548], [16.8008563, 48.8054207], [16.8011186, 48.8053513], [16.8014344, 48.8053022], [16.8016583, 48.8051469], [16.8019432, 48.8051203], [16.8023419, 48.8053646], [16.8023648, 48.8056898], [16.8023052, 48.8062491], [16.8021589, 48.8063372], [16.8017091, 48.806276], [16.801549, 48.8062842], [16.8014841, 48.80641], [16.8013636, 48.8064818], [16.8012536, 48.806517], [16.8010367, 48.8061565], [16.8008261, 48.8060605], [16.8008021, 48.805906], [16.8004089, 48.8057525], [16.8002132, 48.8057445], [16.8001449, 48.8058954], [16.8001189, 48.8061134], [16.7999947, 48.8061692], [16.799866, 48.8062522], [16.7998177, 48.8063565], [16.7997131, 48.8064519], [16.799764, 48.8074552], [16.8000647, 48.8074497], [16.8002012, 48.8075171], [16.8003997, 48.8075542], [16.8005928, 48.807563], [16.8007725, 48.8075259], [16.8009335, 48.8074517], [16.8010837, 48.8073281], [16.8016201, 48.807291], [16.8019018, 48.8072963], [16.8018937, 48.8073475], [16.8019903, 48.8075383], [16.8021566, 48.807669], [16.8023497, 48.8077502], [16.803664, 48.8078456], [16.8037981, 48.8078315], [16.804238, 48.8081177], [16.8045813, 48.8091528], [16.8046617, 48.8097534], [16.8046725, 48.8103469], [16.8044025, 48.8104194], [16.8044403, 48.8099682], [16.8043106, 48.8092028], [16.8041897, 48.8087406], [16.8040116, 48.8083499], [16.8039104, 48.8079608], [16.8036887, 48.8079341], [16.8030008, 48.8079392], [16.802748, 48.8079442], [16.8025477, 48.8079076], [16.802403, 48.8079697], [16.8021835, 48.808015], [16.8020046, 48.8079378], [16.8018074, 48.8079543], [16.8015069, 48.8079712], [16.8009662, 48.8079865], [16.800534, 48.8080395], [16.8003397, 48.8081092], [16.8000833, 48.8081367], [16.7998015, 48.8081095], [16.799569, 48.8081311], [16.7994008, 48.8081799], [16.7990305, 48.8082636], [16.7990306, 48.8083315], [16.7991152, 48.8084625], [16.799117, 48.8085842], [16.7991874, 48.8088384], [16.7993369, 48.8091784], [16.7994797, 48.8095184], [16.799524, 48.8095891], [16.7997627, 48.8098664], [16.7994341, 48.8097145], [16.7993107, 48.809476], [16.7991176, 48.8092623], [16.798667, 48.809098], [16.79838, 48.8088666], [16.7982363, 48.808752], [16.7980498, 48.8087058], [16.797982, 48.8082312], [16.7978022, 48.8081427], [16.7973983, 48.8081883], [16.7971881, 48.8086599], [16.7972832, 48.8104464], [16.797411, 48.8110961], [16.7973455, 48.8115282], [16.7971309, 48.8115678], [16.7961176, 48.8109418], [16.7960457, 48.8109653], [16.7960309, 48.8110354], [16.7967437, 48.811676], [16.7969309, 48.8120546], [16.7967433, 48.8123974], [16.7964071, 48.8124333], [16.7960167, 48.8123373], [16.7957732, 48.8120403], [16.795196, 48.8119668], [16.7946012, 48.8122053], [16.7942103, 48.8127856], [16.7943014, 48.8129794], [16.7945213, 48.8130949], [16.7946056, 48.8132773], [16.7949957, 48.8136354], [16.795417, 48.8141325], [16.7953692, 48.8143317], [16.7954363, 48.8145383], [16.7956641, 48.8148609], [16.7959057, 48.8151856], [16.7960492, 48.815349], [16.7961457, 48.8153843], [16.7962275, 48.8153941], [16.7962919, 48.8153702], [16.7962879, 48.8152819], [16.796241, 48.815085], [16.796253, 48.8150382], [16.7963026, 48.8150002], [16.7964274, 48.815009], [16.7965414, 48.8150399], [16.7966567, 48.8151353], [16.796768, 48.8153084], [16.7968456, 48.8154651], [16.7968699, 48.8155786], [16.7968217, 48.8157164], [16.7966393, 48.8159089], [16.7965494, 48.8160687], [16.796551, 48.8161735], [16.7966862, 48.8162136], [16.7968643, 48.8161685], [16.7970389, 48.8160917], [16.7971701, 48.8160921], [16.7972063, 48.8161498], [16.7971355, 48.8162445], [16.7969128, 48.8163849], [16.796898, 48.8164676], [16.7970644, 48.8166957], [16.7971787, 48.8167698], [16.7973742, 48.8167955], [16.7975418, 48.8167999], [16.7977743, 48.8167382], [16.7979808, 48.8169386], [16.7978923, 48.8170292], [16.7977829, 48.8172141], [16.7978006, 48.8175703], [16.7978069, 48.8176981], [16.7978875, 48.8180368], [16.7979169, 48.8181604], [16.7979913, 48.818209], [16.7981461, 48.8182089], [16.7982399, 48.8181679], [16.7982915, 48.8181026], [16.7983879, 48.818101], [16.7985461, 48.8180803], [16.7987568, 48.8180758], [16.7987874, 48.8180779], [16.798941, 48.8180664], [16.7993806, 48.8179636], [16.7996521, 48.8178623], [16.7999011, 48.8177329], [16.8003234, 48.8175405], [16.8004713, 48.8175318], [16.8006266, 48.8175281], [16.8008222, 48.8175897], [16.8011825, 48.8178626], [16.8013923, 48.8180662], [16.801448, 48.8180987], [16.8016036, 48.8181041], [16.8019698, 48.8179561], [16.802325, 48.8177389], [16.8026577, 48.8175486], [16.8028788, 48.817426], [16.8030327, 48.8173558], [16.803071, 48.8172617], [16.8030775, 48.8171265], [16.8030691, 48.8168103], [16.803023, 48.8165937], [16.8029221, 48.8162566], [16.802895, 48.8161091], [16.8028983, 48.816037], [16.8029129, 48.8159458], [16.8031124, 48.815207], [16.8032299, 48.8146813], [16.8033169, 48.8143892], [16.8033302, 48.8143056], [16.8032463, 48.8141507], [16.8031973, 48.8139852], [16.8033017, 48.8139016], [16.8033388, 48.8138278], [16.8033726, 48.8137533], [16.8034369, 48.8136909], [16.8036854, 48.8137947], [16.8036913, 48.8139978], [16.8034192, 48.8147207], [16.8030812, 48.8158723], [16.8030866, 48.8163774], [16.8031724, 48.8169637], [16.803092, 48.817543], [16.8029746, 48.8178705], [16.8028427, 48.8180642], [16.8026448, 48.8182547], [16.8023962, 48.8183682], [16.802173, 48.818425], [16.8019498, 48.8184284], [16.8017113, 48.8183916], [16.801483, 48.8182914], [16.8011685, 48.8180642], [16.8008231, 48.8177694], [16.8006314, 48.8176841], [16.8003413, 48.8176534], [16.8000719, 48.8177284], [16.7999061, 48.8178342], [16.7997973, 48.8179536], [16.799761, 48.8181139], [16.7996678, 48.8186597], [16.7995124, 48.8190895], [16.7992274, 48.8195159], [16.799112, 48.8199363], [16.7991016, 48.8208623], [16.7990708, 48.8211057], [16.798995, 48.8211751], [16.7988932, 48.8212027], [16.7985339, 48.8213092], [16.7983183, 48.821392], [16.7981626, 48.8214945], [16.7980907, 48.8216325], [16.7980787, 48.8219637], [16.7983216, 48.8227549], [16.7983044, 48.8229994], [16.7982828, 48.8232272], [16.797806, 48.8234446], [16.7940938, 48.8248573], [16.7937936, 48.8249727], [16.7935701, 48.8249431], [16.7933554, 48.8249306], [16.7928882, 48.8249321], [16.7928285, 48.8249392], [16.7926979, 48.8249546], [16.7926208, 48.8249781], [16.7922741, 48.8250841], [16.7919494, 48.825201], [16.7917457, 48.8252534], [16.7915557, 48.8252434], [16.7913372, 48.8251957], [16.7909935, 48.8250094], [16.7908129, 48.8249708], [16.7906305, 48.8249743], [16.7904227, 48.8250134], [16.7902597, 48.8250799], [16.7901509, 48.8251762], [16.7899865, 48.825405], [16.7898283, 48.8255953], [16.7896803, 48.8257213], [16.7894425, 48.8258557], [16.789189, 48.8259354], [16.7889039, 48.8259967], [16.7886994, 48.8261382], [16.7886397, 48.8262347], [16.7886092, 48.8263332], [16.7886081, 48.826463], [16.7886487, 48.8265779], [16.7887609, 48.8266866], [16.7889283, 48.8267802], [16.7890837, 48.8268414], [16.7891551, 48.8268686], [16.7893423, 48.8269559], [16.789432, 48.8270239], [16.7894473, 48.8271471], [16.7894325, 48.8273423], [16.7893895, 48.8275078], [16.7893111, 48.8276289], [16.7891519, 48.8277022], [16.7886439, 48.8278356], [16.7884359, 48.8279003], [16.7881836, 48.8279788], [16.7876566, 48.8282001], [16.7873986, 48.828338], [16.7872649, 48.8284744], [16.7872118, 48.828564], [16.7872055, 48.8286159], [16.7872329, 48.8286983], [16.7872983, 48.8287731], [16.7873831, 48.8288237], [16.7876912, 48.8289411], [16.7880221, 48.8289769], [16.7881758, 48.82896], [16.7870387, 48.8294499], [16.7866776, 48.8294866], [16.7864887, 48.8295058], [16.7852433, 48.8296832], [16.7840703, 48.8297096], [16.783289, 48.8296537], [16.782673, 48.829562], [16.7824532, 48.829525], [16.7817897, 48.8293467], [16.7814049, 48.8292277], [16.7799416, 48.8287288], [16.7800178, 48.8285689], [16.7801042, 48.8283374], [16.7802154, 48.8282074], [16.7806641, 48.8279129], [16.7815001, 48.827709], [16.7816254, 48.8276491], [16.7815824, 48.8275331], [16.7778716, 48.8263293], [16.7734305, 48.8248834], [16.7729727, 48.8248988], [16.77139, 48.8265229], [16.7701978, 48.8263947], [16.769826, 48.8263459], [16.7684832, 48.826175], [16.7684378, 48.8263444], [16.7673947, 48.8262006], [16.7664442, 48.8260844], [16.7655381, 48.8259621], [16.7645981, 48.8257954], [16.7636927, 48.8256443], [16.7631139, 48.8255995], [16.7625655, 48.8255931], [16.7616792, 48.8255935], [16.761243, 48.825649], [16.7607648, 48.8257184], [16.7606323, 48.8257246], [16.7605864, 48.8256978], [16.7596757, 48.8238685], [16.7596328, 48.823374], [16.7597508, 48.8229996], [16.7602014, 48.8227524], [16.7606199, 48.8226888], [16.7610168, 48.8228301], [16.7627334, 48.8235788], [16.7635488, 48.8237342], [16.764273, 48.8237078], [16.7644259, 48.8236724], [16.7648202, 48.8235223], [16.764906, 48.8231356], [16.7648122, 48.8228389], [16.7645268, 48.8224706], [16.7646486, 48.8228407], [16.7646593, 48.8232009], [16.7646646, 48.8232892], [16.7644769, 48.823427], [16.7641067, 48.823517], [16.7637768, 48.8235418], [16.7634469, 48.8235382], [16.7631707, 48.8234994], [16.7629212, 48.8233864], [16.762535, 48.8232151], [16.7622668, 48.8230844], [16.7621702, 48.8230349], [16.761108, 48.8226376], [16.760585, 48.8225052], [16.760188, 48.8224893], [16.7597991, 48.8225599], [16.7595711, 48.8226853], [16.7594719, 48.8227824], [16.7593378, 48.8229537], [16.7591795, 48.8232822], [16.7591956, 48.8235912], [16.7592573, 48.823819], [16.7598152, 48.8253589], [16.7590549, 48.8255813], [16.7590577, 48.825546], [16.7590733, 48.8249575], [16.7589044, 48.8238118], [16.7587868, 48.823561], [16.7587442, 48.823511], [16.7586926, 48.8234873], [16.7586478, 48.8234799], [16.7585977, 48.8234806], [16.7585211, 48.8235378], [16.7581417, 48.8239445], [16.7579532, 48.8242397], [16.7578614, 48.8245642], [16.7585722, 48.8249084], [16.7588355, 48.8250618], [16.7588634, 48.8252494], [16.7588387, 48.8253092], [16.7588045, 48.8253692], [16.7587231, 48.8254494], [16.7586548, 48.8254907], [16.7585844, 48.8255049], [16.7583419, 48.8254688], [16.7582497, 48.8254379], [16.7581133, 48.8253831], [16.7580532, 48.8253009], [16.7580633, 48.825238], [16.7581153, 48.8251491], [16.7581317, 48.8250896], [16.7581719, 48.8250183], [16.7582094, 48.8249639], [16.7582154, 48.8249264], [16.7582047, 48.8248822], [16.7581653, 48.824855], [16.7580883, 48.8248144], [16.7579467, 48.8247692], [16.757892, 48.8247572], [16.757828, 48.8247609], [16.7577185, 48.8250444], [16.7576517, 48.8251446], [16.7576358, 48.8252177], [16.7576295, 48.8253085], [16.7576689, 48.8253782], [16.7576729, 48.8254644], [16.7576158, 48.8255472], [16.7575381, 48.8256467], [16.7575133, 48.8256902], [16.757401, 48.8260486], [16.7573375, 48.8263073], [16.7572454, 48.8268633], [16.7569982, 48.8268587], [16.7570346, 48.8267428], [16.7570539, 48.8264406], [16.7570663, 48.8262476], [16.7571384, 48.8255215], [16.7571503, 48.82535], [16.7572911, 48.8250504], [16.7573791, 48.8247782], [16.7575109, 48.8243163], [16.7575801, 48.8241129], [16.757636, 48.8239484], [16.757803, 48.8237598], [16.7578852, 48.8236601], [16.7579829, 48.8235787], [16.7582647, 48.8233438], [16.7586036, 48.8230816], [16.7589411, 48.8228339], [16.7590837, 48.8226864], [16.7591526, 48.8225879], [16.7593163, 48.8223538], [16.7595755, 48.822063], [16.7598727, 48.821738], [16.7604268, 48.8211872], [16.7604984, 48.8211334], [16.7606908, 48.8209533], [16.7607088, 48.8208851], [16.7606611, 48.8208455], [16.760176, 48.8205999], [16.7595461, 48.8202431], [16.758891, 48.8198949], [16.7584684, 48.8196781], [16.7584263, 48.8196828], [16.7582542, 48.8195771], [16.7587493, 48.8192436], [16.7588359, 48.8193768], [16.759972, 48.8200132], [16.7609602, 48.8205667], [16.7610282, 48.8205815], [16.7610644, 48.8205899], [16.7612939, 48.8204312], [16.7617127, 48.8202141], [16.7621216, 48.8199381], [16.7624546, 48.8197132], [16.7625873, 48.8196236], [16.7628922, 48.8193798], [16.7629287, 48.8192101], [16.7629783, 48.8190372], [16.7629856, 48.8189066], [16.7630071, 48.8188493], [16.7630366, 48.8188025], [16.7630739, 48.8187662], [16.7630796, 48.8187621], [16.7632547, 48.8186378], [16.7634706, 48.81853], [16.7635151, 48.8184915], [16.7635201, 48.8184804], [16.7635301, 48.8184582], [16.7635276, 48.8184137], [16.7635008, 48.8183847], [16.7634055, 48.8183129], [16.7633232, 48.8182628], [16.763116, 48.8181199], [16.762945, 48.8180509], [16.762865, 48.818029], [16.7627399, 48.818023], [16.7625326, 48.8180266], [16.7619029, 48.8180675], [16.761839, 48.8180648], [16.7617884, 48.8180558], [16.7616903, 48.8180101], [16.7612989, 48.8177955], [16.761073, 48.8176585], [16.7611837, 48.8176002], [16.7614448, 48.8177225]], [[16.8005472, 48.8031183], [16.8005085, 48.8026268], [16.8000725, 48.8026396], [16.7997359, 48.802613], [16.7997345, 48.8027756], [16.799466, 48.8028186], [16.7995398, 48.8029937], [16.7993223, 48.8031079], [16.7991417, 48.8031912], [16.7993724, 48.8035563], [16.7995939, 48.8039439], [16.7998449, 48.8038573], [16.8000001, 48.8038533], [16.8001771, 48.8039416], [16.8004346, 48.8044256], [16.8006009, 48.8044044], [16.8005881, 48.8039169], [16.8005311, 48.8033374], [16.8005472, 48.8031183]], [[16.7924405, 48.8157207], [16.7924404, 48.8158052], [16.7924791, 48.8158569], [16.7925319, 48.8159051], [16.7925686, 48.8159699], [16.7927639, 48.8161751], [16.7928784, 48.8162586], [16.7929863, 48.8163819], [16.7931694, 48.8165815], [16.7932373, 48.8165969], [16.7934236, 48.8165459], [16.7937815, 48.8164507], [16.7939423, 48.816453], [16.7940919, 48.8164757], [16.7942182, 48.8165252], [16.7944034, 48.8166365], [16.7944526, 48.8167067], [16.7944462, 48.8168308], [16.7944766, 48.8168508], [16.7945207, 48.8168271], [16.7945568, 48.8167273], [16.794523, 48.8165603], [16.7944293, 48.8162644], [16.7940862, 48.8158269], [16.7939901, 48.8157171], [16.7936047, 48.8152456], [16.7931448, 48.8147195], [16.7930476, 48.8146548], [16.7929791, 48.8146634], [16.7928507, 48.8146736], [16.7926783, 48.8146958], [16.7925832, 48.8147025], [16.7924905, 48.8147361], [16.7924268, 48.8147984], [16.7923631, 48.8148286], [16.7923027, 48.8148633], [16.7921624, 48.8149105], [16.7919147, 48.814961], [16.7917714, 48.8149917], [16.7916888, 48.8150203], [16.7915387, 48.8151283], [16.7914285, 48.8152264], [16.7914009, 48.8152534], [16.7914045, 48.8152826], [16.7914408, 48.8152951], [16.7915916, 48.8153373], [16.7919097, 48.8153855], [16.7920656, 48.8154186], [16.7921425, 48.8154418], [16.7921722, 48.8154661], [16.7922096, 48.8155265], [16.7922497, 48.8155694], [16.7922794, 48.8155937], [16.7923563, 48.8156169], [16.7924052, 48.815647], [16.7924405, 48.8157207]], [[16.7868186, 48.8183627], [16.7869678, 48.8184229], [16.7872759, 48.8185086], [16.7877045, 48.8185774], [16.7880592, 48.81866], [16.7882533, 48.818699], [16.7883783, 48.8186968], [16.788491, 48.8186341], [16.7886251, 48.8183813], [16.7883549, 48.8183186], [16.7878175, 48.8182367], [16.7873617, 48.8181414], [16.7870417, 48.8180948], [16.7868506, 48.818093], [16.786784, 48.8181353], [16.7866964, 48.8182104], [16.7867017, 48.8182804], [16.7868186, 48.8183627]], [[16.7994275, 48.8185768], [16.7993895, 48.8185424], [16.7992651, 48.8184985], [16.7988312, 48.818414], [16.7980319, 48.8183664], [16.797631, 48.8183638], [16.7973937, 48.8183623], [16.7965591, 48.8183162], [16.7964532, 48.8183224], [16.7963905, 48.8183408], [16.7963331, 48.8184002], [16.7963247, 48.8184089], [16.7962574, 48.8185104], [16.7962104, 48.818659], [16.7961614, 48.8188579], [16.7960957, 48.8193591], [16.7960134, 48.8194628], [16.7959693, 48.8194867], [16.7958026, 48.8194993], [16.7954682, 48.819498], [16.7950086, 48.8195292], [16.7945775, 48.8195959], [16.79422, 48.8196676], [16.7942128, 48.8196739], [16.7941561, 48.8197237], [16.7941101, 48.8198898], [16.794105, 48.8199473], [16.7941167, 48.8199942], [16.7941615, 48.8200561], [16.7943034, 48.8202053], [16.7947374, 48.8205518], [16.7947947, 48.8206266], [16.7948124, 48.8206785], [16.7948467, 48.8208987], [16.7949002, 48.8211657], [16.7950111, 48.8213584], [16.7951898, 48.8215729], [16.795326, 48.8216891], [16.7953978, 48.8217195], [16.795466, 48.8217296], [16.7954909, 48.8217313], [16.7956453, 48.8217419], [16.7960465, 48.8217394], [16.796928, 48.8217421], [16.7977006, 48.8217579], [16.7977775, 48.8217561], [16.7978418, 48.8217397], [16.797893, 48.8217108], [16.7979333, 48.8216729], [16.7980552, 48.8214671], [16.7981103, 48.8214049], [16.798179, 48.8213491], [16.798277, 48.8213044], [16.7983763, 48.8212661], [16.7986543, 48.8211887], [16.7987152, 48.8211676], [16.798767, 48.8211351], [16.7988185, 48.8210527], [16.7989028, 48.8205999], [16.7989662, 48.8199743], [16.7990417, 48.8196161], [16.799166, 48.8193841], [16.7993587, 48.819044], [16.7994492, 48.8187842], [16.7994424, 48.8186655], [16.7994275, 48.8185768]], [[16.7831829, 48.8054727], [16.7831838, 48.8054908], [16.7831981, 48.8054987], [16.7832147, 48.8054936], [16.7832248, 48.8054748], [16.7832221, 48.8054521], [16.7832206, 48.8054104], [16.7832162, 48.805346], [16.7831917, 48.8052787], [16.7831462, 48.8052138], [16.783099, 48.8051786], [16.7830333, 48.8051569], [16.7829465, 48.8051388], [16.7828823, 48.8051353], [16.7828142, 48.805138], [16.7827912, 48.805129], [16.7827419, 48.805091], [16.7827052, 48.8050848], [16.7826763, 48.805102], [16.7826566, 48.8051067], [16.7825889, 48.8051016], [16.7825626, 48.8051063], [16.7825548, 48.8051322], [16.7825547, 48.805174], [16.7825883, 48.8052117], [16.7826276, 48.8052354], [16.7826914, 48.8052644], [16.7827811, 48.8052951], [16.7828166, 48.8053462], [16.7828716, 48.8054071], [16.7829453, 48.8054713], [16.7830105, 48.8054866], [16.7830499, 48.8054768], [16.7830628, 48.8054133], [16.7830951, 48.8053893], [16.7831199, 48.8053804], [16.7831417, 48.8053759], [16.7831645, 48.8053953], [16.7831875, 48.8054328], [16.7831829, 48.8054727]], [[16.7867006, 48.8127957], [16.7864695, 48.8126394], [16.7862399, 48.8125944], [16.7859515, 48.8126556], [16.7855818, 48.8127709], [16.7850846, 48.8129686], [16.7847115, 48.8131696], [16.7845033, 48.8133748], [16.7843576, 48.813635], [16.7843729, 48.8138639], [16.7842903, 48.8139532], [16.7842404, 48.814125], [16.784207, 48.814413], [16.7841639, 48.8146822], [16.7841499, 48.815013], [16.7841703, 48.8151315], [16.7841415, 48.8153451], [16.7842561, 48.8155514], [16.7844581, 48.8157011], [16.784562, 48.8157374], [16.784635, 48.8156837], [16.7852592, 48.8150617], [16.7857104, 48.8146148], [16.7859658, 48.8143724], [16.7862894, 48.8140385], [16.7866694, 48.8135893], [16.7866919, 48.8134399], [16.7865066, 48.8133148], [16.7864967, 48.8132015], [16.786626, 48.8130898], [16.7867487, 48.8129401], [16.7867006, 48.8127957]], [[16.7869104, 48.8178492], [16.7870713, 48.8175902], [16.7872311, 48.8172759], [16.7874991, 48.8169692], [16.787442, 48.8167179], [16.787086, 48.8163585], [16.7868966, 48.8161816], [16.786576, 48.815858], [16.7862435, 48.8155482], [16.7857774, 48.8151666], [16.7855874, 48.8149335], [16.7855859, 48.8148322], [16.7846524, 48.8158133], [16.784459, 48.8160376], [16.7847257, 48.8163049], [16.7850313, 48.8166536], [16.7855002, 48.8173085], [16.7857811, 48.8174701], [16.7860217, 48.8177121], [16.7862836, 48.8179492], [16.7865637, 48.8181758], [16.7866717, 48.818177], [16.7867653, 48.818123], [16.7868226, 48.8180899], [16.7868803, 48.8179773], [16.7869104, 48.8178492]], [[16.7872203, 48.8213427], [16.787231, 48.8212191], [16.7872686, 48.8209577], [16.7872525, 48.8208058], [16.7872471, 48.8206645], [16.7872149, 48.8205833], [16.7870755, 48.8204314], [16.7869575, 48.8203431], [16.7868207, 48.8202749], [16.7865283, 48.8201595], [16.7863727, 48.8201912], [16.7862537, 48.820262], [16.7862011, 48.820435], [16.7862708, 48.820774], [16.7862976, 48.8209118], [16.7862762, 48.8209965], [16.7862118, 48.8210283], [16.7860884, 48.8210389], [16.7857505, 48.8210213], [16.7857129, 48.8210496], [16.7859597, 48.8213215], [16.7863191, 48.8215899], [16.7865068, 48.8217453], [16.7866731, 48.8218054], [16.7867965, 48.8217877], [16.7869092, 48.8217029], [16.7870379, 48.8215899], [16.7871237, 48.8215052], [16.7872203, 48.8213427]], [[16.7891398, 48.8206235], [16.789265, 48.820359], [16.7892793, 48.8202571], [16.7892686, 48.8201], [16.7892403, 48.8199784], [16.7891586, 48.8196372], [16.7891073, 48.8195966], [16.7890178, 48.8196239], [16.7889162, 48.8196874], [16.7887495, 48.8198297], [16.7886914, 48.8199312], [16.7886276, 48.8200455], [16.788562, 48.8203296], [16.7885537, 48.8204301], [16.7886879, 48.8208519], [16.7887925, 48.8210447], [16.7888312, 48.8210704], [16.7888914, 48.821089], [16.788931, 48.8210869], [16.7889702, 48.8210631], [16.7889934, 48.8210395], [16.7890262, 48.8209268], [16.7891398, 48.8206235]], [[16.7880196, 48.8216442], [16.787901, 48.821814], [16.7879013, 48.8218553], [16.7879149, 48.8218868], [16.7881085, 48.8219789], [16.7886136, 48.8222899], [16.7887761, 48.8223964], [16.7888365, 48.822409], [16.7888903, 48.8223819], [16.788921, 48.8222863], [16.7888975, 48.8219824], [16.788916, 48.8216854], [16.788929, 48.8214726], [16.7889147, 48.8214078], [16.7888867, 48.8213694], [16.7887971, 48.8213321], [16.7881826, 48.8211619], [16.7881118, 48.8211552], [16.7880508, 48.821148], [16.7880233, 48.821166], [16.7880093, 48.8211905], [16.7880463, 48.8212678], [16.7880621, 48.821544], [16.7880455, 48.821593], [16.7880196, 48.8216442]], [[16.7890552, 48.8218652], [16.7890737, 48.821918], [16.7890921, 48.8219667], [16.7891045, 48.8220397], [16.7891045, 48.8221046], [16.7890983, 48.8221695], [16.7890675, 48.8222344], [16.789049, 48.8222953], [16.789049, 48.8223683], [16.789049, 48.8224332], [16.7890552, 48.822486], [16.7890798, 48.8225347], [16.7891168, 48.8225793], [16.7891476, 48.8226239], [16.7891784, 48.8226685], [16.7892154, 48.8227253], [16.7892647, 48.8227781], [16.7893448, 48.8228308], [16.7895173, 48.8229444], [16.7896159, 48.8230134], [16.7896899, 48.8230661], [16.7897392, 48.8231189], [16.7898316, 48.8231757], [16.789961, 48.8232284], [16.7900842, 48.8232487], [16.7901582, 48.8232406], [16.7902321, 48.8232244], [16.7902814, 48.8231757], [16.7902506, 48.8231311], [16.790189, 48.8230945], [16.7900719, 48.8230337], [16.7899795, 48.8229809], [16.7898809, 48.8229079], [16.7898008, 48.8228308], [16.7897453, 48.8227456], [16.7896899, 48.8226564], [16.7896406, 48.8225793], [16.7895789, 48.8224941], [16.7895235, 48.8223967], [16.7894619, 48.8222912], [16.7894064, 48.8221979], [16.7893756, 48.8221208], [16.7893386, 48.8220194], [16.7893078, 48.8219545], [16.7892955, 48.8218368], [16.7893078, 48.8215894], [16.7892708, 48.8213946], [16.7891599, 48.8213906], [16.789086, 48.8215123], [16.7890428, 48.8216462], [16.7890367, 48.8216948], [16.789049, 48.8217476], [16.789049, 48.8218125], [16.7890552, 48.8218652]], [[16.7911285, 48.8217802], [16.7908128, 48.8217265], [16.7905567, 48.8216161], [16.7905462, 48.8215966], [16.7904574, 48.8214313], [16.7905664, 48.82128], [16.7905531, 48.8212002], [16.7902252, 48.820938], [16.7893581, 48.8203524], [16.7893468, 48.8203872], [16.7891053, 48.8209683], [16.7891393, 48.8210215], [16.7892093, 48.8211307], [16.7893432, 48.8212303], [16.7895623, 48.8213579], [16.7896109, 48.8213861], [16.7896217, 48.8213924], [16.7898368, 48.8215611], [16.7901089, 48.821762], [16.7906495, 48.8221346], [16.7911794, 48.8225133], [16.7913603, 48.8226733], [16.7916624, 48.8229092], [16.7919349, 48.8231126], [16.7922848, 48.8234792], [16.7922886, 48.8237997], [16.7924442, 48.8240618], [16.7926114, 48.8243534], [16.7927782, 48.8245047], [16.7933842, 48.8243979], [16.7932714, 48.8241564], [16.7929309, 48.8234975], [16.7928496, 48.8232694], [16.7927347, 48.8230389], [16.7926323, 48.8229138], [16.7924053, 48.8226963], [16.7919123, 48.8222513], [16.7914328, 48.8218932], [16.7912971, 48.821825], [16.7911285, 48.8217802]], [[16.7866136, 48.8219533], [16.7858124, 48.821362], [16.7856005, 48.8212056], [16.7854979, 48.8210825], [16.7854716, 48.8214727], [16.7855302, 48.8217227], [16.7855878, 48.8219357], [16.7856087, 48.8222717], [16.7857078, 48.8225995], [16.7861664, 48.8237887], [16.7863477, 48.823819], [16.7863761, 48.8237983], [16.7866081, 48.8236292], [16.7866312, 48.8234961], [16.786574, 48.8232802], [16.786537, 48.8230632], [16.7861523, 48.8224562], [16.7862237, 48.8223841], [16.7863302, 48.8223634], [16.7864298, 48.8223733], [16.7866493, 48.822688], [16.7867448, 48.8228526], [16.7868367, 48.8229818], [16.7870943, 48.8232017], [16.787331, 48.8230919], [16.7872263, 48.8229932], [16.7869335, 48.8226319], [16.7867865, 48.8224193], [16.7866524, 48.8221895], [16.7865678, 48.8219825], [16.7866136, 48.8219533]], [[16.7853426, 48.8231657], [16.7855643, 48.8236114], [16.7855968, 48.8236767], [16.7858204, 48.8239999], [16.7859597, 48.8241323], [16.786002, 48.8241582], [16.786128, 48.8241568], [16.7861484, 48.8241282], [16.7861719, 48.8240155], [16.7860875, 48.823721], [16.7859062, 48.8232829], [16.7857523, 48.8227702], [16.7857096, 48.8226982], [16.7856241, 48.822447], [16.7855232, 48.8220746], [16.7855164, 48.8217063], [16.7854598, 48.8215158], [16.7854103, 48.8214626], [16.7852751, 48.821442], [16.7851677, 48.8214316], [16.7849888, 48.8214612], [16.7849345, 48.8214983], [16.7849186, 48.8215496], [16.7849877, 48.821696], [16.7851396, 48.8219086], [16.78519, 48.8220411], [16.7852875, 48.8225921], [16.7852785, 48.8228291], [16.7853426, 48.8231657]], [[16.786565, 48.8226596], [16.786545, 48.8226033], [16.7864819, 48.822526], [16.7864285, 48.8224915], [16.7863377, 48.8224968], [16.7862759, 48.8225564], [16.7862869, 48.8225967], [16.7864674, 48.8228584], [16.786461, 48.8228746], [16.7867197, 48.8233487], [16.7867662, 48.8235052], [16.7867597, 48.8235942], [16.7867177, 48.8236755], [16.7866524, 48.8237451], [16.7865285, 48.8237933], [16.7864622, 48.8238492], [16.7864908, 48.8239572], [16.7866298, 48.8239479], [16.7867799, 48.8238335], [16.7870121, 48.8235999], [16.7871369, 48.8233929], [16.7875016, 48.8232742], [16.7874388, 48.8232673], [16.787218, 48.8233055], [16.7870762, 48.8232726], [16.7869289, 48.8231538], [16.7867804, 48.8229762], [16.786565, 48.8226596]], [[16.7872569, 48.825437], [16.7872884, 48.8254756], [16.7874186, 48.8257751], [16.7875061, 48.8258749], [16.7876389, 48.825988], [16.7877354, 48.8259947], [16.7878203, 48.8259355], [16.7878541, 48.8258088], [16.7878424, 48.8257007], [16.7877387, 48.8254641], [16.7874531, 48.8250169], [16.7873729, 48.8248914], [16.787255, 48.8247541], [16.786748, 48.8242959], [16.7866752, 48.8242793], [16.7865902, 48.8242785], [16.7865056, 48.8243237], [16.7864627, 48.8243743], [16.7864849, 48.8244768], [16.7865231, 48.8245408], [16.7869564, 48.8249753], [16.7870131, 48.8250323], [16.7870988, 48.8251379], [16.7872569, 48.825437]], [[16.7827394, 48.808324], [16.7826893, 48.8082689], [16.7828476, 48.8082212], [16.7830026, 48.8081081], [16.7830501, 48.8079912], [16.7830624, 48.8078546], [16.7830511, 48.8077453], [16.7829503, 48.8075537], [16.7828511, 48.8074039], [16.7827642, 48.8073481], [16.7825846, 48.8073582], [16.7824265, 48.8074394], [16.7824168, 48.8074557], [16.7823516, 48.8075653], [16.7823175, 48.8077094], [16.7822429, 48.8079791], [16.7822017, 48.807997], [16.7819865, 48.8083401], [16.7819092, 48.8084415], [16.7818288, 48.808547], [16.7816292, 48.8087845], [16.7817634, 48.8087504], [16.7819501, 48.8086188], [16.7821487, 48.808507], [16.7825735, 48.8083594], [16.7827394, 48.808324]], [[16.7803029, 48.8098187], [16.7800906, 48.8100565], [16.7798711, 48.8104434], [16.779949, 48.8105413], [16.7800339, 48.8105226], [16.7801401, 48.810504], [16.7802321, 48.810504], [16.7803171, 48.8105133], [16.7804162, 48.810518], [16.7805436, 48.8105226], [16.7806993, 48.8105226], [16.7808055, 48.8105133], [16.7808904, 48.8104947], [16.7809754, 48.8104667], [16.7810674, 48.8104294], [16.7811877, 48.8104154], [16.7813434, 48.8103828], [16.7814425, 48.8103548], [16.7815629, 48.8103082], [16.7816336, 48.8102616], [16.7816761, 48.8102056], [16.7817115, 48.8101357], [16.7817115, 48.8100611], [16.7816761, 48.8100005], [16.7816266, 48.8099166], [16.7816195, 48.8098141], [16.7816407, 48.8097442], [16.781669, 48.8096789], [16.7816124, 48.8096276], [16.7815629, 48.8095763], [16.7815133, 48.8095064], [16.7814496, 48.8094598], [16.7813647, 48.8094132], [16.7812656, 48.8094039], [16.7811594, 48.8094039], [16.7810249, 48.8094272], [16.7808763, 48.8094784], [16.7806993, 48.8095437], [16.7804869, 48.8096602], [16.7803666, 48.8097581], [16.7803029, 48.8098187]], [[16.7775345, 48.8182658], [16.7775209, 48.8182911], [16.7774945, 48.8183019], [16.7774504, 48.8183034], [16.7773866, 48.8182998], [16.7774043, 48.8183607], [16.7777263, 48.8191582], [16.7777785, 48.8192044], [16.7778011, 48.8192168], [16.7778284, 48.819226], [16.7778798, 48.8192249], [16.7779516, 48.8192094], [16.77803, 48.8191731], [16.7790272, 48.818659], [16.7791726, 48.8185784], [16.7789554, 48.8184917], [16.7786913, 48.8184136], [16.7781934, 48.8182902], [16.7778832, 48.8182179], [16.7775592, 48.8181717], [16.7774726, 48.818191], [16.777512, 48.81821], [16.777542, 48.8182365], [16.7775345, 48.8182658]], [[16.7775652, 48.8192187], [16.77768, 48.8192936], [16.7776781, 48.8192298], [16.7776552, 48.8191594], [16.7773433, 48.8184333], [16.7771982, 48.8184503], [16.7771354, 48.8184909], [16.7771301, 48.8186121], [16.7772442, 48.8188735], [16.7773524, 48.8190226], [16.7775652, 48.8192187]], [[16.7753173, 48.8149704], [16.7753155, 48.8152472], [16.775388, 48.8152521], [16.775455, 48.8152411], [16.7754736, 48.8150476], [16.7754513, 48.8149447], [16.7753657, 48.8149435], [16.7753229, 48.8149459], [16.7753173, 48.8149704]], [[16.7755517, 48.8149729], [16.775522, 48.8151774], [16.7755164, 48.8152338], [16.7755573, 48.8152521], [16.7756336, 48.815257], [16.7756633, 48.8152166], [16.7756819, 48.8150941], [16.7756726, 48.8149827], [16.7756205, 48.814979], [16.7755517, 48.8149729]], [[16.7735145, 48.8148663], [16.7728527, 48.8150001], [16.7726919, 48.8150193], [16.7719397, 48.8151201], [16.7710867, 48.8152132], [16.7706265, 48.8152398], [16.7699668, 48.8153058], [16.7697103, 48.8153417], [16.7694165, 48.8154015], [16.7692009, 48.8154561], [16.7691087, 48.815499], [16.7690061, 48.8155669], [16.7689267, 48.8156436], [16.7688189, 48.815769], [16.7687694, 48.8159156], [16.7687134, 48.8162644], [16.7686937, 48.8164303], [16.7686651, 48.8165658], [16.7685614, 48.816734], [16.7683614, 48.8169479], [16.7680512, 48.817192], [16.7679513, 48.8172592], [16.7678013, 48.8173258], [16.7674028, 48.8174686], [16.7671065, 48.8175912], [16.7669053, 48.817659], [16.7668205, 48.8176838], [16.7667001, 48.8177088], [16.7663701, 48.8177599], [16.7661783, 48.8178025], [16.7660341, 48.8178394], [16.7659284, 48.8178836], [16.7657911, 48.817997], [16.7656873, 48.8181145], [16.7655347, 48.818272], [16.7653812, 48.8184946], [16.7652463, 48.8186778], [16.765204, 48.8187625], [16.7651955, 48.8187981], [16.7652106, 48.8188575], [16.765613, 48.8193218], [16.7659724, 48.8197608], [16.7661312, 48.8199855], [16.7662365, 48.8200765], [16.7662748, 48.8201027], [16.7663512, 48.820121], [16.7664626, 48.8201357], [16.7667038, 48.8201173], [16.7668405, 48.8201016], [16.7669896, 48.8200686], [16.7671135, 48.8200474], [16.7672516, 48.8199893], [16.7673851, 48.8199082], [16.7674634, 48.8198386], [16.7677317, 48.8196391], [16.768002, 48.8193777], [16.7681875, 48.8192517], [16.7686066, 48.8191263], [16.7689879, 48.8190518], [16.7692414, 48.8189794], [16.769611, 48.8188639], [16.769882, 48.8188222], [16.7701665, 48.8188284], [16.7704892, 48.8187842], [16.7708883, 48.8186831], [16.7715371, 48.8185327], [16.7720269, 48.8183266], [16.7722584, 48.8181679], [16.7718073, 48.8176245], [16.7719725, 48.8175516], [16.7728257, 48.8173279], [16.7735676, 48.8172043], [16.7746391, 48.8170634], [16.774655, 48.8169314], [16.774742, 48.8166829], [16.7747433, 48.8165342], [16.7754203, 48.8170481], [16.775533, 48.8170092], [16.7757234, 48.8169139], [16.7753962, 48.8165341], [16.7752835, 48.816225], [16.7751896, 48.8160166], [16.7751628, 48.8158859], [16.7749375, 48.8158224], [16.7747915, 48.8157097], [16.7751655, 48.815541], [16.7752228, 48.8153726], [16.7752364, 48.8149086], [16.774025, 48.8147909], [16.7735145, 48.8148663]], [[16.774718, 48.8174605], [16.7747056, 48.8173891], [16.7746718, 48.8173666], [16.7746322, 48.8173402], [16.7744336, 48.817278], [16.7741137, 48.8172297], [16.7737072, 48.8172316], [16.7732716, 48.8172969], [16.7730059, 48.8173999], [16.7728814, 48.8175012], [16.7727947, 48.8176365], [16.7728284, 48.81773], [16.7728977, 48.8178047], [16.7730513, 48.8178431], [16.7733537, 48.8178321], [16.7735342, 48.8178036], [16.7741776, 48.817608], [16.77461, 48.8175291], [16.7746872, 48.8175041], [16.774718, 48.8174605]], [[16.7720976, 48.8187767], [16.7720753, 48.8186965], [16.7720321, 48.8186451], [16.7719816, 48.8186389], [16.7719421, 48.8186657], [16.7719384, 48.8187227], [16.7719689, 48.8187856], [16.7720542, 48.8188088], [16.7720976, 48.8187767]], [[16.7754653, 48.8190124], [16.7754282, 48.8189221], [16.7753884, 48.8188736], [16.7753271, 48.8188365], [16.7750359, 48.8186879], [16.7747946, 48.8185991], [16.7746348, 48.8185777], [16.7745025, 48.8185657], [16.774389, 48.8185707], [16.7738014, 48.8186762], [16.7737794, 48.8189494], [16.7738117, 48.8189582], [16.7754653, 48.8190124]], [[16.7643535, 48.8191286], [16.7647827, 48.8184786], [16.7647934, 48.8182173], [16.764611, 48.8182455], [16.764214, 48.8184645], [16.7636669, 48.81874], [16.7633235, 48.8191074], [16.7632055, 48.8194959], [16.7626369, 48.820273], [16.7627334, 48.8203083], [16.7628837, 48.82028], [16.7633128, 48.8201246], [16.7638385, 48.8197008], [16.7643535, 48.8191286]], [[16.7766725, 48.8196281], [16.7766312, 48.8195954], [16.7764981, 48.81952], [16.7762564, 48.8193964], [16.7759866, 48.8192682], [16.7758166, 48.8191758], [16.7756597, 48.8191205], [16.7755191, 48.8191007], [16.7729246, 48.8189944], [16.7729003, 48.819018], [16.7729043, 48.8190445], [16.7729661, 48.8190606], [16.7736296, 48.8191413], [16.7742146, 48.8192763], [16.7743089, 48.8193462], [16.7748283, 48.8195742], [16.7751368, 48.8196998], [16.775537, 48.8198435], [16.7756323, 48.8199234], [16.7756841, 48.8200021], [16.7757245, 48.8201261], [16.775736, 48.8202164], [16.7758034, 48.8202827], [16.7758641, 48.8203059], [16.7766725, 48.8196281]], [[16.7803905, 48.8197368], [16.7804874, 48.8197183], [16.7805998, 48.8197091], [16.7808267, 48.8196923], [16.7810671, 48.8196964], [16.7812171, 48.8197087], [16.7814782, 48.8197713], [16.781514, 48.8196933], [16.7813771, 48.8196159], [16.7812643, 48.8195682], [16.7809366, 48.8194423], [16.7805812, 48.8192845], [16.780175, 48.8191015], [16.7799867, 48.8189861], [16.779456, 48.8187175], [16.7792463, 48.8185989], [16.779071, 48.8186899], [16.7784863, 48.8189857], [16.7780632, 48.8192084], [16.7779304, 48.8192679], [16.7778894, 48.8192916], [16.7782318, 48.8194024], [16.7783896, 48.8194627], [16.7785912, 48.8195491], [16.7792302, 48.8198358], [16.7793496, 48.8198685], [16.7794927, 48.8198903], [16.7795949, 48.8198929], [16.7796997, 48.8198885], [16.7798429, 48.8198668], [16.7799756, 48.8198417], [16.7800934, 48.8198075], [16.7802489, 48.8197686], [16.7803905, 48.8197368]], [[16.7794564, 48.8212017], [16.7794579, 48.8210047], [16.7794281, 48.8208914], [16.7789103, 48.8207467], [16.7787281, 48.8206616], [16.7786194, 48.8205799], [16.7782474, 48.820269], [16.7778791, 48.8199096], [16.7776633, 48.8197597], [16.7775697, 48.8199006], [16.7772996, 48.8203637], [16.7773118, 48.8204414], [16.7774261, 48.8205399], [16.7777374, 48.8206928], [16.7780702, 48.8209132], [16.7783016, 48.8210586], [16.7784506, 48.8211459], [16.7785868, 48.8212187], [16.7787236, 48.8212708], [16.7789271, 48.8213257], [16.7791702, 48.8213472], [16.7793236, 48.8213896], [16.7796548, 48.8217075], [16.7797589, 48.8216814], [16.7797883, 48.8216346], [16.7797914, 48.8215643], [16.7798113, 48.8214915], [16.7797993, 48.8214292], [16.7797713, 48.8213992], [16.7797276, 48.8213726], [16.7796645, 48.8213474], [16.7795515, 48.8212753], [16.7794564, 48.8212017]], [[16.7771321, 48.8221399], [16.7774066, 48.8223087], [16.7775553, 48.8222937], [16.7776324, 48.8221008], [16.777081, 48.8215537], [16.7769415, 48.8215592], [16.7771321, 48.8221399]], [[16.7817899, 48.8220221], [16.7814844, 48.8218895], [16.7813588, 48.8218546], [16.781265, 48.821853], [16.7811925, 48.8218888], [16.7811866, 48.8219407], [16.7812508, 48.8220187], [16.7814517, 48.8221554], [16.7817757, 48.822389], [16.7819094, 48.8225275], [16.7820178, 48.8226544], [16.7822693, 48.8229415], [16.7824741, 48.8231655], [16.7826735, 48.8234048], [16.7829024, 48.8236886], [16.783131, 48.8239436], [16.783514, 48.8243248], [16.7837849, 48.8245634], [16.7840871, 48.8247852], [16.7841865, 48.8248043], [16.78424, 48.8247722], [16.7842605, 48.8247405], [16.7842636, 48.8247049], [16.7842331, 48.8246358], [16.7839096, 48.8243524], [16.7832518, 48.823705], [16.7828172, 48.8231828], [16.782718, 48.8230811], [16.7826071, 48.8229583], [16.7824981, 48.8228238], [16.7823487, 48.8225664], [16.7822005, 48.8223483], [16.7820229, 48.8221741], [16.7817899, 48.8220221]], [[16.7647688, 48.8214094], [16.7648752, 48.8213648], [16.7651035, 48.8212397], [16.765145, 48.8211857], [16.7651762, 48.8211535], [16.7651848, 48.821117], [16.765173, 48.8210538], [16.7651572, 48.8209903], [16.7651394, 48.8209565], [16.7651051, 48.8209224], [16.7649674, 48.8207482], [16.7647144, 48.8205152], [16.7644822, 48.8203223], [16.7642898, 48.8201663], [16.7641304, 48.8200511], [16.764118, 48.8200421], [16.7640494, 48.8201024], [16.7638924, 48.8202271], [16.763615, 48.8203858], [16.763263, 48.8205737], [16.7631859, 48.8206271], [16.7630816, 48.8206885], [16.7641236, 48.821295], [16.7644687, 48.8214485], [16.7645361, 48.8214641], [16.7645905, 48.821464], [16.7646005, 48.821464], [16.7646535, 48.8214578], [16.7647688, 48.8214094]], [[16.7610054, 48.8220798], [16.7608337, 48.8220233], [16.7607371, 48.8219527], [16.7607368, 48.8218633], [16.7605299, 48.8219295], [16.7603201, 48.8221093], [16.7602712, 48.822272], [16.7602023, 48.8223723], [16.760544, 48.8223483], [16.7608874, 48.8223906], [16.7613916, 48.8225178], [16.7614989, 48.8225743], [16.7616062, 48.8226237], [16.7617349, 48.8226873], [16.7618422, 48.8227368], [16.7620032, 48.8227862], [16.7621534, 48.8228286], [16.7623465, 48.8229134], [16.7625181, 48.8229557], [16.7626576, 48.8229981], [16.7628185, 48.8230334], [16.762958, 48.8230052], [16.7630975, 48.8229628], [16.7632262, 48.8229487], [16.7633657, 48.8230052], [16.7634945, 48.8230546], [16.7636447, 48.8231041], [16.7637734, 48.8231394], [16.7639129, 48.8231606], [16.7640524, 48.8231606], [16.7641918, 48.8231465], [16.7641918, 48.8230476], [16.7642026, 48.8229487], [16.7642026, 48.8228568], [16.7641918, 48.8227721], [16.7641275, 48.8226803], [16.7640309, 48.8226167], [16.7639343, 48.8225319], [16.7639022, 48.8224401], [16.7638592, 48.8223271], [16.7638056, 48.822214], [16.7637627, 48.8221293], [16.7636983, 48.8220374], [16.763591, 48.821988], [16.763473, 48.8219456], [16.7633335, 48.8219103], [16.7631511, 48.8219032], [16.7629902, 48.8219174], [16.7628615, 48.8219527], [16.7627864, 48.8220304], [16.7626791, 48.822101], [16.762561, 48.8221434], [16.7624538, 48.822094], [16.7623036, 48.8220586], [16.7621212, 48.8220586], [16.761971, 48.8220798], [16.76181, 48.822094], [16.7616491, 48.822101], [16.7614989, 48.8221151], [16.7613272, 48.8221151], [16.7611663, 48.8221151], [16.7610054, 48.8220798]], [[16.7680332, 48.8241543], [16.7680307, 48.8242699], [16.7680973, 48.8244588], [16.7682104, 48.8245871], [16.768351, 48.8246883], [16.7685293, 48.8247461], [16.7687385, 48.8248105], [16.7691135, 48.8248905], [16.7692286, 48.8249465], [16.769282, 48.8249935], [16.7692888, 48.8250528], [16.7692678, 48.8250962], [16.7691884, 48.8251386], [16.7688795, 48.8252252], [16.7685442, 48.8253321], [16.7683433, 48.8253993], [16.7682108, 48.8254712], [16.7680605, 48.8256055], [16.7679369, 48.8257869], [16.7678993, 48.8259779], [16.7679192, 48.8261385], [16.7679633, 48.8262271], [16.7680464, 48.8262866], [16.7682886, 48.8263183], [16.7683096, 48.8262385], [16.768326, 48.8260764], [16.7683401, 48.8259183], [16.7684128, 48.8257659], [16.7685691, 48.8256293], [16.7687573, 48.8255231], [16.7694774, 48.825264], [16.769654, 48.825199], [16.7697439, 48.8251202], [16.7697767, 48.8250328], [16.7697839, 48.8249003], [16.7696964, 48.824789], [16.7695594, 48.8246993], [16.7693883, 48.8246081], [16.7691925, 48.8245588], [16.7689787, 48.8245346], [16.7687123, 48.8245042], [16.7684828, 48.8244389], [16.7684187, 48.824359], [16.7684041, 48.824218], [16.7684286, 48.8240796], [16.7684918, 48.8239763], [16.7686266, 48.8238765], [16.7689847, 48.823625], [16.7691548, 48.8234535], [16.7692309, 48.823316], [16.7692425, 48.8232129], [16.7692263, 48.8231329], [16.7691509, 48.8229996], [16.7689777, 48.8228724], [16.7686506, 48.8227139], [16.768328, 48.8226248], [16.7678926, 48.8225866], [16.767468, 48.8225774], [16.7670158, 48.82262], [16.7664879, 48.8227237], [16.7660835, 48.8228685], [16.7658913, 48.8229638], [16.765819, 48.8230464], [16.7658007, 48.8231912], [16.765884, 48.8232847], [16.7659908, 48.8233539], [16.7661824, 48.823416], [16.766634, 48.8235222], [16.7667795, 48.8235709], [16.7669154, 48.8236799], [16.7669287, 48.8237787], [16.7669072, 48.8239298], [16.766871, 48.8240385], [16.7667897, 48.8241179], [16.7666968, 48.8241787], [16.7665302, 48.8242329], [16.7663629, 48.8242651], [16.7661506, 48.8242544], [16.7659667, 48.824213], [16.7657754, 48.8241299], [16.7656444, 48.8240423], [16.7654349, 48.8237858], [16.7653217, 48.8237259], [16.7651289, 48.8236619], [16.7648268, 48.8236606], [16.7645658, 48.8236957], [16.764184, 48.8238932], [16.7640995, 48.8240218], [16.7640692, 48.8241495], [16.7640788, 48.8242736], [16.7641395, 48.8243849], [16.7642356, 48.8244599], [16.7643834, 48.8245189], [16.7656436, 48.8247516], [16.7658634, 48.8247605], [16.7660527, 48.8247445], [16.7667068, 48.8245582], [16.7668768, 48.8244791], [16.7670094, 48.8243878], [16.7671444, 48.8242511], [16.7672556, 48.8241095], [16.767334, 48.8239576], [16.7673548, 48.8238269], [16.7673395, 48.8237019], [16.7672785, 48.8235527], [16.7671931, 48.8234673], [16.7670392, 48.8234121], [16.76662, 48.8232924], [16.7664776, 48.8232304], [16.7664004, 48.8231601], [16.7663989, 48.8231081], [16.7664169, 48.8230574], [16.7664687, 48.823026], [16.7665319, 48.8230022], [16.7666807, 48.8229563], [16.7671825, 48.8228368], [16.7675688, 48.8227994], [16.767837, 48.8227834], [16.7681478, 48.8228376], [16.7683846, 48.8228931], [16.7685999, 48.822991], [16.7687353, 48.8231271], [16.7687853, 48.8232442], [16.7687645, 48.8233434], [16.7686603, 48.8234725], [16.7682003, 48.8238344], [16.7680877, 48.8239723], [16.7680332, 48.8241543]], [[16.7666199, 48.8258567], [16.7663049, 48.8258272], [16.7660645, 48.8257963], [16.765786, 48.8257365], [16.7654927, 48.8256421], [16.7651286, 48.8254822], [16.7647197, 48.8252633], [16.7646109, 48.8251392], [16.7645681, 48.8250467], [16.7645246, 48.8250011], [16.7644244, 48.8249918], [16.7643032, 48.825008], [16.7641857, 48.8250849], [16.7641481, 48.8251718], [16.7641596, 48.8252689], [16.76422, 48.8253678], [16.7642709, 48.82542], [16.7643893, 48.8255268], [16.7645676, 48.8256374], [16.764777, 48.8257351], [16.765268, 48.825878], [16.7656417, 48.8259558], [16.765937, 48.8260014], [16.7662059, 48.8260401], [16.7664594, 48.8260678], [16.7668706, 48.8260369], [16.7669674, 48.8260174], [16.7670493, 48.8259769], [16.7670664, 48.8259521], [16.7670618, 48.8259222], [16.7670189, 48.8258982], [16.7668955, 48.8258871], [16.7666199, 48.8258567]], [[16.7807497, 48.823048], [16.7803419, 48.8227109], [16.7795618, 48.8220806], [16.779317, 48.8218682], [16.7792298, 48.8218296], [16.7791457, 48.8218335], [16.7791839, 48.8219628], [16.7807324, 48.8232972], [16.7809392, 48.8234414], [16.7816688, 48.8238884], [16.7830666, 48.8248755], [16.7833898, 48.8251003], [16.7836252, 48.8252786], [16.7839754, 48.8254684], [16.7842051, 48.8255636], [16.7843693, 48.8255991], [16.7843759, 48.8255993], [16.7844476, 48.8256014], [16.7844814, 48.8255745], [16.7844886, 48.8255296], [16.7844853, 48.8255239], [16.7844617, 48.8254822], [16.7842645, 48.8252578], [16.7840186, 48.8250685], [16.7838347, 48.8249799], [16.7833187, 48.824751], [16.783076, 48.8246066], [16.782604, 48.8242981], [16.7819033, 48.8238043], [16.7813533, 48.823458], [16.7807497, 48.823048]], [[16.7751569, 48.823404], [16.7750868, 48.823412], [16.7752025, 48.8235175], [16.7753874, 48.8236522], [16.7758818, 48.8239086], [16.7768475, 48.8244615], [16.7771252, 48.8247195], [16.777365, 48.8249283], [16.7777171, 48.8251258], [16.7779802, 48.825244], [16.7781811, 48.8253329], [16.7783809, 48.8254468], [16.7791724, 48.8260214], [16.7795922, 48.826287], [16.7798788, 48.8264736], [16.7801833, 48.8266224], [16.7805746, 48.8267849], [16.7807915, 48.8268434], [16.7808985, 48.8268522], [16.7810972, 48.8268316], [16.7811936, 48.8267974], [16.7812588, 48.8267582], [16.78128, 48.8267077], [16.7812827, 48.8267014], [16.7812807, 48.8265908], [16.7812339, 48.8265218], [16.7811218, 48.8263889], [16.7809143, 48.8262045], [16.7804767, 48.8258715], [16.7799807, 48.82555], [16.7792247, 48.8250794], [16.7789959, 48.8249289], [16.778853, 48.8248594], [16.7786602, 48.8248287], [16.7783784, 48.824809], [16.7781806, 48.8247538], [16.7780181, 48.8246774], [16.7778488, 48.8245991], [16.7775868, 48.8244837], [16.7770877, 48.824339], [16.7768131, 48.8242419], [16.7764392, 48.8240395], [16.7764056, 48.824032], [16.7762245, 48.8239312], [16.7762156, 48.8239383], [16.776194, 48.8239163], [16.7761765, 48.8239164], [16.7753182, 48.823454], [16.7752236, 48.8234167], [16.7751569, 48.823404]], [[16.777317, 48.8238977], [16.7770982, 48.8236888], [16.7770338, 48.8235546], [16.7765678, 48.8233427], [16.7759951, 48.8231821], [16.7755895, 48.8230881], [16.7753825, 48.8231399], [16.7750471, 48.8231951], [16.7749265, 48.8232322], [16.7760792, 48.8237811], [16.7764848, 48.8239695], [16.7767405, 48.8237403], [16.7774208, 48.8242382], [16.7775072, 48.8243247], [16.7777739, 48.8244349], [16.777833, 48.8244685], [16.7779752, 48.8245492], [16.7781279, 48.8246562], [16.7781955, 48.8246918], [16.7784017, 48.8247475], [16.7786951, 48.8247465], [16.7788313, 48.8247805], [16.7789572, 48.8248372], [16.7795438, 48.8252218], [16.7802257, 48.825647], [16.7807744, 48.8260269], [16.7810851, 48.8263087], [16.7814468, 48.8266346], [16.7815353, 48.8267366], [16.7817566, 48.827227], [16.7818228, 48.8273627], [16.7819782, 48.8274244], [16.7824436, 48.8273737], [16.7826191, 48.8273139], [16.7826453, 48.8272673], [16.7826561, 48.8272002], [16.7826644, 48.8271162], [16.7825991, 48.8269719], [16.782498, 48.8267975], [16.7823535, 48.8266097], [16.7820657, 48.8263635], [16.7817799, 48.8261872], [16.7816261, 48.8260271], [16.7816057, 48.8259966], [16.781477, 48.8258696], [16.7814559, 48.8257922], [16.7813636, 48.8257037], [16.7812298, 48.825569], [16.7810128, 48.8253699], [16.780378, 48.8247706], [16.7799656, 48.8245646], [16.7787431, 48.8239221], [16.7786973, 48.8239004], [16.7786644, 48.8238786], [16.7783025, 48.8238376], [16.7778922, 48.8241128], [16.7777326, 48.8241646], [16.777317, 48.8238977]], [[16.7807824, 48.8282819], [16.7807086, 48.8283741], [16.7807308, 48.8284504], [16.780784, 48.8284865], [16.780891, 48.828494], [16.7810614, 48.8284118], [16.7813123, 48.8282572], [16.7814761, 48.8282167], [16.7816252, 48.8282369], [16.7817359, 48.8283436], [16.7817265, 48.8285864], [16.7816976, 48.8288896], [16.7815612, 48.8292502], [16.7817668, 48.8293165], [16.7820098, 48.8293335], [16.7821058, 48.828673], [16.782034, 48.8283547], [16.7818773, 48.8281051], [16.781762, 48.8279964], [16.7816185, 48.827941], [16.781421, 48.8279466], [16.7812153, 48.8280037], [16.780997, 48.8281086], [16.7807824, 48.8282819]], [[16.7903063, 48.8219543], [16.7901554, 48.8218656], [16.7899685, 48.8217647], [16.7898063, 48.8216967], [16.789684, 48.8216622], [16.7896407, 48.8216599], [16.7895866, 48.821657], [16.7895004, 48.821721], [16.789502, 48.8217783], [16.7895793, 48.8219373], [16.7897663, 48.8222218], [16.789991, 48.8225412], [16.7901352, 48.8227549], [16.7903852, 48.823051], [16.7905481, 48.8232159], [16.7907549, 48.8234447], [16.7909188, 48.8236705], [16.7911419, 48.8238916], [16.7912968, 48.8240346], [16.7914349, 48.8241638], [16.7915608, 48.8242689], [16.7916435, 48.8243144], [16.7917137, 48.8243199], [16.7917695, 48.8243139], [16.7920131, 48.8242878], [16.7922137, 48.8242315], [16.7923049, 48.8241676], [16.7923357, 48.8240983], [16.7923334, 48.824031], [16.7922212, 48.8237892], [16.7921918, 48.8236248], [16.7921917, 48.823523], [16.792152, 48.8234639], [16.7920256, 48.8233316], [16.7918311, 48.8231306], [16.7916869, 48.8229947], [16.7915342, 48.8228612], [16.7909725, 48.8223932], [16.7907252, 48.8222306], [16.7903063, 48.8219543]], [[16.7948536, 48.82351], [16.7949225, 48.8234905], [16.7949596, 48.8234637], [16.7949968, 48.8234127], [16.7948835, 48.8231416], [16.7948348, 48.823059], [16.7947665, 48.8229419], [16.7946348, 48.8228424], [16.7944913, 48.8227869], [16.7944163, 48.8227846], [16.7943952, 48.8227959], [16.7943735, 48.8228468], [16.7944107, 48.8229286], [16.794651, 48.8231318], [16.7947528, 48.8232449], [16.7947731, 48.8232872], [16.7947694, 48.8234284], [16.7948042, 48.8234925], [16.7948536, 48.82351]], [[16.7882415, 48.8235028], [16.7882162, 48.8235357], [16.7882191, 48.8235817], [16.7883491, 48.8237752], [16.7884, 48.8238178], [16.788461, 48.823838], [16.7885544, 48.8238324], [16.7886257, 48.8238182], [16.7886798, 48.8237978], [16.7887554, 48.8237333], [16.7888232, 48.8237028], [16.788928, 48.8236763], [16.7893836, 48.8236177], [16.7898664, 48.8235573], [16.7899284, 48.823528], [16.7899511, 48.8234893], [16.7899384, 48.8234526], [16.7898864, 48.8234387], [16.7897647, 48.823446], [16.7896306, 48.8234656], [16.7894838, 48.8234885], [16.7890853, 48.8235498], [16.7886458, 48.8235945], [16.7885591, 48.823585], [16.788447, 48.8235363], [16.7883681, 48.8234929], [16.7882896, 48.8234806], [16.7882415, 48.8235028]], [[16.7873772, 48.8233432], [16.7871917, 48.8234748], [16.7869808, 48.8237212], [16.7867876, 48.8239004], [16.786666, 48.824023], [16.7866509, 48.8241142], [16.7867525, 48.8242416], [16.7869361, 48.8244208], [16.7871536, 48.8246255], [16.7873803, 48.8248542], [16.7875901, 48.8250353], [16.7877031, 48.8251815], [16.7877928, 48.8252628], [16.7878319, 48.8253442], [16.787835, 48.8254104], [16.7878429, 48.8255059], [16.7879584, 48.8257256], [16.7880002, 48.8259184], [16.7881394, 48.8259896], [16.7882925, 48.8259913], [16.7884136, 48.8259364], [16.7886431, 48.8258548], [16.7890767, 48.8257424], [16.7892308, 48.8256778], [16.7894104, 48.8255592], [16.78955, 48.8253827], [16.78966, 48.8252258], [16.789813, 48.8250827], [16.789998, 48.8249537], [16.7902765, 48.8247968], [16.7905218, 48.8247614], [16.7908377, 48.8247563], [16.7909507, 48.8247301], [16.7909731, 48.824693], [16.7909487, 48.8246107], [16.7909041, 48.824506], [16.7906813, 48.8241885], [16.7903425, 48.8236476], [16.7901846, 48.8235902], [16.7899514, 48.8235975], [16.7896868, 48.8236035], [16.789269, 48.8236539], [16.78899, 48.8237045], [16.7886973, 48.8238049], [16.7884757, 48.8239314], [16.788342, 48.823976], [16.7882563, 48.8239504], [16.7881647, 48.8238382], [16.7879688, 48.8236075], [16.7877601, 48.8233967], [16.7876245, 48.8233032], [16.7873772, 48.8233432]], [[16.7840153, 48.825873], [16.7841136, 48.8258632], [16.7842164, 48.8258372], [16.7843128, 48.8257673], [16.7843192, 48.8257026], [16.7842695, 48.8256506], [16.7842004, 48.8256355], [16.7840681, 48.8256518], [16.7839638, 48.8257237], [16.783948, 48.825798], [16.7839577, 48.825846], [16.7840153, 48.825873]], [[16.784309, 48.8264092], [16.7842813, 48.8264593], [16.7843091, 48.8264965], [16.784392, 48.826529], [16.7844597, 48.8265286], [16.7846133, 48.8265022], [16.7847088, 48.8264408], [16.7848029, 48.826362], [16.784898, 48.8262132], [16.7847169, 48.8262396], [16.7845541, 48.8262833], [16.7843762, 48.8263582], [16.784309, 48.8264092]], [[16.7861661, 48.8257398], [16.7859231, 48.825863], [16.7853921, 48.826023], [16.7856215, 48.8261555], [16.7857692, 48.8262409], [16.7863955, 48.8266027], [16.7870702, 48.827005], [16.7877577, 48.8274404], [16.7878179, 48.8274681], [16.7883637, 48.8277198], [16.7885741, 48.8277301], [16.7890014, 48.8276124], [16.7892062, 48.827445], [16.7893402, 48.8272499], [16.7893658, 48.827107], [16.7892682, 48.8269465], [16.7890634, 48.8268468], [16.7887606, 48.8267293], [16.7885319, 48.826575], [16.7883153, 48.8264052], [16.7880428, 48.8262081], [16.787874, 48.8261502], [16.7877482, 48.8260808], [16.7876348, 48.8259974], [16.7874877, 48.8258772], [16.7874837, 48.8258723], [16.7874105, 48.8257818], [16.7873802, 48.8257443], [16.7872294, 48.8254459], [16.7870132, 48.8252907], [16.7869551, 48.8252564], [16.7869193, 48.8252353], [16.7867915, 48.8252038], [16.7864163, 48.8255456], [16.7861661, 48.8257398]], [[16.7818551, 48.82785], [16.7820356, 48.8280225], [16.7821299, 48.8282029], [16.7821819, 48.8283552], [16.7821717, 48.8286422], [16.782214, 48.8288568], [16.7822985, 48.8290888], [16.7824825, 48.829523], [16.7827956, 48.8295783], [16.7831208, 48.8296173], [16.7834207, 48.8296518], [16.7837499, 48.8296748], [16.7839626, 48.8296806], [16.7840481, 48.8295998], [16.7840677, 48.8295975], [16.7841209, 48.8296076], [16.7841572, 48.8296798], [16.7845213, 48.8296881], [16.784566, 48.8296744], [16.7846222, 48.8296418], [16.7846718, 48.8295976], [16.78473, 48.8294727], [16.7847298, 48.8293941], [16.7843425, 48.8284444], [16.784115, 48.8278227], [16.7839565, 48.8274863], [16.7838814, 48.8273717], [16.7837512, 48.8273626], [16.7833726, 48.8273923], [16.7826649, 48.8274354], [16.7820395, 48.8275207], [16.7819358, 48.8275584], [16.7818677, 48.8276125], [16.7818327, 48.8276718], [16.7818045, 48.827768], [16.7818551, 48.82785]]]}, "properties": {"id": "3ea2d176-48a3-381d-999d-e9b4a3e50e85", "names": null, "subtype": "forest", "class": "forest", "surface": null}}, {"type": "Feature", "geometry": {"type": "Polygon", "coordinates": [[[16.7769415, 48.8215592], [16.777081, 48.8215537], [16.7776324, 48.8221008], [16.7775553, 48.8222937], [16.7774066, 48.8223087], [16.7771321, 48.8221399], [16.7769415, 48.8215592]]]}, "properties": {"id": "1dd8162c-7d6a-34bf-b4e4-79c5776c2116", "names": null, "subtype": "wetland", "class": "wetland", "surface": null}}, {"type": "Feature", "geometry": {"type": "Polygon", "coordinates": [[[16.7799523, 48.8251632], [16.7797759, 48.8250681], [16.7793904, 48.8247133], [16.7788192, 48.8243519], [16.7786424, 48.824351], [16.7786348, 48.8245517], [16.7786872, 48.8246236], [16.7785758, 48.8247359], [16.7783707, 48.8247281], [16.7775754, 48.8243543], [16.7773087, 48.8241782], [16.7769647, 48.82381], [16.7760753, 48.8237479], [16.7759597, 48.8236408], [16.7768999, 48.8236318], [16.7773189, 48.8239923], [16.7774691, 48.8241894], [16.7779702, 48.8242548], [16.7782227, 48.8241354], [16.7784145, 48.8240867], [16.7787007, 48.8241716], [16.7789304, 48.8241795], [16.7795415, 48.8245372], [16.7799364, 48.8247016], [16.7802626, 48.8248875], [16.7803877, 48.8251758], [16.7799523, 48.8251632]]]}, "properties": {"id": "40014ab6-b35b-38a9-818e-503491ae6cc6", "names": null, "subtype": "wetland", "class": "wetland", "surface": null}}, {"type": "Feature", "geometry": {"type": "Polygon", "coordinates": [[[16.8192744, 48.819563], [16.8190438, 48.8193899], [16.8188077, 48.8192592], [16.8185663, 48.8190614], [16.8185234, 48.8183621], [16.8199986, 48.818355], [16.8224577, 48.8182018], [16.8225701, 48.81825], [16.8225841, 48.818256], [16.8226402, 48.8182921], [16.8226723, 48.8183127], [16.8227745, 48.8183931], [16.8229568, 48.8185893], [16.8230125, 48.8185236], [16.8232295, 48.8183479], [16.8233149, 48.8182932], [16.8233732, 48.818271], [16.823416, 48.8182686], [16.8233712, 48.8183197], [16.8232972, 48.8183715], [16.8231854, 48.8184713], [16.8230601, 48.8186046], [16.8230368, 48.8186654], [16.8230889, 48.818716], [16.8234489, 48.818949], [16.8235608, 48.8189947], [16.823838, 48.8190319], [16.8240107, 48.8190623], [16.8241011, 48.8190837], [16.8241822, 48.8190822], [16.8243528, 48.8190688], [16.8245828, 48.8189744], [16.8248155, 48.8189458], [16.8252374, 48.8189081], [16.8254169, 48.8189591], [16.8254865, 48.818984], [16.8256471, 48.819027], [16.8258691, 48.8191171], [16.8260756, 48.8194028], [16.8261107, 48.8194314], [16.826421, 48.8197858], [16.8263848, 48.8198665], [16.8263809, 48.8199856], [16.8265123, 48.8200725], [16.8266722, 48.8201342], [16.8268449, 48.8201245], [16.826966, 48.820095], [16.8271235, 48.8201294], [16.8272352, 48.8201589], [16.8273816, 48.8202197], [16.8274993, 48.8202803], [16.8276612, 48.8204507], [16.8276837, 48.8205499], [16.8278705, 48.8207316], [16.8279662, 48.8208309], [16.8281187, 48.82094], [16.8284608, 48.8212938], [16.8283903, 48.8215132], [16.8283445, 48.8216972], [16.828337, 48.8218305], [16.8284034, 48.8219554], [16.8284974, 48.822027], [16.8286398, 48.8220269], [16.828779, 48.8220131], [16.8290148, 48.8219598], [16.8292266, 48.8219284], [16.8300804, 48.8205825], [16.8306495, 48.819563], [16.8313743, 48.8183755], [16.8314382, 48.8183585], [16.831508, 48.8183674], [16.8315536, 48.8184274], [16.8283577, 48.8239673], [16.8282934, 48.824068], [16.8281658, 48.8241462], [16.8282809, 48.8239505], [16.8282604, 48.8238507], [16.8282205, 48.8237951], [16.8282133, 48.823785], [16.8280818, 48.8237515], [16.8276773, 48.8237882], [16.8273656, 48.8238627], [16.8273577, 48.8238792], [16.8273195, 48.8239717], [16.8269288, 48.8241199], [16.8266673, 48.8241795], [16.8263736, 48.8242179], [16.8261179, 48.8242155], [16.8259818, 48.8242531], [16.8253373, 48.8244995], [16.8248673, 48.8246558], [16.8246402, 48.8247829], [16.8243544, 48.8250298], [16.8239512, 48.8254115], [16.8236035, 48.8254754], [16.8233943, 48.825539], [16.8229544, 48.825486], [16.8226433, 48.825705], [16.8223429, 48.8259981], [16.8227184, 48.8260758], [16.8231904, 48.8260087], [16.82392, 48.8260334], [16.82473, 48.8259981], [16.8252226, 48.8261219], [16.825383, 48.8262669], [16.8254847, 48.8264195], [16.8254944, 48.8265559], [16.8254125, 48.826675], [16.8251928, 48.8267818], [16.8247455, 48.82689], [16.8239027, 48.8270475], [16.8235752, 48.827126], [16.8232881, 48.8272092], [16.8230554, 48.8272853], [16.8228886, 48.827318], [16.8226504, 48.827438], [16.8224984, 48.8275404], [16.8222844, 48.8276974], [16.8221615, 48.8277983], [16.822052, 48.8279181], [16.8219756, 48.8280883], [16.8219114, 48.8282674], [16.8218309, 48.8283775], [16.8216942, 48.8285046], [16.8215483, 48.8286038], [16.8207882, 48.8288305], [16.8207416, 48.8288444], [16.8209895, 48.8290072], [16.821426, 48.8292247], [16.8214874, 48.8293203], [16.8214618, 48.8293954], [16.8210471, 48.8295483], [16.8209502, 48.8295886], [16.82089, 48.8296315], [16.8208295, 48.8297014], [16.8208145, 48.8298433], [16.8207989, 48.829919], [16.8207599, 48.8300266], [16.8206649, 48.8301412], [16.820651, 48.8302026], [16.8206895, 48.8302704], [16.8206369, 48.8303148], [16.8202727, 48.8302764], [16.8202421, 48.8302886], [16.8201152, 48.8303325], [16.8199544, 48.830388], [16.8197838, 48.8305068], [16.81964, 48.830656], [16.8197395, 48.8309838], [16.8196092, 48.8310842], [16.8193522, 48.8311495], [16.819083, 48.8312038], [16.8190451, 48.8312114], [16.8189594, 48.8312163], [16.8187137, 48.8311513], [16.8184925, 48.8310437], [16.8181227, 48.830858], [16.8180831, 48.8307249], [16.818268, 48.8305533], [16.8188972, 48.8299921], [16.8190518, 48.8296411], [16.819207, 48.829226], [16.8192061, 48.8289655], [16.8192344, 48.8288481], [16.819284, 48.8287431], [16.8193591, 48.8286497], [16.8194454, 48.828576], [16.8195142, 48.8285391], [16.8195445, 48.828481], [16.8195463, 48.8284255], [16.8194476, 48.8283358], [16.8192049, 48.8282854], [16.8193969, 48.8282366], [16.8196215, 48.8282354], [16.8197352, 48.8281863], [16.8202132, 48.8279475], [16.8204868, 48.8279193], [16.8214846, 48.8271423], [16.8215811, 48.8268669], [16.8219459, 48.8263371], [16.8223911, 48.8257156], [16.8229061, 48.8253271], [16.8220003, 48.8246633], [16.8178533, 48.8250726], [16.8170076, 48.8242581], [16.8175379, 48.8230921], [16.8173661, 48.823147], [16.8171922, 48.8232245], [16.8166545, 48.8234014], [16.8159121, 48.8236771], [16.8154303, 48.8239945], [16.8152602, 48.8241065], [16.8149459, 48.8242908], [16.8147206, 48.8244587], [16.8145925, 48.8245402], [16.814279, 48.8247201], [16.8135727, 48.8250607], [16.8132896, 48.8252128], [16.8132715, 48.8252748], [16.8131845, 48.8253393], [16.8129766, 48.8254325], [16.8126089, 48.8255651], [16.8123931, 48.8256559], [16.8124371, 48.825706], [16.8124539, 48.8257379], [16.8122771, 48.8257989], [16.8121623, 48.8258406], [16.8121695, 48.8259496], [16.8121009, 48.8260796], [16.8120365, 48.8261565], [16.811928, 48.8262358], [16.811713, 48.8262787], [16.8115949, 48.8262976], [16.8112142, 48.8263317], [16.8110592, 48.8263761], [16.8110168, 48.82639], [16.8108728, 48.8264372], [16.8106244, 48.826552], [16.8100209, 48.8267288], [16.8093639, 48.8268983], [16.8091685, 48.8269552], [16.8089904, 48.827007], [16.8088605, 48.8270233], [16.8087142, 48.8270556], [16.8084502, 48.8270626], [16.8083239, 48.8270421], [16.8081284, 48.8270103], [16.8077696, 48.8269329], [16.8074473, 48.8268499], [16.8071859, 48.8267892], [16.8064275, 48.8266839], [16.8062776, 48.8266708], [16.8060588, 48.8265398], [16.8055377, 48.8261237], [16.8053169, 48.8259627], [16.8050255, 48.8258321], [16.804626, 48.8257094], [16.8041344, 48.8255377], [16.8037581, 48.8253641], [16.8035073, 48.8252701], [16.8033433, 48.8252086], [16.802803, 48.8250416], [16.8027111, 48.8250074], [16.8026676, 48.8249912], [16.8024978, 48.8251784], [16.8024183, 48.8253134], [16.8022674, 48.8255697], [16.8022459, 48.8256075], [16.8021774, 48.8257393], [16.8020967, 48.8259483], [16.8020224, 48.8261405], [16.8019872, 48.826325], [16.8019361, 48.8265928], [16.8019068, 48.8268638], [16.8019939, 48.8271655], [16.8020961, 48.8276826], [16.8021306, 48.8283497], [16.8020505, 48.8284825], [16.8020972, 48.8285671], [16.8021395, 48.828637], [16.8021859, 48.8286981], [16.8022472, 48.8287512], [16.8023105, 48.8287664], [16.8024172, 48.8287847], [16.8025058, 48.8287873], [16.8027046, 48.8287857], [16.8028136, 48.8287807], [16.802915, 48.8287977], [16.8030026, 48.8288409], [16.8030624, 48.8288866], [16.8030914, 48.8289366], [16.8030916, 48.8289954], [16.8030596, 48.8290673], [16.8029823, 48.8291397], [16.8029145, 48.8291955], [16.8028031, 48.8292665], [16.8027024, 48.8293399], [16.8026755, 48.829414], [16.802715, 48.8294665], [16.8028064, 48.8294946], [16.8029219, 48.8294746], [16.8030314, 48.8294406], [16.8031493, 48.8293973], [16.8032615, 48.8293119], [16.8033209, 48.8292492], [16.8033873, 48.8291507], [16.803466, 48.8290784], [16.8035755, 48.8290273], [16.8037662, 48.8289139], [16.8039142, 48.8288103], [16.8040081, 48.8287716], [16.8039305, 48.8288883], [16.8036719, 48.8290494], [16.8035704, 48.8291191], [16.8034549, 48.8292422], [16.8033978, 48.8293594], [16.8032578, 48.829507], [16.8031061, 48.8295561], [16.8029139, 48.8295934], [16.8028024, 48.8296308], [16.8026846, 48.829657], [16.8026333, 48.8297375], [16.8024834, 48.829879], [16.8023537, 48.8299875], [16.8022941, 48.8300521], [16.80219, 48.8301036], [16.8020294, 48.830191], [16.8018849, 48.8302813], [16.8016598, 48.8303524], [16.8014979, 48.8304144], [16.8012953, 48.8304392], [16.8011679, 48.8304393], [16.8010228, 48.8304301], [16.800873, 48.8304079], [16.800747, 48.8303648], [16.8006561, 48.8303169], [16.8005698, 48.8301969], [16.8004986, 48.8301712], [16.8004512, 48.8300991], [16.8004024, 48.8300189], [16.8003914, 48.8299421], [16.8003922, 48.8298852], [16.8004353, 48.8298385], [16.8005356, 48.8298111], [16.8006126, 48.8297062], [16.8006913, 48.8296682], [16.8008029, 48.8296209], [16.8008758, 48.8295075], [16.8009812, 48.8294479], [16.8011126, 48.8294145], [16.8012048, 48.8294372], [16.8012386, 48.8294658], [16.8015005, 48.8293955], [16.8016205, 48.8293902], [16.8019112, 48.8293282], [16.8019704, 48.829335], [16.801949, 48.8293833], [16.80186, 48.8294169], [16.8017982, 48.8294099], [16.8016168, 48.829456], [16.8015467, 48.8295009], [16.8013687, 48.8295174], [16.801159, 48.8295697], [16.8009298, 48.8296586], [16.8008189, 48.8297178], [16.8007454, 48.8297751], [16.8006909, 48.8298247], [16.8006636, 48.8299096], [16.8007044, 48.8300661], [16.8008301, 48.8301192], [16.8008642, 48.8301885], [16.8008735, 48.830276], [16.8009817, 48.8303278], [16.8011077, 48.8303447], [16.8013075, 48.830346], [16.801486, 48.8303005], [16.8015628, 48.8302996], [16.8016346, 48.8302702], [16.8017155, 48.8302442], [16.8018456, 48.8301845], [16.8019983, 48.8301029], [16.8021063, 48.8300526], [16.8021257, 48.8299915], [16.8021614, 48.8299569], [16.8022336, 48.8299421], [16.8024083, 48.8298087], [16.8025221, 48.8296538], [16.8025039, 48.8296046], [16.8024477, 48.8295537], [16.8024061, 48.829454], [16.802397, 48.8293738], [16.8024267, 48.8293162], [16.802561, 48.8291962], [16.8026904, 48.8291745], [16.8027985, 48.8291242], [16.8029757, 48.8289837], [16.8029317, 48.8289074], [16.8028546, 48.828893], [16.8027662, 48.8288805], [16.8026338, 48.8288776], [16.8025238, 48.8288889], [16.8023873, 48.8288948], [16.8022547, 48.8288846], [16.8021345, 48.8288482], [16.80203, 48.8287903], [16.8019523, 48.8287198], [16.8019272, 48.8286538], [16.8018748, 48.8285878], [16.8017005, 48.8285557], [16.8013577, 48.8286704], [16.8009159, 48.8289071], [16.8005327, 48.8290829], [16.8003752, 48.8292259], [16.8003105, 48.8295537], [16.8002142, 48.8299108], [16.8002277, 48.8300664], [16.8002266, 48.8301555], [16.8002338, 48.8302075], [16.8002834, 48.8303605], [16.8002885, 48.8304739], [16.8003134, 48.8306095], [16.8002016, 48.830769], [16.7999925, 48.8307794], [16.8000021, 48.8304949], [16.8001079, 48.8294827], [16.8001189, 48.8293259], [16.8000264, 48.8292916], [16.7989018, 48.8298435], [16.7976631, 48.8304117], [16.7971537, 48.8306486], [16.7962595, 48.8310645], [16.7954362, 48.8313933], [16.7950899, 48.831493], [16.79506, 48.831542], [16.7953716, 48.8317969], [16.7954701, 48.8318693], [16.7954742, 48.8319651], [16.7953008, 48.8319415], [16.7951667, 48.8318462], [16.7948931, 48.8316908], [16.7946625, 48.8315566], [16.7942762, 48.8316979], [16.7939416, 48.831671], [16.7944528, 48.831429], [16.7945112, 48.8313553], [16.7944434, 48.8312656], [16.7942975, 48.8311668], [16.7942433, 48.8310862], [16.7942851, 48.8310303], [16.79437, 48.8310308], [16.794465, 48.8310716], [16.7946035, 48.8311809], [16.7947689, 48.8313028], [16.7948433, 48.8313342], [16.7949928, 48.8313419], [16.7952505, 48.8312975], [16.7955307, 48.8311985], [16.7967154, 48.8306565], [16.7968667, 48.83057], [16.7961199, 48.8300736], [16.7956269, 48.8298262], [16.7952084, 48.8296939], [16.7943961, 48.8295921], [16.7938388, 48.8296165], [16.7935932, 48.8296708], [16.7927816, 48.8298376], [16.7927388, 48.8298504], [16.792653, 48.8297083], [16.7926401, 48.8295664], [16.7927083, 48.82944], [16.7927522, 48.8293798], [16.7929179, 48.8292855], [16.7931008, 48.8292723], [16.7931091, 48.8292717], [16.7932753, 48.8292263], [16.7933188, 48.8292113], [16.7936609, 48.8290932], [16.7938394, 48.8290821], [16.7938598, 48.8290713], [16.7941609, 48.8289944], [16.7947937, 48.828843], [16.7948953, 48.8288187], [16.7951196, 48.8287278], [16.7952184, 48.8285911], [16.7952319, 48.8284503], [16.7951919, 48.8283503], [16.7949316, 48.8280542], [16.7948263, 48.8279669], [16.7944377, 48.8276446], [16.7943532, 48.8275227], [16.7943448, 48.8274552], [16.7944282, 48.8273985], [16.7945471, 48.8274061], [16.7948865, 48.8274767], [16.7949116, 48.827477], [16.7950122, 48.8274783], [16.795078, 48.8274612], [16.7951456, 48.8274161], [16.7952269, 48.8273522], [16.7953186, 48.8273097], [16.7953683, 48.8273022], [16.7954084, 48.8272961], [16.7955089, 48.82737], [16.7955721, 48.8274802], [16.79563, 48.8275123], [16.7957612, 48.8275224], [16.7958629, 48.8275032], [16.7960564, 48.8274064], [16.7963655, 48.8272896], [16.7965365, 48.8272138], [16.7967674, 48.8271657], [16.7969972, 48.8270784], [16.797027, 48.8270671], [16.7973624, 48.8269476], [16.7977245, 48.8270447], [16.7978569, 48.8270802], [16.7979515, 48.8271033], [16.7980934, 48.8270364], [16.7981026, 48.8270037], [16.7980999, 48.8269877], [16.7980868, 48.8269099], [16.7980549, 48.8267201], [16.7980027, 48.826323], [16.7979826, 48.8261698], [16.7981015, 48.8260686], [16.7983108, 48.8259928], [16.7991514, 48.8257123], [16.7997627, 48.8255009], [16.8007719, 48.8252564], [16.8013588, 48.8250516], [16.8015389, 48.8249603], [16.8017876, 48.8248479], [16.8018802, 48.8247657], [16.8019262, 48.8246968], [16.8018653, 48.8246534], [16.8017155, 48.8245969], [16.8015238, 48.824579], [16.8012085, 48.8245919], [16.8004943, 48.8247994], [16.8003607, 48.8247955], [16.800221, 48.8247547], [16.7998486, 48.8245554], [16.7996661, 48.8244803], [16.7994998, 48.8244751], [16.7992556, 48.824581], [16.7987973, 48.8247661], [16.7979954, 48.8250701], [16.7978373, 48.8251444], [16.7969637, 48.8254757], [16.7957955, 48.825888], [16.7952038, 48.8261339], [16.7943716, 48.8265715], [16.7937247, 48.8270312], [16.7933046, 48.8273737], [16.7927749, 48.827825], [16.7925689, 48.8280087], [16.7921644, 48.8283621], [16.7913506, 48.8290315], [16.7907923, 48.8294131], [16.7906243, 48.8295126], [16.7903175, 48.8296838], [16.7899137, 48.829879], [16.789435, 48.8300888], [16.789103, 48.8302203], [16.7886659, 48.8303752], [16.7881723, 48.8305267], [16.7876029, 48.830694], [16.7875524, 48.8311701], [16.7874945, 48.8316173], [16.7874441, 48.8320606], [16.787444, 48.8323436], [16.7874755, 48.8327111], [16.7891851, 48.8328991], [16.7902051, 48.8330047], [16.7907412, 48.8330357], [16.7908808, 48.8330111], [16.7912063, 48.8328602], [16.7914682, 48.832713], [16.791646, 48.8326114], [16.7920601, 48.8324034], [16.7922376, 48.8323358], [16.7922485, 48.8325489], [16.7915297, 48.8329903], [16.7912206, 48.8331611], [16.7907264, 48.8331362], [16.7906629, 48.8331684], [16.7906565, 48.8332083], [16.7906777, 48.8332579], [16.7907637, 48.8332851], [16.7913904, 48.8333173], [16.7917051, 48.8332856], [16.7923838, 48.8331312], [16.7927099, 48.833076], [16.7930852, 48.8330523], [16.793511, 48.8330423], [16.7937605, 48.833061], [16.7940145, 48.8330894], [16.7942359, 48.8331448], [16.7947833, 48.8333227], [16.79497, 48.8333921], [16.7952456, 48.8335112], [16.7957294, 48.8337925], [16.7960712, 48.8340334], [16.7962192, 48.8341858], [16.79657, 48.8350409], [16.7966296, 48.8351947], [16.7966894, 48.8352791], [16.7967867, 48.8353057], [16.7968293, 48.8352653], [16.7968417, 48.8352213], [16.7968163, 48.8351348], [16.7968555, 48.8351867], [16.7972084, 48.8353207], [16.7973239, 48.8353271], [16.7982453, 48.8353784], [16.7988689, 48.8353663], [16.7992502, 48.8353466], [16.7994683, 48.8352968], [16.799714, 48.835249], [16.8002304, 48.8349975], [16.80069, 48.8347513], [16.8009124, 48.8346741], [16.8011749, 48.8346375], [16.8016667, 48.8346546], [16.8019794, 48.8346643], [16.8030419, 48.8347575], [16.8029504, 48.8348761], [16.8025951, 48.8349137], [16.8022442, 48.8349065], [16.8019317, 48.834882], [16.8016164, 48.8349007], [16.8010822, 48.835029], [16.8008243, 48.8350996], [16.8007048, 48.8351447], [16.8004881, 48.8352064], [16.8002591, 48.8352936], [16.8000866, 48.835353], [16.8000136, 48.8354239], [16.799882, 48.8354761], [16.8000231, 48.8359128], [16.8000098, 48.8359466], [16.7999926, 48.8359905], [16.799888, 48.8360759], [16.7997918, 48.8361393], [16.799432, 48.8363818], [16.7993254, 48.8364586], [16.7992463, 48.8365221], [16.7991764, 48.8369979], [16.7991701, 48.8371095], [16.7989272, 48.8372416], [16.798616, 48.8372875], [16.7982084, 48.837344], [16.7978167, 48.8373369], [16.797517, 48.837193], [16.7970855, 48.8369705], [16.7964053, 48.8362901], [16.7961377, 48.8361011], [16.7958105, 48.8358328], [16.7953438, 48.8357021], [16.7947215, 48.8356915], [16.7942977, 48.8357198], [16.7933589, 48.8362212], [16.7930983, 48.8362803], [16.7929794, 48.836189], [16.7923005, 48.8356003], [16.7922034, 48.8355592], [16.7921196, 48.8355474], [16.7920371, 48.8355551], [16.7919735, 48.8355951], [16.7919307, 48.8356687], [16.7919532, 48.8357414], [16.7921036, 48.8362212], [16.792801, 48.8366802], [16.7931005, 48.8369142], [16.7929463, 48.8370097], [16.7922431, 48.8366096], [16.7919213, 48.8363271], [16.7913446, 48.8356936], [16.7912345, 48.8355913], [16.7904996, 48.8350222], [16.7903396, 48.8349891], [16.7902852, 48.8349853], [16.7901561, 48.8350347], [16.7898772, 48.8352632], [16.7897897, 48.8353568], [16.7897438, 48.8353682], [16.7890551, 48.8360932], [16.7888448, 48.8365125], [16.7887576, 48.836645], [16.7887797, 48.8368507], [16.7890713, 48.8374721], [16.7890968, 48.8375493], [16.7891309, 48.837747], [16.7891442, 48.8379975], [16.7889687, 48.8380494], [16.7887441, 48.8373478], [16.7885544, 48.8368713], [16.7884644, 48.8366249], [16.7883951, 48.836384], [16.7884372, 48.8362879], [16.7884208, 48.8362089], [16.7885633, 48.8360724], [16.7895165, 48.8350646], [16.7895467, 48.8350296], [16.7896319, 48.8349424], [16.7898142, 48.8347706], [16.7899584, 48.834683], [16.7900241, 48.8346578], [16.790106, 48.8346508], [16.7902216, 48.8346471], [16.7903125, 48.8346869], [16.7912786, 48.8353693], [16.7917442, 48.835748], [16.7918354, 48.8354691], [16.7919446, 48.8349698], [16.7912231, 48.8340156], [16.7909881, 48.8337249], [16.7908451, 48.8335481], [16.7906518, 48.8333338], [16.7904522, 48.8331592], [16.7903685, 48.8331132], [16.7900881, 48.8330598], [16.7870258, 48.8327141], [16.786719, 48.8326878], [16.7867714, 48.8322523], [16.7866373, 48.8319203], [16.7862242, 48.8315601], [16.7852372, 48.8313235], [16.7846739, 48.8310763], [16.7851675, 48.8310446], [16.7871308, 48.8315319], [16.7872488, 48.8309563], [16.7873159, 48.8306702], [16.7877692, 48.8305608], [16.7891961, 48.830084], [16.7902315, 48.8296391], [16.7909825, 48.8291553], [16.7917442, 48.8285832], [16.7936861, 48.8269446], [16.7945874, 48.8263618], [16.7957246, 48.8258321], [16.798718, 48.8246967], [16.7994744, 48.8243558], [16.7998069, 48.8241898], [16.8008745, 48.8235612], [16.8012312, 48.8232486], [16.8014833, 48.8230703], [16.8015799, 48.8230597], [16.8016013, 48.8230985], [16.8015316, 48.823185], [16.8001985, 48.8241369], [16.8001503, 48.8244053], [16.8004614, 48.8245324], [16.8008316, 48.8244194], [16.8019313, 48.8239214], [16.80206, 48.8236565], [16.8023336, 48.822484], [16.8026715, 48.8219895], [16.803621, 48.8211242], [16.8040114, 48.8210185], [16.8040091, 48.8211187], [16.8040996, 48.8211865], [16.8042677, 48.8212398], [16.8047395, 48.8212953], [16.8049414, 48.8213405], [16.805279, 48.8214161], [16.8058766, 48.8215327], [16.8063368, 48.8216353], [16.8066277, 48.8217089], [16.8070004, 48.8218271], [16.8071519, 48.821882], [16.8073771, 48.821904], [16.8077276, 48.8218443], [16.8078289, 48.8218959], [16.8077751, 48.821987], [16.8076785, 48.8220064], [16.807527, 48.8220202], [16.8073188, 48.8220202], [16.8071731, 48.8219914], [16.8068311, 48.8218931], [16.8065249, 48.8218293], [16.8061805, 48.821808], [16.806122, 48.8218139], [16.8060719, 48.8218276], [16.806007, 48.8218565], [16.8058874, 48.8219368], [16.8057423, 48.8220631], [16.805565, 48.8221665], [16.8052974, 48.82231], [16.8050433, 48.822413], [16.8050372, 48.8224155], [16.8048668, 48.8225194], [16.8048052, 48.8225984], [16.8047487, 48.8227334], [16.8046878, 48.8228079], [16.8046054, 48.8228811], [16.8045198, 48.8229366], [16.804472, 48.8229532], [16.8044224, 48.8229633], [16.8042152, 48.8229742], [16.8041241, 48.8229706], [16.8039725, 48.8229526], [16.804006, 48.8227236], [16.8041274, 48.822298], [16.8041939, 48.8219934], [16.8042694, 48.8217067], [16.8042298, 48.8216484], [16.8041458, 48.8216055], [16.8039827, 48.8215756], [16.8034135, 48.8215498], [16.8034096, 48.8215501], [16.8033326, 48.8215554], [16.8032888, 48.8215641], [16.8032316, 48.8215963], [16.8031427, 48.8216699], [16.8027846, 48.8220028], [16.802746, 48.8220961], [16.8027402, 48.8221951], [16.8028317, 48.8223506], [16.8028284, 48.8224399], [16.8027303, 48.8228228], [16.8026133, 48.823357], [16.8025932, 48.823449], [16.8025894, 48.8234903], [16.80259, 48.8235464], [16.80231, 48.823565], [16.802251, 48.823885], [16.802399, 48.82395], [16.802558, 48.823996], [16.8026483, 48.8240154], [16.802908, 48.824021], [16.803685, 48.82415], [16.8042831, 48.8242], [16.804571, 48.824246], [16.8046999, 48.8242523], [16.8049525, 48.8243259], [16.8052283, 48.8244338], [16.805611, 48.8246015], [16.8060228, 48.8247929], [16.8063643, 48.8249614], [16.806693, 48.8251416], [16.807063, 48.8254143], [16.8073891, 48.8256368], [16.807472, 48.8256751], [16.8075163, 48.8256891], [16.8075614, 48.8256985], [16.8076105, 48.8256992], [16.8076596, 48.8256921], [16.8077714, 48.8256489], [16.8079105, 48.825566], [16.8081174, 48.825409], [16.8083843, 48.8251822], [16.8084866, 48.8251106], [16.8086297, 48.8250465], [16.8088358, 48.8249821], [16.8094157, 48.8248974], [16.809812, 48.824846], [16.8099928, 48.8248116], [16.8102057, 48.8247533], [16.8106037, 48.8245819], [16.8114709, 48.8242344], [16.8115932, 48.8241977], [16.8117597, 48.8241587], [16.8118881, 48.8241179], [16.8119321, 48.8240992], [16.8119541, 48.8240727], [16.8119536, 48.8240643], [16.8121629, 48.8240542], [16.8123315, 48.824137], [16.8124182, 48.8241512], [16.8125925, 48.8240801], [16.8128277, 48.8239364], [16.8132427, 48.823713], [16.8138712, 48.8234049], [16.8144893, 48.8230925], [16.8153269, 48.822658], [16.8157039, 48.8224672], [16.8161443, 48.8222301], [16.8165729, 48.8220068], [16.8169104, 48.8218403], [16.816916, 48.8218142], [16.8169374, 48.8217138], [16.8168148, 48.8215208], [16.8167159, 48.8212996], [16.8166845, 48.8211961], [16.8166638, 48.8211278], [16.8166535, 48.8210638], [16.816675, 48.8209631], [16.8167239, 48.8208715], [16.8168344, 48.8207364], [16.8169417, 48.8206308], [16.8170212, 48.8205784], [16.8171221, 48.8204869], [16.8174116, 48.8202086], [16.8175811, 48.8199871], [16.8177438, 48.819757], [16.8177919, 48.8196617], [16.8177944, 48.8195769], [16.8177045, 48.8194106], [16.8176463, 48.8192094], [16.8176486, 48.8189971], [16.8175838, 48.8187936], [16.8174988, 48.8187082], [16.8173325, 48.8186552], [16.8171716, 48.8186129], [16.816957, 48.8185811], [16.8166298, 48.818574], [16.8164849, 48.8184857], [16.8166941, 48.8184716], [16.8171501, 48.8184645], [16.817472, 48.8184574], [16.8175846, 48.8185563], [16.8177885, 48.8191462], [16.8179816, 48.8195877], [16.818046, 48.8197714], [16.8181103, 48.8198774], [16.8183893, 48.8199127], [16.8186468, 48.8199091], [16.8188024, 48.8199374], [16.8187863, 48.8200999], [16.8186575, 48.8203436], [16.818577, 48.8206968], [16.8186414, 48.8209052], [16.8188721, 48.8207957], [16.819253, 48.8203083], [16.8194675, 48.8200928], [16.8197679, 48.8198632], [16.8200415, 48.8196372], [16.820122, 48.81945], [16.820063, 48.819238], [16.8199825, 48.8189661], [16.8199933, 48.8187435], [16.819945, 48.8184786], [16.8198216, 48.818468], [16.8196338, 48.8185281], [16.8195265, 48.8187506], [16.8195265, 48.8189449], [16.8195212, 48.8192416], [16.819489, 48.8194323], [16.8193978, 48.8195701], [16.8192744, 48.819563]], [[16.7958654, 48.828147], [16.7957909, 48.8281846], [16.7957354, 48.8283091], [16.7957593, 48.8283994], [16.7958404, 48.8284919], [16.7961227, 48.8286078], [16.7963601, 48.8286845], [16.7964907, 48.828761], [16.7965219, 48.8287792], [16.7967138, 48.8288457], [16.7969382, 48.828887], [16.7971698, 48.8289911], [16.7975757, 48.8291943], [16.7977775, 48.8292141], [16.7979884, 48.8292086], [16.7980728, 48.8291606], [16.7981331, 48.8290921], [16.7981414, 48.828906], [16.7981849, 48.8286906], [16.7982621, 48.8285422], [16.7984373, 48.8283971], [16.798706, 48.8282585], [16.7988878, 48.8281739], [16.7990756, 48.828097], [16.7994362, 48.8280001], [16.7995883, 48.8279912], [16.8000012, 48.8279458], [16.8002146, 48.8279458], [16.800431, 48.827903], [16.8006543, 48.8277829], [16.8007747, 48.8276982], [16.8009264, 48.82764], [16.8010622, 48.8275961], [16.8012405, 48.8275859], [16.8014919, 48.8276152], [16.8016398, 48.8276246], [16.8018556, 48.8276107], [16.8018634, 48.827519], [16.8017982, 48.8271586], [16.8017554, 48.8269951], [16.8017392, 48.8267404], [16.8018851, 48.8260719], [16.8020754, 48.825555], [16.8020628, 48.825406], [16.801801, 48.8254239], [16.8016572, 48.8254673], [16.8010231, 48.8256206], [16.8004047, 48.8257372], [16.7999039, 48.8257855], [16.7994866, 48.8259029], [16.7990676, 48.8260564], [16.7987316, 48.8261107], [16.7984373, 48.826187], [16.7983425, 48.8263088], [16.7983572, 48.8264138], [16.7984673, 48.8264703], [16.7988268, 48.8263724], [16.7990396, 48.8263257], [16.7996164, 48.8261878], [16.7998233, 48.8261787], [16.799908, 48.8262144], [16.8000276, 48.8263141], [16.8001209, 48.8266642], [16.8001625, 48.8267982], [16.8001776, 48.8269096], [16.8001856, 48.8270992], [16.8002385, 48.8274456], [16.8000891, 48.8275319], [16.8000478, 48.8276358], [16.7999969, 48.8277055], [16.7998779, 48.827756], [16.7995903, 48.8277902], [16.7993241, 48.8278105], [16.7992524, 48.8277449], [16.7991797, 48.8276259], [16.7990904, 48.8276016], [16.7989769, 48.8276262], [16.7987839, 48.8277114], [16.7984792, 48.8278267], [16.798375, 48.8278185], [16.7983308, 48.8277955], [16.7982687, 48.82767], [16.7981471, 48.8273342], [16.798095, 48.8270542], [16.7979731, 48.8271114], [16.7979947, 48.8271563], [16.798023, 48.8271935], [16.7979861, 48.8272271], [16.7978957, 48.8272615], [16.7979013, 48.827355], [16.7979343, 48.8274568], [16.7980842, 48.827659], [16.798144, 48.8277816], [16.7981757, 48.8279005], [16.798157, 48.8279833], [16.7981187, 48.8280511], [16.797917, 48.828019], [16.7978183, 48.8279], [16.797696, 48.8277739], [16.7976247, 48.8276288], [16.7975076, 48.8275302], [16.7973609, 48.8275742], [16.7973848, 48.8276473], [16.7975184, 48.8277281], [16.797645, 48.8278445], [16.7977337, 48.8279492], [16.7978712, 48.8280746], [16.7975327, 48.8280673], [16.797101, 48.8281285], [16.7968767, 48.8282123], [16.7966303, 48.828263], [16.796543, 48.8282433], [16.7960397, 48.828059], [16.7958654, 48.828147]], [[16.7982794, 48.8293502], [16.7984752, 48.8291563], [16.7987384, 48.8288147], [16.798909, 48.8286601], [16.7990998, 48.8284305], [16.7991528, 48.8283998], [16.7993752, 48.8283098], [16.7995812, 48.8282504], [16.799763, 48.8282211], [16.8001078, 48.8281853], [16.8005249, 48.8281634], [16.8007354, 48.8281388], [16.8008716, 48.8280957], [16.8011678, 48.82794], [16.8012882, 48.8279097], [16.8014127, 48.8278974], [16.8015331, 48.8279111], [16.8015905, 48.8279466], [16.8016456, 48.8280115], [16.8016738, 48.82825], [16.8017238, 48.8281595], [16.8017357, 48.8280622], [16.8017155, 48.8279718], [16.8017278, 48.8279307], [16.8017299, 48.8278375], [16.8016746, 48.8277935], [16.8015923, 48.8277661], [16.8012989, 48.8277826], [16.8011466, 48.8278076], [16.8009807, 48.8278812], [16.8007461, 48.8280238], [16.800661, 48.8280497], [16.8005517, 48.8280713], [16.8000976, 48.8280562], [16.7999183, 48.8280691], [16.7995798, 48.8281142], [16.7994233, 48.8281568], [16.7992787, 48.828199], [16.7990724, 48.8282645], [16.7989628, 48.8283357], [16.7989055, 48.8283928], [16.7988252, 48.8285093], [16.7986893, 48.8286727], [16.798471, 48.828978], [16.7983592, 48.8290953], [16.7982796, 48.8291641], [16.798089, 48.8293239], [16.7980101, 48.8293938], [16.7978983, 48.8293603], [16.7977775, 48.8293239], [16.7975108, 48.8292619], [16.7969801, 48.8291436], [16.7960489, 48.8289434], [16.7956523, 48.828882], [16.7953979, 48.8288846], [16.7952618, 48.8289046], [16.7951598, 48.8289526], [16.7951444, 48.8290038], [16.7952155, 48.8290538], [16.7955481, 48.8290865], [16.7969804, 48.8293118], [16.7973703, 48.8293901], [16.7976646, 48.8294374], [16.7978222, 48.8294754], [16.7979054, 48.829504], [16.7979226, 48.8295391], [16.7978604, 48.8296056], [16.7977032, 48.8297435], [16.7977165, 48.8297672], [16.7977668, 48.8297749], [16.7978254, 48.8297577], [16.7980024, 48.8296359], [16.7981413, 48.8295051], [16.7982794, 48.8293502]], [[16.7944452, 48.8339966], [16.7945686, 48.8341079], [16.7947, 48.8342632], [16.7948824, 48.8344292], [16.7952472, 48.8345563], [16.7958882, 48.8347134], [16.7960921, 48.8347099], [16.7962155, 48.8345757], [16.7961162, 48.8342403], [16.7958882, 48.8339666], [16.7953411, 48.8336012], [16.7951292, 48.8335076], [16.7949817, 48.8334899], [16.7948046, 48.8335217], [16.7947295, 48.83358], [16.7946951, 48.833642], [16.794633, 48.8337194], [16.7945579, 48.833813], [16.7943299, 48.8339525], [16.7943647, 48.833956], [16.7944452, 48.8339966]]]}, "properties": {"id": "2989f691-4c2a-3339-b260-b8d39c637f3f", "names": null, "subtype": "forest", "class": "forest", "surface": null}}, {"type": "Feature", "geometry": {"type": "Polygon", "coordinates": [[[16.7873009, 48.821909], [16.7873477, 48.8220161], [16.7878993, 48.8222852], [16.788092, 48.8225551], [16.788076, 48.8226546], [16.7878923, 48.8227587], [16.7876032, 48.8227531], [16.787178, 48.8224312], [16.7870178, 48.8221733], [16.7871134, 48.8219138], [16.7873009, 48.821909]]]}, "properties": {"id": "a0ed7ee8-fe9d-3b23-a42d-f37d51229170", "names": null, "subtype": "wetland", "class": "wetland", "surface": null}}, {"type": "Feature", "geometry": {"type": "Polygon", "coordinates": [[[16.7886161, 48.8220959], [16.7885511, 48.822076], [16.7884793, 48.8220328], [16.7884015, 48.8219718], [16.7882507, 48.8217793], [16.7882466, 48.8217484], [16.788256, 48.8216654], [16.7883137, 48.8215842], [16.788425, 48.8215268], [16.788547, 48.8215047], [16.7886597, 48.8215242], [16.7887361, 48.8215798], [16.7887643, 48.8216266], [16.788779, 48.8217308], [16.7887723, 48.8219595], [16.7887415, 48.8220133], [16.7886557, 48.8220919], [16.7886161, 48.8220959]]]}, "properties": {"id": "b787733f-9bad-3988-92c1-26d4e407d190", "names": null, "subtype": "forest", "class": "wood", "surface": null}}, {"type": "Feature", "geometry": {"type": "Polygon", "coordinates": [[[16.7881675, 48.8214385], [16.788138, 48.8213705], [16.7881353, 48.8213228], [16.7881487, 48.8212875], [16.7881957, 48.821269], [16.7882386, 48.8212654], [16.7883056, 48.8212787], [16.7883606, 48.8212928], [16.7883834, 48.821314], [16.7884076, 48.8213467], [16.7883942, 48.8214014], [16.788374, 48.8214164], [16.7882989, 48.82145], [16.7882439, 48.8214632], [16.7882064, 48.8214606], [16.7881675, 48.8214385]]]}, "properties": {"id": "c5018366-6de8-3bf1-ab4f-ad1e53d46bb2", "names": null, "subtype": "forest", "class": "wood", "surface": null}}, {"type": "Feature", "geometry": {"type": "Polygon", "coordinates": [[[16.7888233, 48.8203922], [16.7887992, 48.820378], [16.7887844, 48.8203533], [16.7888448, 48.8200999], [16.7889078, 48.8199392], [16.7889641, 48.8199303], [16.7890178, 48.8199551], [16.7890486, 48.8201034], [16.7890459, 48.8202544], [16.7890674, 48.8203268], [16.7890634, 48.8203621], [16.7890459, 48.8203851], [16.7889936, 48.8203922], [16.7888582, 48.8203957], [16.7888233, 48.8203922]]]}, "properties": {"id": "669980aa-4df3-3240-8094-8006ec6e13cf", "names": null, "subtype": "forest", "class": "wood", "surface": null}}, {"type": "Feature", "geometry": {"type": "Polygon", "coordinates": [[[16.7888743, 48.8208557], [16.788822, 48.8208107], [16.7888059, 48.8207745], [16.7888126, 48.8206579], [16.7887817, 48.8205723], [16.7887831, 48.8205202], [16.7888072, 48.8204963], [16.7889239, 48.8204778], [16.7890003, 48.8204725], [16.7890513, 48.8205043], [16.7890272, 48.8205679], [16.7889802, 48.8206359], [16.7889373, 48.8207754], [16.7889507, 48.8208186], [16.7889427, 48.820846], [16.7889065, 48.8208619], [16.7888743, 48.8208557]]]}, "properties": {"id": "c94252a0-a377-31d0-88bc-be0ade99ba64", "names": null, "subtype": "forest", "class": "wood", "surface": null}}, {"type": "Feature", "geometry": {"type": "Polygon", "coordinates": [[[16.7867321, 48.8208694], [16.7866356, 48.8208164], [16.786539, 48.8207069], [16.7865283, 48.8205833], [16.7866034, 48.8205091], [16.7868019, 48.8205621], [16.7868663, 48.820661], [16.7868663, 48.8207246], [16.7868341, 48.8207846], [16.7867321, 48.8208694]]]}, "properties": {"id": "1fae6caf-d40c-355e-8dc5-1d4d5eb07c80", "names": null, "subtype": "shrub", "class": "scrub", "surface": null}}, {"type": "Feature", "geometry": {"type": "Polygon", "coordinates": [[[16.7866195, 48.8214592], [16.7863888, 48.8213921], [16.7863298, 48.8213074], [16.7863566, 48.8212403], [16.7863996, 48.8211555], [16.7864747, 48.8210919], [16.7865605, 48.8211025], [16.7867214, 48.821152], [16.7868609, 48.8212226], [16.7868984, 48.8212932], [16.7868877, 48.8213639], [16.786759, 48.8214451], [16.7866195, 48.8214592]]]}, "properties": {"id": "6dd31bdc-ebae-3077-b9c1-60c5f451cfbd", "names": null, "subtype": "shrub", "class": "scrub", "surface": null}}, {"type": "Feature", "geometry": {"type": "Polygon", "coordinates": [[[16.7979589, 48.8168083], [16.7979904, 48.8167182], [16.7981976, 48.8166087], [16.7982821, 48.8165403], [16.7982855, 48.8164635], [16.7981661, 48.8163778], [16.7981118, 48.8162895], [16.7981601, 48.8161955], [16.7982573, 48.8159831], [16.7983954, 48.815776], [16.7983914, 48.8156625], [16.7983398, 48.8155574], [16.7982312, 48.8154373], [16.7981131, 48.8152395], [16.7979603, 48.8151561], [16.7978932, 48.8151397], [16.7978818, 48.8150934], [16.7979636, 48.8150126], [16.7981393, 48.8149481], [16.7985282, 48.8148165], [16.7990526, 48.8147445], [16.7994039, 48.814677], [16.7996038, 48.8146527], [16.7997151, 48.8147004], [16.7993604, 48.8147626], [16.7990355, 48.8148293], [16.798887, 48.8149004], [16.7986643, 48.8150947], [16.7985641, 48.8152064], [16.7986563, 48.8152397], [16.7989178, 48.8152369], [16.7991237, 48.8157491], [16.7990821, 48.8158722], [16.7989393, 48.8159773], [16.798834, 48.8160714], [16.7986952, 48.8161169], [16.7986784, 48.816475], [16.7986348, 48.8166264], [16.7985148, 48.816705], [16.7979589, 48.8168083]]]}, "properties": {"id": "a632beb4-c793-3d93-ba51-c589f74ff33b", "names": null, "subtype": "wetland", "class": "wetland", "surface": null}}, {"type": "Feature", "geometry": {"type": "Polygon", "coordinates": [[[16.8024789, 48.8189271], [16.8024078, 48.8189351], [16.8020996, 48.8188641], [16.8017774, 48.818803], [16.8014, 48.818675], [16.8015148, 48.8185638], [16.8017401, 48.818638], [16.8021425, 48.8186521], [16.8025019, 48.8185638], [16.8027862, 48.8184049], [16.80321, 48.8180375], [16.803405, 48.81769], [16.8032555, 48.8186695], [16.8031817, 48.8187105], [16.8031335, 48.818705], [16.8030981, 48.818686], [16.8030814, 48.8186555], [16.8030925, 48.8185921], [16.8030962, 48.8185396], [16.8030777, 48.8185164], [16.8030387, 48.8185091], [16.8030072, 48.818514], [16.8025495, 48.8187226], [16.8025124, 48.8187617], [16.8025013, 48.8188129], [16.8025124, 48.8188691], [16.8025106, 48.8188984], [16.8024789, 48.8189271]]]}, "properties": {"id": "e0dd8076-21e5-33db-bb19-e9c92f86d31a", "names": null, "subtype": "forest", "class": "forest", "surface": null}}, {"type": "Feature", "geometry": {"type": "Polygon", "coordinates": [[[16.806944, 48.810299], [16.806755, 48.810269], [16.806671, 48.810231], [16.806711, 48.810163], [16.80685, 48.810184], [16.806989, 48.810239], [16.8070349, 48.8102474], [16.8071148, 48.8102483], [16.8071352, 48.8102439], [16.8071933, 48.8103017], [16.8071247, 48.810333], [16.806944, 48.810299]]]}, "properties": {"id": "4674a121-1d93-3e7a-89db-a5abb2f93486", "names": null, "subtype": "land", "class": "islet", "surface": null}}, {"type": "Feature", "geometry": {"type": "Polygon", "coordinates": [[[16.805856, 48.810459], [16.805586, 48.810389], [16.805586, 48.8103], [16.805719, 48.810228], [16.805869, 48.810258], [16.805925, 48.810316], [16.80596, 48.810395], [16.805913, 48.810446], [16.805856, 48.810459]]]}, "properties": {"id": "06aabe25-1d1c-3cf6-b00c-fcd77dffe09f", "names": null, "subtype": "forest", "class": "forest", "surface": null}}, {"type": "Feature", "geometry": {"type": "Polygon", "coordinates": [[[16.808067, 48.8112242], [16.8079662, 48.8114067], [16.8077917, 48.8115388], [16.8073909, 48.8115418], [16.8071293, 48.8114454], [16.8065394, 48.8113048], [16.8063925, 48.8112438], [16.805797, 48.8112186], [16.8058937, 48.8109079], [16.8061658, 48.8106467], [16.8061658, 48.8105347], [16.8065512, 48.8104302], [16.8067522, 48.8104153], [16.8071228, 48.8104915], [16.8073936, 48.8107063], [16.8075909, 48.8107632], [16.8079304, 48.8109588], [16.808067, 48.8112242]]]}, "properties": {"id": "6ba23e58-6650-3a14-879e-49267b65dc4f", "names": {"primary": "R\u016f\u017eov\u00fd ostrov", "common": [["de", "Rosen Insel"]], "rules": null}, "subtype": "forest", "class": "forest", "surface": null}}, {"type": "Feature", "geometry": {"type": "Polygon", "coordinates": [[[16.7996338, 48.8124326], [16.7995958, 48.8118902], [16.7995159, 48.8117291], [16.7995313, 48.8116524], [16.7995575, 48.8115966], [16.7996889, 48.8115604], [16.7998966, 48.8115628], [16.7999236, 48.8115705], [16.8000215, 48.8116089], [16.8001105, 48.8117048], [16.8001005, 48.8120588], [16.8000618, 48.8124276], [16.8000175, 48.8124459], [16.7996338, 48.8124326]]]}, "properties": {"id": "3378301f-707e-31c1-8756-73f318b4e211", "names": null, "subtype": "wetland", "class": "wetland", "surface": null}}, {"type": "Feature", "geometry": {"type": "Polygon", "coordinates": [[[16.799642, 48.8124532], [16.7995924, 48.8124373], [16.7995823, 48.8124135], [16.7995696, 48.8123817], [16.799579, 48.8121176], [16.7995749, 48.8120165], [16.7995488, 48.8118787], [16.7995206, 48.8118209], [16.7994616, 48.8117423], [16.7994449, 48.8116955], [16.799467, 48.8115961], [16.7995059, 48.8115683], [16.799587, 48.8115414], [16.7998606, 48.811525], [16.7999846, 48.8115343], [16.8000631, 48.8115767], [16.8001449, 48.8116513], [16.8001758, 48.8117476], [16.800161, 48.8118319], [16.8001362, 48.8119203], [16.8001221, 48.8120262], [16.8001302, 48.812138], [16.8001375, 48.8123168], [16.8001342, 48.8124033], [16.800096, 48.8124387], [16.8000504, 48.8124656], [16.799994, 48.8124784], [16.7999377, 48.8124696], [16.799823, 48.8124599], [16.7997258, 48.8124572], [16.799642, 48.8124532]]]}, "properties": {"id": "f264dc82-785b-31b2-95ec-b513d893f58c", "names": null, "subtype": "shrub", "class": "scrub", "surface": null}}, {"type": "Feature", "geometry": {"type": "Polygon", "coordinates": [[[16.799504, 48.8135593], [16.7993671, 48.8135589], [16.7992871, 48.8135175], [16.7992236, 48.8134441], [16.7992677, 48.8131903], [16.7992706, 48.8129947], [16.7992528, 48.8128633], [16.7993467, 48.8127762], [16.7996111, 48.8127685], [16.7998605, 48.8127943], [16.7998457, 48.8130433], [16.7997573, 48.8133055], [16.7996541, 48.8135042], [16.7995762, 48.8135452], [16.799504, 48.8135593]]]}, "properties": {"id": "cb7804db-688e-3e98-b074-c24e4f1974e5", "names": null, "subtype": "wetland", "class": "wetland", "surface": null}}, {"type": "Feature", "geometry": {"type": "Polygon", "coordinates": [[[16.7994449, 48.8136], [16.7993369, 48.8135912], [16.7992564, 48.8135611], [16.7992149, 48.8135152], [16.7991853, 48.8134472], [16.7991874, 48.8133028], [16.7992222, 48.8132044], [16.7992289, 48.813052], [16.7992081, 48.8128582], [16.7992283, 48.8128228], [16.7992584, 48.812795], [16.7993114, 48.8127654], [16.7993718, 48.81275], [16.7994234, 48.8127473], [16.7996118, 48.8127306], [16.7997278, 48.8127447], [16.7998472, 48.8127703], [16.7998867, 48.8127866], [16.7999196, 48.8128127], [16.7999344, 48.8128418], [16.7998499, 48.8130865], [16.7997801, 48.8133218], [16.7997399, 48.8134653], [16.7997151, 48.8135095], [16.7996889, 48.8135329], [16.7995917, 48.8135656], [16.7995334, 48.8135916], [16.7994449, 48.8136]]]}, "properties": {"id": "542d2d62-3652-3e69-954e-14dd3384a652", "names": null, "subtype": "shrub", "class": "scrub", "surface": null}}, {"type": "Feature", "geometry": {"type": "Polygon", "coordinates": [[[16.795417, 48.8141325], [16.7949957, 48.8136354], [16.7946056, 48.8132773], [16.7945213, 48.8130949], [16.7943014, 48.8129794], [16.7942103, 48.8127856], [16.7946012, 48.8122053], [16.795196, 48.8119668], [16.7957732, 48.8120403], [16.7960167, 48.8123373], [16.7964071, 48.8124333], [16.7967433, 48.8123974], [16.7969309, 48.8120546], [16.7967437, 48.811676], [16.7960309, 48.8110354], [16.7960457, 48.8109653], [16.7961176, 48.8109418], [16.7971309, 48.8115678], [16.7973455, 48.8115282], [16.797411, 48.8110961], [16.7976478, 48.8112], [16.7981037, 48.8111356], [16.7983304, 48.8109545], [16.7984484, 48.8106224], [16.7983747, 48.8104493], [16.7981507, 48.8102762], [16.7978825, 48.8102603], [16.7972832, 48.8104464], [16.7971881, 48.8086599], [16.797004, 48.8081618], [16.7973979, 48.8081527], [16.7978181, 48.8081446], [16.7980783, 48.8082066], [16.7983478, 48.8082281], [16.798787, 48.8081698], [16.7989091, 48.8082687], [16.7992692, 48.809098], [16.7994435, 48.8094919], [16.799524, 48.8095891], [16.799764, 48.8098841], [16.8000685, 48.8102586], [16.7999746, 48.8102974], [16.7999558, 48.8102692], [16.7997305, 48.8099503], [16.7994449, 48.8098064], [16.79873, 48.8093983], [16.7982919, 48.8092543], [16.7980181, 48.8091735], [16.7980962, 48.8093593], [16.7982628, 48.809575], [16.7987689, 48.8100395], [16.7996219, 48.8106843], [16.7998472, 48.8107549], [16.7999893, 48.8106843], [16.8000685, 48.8105385], [16.799996, 48.8103133], [16.8000805, 48.8102789], [16.800212, 48.8105218], [16.8002924, 48.8105845], [16.8004138, 48.8106233], [16.8007679, 48.810694], [16.8012634, 48.8107924], [16.8013868, 48.8108428], [16.8014002, 48.8109033], [16.801364, 48.8109867], [16.8011548, 48.8112221], [16.8009898, 48.8113829], [16.8009563, 48.8114588], [16.8009563, 48.8115666], [16.8010327, 48.8117087], [16.8014726, 48.812198], [16.8014753, 48.8123102], [16.8014377, 48.8124073], [16.8013224, 48.8124939], [16.8008852, 48.8127933], [16.8007591, 48.8129354], [16.8005861, 48.8134247], [16.8002978, 48.8138707], [16.8001731, 48.8140049], [16.8000028, 48.8141171], [16.7996983, 48.8143714], [16.7996044, 48.8145286], [16.7993617, 48.8146037], [16.7991377, 48.814639], [16.7990385, 48.8146708], [16.7984082, 48.8147388], [16.7976256, 48.8150602], [16.797521, 48.8149565], [16.7973836, 48.8149101], [16.7973655, 48.814854], [16.7973829, 48.8148143], [16.7977376, 48.8147432], [16.7980662, 48.8147043], [16.7989258, 48.8145975], [16.7990519, 48.8145542], [16.799068, 48.8144659], [16.7989728, 48.8143917], [16.7989875, 48.8142363], [16.7992705, 48.8139979], [16.7995106, 48.8138468], [16.7997922, 48.8136985], [16.8000618, 48.8135068], [16.8002374, 48.8130229], [16.800157, 48.8127915], [16.8001033, 48.8127076], [16.8004601, 48.8122943], [16.8004681, 48.8120382], [16.8003541, 48.811639], [16.8001449, 48.8115012], [16.8001275, 48.811261], [16.8000215, 48.8112327], [16.7999719, 48.8112486], [16.7998727, 48.811336], [16.7997855, 48.8113705], [16.7994717, 48.8112627], [16.799005, 48.8111771], [16.7987153, 48.8112424], [16.7986912, 48.811321], [16.7988588, 48.8114977], [16.799188, 48.8115537], [16.7990962, 48.8117856], [16.7992008, 48.8122854], [16.7992276, 48.8124223], [16.7992356, 48.8125115], [16.7991216, 48.8125416], [16.7989567, 48.8125257], [16.7988279, 48.8124789], [16.7988387, 48.8122484], [16.798777, 48.8121494], [16.7985168, 48.8121494], [16.7981905, 48.8121728], [16.7978771, 48.812191], [16.7974241, 48.8122487], [16.79717, 48.8123872], [16.7971212, 48.8127757], [16.7968932, 48.8127823], [16.7966525, 48.812588], [16.7957919, 48.8124335], [16.7952424, 48.8124221], [16.7950703, 48.8125099], [16.7948786, 48.8126227], [16.7946655, 48.8128865], [16.7945572, 48.8130163], [16.7946427, 48.8130932], [16.7946994, 48.8131473], [16.794793, 48.8132326], [16.7949381, 48.8133705], [16.7950643, 48.8134709], [16.7951994, 48.8134466], [16.7953005, 48.8133621], [16.7955096, 48.8133309], [16.7956643, 48.8134415], [16.7957741, 48.8135469], [16.7956629, 48.8137356], [16.7956059, 48.8138918], [16.795559, 48.8140073], [16.795417, 48.8141325]]]}, "properties": {"id": "57d00302-d0e6-357a-8694-63a38a17d580", "names": null, "subtype": "wetland", "class": "wetland", "surface": null}}, {"type": "Feature", "geometry": {"type": "Point", "coordinates": [16.8042513, 48.8078881]}, "properties": {"id": "0f7ac47f-b977-3a6d-88be-b5e962e935d3", "names": null, "subtype": "grass", "class": "grass", "surface": "grass"}}, {"type": "Feature", "geometry": {"type": "Polygon", "coordinates": [[[16.8054933, 48.806878], [16.8057713, 48.8067441], [16.8060188, 48.8066009], [16.8063654, 48.8064362], [16.8066208, 48.8062903], [16.806762, 48.8063201], [16.8069596, 48.8064418], [16.8070694, 48.8065104], [16.8071789, 48.8066791], [16.8072325, 48.8068194], [16.807256, 48.8070185], [16.8071656, 48.807202], [16.8069418, 48.8074447], [16.8069293, 48.8076917], [16.8069579, 48.8078325], [16.8068009, 48.8080199], [16.8067787, 48.8081737], [16.8069798, 48.8083119], [16.8072108, 48.8085241], [16.8074075, 48.8086349], [16.8079502, 48.8087023], [16.8080885, 48.8086999], [16.8081913, 48.8086479], [16.8083237, 48.8086316], [16.8083539, 48.8086863], [16.8083404, 48.8087556], [16.8084621, 48.8088239], [16.8084898, 48.8089515], [16.8084618, 48.8091139], [16.8085024, 48.809235], [16.8085735, 48.8093572], [16.8085275, 48.8094173], [16.8083841, 48.8094919], [16.8083003, 48.8095604], [16.8082723, 48.8096532], [16.8081386, 48.8097762], [16.8079329, 48.8098945], [16.8075152, 48.810051], [16.8073347, 48.8100537], [16.8072881, 48.8101008], [16.8070791, 48.8101004], [16.8069111, 48.8100192], [16.8067275, 48.8100022], [16.8065705, 48.8100727], [16.8064295, 48.8101093], [16.80616, 48.8100856], [16.8059321, 48.8100984], [16.8057889, 48.8100344], [16.8056916, 48.8099029], [16.8056353, 48.8097681], [16.8057019, 48.8096738], [16.8058042, 48.80963], [16.80584, 48.8094783], [16.8057889, 48.8093401], [16.8057121, 48.8092188], [16.8057633, 48.8091312], [16.8060089, 48.8090806], [16.8061866, 48.8090925], [16.8063876, 48.8090773], [16.8065137, 48.8089345], [16.8065501, 48.8087287], [16.8064629, 48.8085515], [16.8063465, 48.8084318], [16.8060848, 48.8083313], [16.8058158, 48.8082068], [16.8053433, 48.808144], [16.8052633, 48.8079913], [16.8051688, 48.8077041], [16.8051019, 48.8076005], [16.8051085, 48.8074932], [16.8052391, 48.8072781], [16.8054933, 48.806878]]]}, "properties": {"id": "3fa182a8-fe6c-3338-a514-8d51aca31f00", "names": null, "subtype": "forest", "class": "forest", "surface": null}}, {"type": "Feature", "geometry": {"type": "Polygon", "coordinates": [[[16.805989, 48.80896], [16.805781, 48.808936], [16.805689, 48.808846], [16.805786, 48.80864], [16.805873, 48.808608], [16.806211, 48.808634], [16.80628, 48.808876], [16.805989, 48.80896]]]}, "properties": {"id": "3e4d67e7-758e-3d2e-952d-192725f8cf6c", "names": null, "subtype": "forest", "class": "forest", "surface": null}}, {"type": "Feature", "geometry": {"type": "Point", "coordinates": [16.8071923, 48.8093227]}, "properties": {"id": "232cde64-26f1-348b-b23c-bd74b4c33982", "names": {"primary": "Grottov\u00fd ostrov", "common": [["de", "Grotten Insel"]], "rules": null}, "subtype": "land", "class": "islet", "surface": null}}, {"type": "Feature", "geometry": {"type": "Polygon", "coordinates": [[[16.807894, 48.808299], [16.807711, 48.808314], [16.807313, 48.808131], [16.807359, 48.807954], [16.807558, 48.807783], [16.807873, 48.807864], [16.807791, 48.808103], [16.807894, 48.808299]]]}, "properties": {"id": "28972777-a448-399a-898e-ebcfc8a92371", "names": {"primary": "Mod\u0159\u00ednov\u00fd ostrov", "common": [["de", "L\u00e4rchen Insel"]], "rules": null}, "subtype": "forest", "class": "forest", "surface": null}}, {"type": "Feature", "geometry": {"type": "Polygon", "coordinates": [[[16.808924, 48.80808], [16.808815, 48.808118], [16.808558, 48.808098], [16.808486, 48.808004], [16.808558, 48.807863], [16.808773, 48.807839], [16.80895, 48.807925], [16.809014, 48.808011], [16.808924, 48.80808]]]}, "properties": {"id": "17be6cc7-fd27-3f30-8a74-e8fe42b05059", "names": {"primary": "Vejmutovkov\u00fd ostrov", "common": [["de", "Weymouth-Kiefern Insel"]], "rules": null}, "subtype": "forest", "class": "forest", "surface": null}}, {"type": "Feature", "geometry": {"type": "Polygon", "coordinates": [[[16.808803, 48.807359], [16.808645, 48.80732], [16.808445, 48.807153], [16.80827, 48.806958], [16.808251, 48.806729], [16.80837, 48.806538], [16.808545, 48.80646], [16.80886, 48.806503], [16.809055, 48.806659], [16.809161, 48.80683], [16.809153, 48.807016], [16.809083, 48.807204], [16.808803, 48.807359]]]}, "properties": {"id": "e1a07244-38bc-3e96-bd9d-bb3f92750f5f", "names": {"primary": "Narcisov\u00fd ostrov", "common": [["de", "Narzissen Insel"]], "rules": null}, "subtype": "forest", "class": "forest", "surface": null}}, {"type": "Feature", "geometry": {"type": "Point", "coordinates": [16.8060391, 48.8073848]}, "properties": {"id": "c399d463-dd46-39af-bc08-88ff74a359f5", "names": {"primary": "Pav\u00ed ostrov", "common": [["de", "Pfauen Insel"]], "rules": null}, "subtype": "land", "class": "islet", "surface": null}}, {"type": "Feature", "geometry": {"type": "Polygon", "coordinates": [[[16.8068117, 48.8058573], [16.806689, 48.8060406], [16.8064981, 48.8061977], [16.8064533, 48.8062237], [16.8061264, 48.8062981], [16.8058199, 48.8064199], [16.8055478, 48.8063763], [16.8053367, 48.8061017], [16.8053556, 48.80578], [16.805385, 48.805484], [16.8054172, 48.8052611], [16.8054725, 48.8050183], [16.8055461, 48.8048839], [16.8055797, 48.8048154], [16.8057887, 48.8045526], [16.8058391, 48.8045173], [16.8058874, 48.8044661], [16.8060498, 48.8044521], [16.8061192, 48.8044204], [16.8063385, 48.8045149], [16.8066158, 48.8046867], [16.8067117, 48.80483], [16.8068004, 48.8051111], [16.806856, 48.8053026], [16.8068767, 48.8054696], [16.8068591, 48.8056407], [16.8068499, 48.8057066], [16.8068117, 48.8058573]], [[16.806588, 48.805903], [16.806648, 48.805755], [16.806673, 48.80562], [16.806471, 48.805526], [16.806353, 48.804756], [16.806114, 48.804765], [16.806115, 48.804989], [16.805733, 48.805083], [16.805701, 48.805254], [16.805814, 48.805415], [16.805961, 48.805433], [16.805974, 48.805558], [16.805806, 48.805599], [16.805845, 48.805798], [16.805953, 48.805958], [16.806136, 48.806094], [16.806413, 48.806106], [16.806588, 48.805903]]]}, "properties": {"id": "a524ce0c-095c-37ab-ae32-87e162c07137", "names": null, "subtype": "forest", "class": "forest", "surface": null}}, {"type": "Feature", "geometry": {"type": "Polygon", "coordinates": [[[16.8064981, 48.8061977], [16.8064533, 48.8062237], [16.8061264, 48.8062981], [16.8058199, 48.8064199], [16.8055478, 48.8063763], [16.8053367, 48.8061017], [16.8053556, 48.80578], [16.805385, 48.805484], [16.8054172, 48.8052611], [16.8054725, 48.8050183], [16.8055461, 48.8048839], [16.8055797, 48.8048154], [16.8057887, 48.8045526], [16.8058391, 48.8045173], [16.8058874, 48.8044661], [16.8060498, 48.8044521], [16.8061192, 48.8044204], [16.8063385, 48.8045149], [16.8066158, 48.8046867], [16.8067117, 48.80483], [16.8068004, 48.8051111], [16.806856, 48.8053026], [16.8068767, 48.8054696], [16.8068591, 48.8056407], [16.8068499, 48.8057066], [16.8068117, 48.8058573], [16.806689, 48.8060406], [16.8064981, 48.8061977]]]}, "properties": {"id": "f998dcbd-c03f-3d0a-9024-92873c7b021c", "names": {"primary": "Opi\u010d\u00ed ostrov", "common": [["de", "Affen Insel"]], "rules": null}, "subtype": "land", "class": "islet", "surface": null}}, {"type": "Feature", "geometry": {"type": "Point", "coordinates": [16.8048565, 48.8010638]}, "properties": {"id": "67095cf4-4c9b-38ff-bfaa-7b75faf3c50e", "names": null, "subtype": "tree", "class": "tree", "surface": null}}, {"type": "Feature", "geometry": {"type": "Point", "coordinates": [16.8015445, 48.8020733]}, "properties": {"id": "97cb5d3a-4819-32b5-9d4f-237981562a79", "names": null, "subtype": "tree", "class": "tree", "surface": null}}, {"type": "Feature", "geometry": {"type": "Point", "coordinates": [16.801235, 48.8022302]}, "properties": {"id": "85bd5067-ac6e-3cbd-b958-2afe3b3e33e8", "names": null, "subtype": "tree", "class": "tree", "surface": null}}, {"type": "Feature", "geometry": {"type": "Polygon", "coordinates": [[[16.782804, 48.8058728], [16.7826648, 48.8055581], [16.7827709, 48.8054707], [16.7827639, 48.805345], [16.7827098, 48.8052608], [16.7825019, 48.805257], [16.7822704, 48.8047248], [16.7827394, 48.8047209], [16.7831761, 48.8047997], [16.7833401, 48.8048746], [16.7840448, 48.8048702], [16.7839356, 48.8051121], [16.7836131, 48.8055537], [16.7831311, 48.805876], [16.782804, 48.8058728]]]}, "properties": {"id": "5da8538e-1b2c-3fc2-9415-7ba1f032c411", "names": null, "subtype": "wetland", "class": "wetland", "surface": null}}, {"type": "Feature", "geometry": {"type": "Polygon", "coordinates": [[[16.7834434, 48.804288], [16.7833579, 48.8042301], [16.7830384, 48.8041895], [16.7827098, 48.8040677], [16.7821922, 48.8039188], [16.7820798, 48.803843], [16.7820597, 48.8037486], [16.7821404, 48.8035995], [16.782363, 48.8035114], [16.7831326, 48.803507], [16.7838748, 48.8035213], [16.78407, 48.8034178], [16.7845169, 48.8035153], [16.7842853, 48.8041693], [16.7841504, 48.804296], [16.7834434, 48.804288]]]}, "properties": {"id": "cf6f8978-6fa8-324f-869e-169a7052597b", "names": null, "subtype": "wetland", "class": "wetland", "surface": null}}, {"type": "Feature", "geometry": {"type": "Polygon", "coordinates": [[[16.7784717, 48.7948235], [16.7784848, 48.7948138], [16.7815796, 48.7951942], [16.781232, 48.79965], [16.781091, 48.79965], [16.7811276, 48.7969185], [16.781158, 48.7967289], [16.7811305, 48.7967064], [16.7811482, 48.795385], [16.7812529, 48.7953453], [16.7811489, 48.7953336], [16.78115, 48.795249], [16.765045, 48.793324], [16.764675, 48.793286], [16.7629393, 48.7923652], [16.7606596, 48.7910543], [16.7597528, 48.7905168], [16.7594863, 48.790374], [16.7594402, 48.7903783], [16.7585484, 48.7910549], [16.7565551, 48.7926006], [16.7558575, 48.7931272], [16.754374, 48.7942614], [16.7533741, 48.7949737], [16.7528136, 48.7953895], [16.752724, 48.7954171], [16.7525831, 48.7954109], [16.752529, 48.7953776], [16.757367, 48.79155], [16.759014, 48.790294], [16.7589476, 48.7902544], [16.758966, 48.7902404], [16.7582164, 48.7898179], [16.7564188, 48.7887447], [16.7565899, 48.7885742], [16.7572456, 48.7889462], [16.7573202, 48.7889919], [16.7589741, 48.7899344], [16.759134, 48.7900296], [16.7591609, 48.7900327], [16.759283, 48.790102], [16.761675, 48.78826], [16.764559, 48.786733], [16.765815, 48.7861031], [16.7658258, 48.7861107], [16.7659813, 48.7861316], [16.7663174, 48.78617], [16.7662679, 48.7861967], [16.7662435, 48.7861942], [16.7660451, 48.7863167], [16.7642844, 48.787265], [16.7628849, 48.7879693], [16.7621635, 48.7883456], [16.7618985, 48.7885043], [16.7615987, 48.7887094], [16.7609096, 48.7892001], [16.7596309, 48.7902083], [16.7597455, 48.7902628], [16.75972, 48.790283], [16.7624386, 48.7917781], [16.7633397, 48.7922995], [16.7640031, 48.7926779], [16.764582, 48.7930024], [16.7648251, 48.7931252], [16.7650676, 48.7931747], [16.7665796, 48.7933738], [16.7670188, 48.7934262], [16.7670275, 48.7934041], [16.7678975, 48.7935124], [16.7678862, 48.7935222], [16.7682353, 48.7935758], [16.7707911, 48.7938746], [16.7717269, 48.7939901], [16.7724545, 48.7940898], [16.7733455, 48.794201], [16.7744382, 48.7943259], [16.7784717, 48.7948235]]]}, "properties": {"id": "ce0e1834-d4dc-36fa-849e-ed0005e516bf", "names": null, "subtype": "forest", "class": "forest", "surface": null}}, {"type": "Feature", "geometry": {"type": "Polygon", "coordinates": [[[16.75834, 48.7810482], [16.758635, 48.7809599], [16.7598367, 48.7814053], [16.7607396, 48.7816498], [16.7633582, 48.7818881], [16.7638744, 48.781996], [16.7645127, 48.7821338], [16.7649419, 48.7822116], [16.7654354, 48.7822257], [16.7658109, 48.7823106], [16.7662293, 48.7822611], [16.7668033, 48.7822894], [16.767152, 48.7823707], [16.7683983, 48.7824726], [16.7692549, 48.7825721], [16.7696089, 48.7825509], [16.7699362, 48.7825333], [16.7710788, 48.7825156], [16.7714918, 48.7825439], [16.7723394, 48.782604], [16.7728222, 48.7825898], [16.773364, 48.7825227], [16.7737127, 48.7823919], [16.7738951, 48.7824343], [16.7740631, 48.7823653], [16.775027, 48.7823989], [16.7753489, 48.7823389], [16.7760301, 48.7822717], [16.7765612, 48.7822505], [16.7770977, 48.7822187], [16.7779077, 48.7822293], [16.7785782, 48.7821444], [16.7790074, 48.7821586], [16.779635, 48.7821904], [16.7805862, 48.7820864], [16.7809654, 48.782201], [16.7815394, 48.7823459], [16.7818452, 48.7823777], [16.7821134, 48.7824838], [16.7827517, 48.7826782], [16.7832721, 48.7826888], [16.7837442, 48.7827135], [16.7840875, 48.7829115], [16.7844952, 48.7830211], [16.7847044, 48.7829716], [16.7848778, 48.7830305], [16.7852516, 48.7831342], [16.7854018, 48.7831943], [16.7857987, 48.7833074], [16.7862547, 48.7832791], [16.7868126, 48.7832084], [16.7870755, 48.7832862], [16.7879248, 48.7833738], [16.7884756, 48.783371], [16.7889477, 48.7832791], [16.789232, 48.7833993], [16.7898989, 48.7834811], [16.7899186, 48.7833639], [16.7897738, 48.7831518], [16.7893017, 48.7825368], [16.7873669, 48.7801552], [16.7868341, 48.7799705], [16.7865337, 48.7799281], [16.7864227, 48.7799835], [16.7860991, 48.7799811], [16.7853069, 48.7797046], [16.7848761, 48.7796206], [16.7846203, 48.7797475], [16.7839765, 48.7799621], [16.7833757, 48.7795329], [16.783535, 48.7792777], [16.7835045, 48.7790608], [16.7824745, 48.7782025], [16.782108, 48.7780192], [16.7815501, 48.7780864], [16.7808849, 48.7780263], [16.7805845, 48.7780228], [16.7802895, 48.7779591], [16.7788696, 48.7779665], [16.7778326, 48.7777329], [16.7762518, 48.7775588], [16.7754615, 48.7774854], [16.7751933, 48.7775243], [16.7747021, 48.7776273], [16.7742813, 48.7775314], [16.7738307, 48.7774748], [16.7731944, 48.7773611], [16.7725057, 48.7773971], [16.7722107, 48.7774147], [16.7717386, 48.7774607], [16.7713094, 48.7776763], [16.7712307, 48.7777305], [16.7710359, 48.777694], [16.7702866, 48.7776232], [16.7694534, 48.7776198], [16.7689813, 48.7776657], [16.7684931, 48.7777258], [16.7679567, 48.7778531], [16.7676348, 48.7778248], [16.7671091, 48.7778177], [16.7657519, 48.777991], [16.764569, 48.7781616], [16.7628414, 48.7784663], [16.7620114, 48.7785599], [16.7614497, 48.7786575], [16.761227, 48.7787251], [16.7611493, 48.7788029], [16.7598215, 48.7793052], [16.7602228, 48.7793333], [16.7609494, 48.7794594], [16.761188, 48.7795405], [16.7613066, 48.7796616], [16.7612171, 48.7797555], [16.7610278, 48.7797887], [16.7606182, 48.7797779], [16.7592922, 48.7796778], [16.7588925, 48.7798888], [16.7587477, 48.7799843], [16.7584258, 48.7797792], [16.7580664, 48.7797757], [16.7579055, 48.7798216], [16.7577935, 48.7800693], [16.7574724, 48.7801275], [16.7570847, 48.7799807], [16.7570579, 48.7798358], [16.7572778, 48.7797368], [16.7575675, 48.7795919], [16.7578679, 48.7793975], [16.758061, 48.7792843], [16.7581645, 48.7792388], [16.7586565, 48.7790227], [16.7595738, 48.7787258], [16.7607593, 48.7783758], [16.7612071, 48.7782597], [16.761717, 48.7781417], [16.764217, 48.7777075], [16.7647365, 48.7776801], [16.7655259, 48.7776051], [16.7656806, 48.7775904], [16.766005, 48.7775522], [16.7669126, 48.7773273], [16.7671913, 48.7772128], [16.7680335, 48.7770714], [16.7686343, 48.7771563], [16.7702149, 48.7772043], [16.7705334, 48.7772528], [16.771033, 48.7773288], [16.7711526, 48.7773882], [16.7712781, 48.7774506], [16.7717112, 48.7773203], [16.771844, 48.7772288], [16.7719229, 48.7772025], [16.7722433, 48.7770955], [16.7725204, 48.7770029], [16.7726148, 48.7771568], [16.7728145, 48.7771767], [16.7732423, 48.7770325], [16.7733116, 48.7766728], [16.7743525, 48.7766882], [16.778752, 48.7770457], [16.7795477, 48.7771103], [16.7804038, 48.7773471], [16.7810154, 48.7774285], [16.781702, 48.7774603], [16.7819005, 48.7772658], [16.7821956, 48.7770361], [16.7825442, 48.7771775], [16.7825389, 48.7775168], [16.7830217, 48.7775981], [16.7838639, 48.777538], [16.784513, 48.7774002], [16.7849529, 48.7772128], [16.7851943, 48.7772164], [16.7865515, 48.7789132], [16.7874044, 48.7799984], [16.7898667, 48.783162], [16.7902476, 48.7835968], [16.7922753, 48.7861099], [16.7925116, 48.786491], [16.7917925, 48.7856574], [16.7914921, 48.7853711], [16.7909771, 48.7847985], [16.7908415, 48.7848162], [16.7904373, 48.7849987], [16.7898434, 48.7853153], [16.7893756, 48.7855539], [16.7890777, 48.7856796], [16.7890245, 48.7855655], [16.789459, 48.7853111], [16.789866, 48.7850112], [16.7909468, 48.7845767], [16.790633, 48.7841686], [16.7903297, 48.7842343], [16.7902696, 48.7842418], [16.7901344, 48.7842405], [16.789864, 48.7842198], [16.7897383, 48.7842011], [16.7893088, 48.7840716], [16.7892183, 48.7840644], [16.7891435, 48.7840872], [16.788938, 48.7841741], [16.7889253, 48.7842537], [16.7889419, 48.7843462], [16.7890013, 48.7844544], [16.7886758, 48.7845971], [16.7882583, 48.7843338], [16.7882915, 48.7841691], [16.7882943, 48.7841514], [16.7885838, 48.7841099], [16.7885189, 48.7839369], [16.7883137, 48.7838249], [16.7882484, 48.7837371], [16.7879833, 48.7837602], [16.7877273, 48.7837866], [16.7874903, 48.7837972], [16.7872775, 48.7839297], [16.785665, 48.7840614], [16.7844016, 48.7841656], [16.7842819, 48.7837846], [16.7837305, 48.7836729], [16.7832041, 48.7836357], [16.7816322, 48.7836929], [16.7812943, 48.7835402], [16.7811388, 48.7830348], [16.7794222, 48.783003], [16.7790198, 48.7830242], [16.7789608, 48.7830524], [16.7788535, 48.7831514], [16.7786175, 48.7831373], [16.7783117, 48.783056], [16.7778772, 48.7830878], [16.7753828, 48.7833175], [16.7751628, 48.7833388], [16.7750663, 48.7834519], [16.7749804, 48.7834907], [16.7740031, 48.783547], [16.773226, 48.7835631], [16.7729473, 48.783512], [16.7727517, 48.7835851], [16.7725828, 48.7834693], [16.7725531, 48.7834328], [16.7719131, 48.7834468], [16.771915, 48.7835158], [16.767345, 48.7833928], [16.7657026, 48.7833227], [16.7642436, 48.783229], [16.7640716, 48.7832151], [16.7639518, 48.7832058], [16.7639245, 48.7831623], [16.7637241, 48.7830036], [16.7634425, 48.7828401], [16.7624256, 48.7827552], [16.7616538, 48.7826957], [16.759983, 48.7825415], [16.7594014, 48.7824818], [16.759195, 48.7824547], [16.758946, 48.7824291], [16.7585069, 48.7823937], [16.7577272, 48.7823237], [16.7571347, 48.7822804], [16.7566049, 48.7822224], [16.7561601, 48.7820944], [16.7561655, 48.7819076], [16.7562063, 48.7817227], [16.7562514, 48.781567], [16.7571706, 48.7817128], [16.757251, 48.782038], [16.7607647, 48.7823702], [16.7607647, 48.7821935], [16.7597723, 48.7820415], [16.7582917, 48.7818471], [16.7578143, 48.7815926], [16.7574871, 48.7813416], [16.7574871, 48.7809775], [16.7578089, 48.7809068], [16.7580879, 48.7811826], [16.75834, 48.7810482]], [[16.7852747, 48.7793374], [16.7856342, 48.779454], [16.786002, 48.7794628], [16.7862779, 48.7793586], [16.7863798, 48.7792455], [16.7863905, 48.7791394], [16.786235, 48.7788319], [16.7858916, 48.7785915], [16.785661, 48.7783971], [16.7855698, 48.7781355], [16.7854464, 48.7779587], [16.7853445, 48.7778491], [16.7851943, 48.7777572], [16.7848724, 48.7777113], [16.7845184, 48.7776936], [16.7839926, 48.7776865], [16.7835796, 48.7777219], [16.7833543, 48.7777996], [16.7833167, 48.7779446], [16.7834133, 48.7780506], [16.7835742, 48.7781107], [16.783601, 48.7782026], [16.7834187, 48.778337], [16.7832899, 48.7783617], [16.7832845, 48.7783971], [16.7842394, 48.7789909], [16.7844593, 48.779051], [16.7848724, 48.7792066], [16.7852747, 48.7793374]], [[16.7811426, 48.7825714], [16.7812452, 48.7827079], [16.7810719, 48.7827988], [16.7816814, 48.7828641], [16.781997, 48.7829187], [16.7822986, 48.7830175], [16.7824205, 48.7827177], [16.7821689, 48.7826992], [16.7819536, 48.7825829], [16.7817106, 48.7826644], [16.781431, 48.7825906], [16.7813929, 48.7824351], [16.7812943, 48.782393], [16.7811426, 48.7825714]], [[16.779206, 48.7826413], [16.7789228, 48.7826151], [16.7787576, 48.7826126], [16.77817, 48.782642], [16.7774638, 48.7826424], [16.7777906, 48.7827891], [16.7781409, 48.7827124], [16.778662, 48.7828166], [16.779206, 48.7826413]], [[16.7846033, 48.7831442], [16.7843114, 48.7830786], [16.783841, 48.7829228], [16.7836108, 48.7830441], [16.7833881, 48.7830421], [16.783283, 48.7829634], [16.7832923, 48.7828709], [16.7829791, 48.7828526], [16.7826024, 48.7830777], [16.782907, 48.7831324], [16.7835736, 48.7832767], [16.7836481, 48.7831616], [16.7842051, 48.7831354], [16.7845738, 48.783286], [16.7846033, 48.7831442]], [[16.7759345, 48.7825788], [16.7756481, 48.7824448], [16.7754536, 48.7825823], [16.7752751, 48.7825607], [16.7749849, 48.7826209], [16.7742442, 48.7825808], [16.7733205, 48.782726], [16.7730342, 48.7827277], [16.7729071, 48.7828544], [16.7727018, 48.7827695], [16.77235, 48.7828896], [16.7720656, 48.7829393], [16.7719424, 48.7828113], [16.7716404, 48.7828092], [16.7713061, 48.7827605], [16.7704225, 48.7827746], [16.7702247, 48.7828647], [16.7699104, 48.7827595], [16.7696777, 48.7827767], [16.7694167, 48.7827231], [16.768859, 48.7827194], [16.7686402, 48.782676], [16.7684004, 48.7828654], [16.7680896, 48.7828581], [16.7676684, 48.7827454], [16.7673778, 48.7825352], [16.7672416, 48.7825139], [16.7671108, 48.7825617], [16.7668271, 48.7824704], [16.7660887, 48.7825181], [16.7659135, 48.7823991], [16.7652211, 48.7822792], [16.7645818, 48.7822724], [16.764094, 48.782174], [16.7638719, 48.7821422], [16.7637584, 48.7822699], [16.7633019, 48.7822659], [16.7630056, 48.7822026], [16.7629151, 48.781982], [16.7627307, 48.7819455], [16.762564, 48.7819953], [16.7622848, 48.7818591], [16.7620579, 48.7818577], [16.7616762, 48.7817713], [16.7615252, 48.7820817], [16.7618886, 48.7821293], [16.7623419, 48.7821941], [16.7641998, 48.7824355], [16.7645967, 48.782495], [16.765239, 48.7824324], [16.7652948, 48.7825792], [16.7660208, 48.7826345], [16.766343, 48.7826218], [16.7666001, 48.7825377], [16.7668266, 48.7825418], [16.7671499, 48.7826594], [16.7673581, 48.7827264], [16.7677719, 48.7828169], [16.7680223, 48.7828679], [16.768524, 48.7829057], [16.7690937, 48.7827665], [16.7692475, 48.7829509], [16.7696535, 48.7829703], [16.7698438, 48.7829954], [16.7698593, 48.7829675], [16.7700803, 48.7829116], [16.770193, 48.7830199], [16.7705059, 48.7830228], [16.7707049, 48.7830105], [16.7710496, 48.7829089], [16.7712715, 48.782891], [16.771803, 48.7829897], [16.7724307, 48.7830436], [16.7726598, 48.7830316], [16.773061, 48.7829701], [16.7738105, 48.7828959], [16.774266, 48.7828202], [16.7744423, 48.7828045], [16.7746032, 48.7827913], [16.7751186, 48.782803], [16.775216, 48.7828098], [16.7768774, 48.7826385], [16.7769182, 48.7825889], [16.7765768, 48.7824818], [16.7762677, 48.7825406], [16.7759345, 48.7825788]], [[16.7781748, 48.7825176], [16.7781268, 48.7823307], [16.777827, 48.7823567], [16.7776431, 48.7825057], [16.7774869, 48.7824215], [16.7772278, 48.7825355], [16.7773809, 48.7826049], [16.7781679, 48.7826039], [16.7783598, 48.7825929], [16.7781748, 48.7825176]], [[16.7635729, 48.7826068], [16.7639812, 48.7828516], [16.7643508, 48.7829019], [16.764749, 48.7830302], [16.76498, 48.7829975], [16.7650489, 48.7827726], [16.7651304, 48.7827299], [16.7652312, 48.7826769], [16.7653902, 48.7826582], [16.7663025, 48.7827718], [16.7667206, 48.782887], [16.7667936, 48.7828415], [16.766916, 48.7828293], [16.7670386, 48.7828921], [16.7674204, 48.7828329], [16.768367, 48.7831425], [16.7685005, 48.7829411], [16.7680099, 48.7829113], [16.76776, 48.7828567], [16.767351, 48.7827621], [16.7668016, 48.782578], [16.7666194, 48.7825707], [16.766347, 48.7826565], [16.7660245, 48.782671], [16.7654055, 48.7826312], [16.7649604, 48.782591], [16.7641832, 48.7824624], [16.7629195, 48.7823042], [16.7623532, 48.7822257], [16.7615109, 48.7821106], [16.7614596, 48.7822173], [16.7611786, 48.7823052], [16.7611948, 48.7824601], [16.7618736, 48.7824172], [16.7621811, 48.7824116], [16.7623423, 48.7824197], [16.7624526, 48.7824252], [16.7631504, 48.7825962], [16.7635729, 48.7826068]], [[16.7757416, 48.7828005], [16.7753424, 48.7828322], [16.775121, 48.7828393], [16.7745967, 48.7828316], [16.7744576, 48.7828372], [16.7742867, 48.7828533], [16.7738095, 48.7829366], [16.7730722, 48.7830025], [16.7728671, 48.7830361], [16.7732972, 48.7830933], [16.7735227, 48.7830096], [16.7740116, 48.7830077], [16.7742382, 48.7828996], [16.7747117, 48.7828568], [16.7751518, 48.7830395], [16.7755797, 48.783017], [16.776098, 48.7828905], [16.7764393, 48.7828872], [16.7765931, 48.7827217], [16.7767659, 48.782779], [16.7768434, 48.7826795], [16.7757416, 48.7828005]], [[16.7707292, 48.7830465], [16.7704919, 48.7830589], [16.770226, 48.7830529], [16.7703041, 48.7831289], [16.7707695, 48.7831796], [16.7710528, 48.7829489], [16.7707292, 48.7830465]], [[16.769416, 48.7832313], [16.769728, 48.7831293], [16.7698154, 48.7830278], [16.7696471, 48.7830106], [16.7692825, 48.7829887], [16.769416, 48.7832313]], [[16.7853433, 48.7835568], [16.7851696, 48.7833855], [16.7848305, 48.7833319], [16.7847276, 48.7834966], [16.7850216, 48.7835488], [16.7853433, 48.7835568]], [[16.7889592, 48.7835453], [16.7894816, 48.783599], [16.7888795, 48.7833761], [16.7886376, 48.7834767], [16.7881167, 48.7835597], [16.7889592, 48.7835453]]]}, "properties": {"id": "e96537d3-bea5-3f93-8f09-afb190794113", "names": null, "subtype": "forest", "class": "forest", "surface": null}}, {"type": "Feature", "geometry": {"type": "Polygon", "coordinates": [[[16.7736833, 48.7870758], [16.7850059, 48.7888183], [16.791375, 48.787952], [16.793301, 48.787307], [16.793442, 48.78758], [16.7933363, 48.7875995], [16.7933029, 48.7875587], [16.7932289, 48.787516], [16.793189, 48.7875132], [16.7930952, 48.7875442], [16.7921949, 48.7878106], [16.7875661, 48.7886663], [16.7870432, 48.7887448], [16.7853349, 48.7889732], [16.7853156, 48.7889932], [16.7853424, 48.7890272], [16.7853545, 48.7890339], [16.7849621, 48.789034], [16.7843229, 48.788926], [16.78372, 48.788852], [16.7822675, 48.7886239], [16.7772323, 48.7878469], [16.7735504, 48.7872692], [16.7730915, 48.7872208], [16.7728068, 48.7871748], [16.772525, 48.786919], [16.7736833, 48.7870758]]]}, "properties": {"id": "0b6ff8e1-b676-38d7-90c2-afcb06e05532", "names": null, "subtype": "forest", "class": "forest", "surface": null}}, {"type": "Feature", "geometry": {"type": "Point", "coordinates": [16.8086512, 48.7965103]}, "properties": {"id": "fec381ca-e303-3424-ab88-a0087a99945f", "names": null, "subtype": "tree", "class": "tree", "surface": null}}, {"type": "Feature", "geometry": {"type": "Polygon", "coordinates": [[[16.8192917, 48.7891119], [16.8195465, 48.7891048], [16.819762, 48.7890696], [16.8197873, 48.7890683], [16.8198079, 48.7890723], [16.8198377, 48.7890816], [16.8198465, 48.7890966], [16.8198314, 48.7891085], [16.8196509, 48.789159], [16.8194728, 48.7892714], [16.819274, 48.7895486], [16.8189894, 48.7898298], [16.8187374, 48.7897655], [16.8180097, 48.7893798], [16.8173632, 48.7890129], [16.8165176, 48.7883754], [16.8159384, 48.7878101], [16.8159186, 48.7877241], [16.8156501, 48.7871342], [16.8154473, 48.7867641], [16.8152602, 48.7865064], [16.8150593, 48.7863767], [16.8148839, 48.7862978], [16.8147228, 48.7862643], [16.8145924, 48.786282], [16.8144579, 48.786326], [16.8143104, 48.7864091], [16.8141192, 48.786556], [16.8138863, 48.7867533], [16.8136388, 48.786874], [16.8133931, 48.7869415], [16.8130911, 48.7869869], [16.8128115, 48.7869901], [16.8123927, 48.7869817], [16.8119922, 48.7869285], [16.8113252, 48.7868106], [16.8106114, 48.7866632], [16.808784, 48.7862645], [16.808528, 48.7861991], [16.8083918, 48.7861273], [16.8081812, 48.7859747], [16.8077206, 48.7855378], [16.8075041, 48.7853803], [16.8072672, 48.7852659], [16.8068655, 48.7850911], [16.8066921, 48.7849789], [16.8061269, 48.7845604], [16.8059252, 48.7844004], [16.805671, 48.784227], [16.805296, 48.783885], [16.8050627, 48.783664], [16.8049419, 48.78358], [16.8048561, 48.7835711], [16.804758, 48.7835769], [16.8046026, 48.7836453], [16.8044411, 48.7837319], [16.8042712, 48.7837868], [16.8041241, 48.7838538], [16.8041023, 48.7839129], [16.8041188, 48.7839981], [16.8042739, 48.7842097], [16.8044319, 48.7844147], [16.8045494, 48.7845671], [16.8049441, 48.7849585], [16.8051116, 48.7851246], [16.8049907, 48.7850483], [16.803766, 48.7838068], [16.8036231, 48.7836557], [16.8035298, 48.7835328], [16.8034525, 48.7834084], [16.8033739, 48.7832512], [16.8033213, 48.783097], [16.8032893, 48.7829313], [16.803278, 48.7827594], [16.8032812, 48.7825678], [16.8033097, 48.7820542], [16.8033944, 48.7804123], [16.8034139, 48.7800627], [16.8034404, 48.7797609], [16.8034621, 48.7796141], [16.803504, 48.7794615], [16.8035769, 48.7792974], [16.8036306, 48.7791865], [16.8037405, 48.7790412], [16.8038525, 48.7789147], [16.8039718, 48.7787965], [16.8041159, 48.7786759], [16.8042679, 48.7785715], [16.8044334, 48.7784811], [16.8046619, 48.7783752], [16.8048856, 48.7782802], [16.8051378, 48.7781977], [16.8063273, 48.7778426], [16.8080058, 48.7773347], [16.8087932, 48.7771001], [16.8091772, 48.776969], [16.8093844, 48.7768896], [16.80962, 48.7767856], [16.8097947, 48.7766754], [16.8099809, 48.7765446], [16.8101572, 48.7763928], [16.8102876, 48.776261], [16.8104282, 48.7760783], [16.8105102, 48.7759339], [16.8105793, 48.7757843], [16.8106189, 48.7756434], [16.8106419, 48.7754917], [16.8106538, 48.77533], [16.8106495, 48.775219], [16.8106347, 48.7751106], [16.810605, 48.7749877], [16.8105541, 48.7748431], [16.8105051, 48.7747385], [16.8104407, 48.7746277], [16.8103242, 48.7744547], [16.8100425, 48.7740829], [16.8096237, 48.7735419], [16.8095387, 48.7734067], [16.8095054, 48.773351], [16.8100097, 48.7736161], [16.8108465, 48.7740828], [16.8104871, 48.7743444], [16.8108251, 48.7746555], [16.8109967, 48.7751504], [16.8110541, 48.7756629], [16.8128904, 48.7763703], [16.8131157, 48.7761191], [16.8132069, 48.7759918], [16.8139686, 48.7762676], [16.8146734, 48.7765983], [16.8149268, 48.7762238], [16.8150025, 48.7760027], [16.8154115, 48.7758524], [16.8156067, 48.7755596], [16.8161676, 48.7757529], [16.8162823, 48.7755764], [16.8166494, 48.7755343], [16.8164523, 48.7760083], [16.8167794, 48.7761394], [16.817368, 48.7749634], [16.8178246, 48.7749293], [16.8172582, 48.7762792], [16.8191028, 48.7767179], [16.8195194, 48.7769544], [16.8189951, 48.7782771], [16.8196607, 48.7785127], [16.8201783, 48.7792517], [16.8207174, 48.7793902], [16.8209177, 48.7789106], [16.8213306, 48.7790284], [16.821507, 48.7786415], [16.8216783, 48.7784628], [16.8232763, 48.7784502], [16.8235474, 48.7779391], [16.8239707, 48.7779987], [16.8242743, 48.7777973], [16.8246034, 48.7771521], [16.8254863, 48.7776313], [16.8250741, 48.7786729], [16.82535, 48.7787293], [16.8245964, 48.7805772], [16.8243465, 48.7814416], [16.8248078, 48.7816924], [16.8254243, 48.7819253], [16.8253357, 48.7824135], [16.826149, 48.7827523], [16.8264201, 48.7830376], [16.8265771, 48.7831567], [16.8270575, 48.7834076], [16.8268777, 48.7840655], [16.826603, 48.7846363], [16.8266783, 48.7847948], [16.8270692, 48.7852068], [16.8270676, 48.7852317], [16.8270296, 48.7852565], [16.8269384, 48.7852909], [16.8266943, 48.7853811], [16.8265039, 48.7854473], [16.8262585, 48.7855216], [16.8261297, 48.7855587], [16.8260627, 48.7855737], [16.8259111, 48.785594], [16.8258374, 48.7856064], [16.8256898, 48.7856709], [16.8256201, 48.7857027], [16.8254833, 48.7858538], [16.8254672, 48.7858715], [16.8254471, 48.7858776], [16.8254297, 48.7858732], [16.8254215, 48.7858635], [16.8254567, 48.7857536], [16.8254833, 48.7857257], [16.8256362, 48.7856223], [16.8257006, 48.7855595], [16.8257234, 48.785518], [16.825718, 48.7854818], [16.8256831, 48.7854411], [16.8256241, 48.7854102], [16.825541, 48.7853855], [16.8254559, 48.7853803], [16.8253831, 48.7853581], [16.8252954, 48.7851918], [16.8251236, 48.7849848], [16.8244024, 48.7843671], [16.8242687, 48.7840616], [16.8237993, 48.7837311], [16.8238315, 48.7835968], [16.8239844, 48.7833706], [16.8242258, 48.7832186], [16.8243518, 48.7830931], [16.8247917, 48.7830542], [16.8251887, 48.7829482], [16.8249822, 48.7826654], [16.8246818, 48.7825434], [16.8241399, 48.78257], [16.8239254, 48.7825876], [16.8236196, 48.7825876], [16.8231395, 48.7825258], [16.8226406, 48.7824374], [16.8222628, 48.7823458], [16.8221095, 48.7822874], [16.8219625, 48.7821896], [16.8213614, 48.7817378], [16.8208923, 48.7814882], [16.8203697, 48.7810916], [16.8202766, 48.7809956], [16.8196423, 48.7806768], [16.8194263, 48.7805961], [16.818767, 48.7804844], [16.8183115, 48.7804426], [16.8175324, 48.7802769], [16.816971, 48.7800958], [16.8164865, 48.779981], [16.816137, 48.7798756], [16.8158083, 48.7798407], [16.8152126, 48.7798558], [16.814521, 48.7797651], [16.8136104, 48.7796754], [16.8133793, 48.7796633], [16.8123751, 48.7798083], [16.8117281, 48.7799052], [16.8111905, 48.7799073], [16.8109571, 48.7799169], [16.8107664, 48.7799136], [16.810598, 48.7799317], [16.8102292, 48.7800155], [16.8100989, 48.7800472], [16.8096856, 48.780063], [16.8088623, 48.7801111], [16.808155, 48.7800501], [16.8073848, 48.7800741], [16.8068814, 48.7801515], [16.8064625, 48.7802203], [16.8062321, 48.7802479], [16.8062013, 48.7802529], [16.8061396, 48.7802458], [16.8060753, 48.7802158], [16.8060002, 48.7801963], [16.8058741, 48.7801663], [16.8056998, 48.7801133], [16.8055442, 48.7800744], [16.8053403, 48.780039], [16.8051419, 48.7800072], [16.8049487, 48.7799825], [16.8047261, 48.7799754], [16.8044981, 48.7799736], [16.8042353, 48.7799701], [16.8040851, 48.7799065], [16.8040341, 48.7798216], [16.8039805, 48.7797651], [16.8039134, 48.7797615], [16.8039027, 48.7798057], [16.8039054, 48.7798976], [16.8039402, 48.7800302], [16.8039697, 48.7800709], [16.8039885, 48.7800903], [16.8040757, 48.7801097], [16.8041897, 48.7801027], [16.8042822, 48.7800382], [16.8045746, 48.7800558], [16.8047985, 48.7800912], [16.8050842, 48.780115], [16.8050601, 48.7801734], [16.8050158, 48.7802635], [16.805001, 48.7803042], [16.8049112, 48.7803855], [16.8048039, 48.7804438], [16.8047315, 48.7804685], [16.8045437, 48.7805746], [16.8044069, 48.780647], [16.8042996, 48.7807213], [16.8042675, 48.7807796], [16.8042594, 48.7808167], [16.804238, 48.7809351], [16.804238, 48.7809758], [16.8042594, 48.7810323], [16.8042621, 48.781103], [16.8042353, 48.7811596], [16.8041736, 48.7811914], [16.8040717, 48.7812055], [16.8039107, 48.781248], [16.8037873, 48.781278], [16.8036921, 48.7813151], [16.8036787, 48.7813867], [16.8037096, 48.7814813], [16.803892, 48.7817587], [16.8039858, 48.7818471], [16.8041146, 48.7819699], [16.8042219, 48.7819947], [16.8043345, 48.7819991], [16.8044834, 48.7819319], [16.804541, 48.7820451], [16.8044847, 48.7821016], [16.8043962, 48.7821555], [16.8043345, 48.7822483], [16.8042594, 48.7823119], [16.8041548, 48.7823738], [16.8040261, 48.7823932], [16.8039, 48.7823879], [16.8037766, 48.7823862], [16.8036479, 48.7823826], [16.8033545, 48.7823772], [16.8033552, 48.7824105], [16.8033613, 48.7826834], [16.8035591, 48.7827196], [16.8035821, 48.7829267], [16.8035871, 48.7829919], [16.8036333, 48.7830986], [16.803723, 48.7831785], [16.8038457, 48.7832209], [16.8039861, 48.7832466], [16.8040792, 48.7832292], [16.8042431, 48.783165], [16.8045264, 48.7830693], [16.8046388, 48.7830533], [16.8047371, 48.7830601], [16.8047902, 48.7830548], [16.8048667, 48.7830349], [16.8049686, 48.7829994], [16.8050533, 48.7829944], [16.8051658, 48.7830035], [16.8052613, 48.7830269], [16.8053676, 48.7830675], [16.8054693, 48.7831213], [16.8055324, 48.7831629], [16.8055525, 48.7832035], [16.8055643, 48.7832922], [16.8055951, 48.7833349], [16.8056536, 48.7833704], [16.8057076, 48.7833846], [16.8057815, 48.7833907], [16.805894, 48.7833927], [16.8059725, 48.7834161], [16.8060295, 48.7834536], [16.8060757, 48.7834983], [16.8060788, 48.7835754], [16.8060342, 48.7836901], [16.806011, 48.7838201], [16.8060388, 48.7839033], [16.8061111, 48.7840073], [16.8062651, 48.7841029], [16.8063624, 48.78416], [16.8064633, 48.7842521], [16.8070336, 48.7846343], [16.807432, 48.78485], [16.807766, 48.7850087], [16.807986, 48.7850971], [16.8081308, 48.785189], [16.8085439, 48.7855035], [16.8085573, 48.785553], [16.8085251, 48.7855848], [16.8084715, 48.7856007], [16.8083481, 48.7855866], [16.8081925, 48.7854823], [16.8081308, 48.7854576], [16.8080825, 48.7854576], [16.8080423, 48.785477], [16.8080369, 48.7855088], [16.8080638, 48.7856767], [16.808222, 48.785857], [16.8084419, 48.7860337], [16.8086297, 48.7861115], [16.8090508, 48.7862157], [16.8092144, 48.7862405], [16.8093646, 48.7862034], [16.8099792, 48.7862294], [16.8104137, 48.7862506], [16.8108053, 48.786286], [16.81139, 48.7863673], [16.8114812, 48.7863991], [16.8115215, 48.7864415], [16.8115429, 48.7864857], [16.8115912, 48.7865263], [16.8116931, 48.7865811], [16.8121464, 48.7866801], [16.8124656, 48.7867189], [16.812715, 48.7866907], [16.8131361, 48.786567], [16.8133427, 48.7864556], [16.8137343, 48.7862524], [16.8138898, 48.7862082], [16.8140615, 48.7861888], [16.8142868, 48.7861464], [16.8146623, 48.7860279], [16.814901, 48.7859891], [16.8156252, 48.7859254], [16.8158532, 48.7859025], [16.8160007, 48.7859095], [16.8161644, 48.7859537], [16.8164299, 48.786088], [16.816623, 48.7862365], [16.8167491, 48.7864044], [16.8167705, 48.7865192], [16.8167115, 48.7866058], [16.8166177, 48.7866641], [16.8164674, 48.7867242], [16.8164111, 48.786779], [16.8164031, 48.7868727], [16.8164889, 48.7873339], [16.8165586, 48.7877545], [16.8166766, 48.7880092], [16.8168134, 48.7882389], [16.8169662, 48.7883856], [16.8172372, 48.7885535], [16.8173552, 48.7886701], [16.8174651, 48.7887921], [16.8176368, 48.7889105], [16.8178165, 48.7889635], [16.8181437, 48.7890218], [16.8189135, 48.7891031], [16.8192917, 48.7891119]], [[16.810815, 48.777127], [16.8107921, 48.777133], [16.8106172, 48.7775729], [16.8105694, 48.7778129], [16.810516, 48.7778905], [16.8104225, 48.7779274], [16.8103655, 48.7779334], [16.8103173, 48.7779264], [16.8100075, 48.7777134], [16.8099232, 48.7776647], [16.809761, 48.7775712], [16.8097253, 48.7775633], [16.8096986, 48.7775768], [16.809799, 48.7777963], [16.809898, 48.7779307], [16.8098348, 48.7781297], [16.8098144, 48.7783173], [16.8098315, 48.7784587], [16.8098804, 48.7786411], [16.8098982, 48.7788386], [16.8098623, 48.7791408], [16.809814, 48.7794061], [16.8097849, 48.7795659], [16.8097337, 48.7795786], [16.8096891, 48.7795746], [16.8096582, 48.7795625], [16.8096359, 48.7795311], [16.8096135, 48.7794025], [16.8095667, 48.7791329], [16.8094889, 48.7782476], [16.8093775, 48.7774783], [16.8093747, 48.7774589], [16.809324, 48.7773975], [16.8091473, 48.7772327], [16.8090078, 48.7771723], [16.8089406, 48.7771478], [16.8088772, 48.7771334], [16.8088208, 48.7771268], [16.8087464, 48.7771297], [16.8082486, 48.7772737], [16.8080783, 48.777373], [16.8080443, 48.7774596], [16.8080582, 48.7775407], [16.8080958, 48.7775718], [16.8081389, 48.7775929], [16.8081908, 48.777611], [16.8082315, 48.7776644], [16.8082879, 48.7778281], [16.8084406, 48.7781031], [16.808598, 48.7783176], [16.8087834, 48.7787076], [16.8089522, 48.7792565], [16.808968, 48.7793091], [16.8090917, 48.7795971], [16.8091527, 48.7796893], [16.8091918, 48.7796965], [16.8092457, 48.7796958], [16.8093025, 48.7796727], [16.8093391, 48.7796578], [16.8094068, 48.7795947], [16.8094534, 48.7795771], [16.8094963, 48.7795738], [16.8095441, 48.7795834], [16.8096866, 48.779625], [16.8097733, 48.7796645], [16.8097818, 48.7796727], [16.809878, 48.7797632], [16.8098974, 48.7797699], [16.8099299, 48.7797722], [16.8099657, 48.7797711], [16.8100014, 48.7797618], [16.8100217, 48.7797182], [16.8101354, 48.7796032], [16.8104091, 48.7793589], [16.8105769, 48.7792365], [16.8106886, 48.779193], [16.8108236, 48.779196], [16.8109489, 48.7792084], [16.8111257, 48.7792921], [16.8112373, 48.77935], [16.8113093, 48.7793874], [16.8113768, 48.7793921], [16.8113863, 48.7793905], [16.8115103, 48.7793697], [16.8116942, 48.7792875], [16.8119156, 48.7791706], [16.8119389, 48.7791168], [16.8118619, 48.7790503], [16.8108761, 48.7783401], [16.8106514, 48.7781558], [16.8105987, 48.7780972], [16.8105964, 48.7780946], [16.8106031, 48.7780524], [16.810635, 48.7779871], [16.8106856, 48.7779421], [16.8107477, 48.777913], [16.8107926, 48.7779062], [16.8108356, 48.7779028], [16.8109333, 48.7779078], [16.8110291, 48.7779245], [16.8114563, 48.7781116], [16.811844, 48.7782543], [16.8122352, 48.7782291], [16.8125629, 48.7782248], [16.8126346, 48.7782357], [16.8127279, 48.7782499], [16.8128381, 48.7782666], [16.8129952, 48.7783281], [16.8131053, 48.7783503], [16.8131819, 48.7783502], [16.8132142, 48.7783362], [16.8132545, 48.778294], [16.813284, 48.7781858], [16.8133147, 48.7780848], [16.8133248, 48.7780215], [16.8132873, 48.7779869], [16.8131133, 48.777905], [16.812925, 48.7778331], [16.8126163, 48.7777782], [16.8124223, 48.7777704], [16.8123988, 48.7777694], [16.8122775, 48.777741], [16.8121896, 48.7776915], [16.8121143, 48.7776401], [16.8121111, 48.7775766], [16.8121107, 48.7775684], [16.8122094, 48.7773913], [16.8122354, 48.7773448], [16.8123499, 48.7771983], [16.8123843, 48.7771227], [16.8123524, 48.7770531], [16.8123207, 48.776998], [16.8121341, 48.7768345], [16.811755, 48.7766194], [16.8115223, 48.7765139], [16.8115046, 48.7765059], [16.811461, 48.77651], [16.8114171, 48.7765496], [16.8113665, 48.7766315], [16.8113891, 48.776658], [16.8115771, 48.7767274], [16.8117604, 48.7768821], [16.8117771, 48.7769321], [16.8117608, 48.7769916], [16.8117112, 48.7770532], [16.8116803, 48.7770755], [16.8116282, 48.7770764], [16.8114976, 48.7769539], [16.8113847, 48.7769211], [16.8111607, 48.7767734], [16.8111138, 48.7767985], [16.8110979, 48.776807], [16.8111244, 48.7768253], [16.8111405, 48.7768365], [16.8112256, 48.7769154], [16.8111991, 48.7770474], [16.8111131, 48.777149], [16.811047, 48.7772032], [16.8109234, 48.7771879], [16.810815, 48.777127]], [[16.8265353, 48.7853598], [16.8265948, 48.7853444], [16.8266205, 48.7853205], [16.8266505, 48.7852564], [16.8266452, 48.7851917], [16.8266314, 48.7851654], [16.8266098, 48.7851322], [16.8261391, 48.7852331], [16.8261117, 48.7852465], [16.8260568, 48.7853053], [16.8260779, 48.7853331], [16.8261179, 48.7853747], [16.8262488, 48.7853292], [16.8262922, 48.7853234], [16.8263329, 48.785331], [16.8264585, 48.7853782], [16.8265353, 48.7853598]]]}, "properties": {"id": "064ac0f6-9282-3db5-8e7e-9966b6db8937", "names": null, "subtype": "forest", "class": "wood", "surface": null}}, {"type": "Feature", "geometry": {"type": "Polygon", "coordinates": [[[16.8089353, 48.7890519], [16.8081979, 48.7882359], [16.808498, 48.7884141], [16.8092128, 48.7888153], [16.8096899, 48.7890777], [16.8106285, 48.7896325], [16.8108569, 48.7897632], [16.8118589, 48.7903366], [16.812204, 48.7905297], [16.8124579, 48.7906789], [16.814536, 48.7918507], [16.815215, 48.7922309], [16.8148257, 48.7924779], [16.8148072, 48.7924485], [16.8146214, 48.7923429], [16.8143442, 48.7925433], [16.8138822, 48.7922753], [16.8141499, 48.7920699], [16.8137623, 48.7918571], [16.8136826, 48.7918094], [16.8124692, 48.7911055], [16.8115431, 48.7905794], [16.8110277, 48.790294], [16.8109087, 48.7902348], [16.8106712, 48.7901168], [16.810582, 48.7900501], [16.8105468, 48.789937], [16.8098605, 48.7895453], [16.8090705, 48.789103], [16.8089353, 48.7890519]]]}, "properties": {"id": "8e8757fb-4f53-3153-89ab-13880a591d09", "names": null, "subtype": "forest", "class": "forest", "surface": null}}, {"type": "Feature", "geometry": {"type": "Point", "coordinates": [16.809351, 48.7962519]}, "properties": {"id": "560a6add-6863-3bf0-891f-6628d202bdfa", "names": null, "subtype": "tree", "class": "tree", "surface": null}}, {"type": "Feature", "geometry": {"type": "Point", "coordinates": [16.8094694, 48.7963498]}, "properties": {"id": "f6e751fe-23ed-3350-b81d-c55462a33d15", "names": null, "subtype": "tree", "class": "tree", "surface": null}}, {"type": "Feature", "geometry": {"type": "Point", "coordinates": [16.8095323, 48.7963871]}, "properties": {"id": "fc4ef62a-8226-3ff3-ba43-0fb7792aa059", "names": null, "subtype": "tree", "class": "tree", "surface": null}}, {"type": "Feature", "geometry": {"type": "Point", "coordinates": [16.8098799, 48.7966377]}, "properties": {"id": "3c592d7b-0756-3185-ab0f-e511c60829c8", "names": null, "subtype": "tree", "class": "tree", "surface": null}}, {"type": "Feature", "geometry": {"type": "Point", "coordinates": [16.8102561, 48.7969024]}, "properties": {"id": "7b24cb7f-bda4-3d44-8ddc-2bdf249f0f1c", "names": null, "subtype": "tree", "class": "tree", "surface": null}}, {"type": "Feature", "geometry": {"type": "Point", "coordinates": [16.8101458, 48.7968126]}, "properties": {"id": "b1a8104c-8e63-32b9-9f69-419864bedd29", "names": null, "subtype": "tree", "class": "tree", "surface": null}}, {"type": "Feature", "geometry": {"type": "Point", "coordinates": [16.813492, 48.7958559]}, "properties": {"id": "5198f37a-2f63-3cba-847a-4dadf046e667", "names": null, "subtype": "tree", "class": "tree", "surface": null}}, {"type": "Feature", "geometry": {"type": "Point", "coordinates": [16.8136099, 48.7957807]}, "properties": {"id": "7f184810-a8f3-3011-a2a5-b3adbe4e7ae1", "names": null, "subtype": "tree", "class": "tree", "surface": null}}, {"type": "Feature", "geometry": {"type": "LineString", "coordinates": [[16.8139709, 48.7956217], [16.818397, 48.7927278]]}, "properties": {"id": "2eb7ffdf-4f76-3d83-88dd-45bff160ea35", "names": null, "subtype": "tree", "class": "tree_row", "surface": null}}, {"type": "Feature", "geometry": {"type": "LineString", "coordinates": [[16.8183106, 48.7926645], [16.8138897, 48.7955659]]}, "properties": {"id": "d286fa00-35dc-3fee-a9d4-c99d3cc33af9", "names": null, "subtype": "tree", "class": "tree_row", "surface": null}}, {"type": "Feature", "geometry": {"type": "LineString", "coordinates": [[16.818681, 48.7924477], [16.8187447, 48.792394], [16.8187911, 48.7923326], [16.8188067, 48.7922612], [16.818822, 48.7921912], [16.8191425, 48.7903019], [16.8191628, 48.7902233], [16.8192228, 48.790093], [16.8192499, 48.7900253], [16.8192937, 48.7899138]]}, "properties": {"id": "1fed173e-39d7-3f2c-ad5d-a5f638aaebe6", "names": null, "subtype": "tree", "class": "tree_row", "surface": null}}, {"type": "Feature", "geometry": {"type": "LineString", "coordinates": [[16.8187555, 48.7924762], [16.8188283, 48.7924203], [16.8188824, 48.7923542], [16.8189049, 48.7922819], [16.8189911, 48.7916998], [16.8192398, 48.7902933], [16.8192731, 48.7902147], [16.819303, 48.7901485], [16.8193989, 48.7899295]]}, "properties": {"id": "4ad4545d-37ec-3506-a302-81518c31dae6", "names": null, "subtype": "tree", "class": "tree_row", "surface": null}}, {"type": "Feature", "geometry": {"type": "Polygon", "coordinates": [[[16.821029, 48.7892781], [16.8207921, 48.7892477], [16.8209261, 48.789176], [16.8209464, 48.7891234], [16.8211273, 48.7889836], [16.821445, 48.7888295], [16.8223706, 48.7886697], [16.8224955, 48.7886847], [16.8223972, 48.7887668], [16.8218908, 48.7888379], [16.8218705, 48.7889207], [16.8212996, 48.7891334], [16.8210583, 48.7891849], [16.821261, 48.7892545], [16.821029, 48.7892781]]]}, "properties": {"id": "8724a0b1-971c-3106-bb1e-05e2e4d6f837", "names": null, "subtype": "wetland", "class": "wetland", "surface": null}}, {"type": "Feature", "geometry": {"type": "Polygon", "coordinates": [[[16.8197516, 48.7899671], [16.8195735, 48.7899793], [16.8194404, 48.7900002], [16.8193934, 48.7900162], [16.8191859, 48.789881], [16.8199664, 48.789365], [16.8224394, 48.7881209], [16.8231422, 48.7877993], [16.8244618, 48.7868026], [16.8246871, 48.7866223], [16.8247944, 48.7866365], [16.8248678, 48.7868518], [16.8249071, 48.7870677], [16.8252084, 48.7872144], [16.8254971, 48.7871737], [16.8260282, 48.7867637], [16.8264145, 48.786693], [16.8269455, 48.7867779], [16.8273693, 48.7862194], [16.8277261, 48.7861045], [16.8278283, 48.7861288], [16.827504, 48.786674], [16.82681, 48.787175], [16.826751, 48.787385], [16.826553, 48.787516], [16.8263662, 48.7877463], [16.8268329, 48.7880467], [16.8272406, 48.7877993], [16.827479, 48.7878395], [16.8272921, 48.7881782], [16.8272138, 48.7883082], [16.8273264, 48.7883931], [16.8278897, 48.7881633], [16.8280345, 48.7881987], [16.8285227, 48.7882658], [16.8288231, 48.7882482], [16.8287533, 48.7884249], [16.8285549, 48.7885344], [16.8280292, 48.788644], [16.8277824, 48.7885768], [16.8274552, 48.7885344], [16.8271306, 48.7885998], [16.8268543, 48.7888119], [16.8265808, 48.788803], [16.8260819, 48.7889904], [16.8264413, 48.7894427], [16.8260336, 48.7894215], [16.8256913, 48.789328], [16.8256641, 48.7893262], [16.8253849, 48.7892838], [16.82383, 48.78901], [16.8235805, 48.7889972], [16.8234066, 48.7889813], [16.8233751, 48.7889374], [16.8230562, 48.7889269], [16.8229044, 48.7887731], [16.8229281, 48.7886681], [16.8231398, 48.7881645], [16.822958, 48.7880515], [16.8220419, 48.7885276], [16.8221081, 48.7889689], [16.8218708, 48.7891949], [16.8217295, 48.7892085], [16.8216865, 48.7892209], [16.8216762, 48.78926], [16.8216733, 48.7893041], [16.8217871, 48.7893626], [16.8214448, 48.789252], [16.8208054, 48.7894283], [16.8202898, 48.7897268], [16.820102, 48.7898929], [16.8201808, 48.7899085], [16.820512, 48.7899359], [16.8207343, 48.7900182], [16.8212042, 48.790201], [16.8214227, 48.7903012], [16.8212347, 48.7903879], [16.8208561, 48.7902259], [16.8203908, 48.7900441], [16.8202041, 48.7900047], [16.820026, 48.7899785], [16.8198853, 48.7899673], [16.8197516, 48.7899671]], [[16.8264291, 48.7871784], [16.8265107, 48.7870437], [16.826559, 48.7869183], [16.8265201, 48.7868322], [16.8263926, 48.7867851], [16.8262809, 48.786775], [16.8261737, 48.7867816], [16.8260375, 48.7868142], [16.8259611, 48.7868721], [16.8258539, 48.7869676], [16.8255793, 48.7871802], [16.8254776, 48.7873262], [16.8254859, 48.7873889], [16.8255625, 48.7873966], [16.8256822, 48.7873186], [16.8258664, 48.7871556], [16.8259064, 48.7871199], [16.8260492, 48.7870493], [16.8261361, 48.7870621], [16.8261684, 48.7871041], [16.8261409, 48.7871654], [16.8260341, 48.787303], [16.8259698, 48.7874179], [16.8259216, 48.7876611], [16.8259094, 48.7877009], [16.8258649, 48.787736], [16.8257805, 48.787769], [16.8257508, 48.7877987], [16.8257318, 48.7878287], [16.8257872, 48.7878571], [16.8258605, 48.787861], [16.8259553, 48.7878421], [16.8260279, 48.7877738], [16.8260889, 48.7876837], [16.8261894, 48.7875057], [16.8262716, 48.7874342], [16.8263429, 48.7873198], [16.8264291, 48.7871784]], [[16.8257359, 48.7887659], [16.8257385, 48.7886564], [16.8258297, 48.7885662], [16.8257815, 48.7884637], [16.8255347, 48.7884973], [16.8254274, 48.7884372], [16.8250385, 48.7884814], [16.8252102, 48.788872], [16.8257359, 48.7887659]]]}, "properties": {"id": "4522c859-1158-3f07-a8e3-97194a430642", "names": null, "subtype": "forest", "class": "forest", "surface": null}}, {"type": "Feature", "geometry": {"type": "Polygon", "coordinates": [[[16.8279836, 48.7849063], [16.8279648, 48.784871], [16.8285924, 48.7843143], [16.8294, 48.7835256], [16.8294476, 48.7835227], [16.8294956, 48.7835407], [16.8295192, 48.7835658], [16.8295256, 48.7836086], [16.8292868, 48.7840883], [16.8293051, 48.7841362], [16.8293427, 48.7841542], [16.8297012, 48.7841752], [16.8291064, 48.7853139], [16.828976, 48.7853022], [16.8279836, 48.7849063]]]}, "properties": {"id": "d397734b-e4aa-3b47-872a-f0f7def0cf55", "names": null, "subtype": "forest", "class": "forest", "surface": null}}, {"type": "Feature", "geometry": {"type": "Polygon", "coordinates": [[[16.834613, 48.8125404], [16.8361188, 48.8100983], [16.8369964, 48.8090446], [16.837779, 48.8082207], [16.8387856, 48.8075828], [16.8395088, 48.807164], [16.8405069, 48.8067104], [16.8422171, 48.8063026], [16.8435511, 48.8060612], [16.84826, 48.8054902], [16.8493035, 48.8053848], [16.8508074, 48.8051393], [16.851573, 48.8049702], [16.8523765, 48.8047247], [16.8530332, 48.8044359], [16.8538231, 48.8040349], [16.8540737, 48.8038577], [16.854452, 48.8035171], [16.8547138, 48.8032319], [16.8551315, 48.8026905], [16.8552692, 48.8024902], [16.8556026, 48.8019206], [16.8559476, 48.801116], [16.8565199, 48.7997034], [16.8567374, 48.7992609], [16.8571354, 48.7987558], [16.8578188, 48.7982183], [16.8599414, 48.7971657], [16.8602542, 48.7970093], [16.8605032, 48.79687], [16.861089, 48.7964849], [16.8609948, 48.7965699], [16.8607783, 48.7967307], [16.8605322, 48.7968896], [16.8602901, 48.7970296], [16.8597621, 48.7972783], [16.8581824, 48.7980694], [16.8578219, 48.7982672], [16.8571833, 48.7987792], [16.8567774, 48.7992741], [16.8560721, 48.800883], [16.8557623, 48.8016816], [16.8556395, 48.8019279], [16.8553074, 48.8024993], [16.8547504, 48.8032443], [16.8544853, 48.8035321], [16.8540974, 48.8038797], [16.8542926, 48.8040052], [16.8544633, 48.8038502], [16.8545826, 48.8037055], [16.8546688, 48.8036761], [16.8548407, 48.8035308], [16.8552055, 48.8031115], [16.8554115, 48.8028436], [16.8556706, 48.8024409], [16.8559861, 48.8018831], [16.8563108, 48.8010251], [16.8565832, 48.8003409], [16.8568093, 48.7997529], [16.8570797, 48.7992764], [16.8572773, 48.7990417], [16.8575084, 48.7988189], [16.8577307, 48.7986291], [16.8580897, 48.798368], [16.858502, 48.7981395], [16.8598977, 48.7974613], [16.8606538, 48.7971009], [16.8610504, 48.7968872], [16.8614019, 48.7966377], [16.8617693, 48.7963236], [16.8620638, 48.7960354], [16.8623117, 48.795729], [16.8625931, 48.7953428], [16.8627679, 48.7949417], [16.8628807, 48.7944993], [16.8623502, 48.7944306], [16.8623371, 48.7944724], [16.8623435, 48.7936707], [16.862408, 48.7931891], [16.8625004, 48.7929704], [16.863125, 48.7921666], [16.8635832, 48.7913325], [16.8636929, 48.7911747], [16.8646599, 48.791107], [16.8647297, 48.791138], [16.8645364, 48.7913013], [16.8642646, 48.7916329], [16.8640014, 48.7921366], [16.8639877, 48.7922369], [16.8645581, 48.7915753], [16.864694, 48.79143], [16.865636, 48.7906363], [16.8662977, 48.7901864], [16.8666055, 48.7900141], [16.8678664, 48.7894171], [16.8685607, 48.7891425], [16.868766, 48.7890741], [16.8689785, 48.7889953], [16.869016, 48.7888279], [16.8690365, 48.788653], [16.8693918, 48.7886208], [16.8696612, 48.7884869], [16.8698556, 48.7883647], [16.8700411, 48.7882308], [16.8702354, 48.7880562], [16.8705181, 48.7877681], [16.8709157, 48.7872617], [16.8712955, 48.7870405], [16.8715694, 48.7869299], [16.8719404, 48.786767], [16.8722231, 48.786604], [16.8723247, 48.7865021], [16.8727936, 48.7858631], [16.8728595, 48.7857998], [16.8730766, 48.785591], [16.8734544, 48.7850985], [16.873664, 48.7849275], [16.8741331, 48.7846645], [16.8748218, 48.7844803], [16.8757092, 48.7844269], [16.8765085, 48.7842906], [16.8771973, 48.7840791], [16.8775067, 48.7839345], [16.8779911, 48.7836819], [16.878461, 48.7832608], [16.8787937, 48.7830432], [16.8793297, 48.7827783], [16.8802356, 48.7825155], [16.8809544, 48.7823921], [16.881566, 48.7821829], [16.8820294, 48.7819665], [16.8825423, 48.7817269], [16.8833255, 48.7812763], [16.8837761, 48.7809276], [16.8840282, 48.7807559], [16.8844896, 48.7804233], [16.8849026, 48.7799137], [16.8851011, 48.7793049], [16.8851606, 48.7789636], [16.885108, 48.7787013], [16.8848651, 48.7782078], [16.8843718, 48.7774275], [16.8838703, 48.7767416], [16.8832665, 48.775995], [16.8839573, 48.7764795], [16.8844057, 48.7769656], [16.8845514, 48.7770878], [16.8846331, 48.7772319], [16.8846663, 48.777376], [16.8848165, 48.7778752], [16.8853123, 48.7787346], [16.8853465, 48.7788998], [16.8853366, 48.7790097], [16.8852736, 48.7794594], [16.8852317, 48.7796064], [16.8849059, 48.7801674], [16.8844686, 48.7809227], [16.8842831, 48.781133], [16.8841506, 48.7812269], [16.8837663, 48.7814729], [16.8835542, 48.7815769], [16.8834836, 48.7817203], [16.8809945, 48.7827862], [16.8798494, 48.7832978], [16.8785507, 48.7840254], [16.8763068, 48.7853118], [16.8755824, 48.7858429], [16.8739525, 48.7868645], [16.8736543, 48.7870813], [16.873206, 48.7875135], [16.8719935, 48.7884927], [16.8717859, 48.7887605], [16.8716136, 48.7890617], [16.8713353, 48.789699], [16.87108, 48.7896894], [16.8711707, 48.7894812], [16.8712289, 48.7892954], [16.8711864, 48.7891938], [16.8711311, 48.789102], [16.8714016, 48.7891039], [16.8714943, 48.7889205], [16.8711191, 48.7888361], [16.8711548, 48.7888309], [16.8712612, 48.7888292], [16.8713987, 48.7888403], [16.8715643, 48.7888704], [16.8717155, 48.7886194], [16.8718555, 48.7884534], [16.8721338, 48.7882427], [16.8723501, 48.7880654], [16.8726663, 48.7878251], [16.872954, 48.7875794], [16.8732466, 48.7873111], [16.8731814, 48.7872805], [16.8725521, 48.7877605], [16.8722112, 48.788005], [16.8719794, 48.7881105], [16.8717565, 48.7882168], [16.8715427, 48.7883119], [16.8713749, 48.7883731], [16.8709757, 48.7884939], [16.8702118, 48.7886819], [16.8693035, 48.7888957], [16.8689222, 48.7892551], [16.8685743, 48.7893731], [16.8680288, 48.7895753], [16.8675194, 48.789798], [16.8671402, 48.7899951], [16.8668745, 48.7901469], [16.86658, 48.79033], [16.866153, 48.7906286], [16.865933, 48.7907607], [16.8655376, 48.7910439], [16.8649798, 48.7915141], [16.8647213, 48.7917717], [16.864346, 48.7921124], [16.8639872, 48.7925841], [16.8636759, 48.7930907], [16.8634631, 48.7935286], [16.8633671, 48.7938834], [16.8632224, 48.7944944], [16.8630893, 48.7949659], [16.8629582, 48.7952569], [16.8627901, 48.7955137], [16.8625629, 48.7958232], [16.8623355, 48.7961629], [16.862191, 48.7962971], [16.8619896, 48.7964579], [16.8618303, 48.7966263], [16.8616553, 48.7967756], [16.8613277, 48.7970161], [16.8608886, 48.7972734], [16.8606169, 48.7974125], [16.8604154, 48.7974853], [16.8601074, 48.7976281], [16.8595442, 48.7979137], [16.8588875, 48.7982367], [16.8583801, 48.7985227], [16.8579589, 48.7988005], [16.8576059, 48.7991007], [16.8573752, 48.7993496], [16.8572168, 48.7995948], [16.8570915, 48.7998493], [16.8569359, 48.8003614], [16.8568055, 48.8006646], [16.8566946, 48.800878], [16.8565963, 48.8011291], [16.8564129, 48.8016831], [16.8562844, 48.8019611], [16.8560198, 48.8024886], [16.8557288, 48.8029672], [16.8555256, 48.8032186], [16.8553646, 48.8033976], [16.8550143, 48.8037688], [16.8547666, 48.803945], [16.8547141, 48.8039948], [16.8547051, 48.8040277], [16.8547231, 48.8040648], [16.8548025, 48.8041559], [16.8546808, 48.8041719], [16.8545963, 48.804166], [16.8545297, 48.8041517], [16.8544593, 48.8041247], [16.8543773, 48.8040859], [16.8543096, 48.8040428], [16.8542549, 48.8040753], [16.8543549, 48.8041413], [16.854438, 48.8041788], [16.8545613, 48.8042092], [16.8546553, 48.8042174], [16.8548417, 48.8042123], [16.8549784, 48.8042068], [16.8549495, 48.8042255], [16.8549178, 48.8042924], [16.8547768, 48.8043882], [16.8538483, 48.8047089], [16.8521271, 48.8053428], [16.8507231, 48.8056933], [16.8505079, 48.805835], [16.8498582, 48.8063503], [16.8495367, 48.8065211], [16.8491524, 48.806556], [16.8487375, 48.8065141], [16.8479528, 48.8061309], [16.8475299, 48.806096], [16.8457068, 48.8063048], [16.8449303, 48.8064237], [16.8449317, 48.8063165], [16.844523, 48.8063636], [16.84373, 48.8064763], [16.8428067, 48.8066254], [16.8421072, 48.8067642], [16.8415478, 48.8069012], [16.8409377, 48.8070834], [16.8402883, 48.8073158], [16.8399699, 48.8074545], [16.8392448, 48.8078321], [16.8386864, 48.8081848], [16.8381533, 48.8086209], [16.8377344, 48.80903], [16.8373531, 48.8094667], [16.8369923, 48.809906], [16.83591, 48.8115642], [16.8354729, 48.8122762], [16.8345564, 48.8136963], [16.83418, 48.8143182], [16.8340812, 48.8146202], [16.8340217, 48.8149303], [16.8339681, 48.8155744], [16.8339392, 48.8160078], [16.8340568, 48.815948], [16.8339209, 48.8161191], [16.8334427, 48.8171662], [16.8331558, 48.8171074], [16.8333938, 48.8165845], [16.8335934, 48.8160583], [16.8336889, 48.8155414], [16.8337214, 48.8148883], [16.8337693, 48.8145814], [16.8338632, 48.8142774], [16.8347367, 48.8128875], [16.8351862, 48.8121952], [16.836057, 48.8107751], [16.8363691, 48.8102932], [16.8367016, 48.8098219], [16.8374518, 48.8089599], [16.837939, 48.8084896], [16.8384572, 48.8080669], [16.8390697, 48.8076847], [16.8397832, 48.8073052], [16.8401601, 48.8071535], [16.8407872, 48.8069251], [16.8414377, 48.8067293], [16.8420277, 48.8065795], [16.8427463, 48.8064485], [16.843688, 48.8062882], [16.8444633, 48.8061816], [16.8449342, 48.8061295], [16.8449366, 48.8059382], [16.8443015, 48.8060106], [16.8422988, 48.8063314], [16.8404693, 48.8068723], [16.8390884, 48.8074361], [16.8382145, 48.8079761], [16.8379322, 48.8082014], [16.8373002, 48.8087782], [16.8367623, 48.8093707], [16.8365468, 48.809638], [16.836231, 48.8100632], [16.834613, 48.8125404]]]}, "properties": {"id": "7eb636e9-7350-3231-b86d-2ddad5624f46", "names": null, "subtype": "grass", "class": "grassland", "surface": null}}, {"type": "Feature", "geometry": {"type": "Polygon", "coordinates": [[[16.8542013, 48.7952702], [16.8541349, 48.7953496], [16.8540762, 48.7954341], [16.8540562, 48.7955093], [16.8540476, 48.7955977], [16.8539928, 48.7958038], [16.853952, 48.7959893], [16.8539263, 48.7960382], [16.8538927, 48.7961575], [16.8538855, 48.7962334], [16.8538461, 48.7963072], [16.8537489, 48.7964103], [16.8536847, 48.7964502], [16.8536181, 48.7965178], [16.8534639, 48.796593], [16.8532534, 48.7966689], [16.8531154, 48.796751], [16.8530431, 48.7968226], [16.8529471, 48.7969014], [16.8528673, 48.7969796], [16.8527791, 48.7971216], [16.8527023, 48.7972314], [16.8526904, 48.7972659], [16.8526508, 48.7973397], [16.8525248, 48.7974548], [16.8522965, 48.7976148], [16.8521433, 48.7977306], [16.852063, 48.7977986], [16.8520467, 48.7978394], [16.8520728, 48.7979112], [16.8521714, 48.7980192], [16.8524788, 48.7983793], [16.8528052, 48.7987474], [16.8531492, 48.7991182], [16.8532849, 48.799275], [16.8535369, 48.7995261], [16.8544193, 48.8004814], [16.8546587, 48.800766], [16.8547247, 48.8008046], [16.8547621, 48.8008158], [16.854843, 48.8008193], [16.8548628, 48.8008188], [16.8548719, 48.8008929], [16.8546466, 48.8014258], [16.8544213, 48.8018822], [16.854121, 48.8023678], [16.8535031, 48.8031007], [16.853353, 48.8032311], [16.8528888, 48.8034424], [16.8523153, 48.803656], [16.8519945, 48.803856], [16.850834, 48.8043416], [16.8497724, 48.8045372], [16.8484754, 48.8047395], [16.8472398, 48.8048834], [16.8458403, 48.8050408], [16.843864, 48.8052791], [16.8436661, 48.8053038], [16.8435057, 48.805315], [16.8434271, 48.8052116], [16.843492, 48.8051352], [16.843707, 48.8050228], [16.8439494, 48.8048857], [16.8438299, 48.804825], [16.8436627, 48.8049036], [16.8434545, 48.8050048], [16.8431473, 48.8051195], [16.842666, 48.8052274], [16.8421096, 48.8053623], [16.8404371, 48.8058119], [16.8400939, 48.8059699], [16.8399656, 48.8059457], [16.8398069, 48.8059618], [16.8397417, 48.8059149], [16.8389518, 48.8055582], [16.8388745, 48.805459], [16.8384592, 48.8052338], [16.8377772, 48.8050005], [16.8373843, 48.8049924], [16.8370423, 48.8049321], [16.8366881, 48.8049401], [16.8362198, 48.8049991], [16.8358106, 48.8050702], [16.8354157, 48.8051131], [16.8350879, 48.8051278], [16.8348396, 48.8050863], [16.8344728, 48.8049925], [16.8341003, 48.8048088], [16.8338909, 48.804654], [16.8335022, 48.8040112], [16.8333612, 48.8038576], [16.8332086, 48.8037419], [16.8329034, 48.8035656], [16.8327422, 48.8034727], [16.832555, 48.8034215], [16.8322585, 48.8033646], [16.8322247, 48.8033648], [16.8320985, 48.8033657], [16.8320057, 48.8032836], [16.8322719, 48.8030683], [16.8326106, 48.8028633], [16.8330644, 48.8026443], [16.8331737, 48.8025476], [16.8330781, 48.8024397], [16.8328494, 48.8023565], [16.8326514, 48.8024015], [16.8323437, 48.8026345], [16.8322425, 48.8025477], [16.832023, 48.8024247], [16.8318082, 48.8022524], [16.8317055, 48.802234], [16.8316308, 48.8022801], [16.8315841, 48.8023478], [16.8313241, 48.8030555], [16.8312798, 48.8031149], [16.8312249, 48.8031435], [16.8309252, 48.8032084], [16.8308206, 48.8032079], [16.8307294, 48.8031867], [16.8306302, 48.8031302], [16.8294876, 48.8018428], [16.8296819, 48.8015831], [16.8302274, 48.8012669], [16.8295739, 48.8012936], [16.8293642, 48.8014465], [16.8289021, 48.8018686], [16.8287234, 48.8019457], [16.8286494, 48.8020025], [16.8286494, 48.8020634], [16.8287295, 48.8020999], [16.8288589, 48.8021121], [16.8290931, 48.8021121], [16.829372, 48.802395], [16.8293211, 48.8025586], [16.8293704, 48.8027128], [16.8297832, 48.8029036], [16.8299496, 48.8032851], [16.8299496, 48.8035895], [16.8299109, 48.8037008], [16.8299, 48.803732], [16.8297709, 48.8038371], [16.8294382, 48.8039263], [16.8290438, 48.8039466], [16.8285508, 48.803906], [16.827873, 48.8037681], [16.8250695, 48.803351], [16.8253138, 48.803237], [16.8254071, 48.803186], [16.8255001, 48.8031351], [16.8256963, 48.8030278], [16.8264102, 48.8026769], [16.8271653, 48.8023201], [16.8273223, 48.8022182], [16.8275301, 48.8020833], [16.8276866, 48.8020351], [16.8278007, 48.8019999], [16.8281709, 48.8018674], [16.8283095, 48.8018047], [16.8284562, 48.8017], [16.8284751, 48.8016387], [16.8285297, 48.8014791], [16.8285747, 48.8013895], [16.8291972, 48.8012234], [16.8300695, 48.8008567], [16.8301802, 48.8007468], [16.830583, 48.8009267], [16.8309857, 48.8007108], [16.8310677, 48.8005804], [16.8308017, 48.800313], [16.8315993, 48.8000676], [16.831916, 48.8000184], [16.8322281, 48.8000401], [16.8334709, 48.8001798], [16.8337663, 48.8002226], [16.8342102, 48.8002178], [16.8346552, 48.8001673], [16.8346908, 48.8001635], [16.8353059, 48.8000398], [16.8356299, 48.7999355], [16.8358629, 48.7998768], [16.8361301, 48.7997878], [16.8363234, 48.7997123], [16.8364685, 48.7996022], [16.8365698, 48.7995559], [16.836645, 48.7995477], [16.8367292, 48.7995669], [16.8367872, 48.7996244], [16.8368596, 48.7996338], [16.8369522, 48.7996002], [16.8369854, 48.799518], [16.8369473, 48.7994096], [16.8368484, 48.7992399], [16.8368296, 48.7991468], [16.8369677, 48.7990317], [16.8371601, 48.7989342], [16.8374699, 48.7988625], [16.8380835, 48.7987283], [16.8387144, 48.7986025], [16.8393606, 48.7985154], [16.8399408, 48.7984479], [16.8405053, 48.7984025], [16.8406567, 48.7983374], [16.8407441, 48.7982518], [16.8409378, 48.7981503], [16.841245, 48.7978818], [16.8412866, 48.797582], [16.8412791, 48.7975323], [16.8412602, 48.7973799], [16.841063, 48.797177], [16.840932, 48.7970148], [16.8409173, 48.7969934], [16.8409075, 48.796964], [16.8409658, 48.7967967], [16.8408889, 48.7967163], [16.8408401, 48.7966926], [16.8407939, 48.7966762], [16.8406742, 48.7966428], [16.8406177, 48.7966341], [16.8403691, 48.7966145], [16.8395745, 48.7964189], [16.8392609, 48.7963591], [16.8391308, 48.7963668], [16.8390297, 48.7964362], [16.8387594, 48.7965116], [16.8382902, 48.7964193], [16.838027, 48.7962862], [16.8376223, 48.7962409], [16.8369143, 48.7961827], [16.8364951, 48.7961075], [16.8360562, 48.796064], [16.8358194, 48.7960517], [16.8356572, 48.7960916], [16.8354925, 48.7961572], [16.8353304, 48.7962394], [16.8352827, 48.7963471], [16.8352332, 48.7965495], [16.8352083, 48.7965596], [16.8350845, 48.7966623], [16.8350752, 48.7966896], [16.8349746, 48.7967476], [16.8349785, 48.7966664], [16.8350715, 48.7965038], [16.8351189, 48.7963049], [16.8352055, 48.7961699], [16.8351105, 48.7960487], [16.8349569, 48.7959768], [16.8348716, 48.7958995], [16.8346152, 48.7958106], [16.8345144, 48.7957647], [16.8340747, 48.7959121], [16.8331197, 48.7961345], [16.8326789, 48.7960922], [16.8324196, 48.7960632], [16.8323223, 48.7960212], [16.8322556, 48.7959415], [16.8322118, 48.7956148], [16.8322158, 48.795436], [16.8323395, 48.7953333], [16.8326555, 48.795204], [16.8344004, 48.7947688], [16.8349998, 48.7945759], [16.8356327, 48.7944374], [16.8361678, 48.7943723], [16.8363804, 48.7942901], [16.8364715, 48.794216], [16.8365146, 48.7941087], [16.8363922, 48.7939251], [16.8364031, 48.7937301], [16.8364713, 48.7934701], [16.836508, 48.7933659], [16.836587, 48.7932913], [16.8368425, 48.7931622], [16.8375464, 48.7928683], [16.8375938, 48.7930167], [16.8377372, 48.7931111], [16.837942, 48.7931786], [16.8384335, 48.7931831], [16.83928, 48.7931156], [16.839751, 48.7930482], [16.8400173, 48.7929447], [16.8406146, 48.792974], [16.8408604, 48.7929875], [16.841386, 48.7929312], [16.8419594, 48.7927491], [16.842311, 48.7926074], [16.8427069, 48.792477], [16.8428878, 48.7925175], [16.8430483, 48.7926637], [16.8433247, 48.7927469], [16.8432701, 48.7926074], [16.8432053, 48.7924815], [16.8432087, 48.7923309], [16.8432497, 48.7921442], [16.8432906, 48.7920138], [16.8432582, 48.7918586], [16.8432582, 48.7917901], [16.8433299, 48.7916584], [16.8434152, 48.7915562], [16.8434323, 48.7914865], [16.8434869, 48.7913482], [16.8434766, 48.7910806], [16.8434527, 48.7909119], [16.8434203, 48.7908209], [16.8433469, 48.7907287], [16.8431763, 48.7905814], [16.8430961, 48.7905207], [16.8430005, 48.7904791], [16.8428878, 48.7903756], [16.8427855, 48.7903396], [16.8425056, 48.7903363], [16.8422752, 48.7903543], [16.842084, 48.7903947], [16.8418997, 48.7904217], [16.8417307, 48.7904982], [16.840861, 48.7907664], [16.8415471, 48.7903228], [16.8425443, 48.7900463], [16.8426506, 48.7900326], [16.842956, 48.790022], [16.8433607, 48.7899638], [16.8438242, 48.7899335], [16.8439102, 48.7898994], [16.8439685, 48.7898279], [16.8439871, 48.7897535], [16.8439221, 48.789571], [16.8438747, 48.7894005], [16.8438977, 48.7892552], [16.8439491, 48.7891431], [16.8440532, 48.7890792], [16.8442468, 48.7889854], [16.8444959, 48.788934], [16.8447189, 48.7888825], [16.8448656, 48.7888032], [16.844964, 48.7886834], [16.8449725, 48.7885782], [16.8449508, 48.788508], [16.8448785, 48.7884632], [16.8448095, 48.7884412], [16.8446103, 48.788446], [16.8435573, 48.7885705], [16.8434615, 48.788562], [16.8433761, 48.7885398], [16.8432673, 48.7884753], [16.8431285, 48.78835], [16.842946, 48.7881031], [16.8428651, 48.7879664], [16.8427785, 48.7878564], [16.8426928, 48.7877673], [16.8426056, 48.7877126], [16.8424581, 48.7877112], [16.8419157, 48.7877982], [16.8415574, 48.7878518], [16.8417577, 48.7876582], [16.8418143, 48.7875861], [16.8419327, 48.7875635], [16.8421186, 48.7875409], [16.8422717, 48.787507], [16.8423531, 48.7874592], [16.8424251, 48.7873441], [16.8424458, 48.787172], [16.8424084, 48.7869816], [16.8425465, 48.7869586], [16.8425542, 48.7867187], [16.8428992, 48.7867935], [16.8431427, 48.7867619], [16.8433401, 48.7867029], [16.8435637, 48.7867359], [16.8438606, 48.7867539], [16.8439391, 48.7867314], [16.8440211, 48.7866392], [16.8440381, 48.7864976], [16.8439963, 48.7863467], [16.8441009, 48.7862989], [16.8441546, 48.786253], [16.8443351, 48.7861782], [16.8444614, 48.7859556], [16.8445248, 48.7858207], [16.8444989, 48.7856452], [16.8444682, 48.7854945], [16.844659, 48.7852686], [16.8447841, 48.7852673], [16.8453639, 48.785128], [16.8455316, 48.7851829], [16.8459765, 48.7852485], [16.8460595, 48.7852526], [16.8461295, 48.7852424], [16.8461954, 48.7852133], [16.8463868, 48.7850743], [16.846606, 48.7849388], [16.8471292, 48.7846233], [16.8472522, 48.7845491], [16.8475606, 48.784586], [16.8477552, 48.7847231], [16.8477825, 48.7848311], [16.8476016, 48.7849098], [16.8472398, 48.785029], [16.8468029, 48.7850987], [16.8465128, 48.7851549], [16.8463114, 48.7852382], [16.8463967, 48.7853506], [16.8464718, 48.7854113], [16.8469155, 48.7856295], [16.8470008, 48.7856745], [16.8471408, 48.7857509], [16.8472978, 48.7857442], [16.8474651, 48.7856655], [16.8477313, 48.78549], [16.8481306, 48.7853371], [16.848692, 48.7850085], [16.848677, 48.7852299], [16.8487393, 48.785438], [16.8487801, 48.7855399], [16.848809, 48.7856037], [16.8488369, 48.7856445], [16.848886, 48.7856867], [16.8489683, 48.7857169], [16.8490011, 48.7857184], [16.8492519, 48.7856756], [16.8495392, 48.7856765], [16.849862, 48.7856099], [16.8501114, 48.7855747], [16.8506989, 48.7854686], [16.8507409, 48.7854638], [16.8507711, 48.785458], [16.8508176, 48.7854612], [16.8508934, 48.7854909], [16.8509152, 48.7855036], [16.8510101, 48.7855591], [16.8511615, 48.785663], [16.8513605, 48.7857836], [16.8515685, 48.7858692], [16.851626, 48.7858665], [16.8516941, 48.7858601], [16.8517397, 48.7858477], [16.8518021, 48.7858142], [16.8519261, 48.7856671], [16.8521779, 48.7854011], [16.8523908, 48.7851762], [16.8527471, 48.784755], [16.852837, 48.7846605], [16.8529684, 48.7847254], [16.8529973, 48.7848389], [16.852997, 48.7848543], [16.8530336, 48.7849314], [16.8530828, 48.7850571], [16.8531754, 48.7852307], [16.8532401, 48.7853744], [16.8533696, 48.7852611], [16.85353, 48.7851609], [16.8536424, 48.7851019], [16.8538627, 48.7850212], [16.8539862, 48.7850018], [16.8540518, 48.7850199], [16.8541746, 48.7853412], [16.8542052, 48.7853968], [16.8542125, 48.7854042], [16.8542336, 48.7859601], [16.8544384, 48.7863986], [16.855005, 48.7863829], [16.8551279, 48.7862412], [16.8553714, 48.7858394], [16.855438, 48.7858508], [16.8555168, 48.7858495], [16.8556848, 48.7857818], [16.8558219, 48.7857637], [16.8559972, 48.7857542], [16.8561741, 48.7856995], [16.856254, 48.7856535], [16.856308, 48.7855976], [16.8563902, 48.7855363], [16.8564594, 48.7854109], [16.8564635, 48.7852861], [16.8564753, 48.784931], [16.8564931, 48.7847839], [16.8565564, 48.7846698], [16.8566674, 48.7845735], [16.856748, 48.7845574], [16.8568438, 48.7845568], [16.8569367, 48.7845669], [16.857, 48.7845559], [16.8570788, 48.7845241], [16.8570849, 48.7845217], [16.857159, 48.7844779], [16.8572759, 48.7843693], [16.857381, 48.7842142], [16.8575039, 48.7840959], [16.8575376, 48.7840738], [16.8575846, 48.7840526], [16.8576768, 48.7840011], [16.8578617, 48.7838515], [16.8581736, 48.7835149], [16.8582477, 48.7834058], [16.8582752, 48.7833165], [16.8582965, 48.7831823], [16.8583676, 48.7830093], [16.8584114, 48.7829233], [16.8584654, 48.7828581], [16.8586075, 48.7827034], [16.858886, 48.7824658], [16.8590091, 48.7823452], [16.8590486, 48.7822656], [16.859053, 48.7820794], [16.8590541, 48.7820613], [16.8590709, 48.7820011], [16.859079, 48.7819718], [16.8595549, 48.7819703], [16.8598143, 48.7819501], [16.8599304, 48.7818939], [16.8599781, 48.7818286], [16.8599713, 48.7817544], [16.8598757, 48.7817072], [16.859634, 48.7816642], [16.8594301, 48.7816289], [16.8591404, 48.7816042], [16.859094, 48.7815998], [16.8589902, 48.78159], [16.8590647, 48.7814838], [16.8596722, 48.781587], [16.8597917, 48.7814039], [16.8598075, 48.7813672], [16.8598439, 48.7813497], [16.8599363, 48.7813383], [16.860013, 48.7813414], [16.8600492, 48.7813461], [16.8601273, 48.7813827], [16.8602135, 48.7814109], [16.8603977, 48.7814579], [16.86062, 48.7815146], [16.8607216, 48.7815306], [16.8607878, 48.7815151], [16.8608366, 48.7814829], [16.8608888, 48.7814287], [16.8609298, 48.7813604], [16.8610453, 48.7812206], [16.8611405, 48.7810903], [16.8612233, 48.7810338], [16.8613042, 48.7809682], [16.8613644, 48.7809057], [16.8649423, 48.7815638], [16.8649229, 48.7816774], [16.8649107, 48.7818475], [16.8649303, 48.7819891], [16.864989, 48.7821154], [16.8649977, 48.7821341], [16.8650862, 48.7822125], [16.8651556, 48.782252], [16.8652654, 48.7822888], [16.8654201, 48.7823342], [16.8657316, 48.7823941], [16.8659468, 48.782409], [16.8662657, 48.7824143], [16.8664541, 48.7824294], [16.8665822, 48.7824702], [16.8669111, 48.7825971], [16.8669858, 48.7826162], [16.8671115, 48.7826193], [16.8673713, 48.7828889], [16.8673204, 48.7828538], [16.8667739, 48.7827385], [16.8665796, 48.7826763], [16.8664285, 48.7826428], [16.8662679, 48.7826145], [16.8661187, 48.7826029], [16.8659748, 48.7826], [16.8655322, 48.7825694], [16.8654243, 48.7825648], [16.8653151, 48.7825687], [16.8652606, 48.7826109], [16.8652154, 48.7826767], [16.865244, 48.7827705], [16.8653704, 48.7830147], [16.8654643, 48.7831073], [16.8656191, 48.7831725], [16.8657268, 48.7832043], [16.8660521, 48.7832915], [16.8661753, 48.7833086], [16.8663017, 48.7833059], [16.8664121, 48.7832676], [16.866545, 48.7831964], [16.8666211, 48.7831651], [16.8666286, 48.783162], [16.8666791, 48.7831454], [16.8667551, 48.7831592], [16.8668335, 48.7831804], [16.8671369, 48.7832718], [16.8673265, 48.7833365], [16.8673643, 48.7833391], [16.8674984, 48.7833484], [16.8676141, 48.7833726], [16.8676668, 48.7834424], [16.8677487, 48.7835763], [16.86784, 48.7837089], [16.8678727, 48.7837893], [16.8679, 48.7839944], [16.8679111, 48.7841489], [16.8679907, 48.7842595], [16.8681208, 48.7844366], [16.8681551, 48.7844922], [16.868122, 48.7847268], [16.8680964, 48.7850577], [16.8681041, 48.7851532], [16.8680932, 48.7852547], [16.8680475, 48.7855002], [16.8680087, 48.7855995], [16.8680014, 48.7856182], [16.8680043, 48.7856449], [16.8680117, 48.7857122], [16.8680154, 48.7857457], [16.8681135, 48.7860144], [16.8681144, 48.7860162], [16.8681747, 48.7860846], [16.8682335, 48.7861214], [16.868291, 48.7861329], [16.8683519, 48.7861443], [16.868429, 48.7862602], [16.8684612, 48.786325], [16.8684618, 48.7863752], [16.8684526, 48.7864], [16.8684211, 48.7864363], [16.8684159, 48.7864475], [16.8683903, 48.7864586], [16.8682161, 48.786587], [16.8684816, 48.7869057], [16.8685665, 48.787018], [16.8686003, 48.7870627], [16.86831, 48.787143], [16.8680779, 48.7872554], [16.8668832, 48.78755], [16.8663473, 48.7877097], [16.8657705, 48.7879571], [16.8647513, 48.7886088], [16.864435, 48.7885236], [16.864143, 48.7884608], [16.8637635, 48.788362], [16.8637375, 48.7883494], [16.8637335, 48.7883151], [16.8637914, 48.7881018], [16.8637711, 48.7880489], [16.8637329, 48.7880092], [16.8636702, 48.787977], [16.863403, 48.7878782], [16.8633299, 48.787867], [16.8632694, 48.7878952], [16.8631171, 48.7881847], [16.863082, 48.7882515], [16.8630194, 48.7883955], [16.8629794, 48.788456], [16.8629416, 48.7885029], [16.8629015, 48.7885202], [16.862846, 48.7885163], [16.8621112, 48.7884315], [16.862064, 48.7884051], [16.8620279, 48.788367], [16.8619989, 48.788314], [16.8619879, 48.7881636], [16.8619599, 48.7879256], [16.8619462, 48.78785], [16.8619195, 48.7878265], [16.8618784, 48.7878206], [16.8618096, 48.7878267], [16.8617389, 48.7878606], [16.8616491, 48.7879954], [16.8615452, 48.7883834], [16.8615513, 48.7884571], [16.8615818, 48.7885324], [16.8616491, 48.7886175], [16.8616907, 48.788709], [16.8616033, 48.7889647], [16.8614908, 48.7891661], [16.8613547, 48.7893401], [16.8612032, 48.789471], [16.8611702, 48.7895208], [16.8611384, 48.7895687], [16.8609885, 48.7895267], [16.8609407, 48.7894075], [16.8610636, 48.7892681], [16.8611629, 48.7890158], [16.8612829, 48.7888929], [16.8613227, 48.788823], [16.8613446, 48.7887597], [16.8613425, 48.788728], [16.8613294, 48.7887049], [16.8613157, 48.7886708], [16.8612763, 48.7886475], [16.8612188, 48.7886182], [16.8611094, 48.7885838], [16.8609197, 48.788528], [16.8606111, 48.7884829], [16.8603883, 48.7885007], [16.8601417, 48.7885927], [16.8598305, 48.788715], [16.8595335, 48.7888983], [16.8592757, 48.7890607], [16.8591227, 48.7892113], [16.8589615, 48.7893376], [16.8588216, 48.7894054], [16.8586639, 48.7894498], [16.8585837, 48.7895027], [16.8585209, 48.7895521], [16.8584669, 48.789591], [16.8584408, 48.7896351], [16.8584378, 48.7897139], [16.8584922, 48.7898236], [16.8585649, 48.7899234], [16.8586467, 48.7899955], [16.8587172, 48.7900794], [16.8587693, 48.790143], [16.8587957, 48.7902176], [16.8588719, 48.7903556], [16.8589645, 48.7904505], [16.8590572, 48.7904996], [16.8593759, 48.7906934], [16.8595905, 48.7907794], [16.8597422, 48.7909234], [16.8600021, 48.7911783], [16.8602135, 48.7913083], [16.8603229, 48.7913727], [16.8603999, 48.7914748], [16.8605181, 48.7915901], [16.8605613, 48.79168], [16.8606241, 48.7917666], [16.860708, 48.7918561], [16.8607493, 48.7918669], [16.8607958, 48.7918606], [16.8608974, 48.7916875], [16.8609807, 48.7915241], [16.8610418, 48.7914098], [16.861136, 48.7912536], [16.8611586, 48.7911713], [16.861157, 48.7910906], [16.8611169, 48.7909061], [16.861061, 48.7907759], [16.8610365, 48.7907188], [16.8613872, 48.7907017], [16.8613882, 48.7909572], [16.8613805, 48.7912575], [16.8613341, 48.7914026], [16.8612634, 48.7915537], [16.8611894, 48.7916367], [16.8610728, 48.791797], [16.8609709, 48.7920711], [16.8609241, 48.7923074], [16.860908, 48.7923649], [16.860891, 48.7924132], [16.8608478, 48.7924936], [16.8608016, 48.7925198], [16.860755, 48.7925336], [16.8607034, 48.792564], [16.8606329, 48.7925807], [16.8605322, 48.7925969], [16.860449, 48.7926051], [16.8603788, 48.792621], [16.8603339, 48.7925177], [16.860241, 48.7924141], [16.8601677, 48.7923709], [16.8600805, 48.7923196], [16.8599406, 48.7922499], [16.8596641, 48.7921914], [16.8588859, 48.7922746], [16.8584729, 48.7923399], [16.8584104, 48.7924184], [16.8580704, 48.7928452], [16.8580272, 48.7928669], [16.8579995, 48.7929069], [16.8579569, 48.7930287], [16.8579251, 48.7930735], [16.8578859, 48.793295], [16.8578639, 48.7934509], [16.8578573, 48.7935444], [16.8578641, 48.7936308], [16.857875, 48.7936466], [16.8578837, 48.7936594], [16.8579394, 48.7937346], [16.8579934, 48.7937908], [16.8580671, 48.7938266], [16.8581972, 48.7938519], [16.8583227, 48.7938792], [16.8584381, 48.7938888], [16.8585193, 48.7939222], [16.8585951, 48.7940047], [16.8586439, 48.7940946], [16.858624, 48.7942353], [16.8585942, 48.7943089], [16.8586181, 48.7943829], [16.8586186, 48.7945086], [16.8586377, 48.794604], [16.8586747, 48.7946987], [16.8587255, 48.7947583], [16.8587932, 48.7948145], [16.8588822, 48.7948487], [16.8590809, 48.7948733], [16.8592512, 48.7948779], [16.8595865, 48.7948957], [16.8597219, 48.794896], [16.8600059, 48.7948053], [16.8601405, 48.7947676], [16.8603561, 48.7947545], [16.8609177, 48.7947958], [16.86096, 48.7947956], [16.8609236, 48.7950067], [16.8608622, 48.7951101], [16.8607837, 48.7953147], [16.860555, 48.7956385], [16.8602546, 48.7959465], [16.8598826, 48.7962658], [16.8594627, 48.7965154], [16.8587323, 48.7968841], [16.8581384, 48.7970977], [16.8572543, 48.7975362], [16.8567492, 48.7978824], [16.8561119, 48.7984185], [16.8561933, 48.7982283], [16.8561754, 48.7980704], [16.856186, 48.7978494], [16.8562033, 48.7977233], [16.8563696, 48.7973716], [16.8565389, 48.7971198], [16.8566462, 48.7970244], [16.8568132, 48.7969025], [16.8569735, 48.7967582], [16.8570733, 48.7966049], [16.8571435, 48.7964174], [16.8572707, 48.7960393], [16.8573094, 48.7958448], [16.8573008, 48.7957143], [16.857195, 48.7955303], [16.8571254, 48.795322], [16.8570567, 48.795065], [16.8569345, 48.7948947], [16.8567777, 48.7947618], [16.8565628, 48.7946067], [16.8561914, 48.7944001], [16.8558661, 48.7942423], [16.8558145, 48.794228], [16.8557895, 48.7942261], [16.8557729, 48.7942282], [16.8557614, 48.7942297], [16.8556905, 48.7942515], [16.8555771, 48.7943042], [16.8555075, 48.7943688], [16.8554453, 48.7943731], [16.8553975, 48.7944009], [16.8553371, 48.7945762], [16.8552806, 48.7947038], [16.8552481, 48.7947949], [16.8551906, 48.7948603], [16.8551366, 48.7949095], [16.8550276, 48.7949923], [16.8549016, 48.7950417], [16.8545598, 48.7950803], [16.8543657, 48.7951212], [16.8542013, 48.7952702]], [[16.8647853, 48.7823585], [16.864822, 48.7823367], [16.8648333, 48.7823101], [16.8648122, 48.7822836], [16.864783, 48.7822669], [16.864704, 48.7822713], [16.864607, 48.7823323], [16.8646023, 48.7823618], [16.8646678, 48.7823748], [16.8647393, 48.7823713], [16.8647853, 48.7823585]], [[16.8650954, 48.7843058], [16.8650263, 48.7845409], [16.864928, 48.7847256], [16.8648807, 48.7848431], [16.8649098, 48.7848791], [16.8650226, 48.7848216], [16.865161, 48.7846944], [16.8652593, 48.7845937], [16.8653794, 48.7844498], [16.8654595, 48.7842507], [16.8654304, 48.7840756], [16.8653212, 48.7839077], [16.8650918, 48.7837277], [16.8647751, 48.783627], [16.8645421, 48.7835694], [16.8644074, 48.7835598], [16.8644402, 48.7836078], [16.8646404, 48.7837469], [16.8648697, 48.7838597], [16.8650481, 48.7839868], [16.8650954, 48.7841571], [16.8650954, 48.7843058]], [[16.8578496, 48.7866817], [16.8578697, 48.7868223], [16.8578719, 48.7869804], [16.8579443, 48.7872003], [16.8579624, 48.7873686], [16.8579336, 48.7874896], [16.8581978, 48.7877131], [16.8582508, 48.7876725], [16.8583585, 48.7875714], [16.858402, 48.7875129], [16.8584311, 48.7874589], [16.8585136, 48.7873632], [16.8586094, 48.7873698], [16.8586292, 48.7874093], [16.8585398, 48.7874816], [16.8585531, 48.7875283], [16.8587113, 48.7875346], [16.8588739, 48.787491], [16.8589828, 48.7874368], [16.8589924, 48.7873603], [16.8588745, 48.7872929], [16.8583949, 48.7871378], [16.8582728, 48.7870555], [16.8581845, 48.7869892], [16.8581131, 48.786907], [16.8580667, 48.7868308], [16.8580484, 48.7867085], [16.857983, 48.7866207], [16.8578469, 48.7865125], [16.8577771, 48.7864441], [16.8577118, 48.7864052], [16.8576042, 48.7864203], [16.8577702, 48.7865825], [16.8578496, 48.7866817]], [[16.8561337, 48.7916165], [16.8561174, 48.7920343], [16.8562475, 48.7920772], [16.8569386, 48.7921522], [16.8574428, 48.7921897], [16.8576054, 48.7919968], [16.8577111, 48.791654], [16.8578574, 48.7912523], [16.8579469, 48.7910273], [16.8577192, 48.7910219], [16.8574265, 48.7910487], [16.8570769, 48.7910594], [16.8567028, 48.7911398], [16.8564833, 48.7912523], [16.85628, 48.7914237], [16.8561337, 48.7916165]], [[16.8535302, 48.7936414], [16.8535794, 48.7933679], [16.8536282, 48.7931934], [16.8536981, 48.792995], [16.8538174, 48.7927363], [16.8538529, 48.7925729], [16.8538421, 48.7922913], [16.8538008, 48.7921216], [16.853765, 48.7920244], [16.8537315, 48.7919995], [16.8536485, 48.7919847], [16.8534947, 48.7920079], [16.8532962, 48.7922628], [16.853095, 48.7927973], [16.8530915, 48.792892], [16.85307, 48.7930277], [16.8530349, 48.7931396], [16.8529158, 48.7934057], [16.8528882, 48.7934953], [16.8528763, 48.7936545], [16.8529062, 48.7937938], [16.8529706, 48.7939812], [16.8530615, 48.7941475], [16.8531289, 48.7942436], [16.8532391, 48.7944342], [16.8532866, 48.7946433], [16.8533144, 48.7949653], [16.8533708, 48.7951064], [16.8534005, 48.7951376], [16.8534719, 48.7951477], [16.8535281, 48.7951452], [16.8535825, 48.7951172], [16.853603, 48.795097], [16.853625, 48.7949461], [16.8536168, 48.7948287], [16.8535463, 48.7944123], [16.8535235, 48.7942049], [16.8535302, 48.7936414]], [[16.8595039, 48.7951277], [16.8592571, 48.7950888], [16.8589782, 48.7951383], [16.8589084, 48.7951736], [16.858828, 48.7952831], [16.8587904, 48.7954068], [16.8587797, 48.7955093], [16.8588226, 48.7956365], [16.8590479, 48.7958486], [16.8592196, 48.7959616], [16.8592786, 48.795997], [16.8594127, 48.7960464], [16.8594288, 48.7960076], [16.8593805, 48.7959369], [16.8592732, 48.7958379], [16.8591606, 48.7957425], [16.859064, 48.7956189], [16.8590264, 48.7954669], [16.8590425, 48.7953362], [16.8591284, 48.7952443], [16.8594932, 48.7952301], [16.8596809, 48.795269], [16.8598794, 48.7953079], [16.8599599, 48.7953892], [16.8600403, 48.7954174], [16.8600564, 48.7953644], [16.8599491, 48.7952619], [16.8598043, 48.7951983], [16.8595039, 48.7951277]], [[16.8508029, 48.7983051], [16.8510577, 48.7987943], [16.8513562, 48.7994178], [16.851401, 48.7994902], [16.8515091, 48.7996864], [16.8517421, 48.8002427], [16.8517858, 48.8005976], [16.8519023, 48.8008038], [16.8521717, 48.8010005], [16.8525357, 48.8010484], [16.8526814, 48.8009621], [16.852958, 48.8010052], [16.8532493, 48.8010868], [16.8536861, 48.8010868], [16.8540065, 48.8010148], [16.854356, 48.8008806], [16.8544579, 48.8007798], [16.8536743, 48.7998803], [16.8519169, 48.7978735], [16.8516402, 48.7979023], [16.8512761, 48.7979934], [16.8508466, 48.7981181], [16.8507665, 48.7981565], [16.8508029, 48.7983051]], [[16.8497253, 48.798943], [16.8496306, 48.7988711], [16.8493612, 48.7989046], [16.8489535, 48.7991396], [16.8486768, 48.7992212], [16.8485676, 48.7992499], [16.8486695, 48.7995377], [16.8490117, 48.7997919], [16.8490481, 48.8000748], [16.8490117, 48.8002763], [16.8493103, 48.8002475], [16.8493175, 48.8000892], [16.8493539, 48.7999693], [16.8494486, 48.7998542], [16.8497908, 48.7996048], [16.8498418, 48.7994562], [16.8498199, 48.799154], [16.8497253, 48.798943]], [[16.8519066, 48.8032488], [16.8521591, 48.8032942], [16.8525122, 48.8032254], [16.8527421, 48.8031121], [16.8526498, 48.8030088], [16.8527741, 48.8026651], [16.8528252, 48.8025845], [16.8529259, 48.8025477], [16.853045, 48.8022646], [16.8530372, 48.8020351], [16.8530591, 48.8017627], [16.8530103, 48.8015981], [16.8527879, 48.8013731], [16.85248, 48.801301], [16.8523623, 48.8013182], [16.851936, 48.8013646], [16.8518063, 48.801357], [16.8516236, 48.8014242], [16.8515054, 48.8014476], [16.851356, 48.8014669], [16.8512993, 48.8014869], [16.8512561, 48.8015346], [16.8511799, 48.8016613], [16.8511159, 48.8018142], [16.851007, 48.8018365], [16.8508707, 48.8018415], [16.8516075, 48.8033827], [16.8516758, 48.8033576], [16.8517202, 48.8032938], [16.8518382, 48.8032486], [16.8519066, 48.8032488]], [[16.8500703, 48.8023051], [16.8496935, 48.8024454], [16.8494632, 48.8026021], [16.8493347, 48.8027307], [16.849068, 48.8028539], [16.8489329, 48.8029506], [16.8489568, 48.8031277], [16.8487811, 48.8032299], [16.8486273, 48.8033065], [16.8485467, 48.8033741], [16.8485932, 48.8034434], [16.8487358, 48.8034845], [16.8489653, 48.8033664], [16.8491914, 48.8031933], [16.84961, 48.8032552], [16.8499803, 48.803277], [16.8502925, 48.803272], [16.8506446, 48.8033805], [16.8510328, 48.8034228], [16.8512989, 48.8033735], [16.8515408, 48.8034099], [16.850861, 48.8020317], [16.850683, 48.8020148], [16.8505835, 48.8019781], [16.8503876, 48.8019961], [16.8500703, 48.8023051]], [[16.8500729, 48.7897764], [16.850153, 48.7898304], [16.8502617, 48.7898735], [16.8503481, 48.7898872], [16.8506101, 48.7898875], [16.8506169, 48.7898447], [16.8505761, 48.7897859], [16.8505187, 48.789759], [16.8504255, 48.7897398], [16.8501198, 48.7897237], [16.8500827, 48.7897389], [16.8500729, 48.7897764]], [[16.8483996, 48.7904205], [16.8483863, 48.7903592], [16.848262, 48.7904092], [16.8482106, 48.7903337], [16.8483192, 48.7902806], [16.8481265, 48.7900989], [16.8478902, 48.7899668], [16.8477116, 48.7898848], [16.8474548, 48.7897874], [16.8470547, 48.7895664], [16.8468631, 48.7894109], [16.8468333, 48.7895128], [16.8466859, 48.7898052], [16.8466653, 48.7899244], [16.8466777, 48.789984], [16.8468747, 48.7900467], [16.8470836, 48.7900827], [16.8473198, 48.7901363], [16.8475497, 48.7902436], [16.847689, 48.7903552], [16.8477841, 48.7903591], [16.8478245, 48.7903981], [16.8477315, 48.7904495], [16.847671, 48.7906926], [16.8475066, 48.7907954], [16.8479539, 48.79112], [16.8479704, 48.7912028], [16.8482208, 48.7913051], [16.8483566, 48.7913829], [16.848354, 48.7912027], [16.8484619, 48.7911935], [16.848689, 48.7908324], [16.8485994, 48.7907106], [16.848739, 48.7906935], [16.8488506, 48.7906046], [16.8489264, 48.7905316], [16.8488402, 48.7904211], [16.8486969, 48.7904025], [16.8486177, 48.7904187], [16.8485284, 48.790464], [16.8485096, 48.790542], [16.8483501, 48.7905728], [16.8482782, 48.7905142], [16.8483211, 48.7904519], [16.8483996, 48.7904205]], [[16.8491821, 48.7907954], [16.8489949, 48.790594], [16.8489104, 48.7907039], [16.8490986, 48.7910615], [16.848994, 48.7912186], [16.8488285, 48.7915301], [16.8488108, 48.7916248], [16.848778, 48.791693], [16.8488253, 48.7918175], [16.8489236, 48.7918966], [16.8494694, 48.7918262], [16.8500171, 48.7917207], [16.8507644, 48.7915675], [16.8507154, 48.7914866], [16.8506131, 48.7913611], [16.8504694, 48.7912058], [16.8503374, 48.7910523], [16.8499633, 48.7911434], [16.8496302, 48.7912571], [16.849245, 48.7910273], [16.8491821, 48.7907954]], [[16.8504482, 48.7917163], [16.8500485, 48.7918125], [16.8496722, 48.7919664], [16.8488197, 48.7923915], [16.8487076, 48.7924671], [16.8488514, 48.7925475], [16.8489356, 48.7925583], [16.8491046, 48.7925323], [16.8494048, 48.7925406], [16.8502109, 48.7924924], [16.8507961, 48.7925651], [16.851252, 48.7925398], [16.8513713, 48.792497], [16.8514124, 48.7923549], [16.8513193, 48.7922157], [16.8512269, 48.7920621], [16.8510756, 48.7918866], [16.8507815, 48.7916572], [16.8504482, 48.7917163]], [[16.8444423, 48.7920216], [16.8439138, 48.7919466], [16.8434747, 48.7920055], [16.8432796, 48.7922144], [16.843247, 48.7923805], [16.8433283, 48.7926697], [16.8435316, 48.7928626], [16.8440113, 48.7930554], [16.8441496, 48.7929911], [16.844174, 48.7929108], [16.8442553, 48.7928251], [16.8443691, 48.7927394], [16.8445886, 48.7926322], [16.844735, 48.7925465], [16.8448082, 48.7924394], [16.8450602, 48.7924019], [16.845109, 48.7923108], [16.8448163, 48.7921716], [16.8444423, 48.7920216]], [[16.8399404, 48.7989723], [16.8398473, 48.7988779], [16.8396715, 48.7988327], [16.8393689, 48.7988007], [16.8390559, 48.798834], [16.8388334, 48.7988735], [16.8387581, 48.7989287], [16.8386625, 48.7990595], [16.8388413, 48.7991379], [16.8389542, 48.7990028], [16.8391421, 48.7989719], [16.8394547, 48.7989936], [16.8397019, 48.7990602], [16.8398179, 48.7990627], [16.8399404, 48.7989723]], [[16.8375949, 48.8001877], [16.8378029, 48.8001881], [16.83795, 48.8001983], [16.8380452, 48.8002133], [16.8381735, 48.8002615], [16.8383243, 48.8003281], [16.8384359, 48.8003471], [16.8385358, 48.8003063], [16.838485, 48.8002523], [16.8381913, 48.8001224], [16.8380965, 48.8001046], [16.8379555, 48.8000836], [16.8377828, 48.8000744], [16.8375571, 48.8000784], [16.8373979, 48.8000646], [16.837338, 48.8000408], [16.837313, 48.800011], [16.8372962, 48.7999565], [16.8372951, 48.7998834], [16.8372997, 48.7997743], [16.8372311, 48.7997569], [16.8371765, 48.7997742], [16.8371476, 48.7998227], [16.8371414, 48.7998615], [16.8371498, 48.7999155], [16.8371525, 48.8000055], [16.8371269, 48.8000598], [16.8370909, 48.8000994], [16.8370576, 48.80013], [16.8369573, 48.8001912], [16.8368865, 48.8002326], [16.8368247, 48.8002774], [16.8367433, 48.800364], [16.8367012, 48.8004366], [16.8366842, 48.800641], [16.8368001, 48.800793], [16.8369952, 48.8008373], [16.837548, 48.8008833], [16.8383063, 48.8008152], [16.8384126, 48.8007608], [16.8384694, 48.8006974], [16.8382996, 48.8006969], [16.8381853, 48.8006946], [16.8380874, 48.8006962], [16.8379368, 48.8007082], [16.8377799, 48.8007338], [16.837538, 48.8007591], [16.8373333, 48.8007645], [16.8371085, 48.8007096], [16.8369376, 48.800636], [16.8368325, 48.8005754], [16.8368069, 48.8005231], [16.8368279, 48.8004179], [16.836867, 48.8003807], [16.8369019, 48.8003529], [16.8370553, 48.8002962], [16.8371767, 48.8002541], [16.8373606, 48.8002192], [16.8375949, 48.8001877]], [[16.8474892, 48.8014996], [16.8475683, 48.8015015], [16.847613, 48.8015561], [16.8475906, 48.8016631], [16.8475045, 48.8018], [16.8474305, 48.8018437], [16.8473843, 48.8018848], [16.847372, 48.8019445], [16.8473663, 48.8020671], [16.8474011, 48.8021753], [16.8475009, 48.8023486], [16.8474537, 48.8023869], [16.8473866, 48.802413], [16.8473192, 48.8024066], [16.847258, 48.8024647], [16.8471838, 48.8025265], [16.847196, 48.8025789], [16.8472867, 48.8026629], [16.8474125, 48.8027069], [16.8475254, 48.8026858], [16.8475799, 48.8026353], [16.8476524, 48.8026014], [16.8477226, 48.80259], [16.8478014, 48.8026109], [16.8477948, 48.8026357], [16.8478573, 48.8026817], [16.8480053, 48.8027064], [16.8482317, 48.8026769], [16.8482653, 48.8026295], [16.8482115, 48.8025715], [16.8481101, 48.8024171], [16.8481841, 48.8021147], [16.8482399, 48.8020219], [16.8483822, 48.8019015], [16.8485071, 48.8018306], [16.8486142, 48.8017422], [16.848728, 48.8016207], [16.8489617, 48.8012002], [16.8489323, 48.801049], [16.8488448, 48.8009624], [16.84873, 48.8008839], [16.8485567, 48.8008719], [16.8483012, 48.8009121], [16.8481101, 48.8010291], [16.8478579, 48.8012729], [16.8476016, 48.8014297], [16.8475143, 48.8014281], [16.8473614, 48.8013651], [16.8471858, 48.8012815], [16.846977, 48.8011395], [16.8469322, 48.8010596], [16.8469452, 48.8007367], [16.8469532, 48.8006776], [16.8470587, 48.8006252], [16.8471814, 48.8005768], [16.8472313, 48.8004862], [16.8472721, 48.800376], [16.8472831, 48.8002809], [16.8473105, 48.8001255], [16.847283, 48.7999626], [16.8472477, 48.7998076], [16.8473197, 48.7997017], [16.8475453, 48.7995924], [16.8476397, 48.799533], [16.8477291, 48.7995055], [16.8478962, 48.7994834], [16.8479451, 48.7994699], [16.8479793, 48.7994414], [16.8479942, 48.7994142], [16.847919, 48.799362], [16.8478961, 48.7993079], [16.8478961, 48.7992564], [16.8478872, 48.7992088], [16.8477876, 48.7991033], [16.847795, 48.7990568], [16.847815, 48.7990003], [16.8477069, 48.7989468], [16.847619, 48.798991], [16.8475377, 48.7989793], [16.8474839, 48.7989303], [16.8474167, 48.7989139], [16.8473547, 48.798925], [16.8472494, 48.7989846], [16.8471692, 48.7989899], [16.8470723, 48.7990139], [16.8470109, 48.7990558], [16.8470059, 48.7991133], [16.8471831, 48.7993245], [16.847291, 48.7995762], [16.847144, 48.7996483], [16.846993, 48.7996857], [16.8468179, 48.7997197], [16.8467508, 48.7995757], [16.8464449, 48.7995428], [16.846301, 48.7995527], [16.846079, 48.7995799], [16.8460305, 48.7996443], [16.846078, 48.7996982], [16.8461246, 48.7997322], [16.8462061, 48.7997795], [16.8463083, 48.7998458], [16.8465424, 48.8000913], [16.8466434, 48.8002836], [16.8466669, 48.8003946], [16.8466966, 48.80071], [16.8466568, 48.8007886], [16.8466116, 48.8009559], [16.846639, 48.8010578], [16.8467132, 48.8011873], [16.846841, 48.801263], [16.8470045, 48.8013196], [16.8470895, 48.801405], [16.8471834, 48.8015119], [16.8471892, 48.8015874], [16.8472064, 48.8016059], [16.8473124, 48.8016221], [16.8473884, 48.8015487], [16.8474892, 48.8014996]], [[16.8420643, 48.8010019], [16.8419291, 48.8010505], [16.8417132, 48.8010061], [16.8414927, 48.8009908], [16.8412838, 48.8009959], [16.8411817, 48.8010773], [16.8411693, 48.801155], [16.8414711, 48.8013134], [16.8416816, 48.8012985], [16.8419129, 48.8012458], [16.8419809, 48.8011916], [16.8421954, 48.8010455], [16.8423482, 48.8009735], [16.8424813, 48.8009266], [16.8425064, 48.8008238], [16.8424538, 48.8006795], [16.8424709, 48.8005722], [16.8424683, 48.8004991], [16.8423816, 48.800482], [16.8422772, 48.800519], [16.8422247, 48.8005623], [16.8422211, 48.8006519], [16.8422167, 48.8007671], [16.8421571, 48.8008781], [16.8420643, 48.8010019]], [[16.8450521, 48.8009758], [16.8450629, 48.8008769], [16.845036, 48.8007779], [16.8449556, 48.8006755], [16.8446981, 48.8006719], [16.8444674, 48.8007567], [16.8442099, 48.8008486], [16.8439578, 48.800997], [16.8437164, 48.8011348], [16.8436788, 48.801209], [16.8438773, 48.8012479], [16.8440705, 48.8012373], [16.8442314, 48.8012125], [16.8442046, 48.8011242], [16.8443226, 48.8011171], [16.8446391, 48.8010606], [16.8449502, 48.8009829], [16.8450521, 48.8009758]], [[16.833851, 48.8040504], [16.8337356, 48.8040442], [16.8338072, 48.8041322], [16.8338699, 48.8042233], [16.8341666, 48.8043741], [16.8343454, 48.8044401], [16.8345103, 48.804472], [16.8349663, 48.8044331], [16.8350449, 48.8045601], [16.835216, 48.80459], [16.8353678, 48.8045048], [16.8354696, 48.8044113], [16.8357952, 48.8041654], [16.8356989, 48.8037647], [16.8355403, 48.8037056], [16.8354428, 48.8036988], [16.835133, 48.8038556], [16.8347679, 48.804088], [16.8346299, 48.8041035], [16.8343543, 48.8040903], [16.833851, 48.8040504]]]}, "properties": {"id": "4bcecb4f-18d1-3a7f-838d-06d23c00d22a", "names": null, "subtype": "forest", "class": "forest", "surface": null}}, {"type": "Feature", "geometry": {"type": "Polygon", "coordinates": [[[16.8342482, 48.8052876], [16.833691, 48.805046], [16.833179, 48.804798], [16.833196, 48.804591], [16.833141, 48.804491], [16.833064, 48.804438], [16.8327, 48.804511], [16.83256, 48.804416], [16.832659, 48.804318], [16.832301, 48.804159], [16.83209, 48.804193], [16.8318464, 48.8041039], [16.8316518, 48.8038783], [16.8317518, 48.8037818], [16.831962, 48.803704], [16.8322844, 48.8036547], [16.8324744, 48.8036756], [16.8326385, 48.8037476], [16.8328314, 48.8038671], [16.8330157, 48.8039581], [16.8331049, 48.804089], [16.833197, 48.804161], [16.8332388, 48.8041582], [16.8332921, 48.8041989], [16.8332633, 48.8042482], [16.8332575, 48.8043222], [16.8334821, 48.804709], [16.8337237, 48.8049322], [16.8338703, 48.8050622], [16.8340433, 48.80514], [16.8343527, 48.8052928], [16.8346947, 48.8053934], [16.8349821, 48.8054121], [16.835263, 48.8053933], [16.8359796, 48.8053383], [16.8364682, 48.8053035], [16.8366107, 48.8052177], [16.8368346, 48.8052056], [16.8371624, 48.8052284], [16.8375614, 48.8053142], [16.8379645, 48.8054577], [16.8383655, 48.8056709], [16.8386933, 48.805821], [16.8390557, 48.8060986], [16.8387874, 48.8059212], [16.8381266, 48.8056952], [16.8379492, 48.8056613], [16.8373281, 48.8055398], [16.8368774, 48.805403], [16.8365692, 48.8053599], [16.8360251, 48.8053784], [16.8357309, 48.8054599], [16.8356492, 48.805466], [16.8353713, 48.8054629], [16.8350561, 48.805546], [16.8348483, 48.805506], [16.8342482, 48.8052876]]]}, "properties": {"id": "a31e7246-e7c4-3667-9f96-e40e6c8e06b7", "names": null, "subtype": "forest", "class": "forest", "surface": null}}, {"type": "Feature", "geometry": {"type": "Polygon", "coordinates": [[[16.8457159, 48.816445], [16.8446963, 48.8173039], [16.8444034, 48.817544], [16.8439867, 48.8178569], [16.8436404, 48.818039], [16.8432342, 48.8181999], [16.8430763, 48.818254], [16.8425746, 48.8182817], [16.8412005, 48.8182041], [16.8410592, 48.8181936], [16.8406684, 48.8181639], [16.8402071, 48.8181266], [16.8400984, 48.8181236], [16.8393909, 48.8181261], [16.839178, 48.8181656], [16.8390137, 48.8181741], [16.8384884, 48.8181556], [16.8378089, 48.8186556], [16.8375077, 48.8190731], [16.8372224, 48.8192213], [16.8370426, 48.8192244], [16.8362372, 48.8188851], [16.8348779, 48.8184084], [16.8347076, 48.8183319], [16.8337067, 48.8179911], [16.8331895, 48.8178372], [16.8334427, 48.8171662], [16.8339209, 48.8161191], [16.8340568, 48.815948], [16.8341394, 48.8158012], [16.8342026, 48.8155582], [16.8342184, 48.8154264], [16.8342006, 48.815078], [16.834215, 48.814877], [16.8342296, 48.8147578], [16.834268, 48.8146272], [16.8344084, 48.8143155], [16.8346493, 48.8138684], [16.8354632, 48.8126081], [16.8360967, 48.8116019], [16.8363277, 48.8112011], [16.8366385, 48.8107022], [16.8373467, 48.8097768], [16.8379923, 48.8089883], [16.8383012, 48.8086993], [16.8386546, 48.8084177], [16.8391305, 48.8080976], [16.8406936, 48.8073368], [16.8412194, 48.8071443], [16.8423967, 48.8068183], [16.8449303, 48.8064237], [16.8457068, 48.8063048], [16.8475299, 48.806096], [16.8479528, 48.8061309], [16.8487375, 48.8065141], [16.8491524, 48.806556], [16.8495367, 48.8065211], [16.8498582, 48.8063503], [16.8505079, 48.805835], [16.8507231, 48.8056933], [16.8521271, 48.8053428], [16.8538483, 48.8047089], [16.8547768, 48.8043882], [16.8549178, 48.8042924], [16.8549495, 48.8042255], [16.8549784, 48.8042068], [16.8550375, 48.8041891], [16.855079, 48.8041891], [16.8551166, 48.8042059], [16.8551595, 48.8042545], [16.8552172, 48.8043411], [16.8552721, 48.804379], [16.8554599, 48.80444], [16.8556208, 48.8044956], [16.8556892, 48.8045327], [16.8558314, 48.8046211], [16.8561238, 48.8047778], [16.8581338, 48.8057759], [16.8585398, 48.8059753], [16.8585822, 48.8060196], [16.8586058, 48.8060996], [16.8586452, 48.8061905], [16.8589283, 48.8067804], [16.8589899, 48.8068219], [16.8590972, 48.8068323], [16.8592218, 48.8068251], [16.8594125, 48.8067998], [16.8594578, 48.8067691], [16.8601439, 48.8059036], [16.8604619, 48.8054605], [16.8607571, 48.8050826], [16.8611468, 48.8045346], [16.8617162, 48.80377], [16.8617821, 48.8036311], [16.8617707, 48.8035415], [16.8617829, 48.8035155], [16.8618191, 48.8034881], [16.8620377, 48.8034669], [16.862137, 48.8034713], [16.8621651, 48.8034925], [16.8621831, 48.8035162], [16.8621222, 48.8036069], [16.860921, 48.8052733], [16.8596331, 48.8070699], [16.8589398, 48.8080479], [16.8587883, 48.8081666], [16.8582698, 48.8083709], [16.8515695, 48.8104332], [16.8511293, 48.8105297], [16.8488658, 48.8112767], [16.8487255, 48.8114189], [16.8484658, 48.8117203], [16.8482642, 48.8118522], [16.8478485, 48.812077], [16.8473773, 48.8122423], [16.8470356, 48.8123229], [16.8468134, 48.8123759], [16.8466161, 48.812404], [16.8466228, 48.8125172], [16.846604, 48.8126178], [16.8466142, 48.8127024], [16.8466431, 48.8127838], [16.8466922, 48.8128723], [16.8468861, 48.8131451], [16.8470147, 48.8133009], [16.8471669, 48.8134405], [16.8472812, 48.8135241], [16.8473634, 48.813615], [16.8474474, 48.8137678], [16.8474904, 48.8139065], [16.8475574, 48.814368], [16.8475242, 48.814482], [16.847435, 48.8146464], [16.8471446, 48.8151363], [16.8470407, 48.815372], [16.8470152, 48.815467], [16.8470129, 48.8155655], [16.8470341, 48.8156377], [16.8471059, 48.8157291], [16.847328, 48.8159606], [16.8474546, 48.8161106], [16.8475396, 48.8162393], [16.8476615, 48.816719], [16.8477528, 48.8170045], [16.8478956, 48.8171939], [16.8476836, 48.817299], [16.8475066, 48.81719], [16.8473588, 48.817099], [16.8471597, 48.817036], [16.8471334, 48.8169085], [16.8470239, 48.8167355], [16.8468295, 48.81658], [16.846686, 48.8159751], [16.8465973, 48.8158785], [16.8464439, 48.8158788], [16.8462592, 48.8159817], [16.8457159, 48.816445]], [[16.8508232, 48.8059029], [16.8507959, 48.8059843], [16.8507286, 48.8060371], [16.8505032, 48.8061056], [16.8502241, 48.8062223], [16.8499309, 48.8063505], [16.8497256, 48.806478], [16.8495717, 48.8065632], [16.8493471, 48.8065987], [16.8490998, 48.8066099], [16.8487681, 48.8065804], [16.848437, 48.8064894], [16.8481799, 48.8063994], [16.8476763, 48.8062071], [16.8474467, 48.8061353], [16.8471938, 48.8061457], [16.8470515, 48.8061878], [16.8471254, 48.8062436], [16.8472074, 48.8062955], [16.8475859, 48.8064363], [16.8477566, 48.8065016], [16.8482595, 48.8067324], [16.8485391, 48.8068409], [16.8490401, 48.8070105], [16.8492217, 48.8070562], [16.8494238, 48.8070702], [16.8496049, 48.80707], [16.8498583, 48.8070519], [16.8500323, 48.8070568], [16.8502441, 48.8070077], [16.850641, 48.8068312], [16.8509064, 48.8066892], [16.8510145, 48.8066153], [16.85114, 48.8065043], [16.8512986, 48.8063065], [16.8514978, 48.8059257], [16.8516702, 48.8056653], [16.8516741, 48.8056288], [16.8516653, 48.8055988], [16.8516216, 48.805583], [16.851506, 48.8055827], [16.8513664, 48.8056366], [16.8512581, 48.805736], [16.8511553, 48.8059224], [16.8510825, 48.8059683], [16.8510169, 48.8059688], [16.8509413, 48.805765], [16.8508687, 48.8057371], [16.8507981, 48.8057449], [16.85076, 48.8057906], [16.8508232, 48.8059029]], [[16.8501111, 48.8074534], [16.8503492, 48.8074412], [16.8505114, 48.8073179], [16.8506272, 48.8071928], [16.8503427, 48.8070201], [16.8499471, 48.8070823], [16.8497154, 48.8070976], [16.8497469, 48.8071641], [16.8498034, 48.807216], [16.8498637, 48.8073039], [16.8499007, 48.8073612], [16.8499619, 48.8074003], [16.8501111, 48.8074534]], [[16.8487622, 48.8071645], [16.8484474, 48.8070855], [16.8481632, 48.8069962], [16.8478566, 48.8068754], [16.8475612, 48.8067438], [16.8471283, 48.806544], [16.8469363, 48.8064417], [16.846785, 48.8063378], [16.8466822, 48.8063084], [16.8465864, 48.8063196], [16.8458511, 48.8064675], [16.8452862, 48.8065574], [16.845125, 48.8065996], [16.8451194, 48.8066349], [16.8452289, 48.8067492], [16.8456623, 48.8071486], [16.8462201, 48.8076367], [16.8466966, 48.8080613], [16.8471402, 48.8084392], [16.8472635, 48.8085497], [16.8472932, 48.8085628], [16.8473144, 48.8085664], [16.8473327, 48.8085605], [16.847443, 48.8084748], [16.8476367, 48.8083361], [16.8479427, 48.8080996], [16.8482272, 48.807909], [16.8483729, 48.8077993], [16.8486482, 48.8076324], [16.848745, 48.8075774], [16.8489136, 48.807508], [16.8492439, 48.8074146], [16.8491331, 48.8072857], [16.8490942, 48.8072476], [16.8489845, 48.8071902], [16.8487622, 48.8071645]], [[16.8489077, 48.8098094], [16.8490744, 48.8098165], [16.8492814, 48.8097819], [16.8495971, 48.8095697], [16.8500415, 48.8092668], [16.8502208, 48.8091101], [16.8511292, 48.808041], [16.8520363, 48.8070225], [16.8522283, 48.8067439], [16.8527798, 48.8061457], [16.8532615, 48.805565], [16.8532957, 48.8055184], [16.8532894, 48.8054735], [16.8532131, 48.8054362], [16.853171, 48.8053908], [16.8531689, 48.8052921], [16.8531445, 48.8052615], [16.8530553, 48.8052599], [16.8529467, 48.8052913], [16.8526857, 48.8053634], [16.8523985, 48.8054524], [16.852189, 48.8055265], [16.8520618, 48.8055861], [16.8519681, 48.8056574], [16.8519044, 48.8057323], [16.8517648, 48.805959], [16.8516582, 48.8060823], [16.8515565, 48.8061887], [16.8515261, 48.8062768], [16.8515044, 48.8063686], [16.8514823, 48.8064635], [16.8514697, 48.8065279], [16.8514282, 48.8066427], [16.8513395, 48.8067102], [16.8510931, 48.8069871], [16.8508659, 48.8071924], [16.850763, 48.807256], [16.85057, 48.8073904], [16.8504214, 48.8074773], [16.8503556, 48.8075052], [16.8502872, 48.8075253], [16.850173, 48.8075329], [16.8500095, 48.8075247], [16.849496, 48.8074656], [16.8492204, 48.8074682], [16.8490151, 48.8075305], [16.848774, 48.8076397], [16.8477854, 48.8083051], [16.8475303, 48.808502], [16.8472708, 48.8087102], [16.847281, 48.8087702], [16.8474367, 48.8088976], [16.8479171, 48.8092557], [16.8483303, 48.8095886], [16.8485337, 48.8096867], [16.8487437, 48.8097728], [16.8489077, 48.8098094]], [[16.8540715, 48.8055642], [16.8539161, 48.8055566], [16.8535728, 48.8056551], [16.8534535, 48.8057786], [16.8526388, 48.806754], [16.8523234, 48.8071555], [16.8516861, 48.8078797], [16.8508303, 48.8088742], [16.8500945, 48.80983], [16.849418, 48.8105655], [16.8492589, 48.8107736], [16.8493127, 48.8108358], [16.8494544, 48.8108101], [16.8523387, 48.8099227], [16.8540629, 48.8093748], [16.8558837, 48.8088221], [16.8574372, 48.8083814], [16.8574369, 48.8082935], [16.8574, 48.8082565], [16.8573128, 48.8082264], [16.8569673, 48.8082494], [16.8566071, 48.8082267], [16.8563764, 48.8081543], [16.8561106, 48.8080638], [16.85552, 48.8078065], [16.8552873, 48.8076869], [16.8552089, 48.8076125], [16.8547671, 48.8067163], [16.8542609, 48.8056275], [16.8541813, 48.8055906], [16.8540715, 48.8055642]], [[16.8459543, 48.8113782], [16.8459188, 48.8113401], [16.8458448, 48.8112276], [16.8457964, 48.8111131], [16.8458061, 48.8110495], [16.8458383, 48.8108925], [16.8458351, 48.8108289], [16.8457675, 48.8107674], [16.8457127, 48.8107377], [16.8456418, 48.8107398], [16.8456003, 48.8107434], [16.8455742, 48.8107653], [16.8455678, 48.8108671], [16.8456741, 48.8110601], [16.8456934, 48.8111895], [16.8457514, 48.8114482], [16.8457932, 48.8114652], [16.8458802, 48.8114694], [16.8459116, 48.8114469], [16.8459543, 48.8113782]], [[16.8425203, 48.8178877], [16.8425715, 48.8178999], [16.8427826, 48.81795], [16.8429682, 48.8179877], [16.8431515, 48.8180129], [16.8433572, 48.8179774], [16.8436474, 48.8178655], [16.84382, 48.8177913], [16.8439679, 48.8177124], [16.8441612, 48.8175643], [16.8443365, 48.817425], [16.8445148, 48.8172744], [16.8448543, 48.816957], [16.8453097, 48.8166017], [16.8454915, 48.8164492], [16.845935, 48.8160795], [16.8459788, 48.8160366], [16.8461806, 48.815785], [16.8463299, 48.815598], [16.8463843, 48.815461], [16.8464963, 48.8151867], [16.8466013, 48.8148746], [16.846656, 48.8147018], [16.846664, 48.8145761], [16.8466669, 48.8143933], [16.846645, 48.8141075], [16.8466156, 48.8139504], [16.8465777, 48.8138674], [16.8464839, 48.8136915], [16.8464273, 48.8135556], [16.8463401, 48.8133722], [16.8462532, 48.8132557], [16.846234, 48.8131711], [16.84624, 48.8130926], [16.8462069, 48.8129453], [16.8460801, 48.8126559], [16.8460358, 48.8125444], [16.8459428, 48.8123707], [16.8458987, 48.8123198], [16.8451354, 48.8123194], [16.8444898, 48.8123325], [16.8440734, 48.8123506], [16.8434787, 48.8123971], [16.8427835, 48.8124019], [16.8426516, 48.8123977], [16.8425767, 48.812442], [16.8425591, 48.8124707], [16.8425573, 48.8124773], [16.8425381, 48.8125482], [16.8425599, 48.8126021], [16.842604, 48.8126396], [16.8427188, 48.8127581], [16.8429059, 48.8129087], [16.8430326, 48.8130604], [16.8430842, 48.813153], [16.8431594, 48.8133226], [16.8432303, 48.8135055], [16.8433175, 48.8136817], [16.8433926, 48.8138857], [16.8434878, 48.8140258], [16.8436013, 48.8141593], [16.843749, 48.8143319], [16.8437934, 48.8144661], [16.8437904, 48.8146486], [16.8437951, 48.8148171], [16.8437776, 48.8149787], [16.8436985, 48.8151323], [16.8436102, 48.8153948], [16.843486, 48.8156936], [16.8433546, 48.8159775], [16.8432021, 48.8161966], [16.8429739, 48.8165379], [16.842605, 48.817053], [16.8423677, 48.8173631], [16.842226, 48.8176164], [16.8421785, 48.8177171], [16.842179, 48.8177593], [16.8422522, 48.8178019], [16.8423072, 48.8178367], [16.8425203, 48.8178877]], [[16.8417909, 48.8179852], [16.8415796, 48.818001], [16.8414631, 48.8180341], [16.8414479, 48.8180617], [16.8415436, 48.8181077], [16.8416025, 48.8181297], [16.8417363, 48.8181408], [16.841877, 48.8181255], [16.8419595, 48.8180846], [16.841986, 48.8180542], [16.8419687, 48.8180262], [16.8418877, 48.8179901], [16.8417909, 48.8179852]], [[16.84177, 48.8072248], [16.8417477, 48.8072174], [16.8416851, 48.8072189], [16.8415869, 48.807238], [16.8414729, 48.8072836], [16.841464, 48.8073248], [16.8414975, 48.8073469], [16.8415645, 48.8073675], [16.8416226, 48.8073734], [16.8416963, 48.8073307], [16.8417566, 48.8072763], [16.84177, 48.8072248]], [[16.84197, 48.8076403], [16.8411628, 48.8072751], [16.8400054, 48.8078042], [16.8399335, 48.8078517], [16.8416854, 48.8081157], [16.8430921, 48.8083323], [16.8428967, 48.8081568], [16.8427689, 48.8080574], [16.84197, 48.8076403]], [[16.8434951, 48.8085505], [16.8433267, 48.8084453], [16.8432281, 48.8084049], [16.8432225, 48.8084243], [16.8432064, 48.8085537], [16.8432579, 48.808717], [16.8433255, 48.8088167], [16.8434479, 48.8089398], [16.8434769, 48.8090161], [16.8434705, 48.8090819], [16.8434898, 48.8091646], [16.8435574, 48.8092113], [16.8436607, 48.8092378], [16.8437377, 48.8092147], [16.8439402, 48.8092286], [16.8438985, 48.8091784], [16.8437995, 48.8091161], [16.8437025, 48.8090394], [16.8436146, 48.8090152], [16.843548, 48.8089596], [16.8435271, 48.8089004], [16.8435583, 48.8087784], [16.8435688, 48.8086699], [16.8434951, 48.8085505]], [[16.8427151, 48.8122479], [16.8427491, 48.812271], [16.8427809, 48.8122691], [16.8430227, 48.8122879], [16.8432989, 48.8122677], [16.8437042, 48.8122703], [16.8440686, 48.8122573], [16.844295, 48.8122434], [16.8445732, 48.8122404], [16.8448015, 48.8122247], [16.844943, 48.8122204], [16.845238, 48.8122198], [16.845508, 48.8122087], [16.845673, 48.8121903], [16.8458016, 48.8121835], [16.8458307, 48.8120801], [16.8458302, 48.8119921], [16.8457978, 48.811831], [16.8457324, 48.8117135], [16.8456772, 48.8116557], [16.8455564, 48.8116442], [16.8446677, 48.811755], [16.8444163, 48.8117932], [16.8441435, 48.8118163], [16.8437144, 48.8118723], [16.8435311, 48.811901], [16.8431692, 48.8119787], [16.8429344, 48.8121075], [16.8428083, 48.8121648], [16.8427151, 48.8122479]], [[16.8378017, 48.8100882], [16.8388486, 48.8101899], [16.8388657, 48.8097434], [16.8378017, 48.8095626], [16.837527, 48.8099921], [16.8378017, 48.8100882]], [[16.8368061, 48.8107491], [16.8369748, 48.8108302], [16.837165, 48.8109255], [16.8374781, 48.8110292], [16.8379982, 48.8112135], [16.8381705, 48.8113012], [16.8383581, 48.8114436], [16.8385912, 48.8115702], [16.8388359, 48.8117134], [16.8389938, 48.8117717], [16.8391406, 48.8118702], [16.8392577, 48.8118846], [16.8393075, 48.8118451], [16.839284, 48.8117835], [16.8388801, 48.8114956], [16.8385853, 48.8112165], [16.8384156, 48.8110816], [16.8380542, 48.810861], [16.8375173, 48.8106627], [16.8370898, 48.8105574], [16.8369868, 48.8105439], [16.8369053, 48.8105762], [16.8368061, 48.8107491]], [[16.8384181, 48.8116086], [16.8379755, 48.8113736], [16.8374115, 48.8111208], [16.8368347, 48.8109706], [16.8368464, 48.8109643], [16.8367009, 48.8109402], [16.8366332, 48.8109636], [16.8364945, 48.8111653], [16.8360851, 48.8118623], [16.8356833, 48.8125105], [16.8353738, 48.812982], [16.8351064, 48.8134564], [16.8348983, 48.8137589], [16.8347779, 48.8140464], [16.8345898, 48.8143573], [16.8345194, 48.8144651], [16.8344594, 48.8145736], [16.8344556, 48.8146649], [16.8345239, 48.8147049], [16.8347032, 48.8147173], [16.8350385, 48.8146208], [16.8355213, 48.8144008], [16.8361407, 48.813993], [16.8370359, 48.8133931], [16.8376774, 48.8129799], [16.8382845, 48.8125149], [16.8389028, 48.8121141], [16.8389816, 48.812021], [16.8388539, 48.8118853], [16.8384181, 48.8116086]], [[16.8337577, 48.8173889], [16.8336942, 48.8174523], [16.8336356, 48.8175278], [16.8336112, 48.8175867], [16.8335918, 48.817674], [16.8336105, 48.8177446], [16.8336324, 48.8177742], [16.8337032, 48.8178173], [16.8340556, 48.817974], [16.8344031, 48.8181141], [16.8345666, 48.8181905], [16.8346638, 48.8182148], [16.8347174, 48.8182291], [16.8347287, 48.8182306], [16.8348088, 48.8182244], [16.8349065, 48.818191], [16.8351011, 48.8181227], [16.8351486, 48.8181181], [16.835196, 48.8181207], [16.8352381, 48.8181358], [16.8352691, 48.8181595], [16.8353701, 48.8183036], [16.8354222, 48.8183589], [16.8355264, 48.8184142], [16.8356415, 48.8184767], [16.8357587, 48.8185393], [16.8358762, 48.8185889], [16.8364093, 48.818784], [16.8366678, 48.8188667], [16.8368242, 48.8189336], [16.8369292, 48.8189782], [16.8373196, 48.8187154], [16.8380481, 48.8182381], [16.8381591, 48.8181551], [16.8381915, 48.8181187], [16.8382353, 48.8180268], [16.8382186, 48.8179483], [16.83818, 48.8178894], [16.8380903, 48.8178182], [16.83794, 48.8177297], [16.8376325, 48.8176143], [16.8371291, 48.8175251], [16.8367871, 48.8174453], [16.836501, 48.8173758], [16.8364247, 48.8173479], [16.8363431, 48.8173097], [16.8362425, 48.8172538], [16.8361228, 48.8171795], [16.8360192, 48.8170991], [16.8358566, 48.8169422], [16.8356981, 48.8167186], [16.8355628, 48.8164996], [16.8354835, 48.8162944], [16.8354339, 48.8160997], [16.8353979, 48.8159781], [16.8353467, 48.8158615], [16.8353329, 48.8158362], [16.8353205, 48.8158109], [16.8352995, 48.8157968], [16.8352703, 48.8157769], [16.835178, 48.815766], [16.8350354, 48.8157962], [16.8348881, 48.8158373], [16.834565, 48.8159419], [16.8344511, 48.8159886], [16.8343991, 48.8160216], [16.8343371, 48.8160625], [16.8342519, 48.8161417], [16.8342066, 48.8162221], [16.8340894, 48.8165074], [16.8339989, 48.8167603], [16.8339946, 48.8168354], [16.8340054, 48.8168634], [16.834038, 48.8168908], [16.8340911, 48.8169189], [16.8341611, 48.8169367], [16.8341831, 48.8169359], [16.8342098, 48.8169336], [16.8342398, 48.8169213], [16.834258, 48.8169149], [16.834288, 48.8168986], [16.8343051, 48.8168864], [16.8343631, 48.8168354], [16.8343884, 48.8168143], [16.8344705, 48.8167456], [16.8345295, 48.8166831], [16.834589, 48.8166447], [16.8346168, 48.8166353], [16.8346502, 48.8166418], [16.8347917, 48.8167144], [16.8348251, 48.8167436], [16.8348429, 48.8167742], [16.8348334, 48.8168052], [16.8348161, 48.8168232], [16.8347881, 48.8168511], [16.834676, 48.8169117], [16.8346655, 48.8169184], [16.8344578, 48.8170419], [16.8341642, 48.8171657], [16.8337577, 48.8173889]], [[16.8352251, 48.8183118], [16.8352719, 48.8182361], [16.8352497, 48.8182106], [16.835203, 48.818174], [16.8351541, 48.818177], [16.8350652, 48.8182268], [16.8349803, 48.8182999], [16.8349548, 48.8183388], [16.834944, 48.8184068], [16.8349587, 48.8184295], [16.8350151, 48.8184507], [16.835046, 48.8184453], [16.8351176, 48.8184061], [16.8352251, 48.8183118]], [[16.8372162, 48.8189678], [16.8371632, 48.8189756], [16.8370608, 48.8190402], [16.8369592, 48.8191333], [16.8369618, 48.8191595], [16.8369897, 48.8191814], [16.837048, 48.8191951], [16.837089, 48.8191891], [16.8372537, 48.8190714], [16.8372778, 48.8190313], [16.8372883, 48.8190076], [16.8372939, 48.8189932], [16.8372797, 48.8189765], [16.8372521, 48.8189674], [16.8372162, 48.8189678]]]}, "properties": {"id": "85cc5c3a-2f69-3a74-a948-b77d87e51ec4", "names": null, "subtype": "forest", "class": "forest", "surface": null}}, {"type": "Feature", "geometry": {"type": "Polygon", "coordinates": [[[16.8307614, 48.8104864], [16.8310781, 48.8105888], [16.8313286, 48.8107177], [16.8315762, 48.8108485], [16.831746, 48.8109869], [16.8319447, 48.8110533], [16.8325781, 48.8111064], [16.8328141, 48.8111955], [16.8330387, 48.8111974], [16.8330819, 48.8112429], [16.8330812, 48.8112538], [16.8329305, 48.8112465], [16.8326338, 48.8112908], [16.8325725, 48.8112861], [16.832257, 48.8112429], [16.8320488, 48.8111703], [16.8318598, 48.811126], [16.8317225, 48.8111272], [16.8317136, 48.8111236], [16.8314899, 48.8111666], [16.8311843, 48.8113131], [16.8309629, 48.8111367], [16.8305887, 48.8108827], [16.8304928, 48.8107255], [16.8304908, 48.8105584], [16.8306318, 48.810475], [16.8307614, 48.8104864]]]}, "properties": {"id": "4ec3971f-f5c8-3f55-96d7-87528cb629fe", "names": null, "subtype": "forest", "class": "forest", "surface": null}}, {"type": "Feature", "geometry": {"type": "Polygon", "coordinates": [[[16.8296718, 48.8119909], [16.8297063, 48.8120497], [16.8300172, 48.8121691], [16.8302447, 48.8122393], [16.8300927, 48.8122735], [16.8299398, 48.8123473], [16.8298234, 48.8124312], [16.8297723, 48.8124476], [16.8297019, 48.8124144], [16.8294812, 48.8122797], [16.8293026, 48.812134], [16.8292993, 48.8120094], [16.8293723, 48.8120288], [16.8295537, 48.8119435], [16.8296718, 48.8119909]]]}, "properties": {"id": "f199001c-cfed-3ef0-a12a-37c190fcd17f", "names": null, "subtype": "forest", "class": "forest", "surface": null}}, {"type": "Feature", "geometry": {"type": "Polygon", "coordinates": [[[16.8318978, 48.8135382], [16.8317308, 48.8135534], [16.8316185, 48.8135458], [16.8315062, 48.8134965], [16.8314371, 48.8134283], [16.8314533, 48.8133016], [16.8314423, 48.8130886], [16.8313301, 48.8127929], [16.8311717, 48.8125009], [16.830855, 48.8122222], [16.8306564, 48.8120971], [16.8304951, 48.8120269], [16.8302936, 48.8119738], [16.8302303, 48.8119283], [16.8297437, 48.8118108], [16.8295105, 48.8117065], [16.8291766, 48.8117406], [16.8289578, 48.8117217], [16.8288109, 48.8116477], [16.8282985, 48.8114638], [16.8280106, 48.8112629], [16.8278292, 48.8110145], [16.8276939, 48.8109519], [16.8276766, 48.8108647], [16.8275441, 48.8107306], [16.8274779, 48.8106637], [16.8273887, 48.8105234], [16.8280903, 48.8101333], [16.8282497, 48.8101898], [16.8287866, 48.8103801], [16.8290545, 48.8104389], [16.8292231, 48.8104193], [16.8294115, 48.810367], [16.8295405, 48.8103017], [16.8296397, 48.8102168], [16.8296893, 48.8101122], [16.8297389, 48.8100273], [16.8302058, 48.8102911], [16.8300762, 48.8104238], [16.8300042, 48.8105547], [16.8300157, 48.8107518], [16.8301482, 48.8110552], [16.8309391, 48.811576], [16.8317279, 48.8119741], [16.832082, 48.8122395], [16.8322116, 48.8123912], [16.8323786, 48.8125675], [16.8324131, 48.8126983], [16.8323699, 48.8129012], [16.8322231, 48.8132121], [16.8320609, 48.8133747], [16.8318978, 48.8135382]]]}, "properties": {"id": "39bd9b19-4329-34b7-9c41-26bdc6debb7d", "names": null, "subtype": "forest", "class": "forest", "surface": null}}, {"type": "Feature", "geometry": {"type": "Polygon", "coordinates": [[[16.8300829, 48.8129603], [16.8303415, 48.8130495], [16.8303614, 48.8130318], [16.8307629, 48.8131398], [16.8306938, 48.8132555], [16.8306934, 48.8133174], [16.8307514, 48.8133408], [16.8307789, 48.8133194], [16.830785, 48.8132885], [16.8308345, 48.8132843], [16.8308817, 48.8132865], [16.8309155, 48.8133579], [16.8309953, 48.8133418], [16.8309993, 48.8133995], [16.8311215, 48.8135469], [16.8312281, 48.8137068], [16.8307863, 48.8135684], [16.8307396, 48.8135606], [16.8299326, 48.8131434], [16.8299515, 48.8131042], [16.8298494, 48.8129704], [16.8298183, 48.8129156], [16.8298188, 48.8128439], [16.8299135, 48.8128409], [16.8300829, 48.8129603]]]}, "properties": {"id": "db4dd947-ba84-3efc-8cc6-30a063d33d81", "names": null, "subtype": "forest", "class": "forest", "surface": null}}, {"type": "Feature", "geometry": {"type": "Polygon", "coordinates": [[[16.8249274, 48.8126634], [16.8248702, 48.8128781], [16.8250205, 48.8131249], [16.8249244, 48.8131504], [16.8245541, 48.8132503], [16.8231941, 48.8124373], [16.8233644, 48.8123009], [16.8238474, 48.8123804], [16.8246075, 48.8123858], [16.8251115, 48.8122865], [16.8252334, 48.8122416], [16.825233, 48.8122438], [16.8252038, 48.8123231], [16.8250725, 48.812484], [16.8249274, 48.8126634]]]}, "properties": {"id": "6d7e5dfe-1543-3265-98c1-13e3f74e5c7e", "names": null, "subtype": "forest", "class": "forest", "surface": null}}, {"type": "Feature", "geometry": {"type": "Polygon", "coordinates": [[[16.8224696, 48.8113248], [16.8224035, 48.8110718], [16.8223994, 48.8109467], [16.8224355, 48.810704], [16.8225215, 48.810614], [16.8225161, 48.8104475], [16.8225575, 48.8104142], [16.8227, 48.8103795], [16.8228539, 48.8102544], [16.8231028, 48.8099864], [16.8233568, 48.8095225], [16.8235634, 48.8090355], [16.8235221, 48.8089151], [16.823425, 48.8087948], [16.8230188, 48.8085946], [16.8225521, 48.8086052], [16.8219781, 48.8087995], [16.8212646, 48.8076301], [16.822198, 48.8075135], [16.8229169, 48.8076972], [16.8231744, 48.8074959], [16.8235499, 48.8073334], [16.8240085, 48.8075702], [16.8262019, 48.809009], [16.8263613, 48.8091039], [16.8280903, 48.8101333], [16.8273887, 48.8105234], [16.8271843, 48.810423], [16.8270201, 48.8103863], [16.8265946, 48.8104203], [16.8262228, 48.8105304], [16.8259226, 48.8108068], [16.8257725, 48.8112963], [16.8255886, 48.8115887], [16.8253841, 48.8117832], [16.8251549, 48.8119138], [16.8247934, 48.8120499], [16.8244443, 48.8120947], [16.8240353, 48.8120621], [16.8233702, 48.8119791], [16.8229323, 48.8117941], [16.8226659, 48.8116091], [16.8224696, 48.8113248]]]}, "properties": {"id": "c3f7ff36-ed85-32a5-b6f1-85b3de3e6012", "names": null, "subtype": "forest", "class": "forest", "surface": null}}, {"type": "Feature", "geometry": {"type": "Polygon", "coordinates": [[[16.827072, 48.8106391], [16.8272419, 48.8107282], [16.8274578, 48.8111415], [16.827668, 48.8114202], [16.8277658, 48.8114392], [16.8278695, 48.8114525], [16.8280624, 48.811644], [16.8280481, 48.811711], [16.827963, 48.8116848], [16.8281036, 48.8119947], [16.8281199, 48.8120737], [16.8282015, 48.8121397], [16.8282906, 48.8121861], [16.8284168, 48.8122423], [16.8285949, 48.8123425], [16.8286291, 48.8123753], [16.8286368, 48.8124412], [16.8285544, 48.8124809], [16.828428, 48.8125009], [16.828413, 48.8124965], [16.8283388, 48.8124818], [16.8283, 48.8124893], [16.8281995, 48.8124802], [16.828171, 48.8125383], [16.8281422, 48.8125478], [16.8280828, 48.8125478], [16.8280123, 48.8125282], [16.8279455, 48.8125038], [16.8279374, 48.812223], [16.8278334, 48.8121647], [16.8278296, 48.8118038], [16.826789, 48.8116003], [16.82673, 48.8115738], [16.8267018, 48.8115244], [16.8266937, 48.811297], [16.8266721, 48.8112919], [16.8264644, 48.8112634], [16.826231, 48.8114269], [16.8263369, 48.8112277], [16.8263715, 48.8108447], [16.8265347, 48.8106638], [16.8268705, 48.8105595], [16.827072, 48.8106391]]]}, "properties": {"id": "b126a1fe-d8f0-39bb-a615-d25c55212a30", "names": null, "subtype": "forest", "class": "forest", "surface": null}}, {"type": "Feature", "geometry": {"type": "Polygon", "coordinates": [[[16.8262106, 48.8089335], [16.8258326, 48.8086524], [16.8259667, 48.8085828], [16.8261009, 48.8085372], [16.8262066, 48.8085292], [16.8263489, 48.8085372], [16.8264424, 48.808572], [16.8264993, 48.8086122], [16.8265521, 48.8086738], [16.8265562, 48.80873], [16.8265156, 48.8087889], [16.8264505, 48.8088318], [16.8262106, 48.8089335]]]}, "properties": {"id": "57a78b44-a958-3d09-965c-3ab0c81751cf", "names": null, "subtype": "forest", "class": "forest", "surface": null}}, {"type": "Feature", "geometry": {"type": "Polygon", "coordinates": [[[16.8225408, 48.8103447], [16.8225877, 48.8101086], [16.8225293, 48.8099624], [16.8224314, 48.8098508], [16.8221492, 48.8097001], [16.8214904, 48.8094577], [16.8215092, 48.8093409], [16.8216693, 48.8092491], [16.8218841, 48.8091675], [16.8223354, 48.8089253], [16.822574, 48.8088458], [16.8228725, 48.8088968], [16.8230232, 48.8090444], [16.8230656, 48.8091886], [16.8227661, 48.810049], [16.8227434, 48.8102496], [16.8226019, 48.8103373], [16.8225408, 48.8103447]]]}, "properties": {"id": "13757e3e-c650-3ab6-a2bd-ce6b9852d9ba", "names": null, "subtype": "forest", "class": "forest", "surface": null}}, {"type": "Feature", "geometry": {"type": "Polygon", "coordinates": [[[16.82605, 48.80372], [16.826625, 48.803754], [16.829449, 48.804115], [16.829536, 48.804479], [16.8281962, 48.8050015], [16.8277305, 48.8050379], [16.8276664, 48.8050998], [16.8275799, 48.8051495], [16.8274022, 48.8051507], [16.8272056, 48.8051099], [16.8267354, 48.804899], [16.8266094, 48.8048963], [16.8263045, 48.8049445], [16.8261094, 48.8049767], [16.8258654, 48.8050302], [16.8255727, 48.8051199], [16.8254356, 48.805114], [16.8252026, 48.8051348], [16.8249379, 48.8052083], [16.8245194, 48.8054241], [16.8244216, 48.805532], [16.8243979, 48.8056043], [16.8244027, 48.805676], [16.8244728, 48.8057835], [16.8249821, 48.8061747], [16.8250798, 48.8064497], [16.8249625, 48.8065686], [16.8248499, 48.8067577], [16.8247667, 48.8068354], [16.824705, 48.806869], [16.8246273, 48.8068831], [16.8244985, 48.8068831], [16.8243778, 48.8068672], [16.8241889, 48.8068027], [16.8240131, 48.8067191], [16.8238492, 48.8066581], [16.8237616, 48.8066556], [16.8237475, 48.8066517], [16.8237218, 48.8066545], [16.8235921, 48.8066509], [16.8234296, 48.8066868], [16.8233961, 48.8066905], [16.8233825, 48.8066972], [16.8232539, 48.8067382], [16.8230823, 48.8068336], [16.822983, 48.8069237], [16.822924, 48.8071127], [16.8228408, 48.807247], [16.8227067, 48.8073795], [16.8226048, 48.8074537], [16.8225243, 48.8074784], [16.8224546, 48.807482], [16.8223795, 48.8074608], [16.8222963, 48.8073954], [16.8222288, 48.8073242], [16.821875, 48.807398], [16.8210589, 48.8074478], [16.8219774, 48.8088328], [16.8219151, 48.8088648], [16.8214627, 48.8091049], [16.8213729, 48.8089634], [16.8212376, 48.8090042], [16.8213377, 48.8091484], [16.8213955, 48.8092577], [16.8213736, 48.8094347], [16.8211282, 48.8093625], [16.8206419, 48.8093943], [16.8201803, 48.8093163], [16.8194909, 48.8094029], [16.8191039, 48.8095299], [16.8208377, 48.8083263], [16.8204238, 48.8077279], [16.8195766, 48.8065031], [16.8194, 48.805613], [16.8200778, 48.805781], [16.8213648, 48.8060999], [16.8216403, 48.8061682], [16.8221179, 48.8061006], [16.8223661, 48.805626], [16.8224367, 48.8054676], [16.8224012, 48.8053214], [16.8222492, 48.8051373], [16.8222223, 48.8050109], [16.8222766, 48.8047121], [16.8224857, 48.8045798], [16.823706, 48.8039506], [16.8243888, 48.8036688], [16.82605, 48.80372]]]}, "properties": {"id": "3c3c8af4-6790-3982-adda-bb8cdec600bf", "names": null, "subtype": "forest", "class": "forest", "surface": null}}, {"type": "Feature", "geometry": {"type": "Polygon", "coordinates": [[[16.8247118, 48.8073814], [16.8251292, 48.8074413], [16.8253228, 48.8073806], [16.8253442, 48.8072137], [16.8254291, 48.8071677], [16.8254722, 48.807119], [16.8254599, 48.8070622], [16.8253367, 48.8069364], [16.8251395, 48.8066442], [16.8250798, 48.8064497], [16.8249821, 48.8061747], [16.8250483, 48.8062255], [16.8252756, 48.8064675], [16.8252824, 48.8064756], [16.8254053, 48.8065285], [16.825994, 48.8065832], [16.8269581, 48.8069222], [16.8272633, 48.8070878], [16.8274873, 48.807141], [16.827998, 48.807096], [16.8282448, 48.8070935], [16.8284215, 48.8071242], [16.8286204, 48.807179], [16.8290532, 48.8070971], [16.8293335, 48.8070769], [16.8296268, 48.8069468], [16.8296902, 48.8068993], [16.8297253, 48.8067019], [16.8295268, 48.8067324], [16.8290722, 48.806595], [16.8284178, 48.8063714], [16.8284181, 48.8062648], [16.8284509, 48.8061953], [16.8286066, 48.8062559], [16.8296708, 48.8065889], [16.8299403, 48.8066521], [16.8300249, 48.8066025], [16.8301136, 48.8065182], [16.8301567, 48.8064501], [16.8301773, 48.8063933], [16.8301918, 48.8063283], [16.8301925, 48.8061774], [16.83014, 48.8061024], [16.8297521, 48.8060729], [16.8298491, 48.8052118], [16.8298218, 48.8050061], [16.8298488, 48.8048864], [16.8301946, 48.8049084], [16.8302733, 48.8049134], [16.8305944, 48.8046066], [16.8306923, 48.8050257], [16.8309255, 48.8055775], [16.8312423, 48.8061769], [16.8314446, 48.8064082], [16.8316287, 48.8066395], [16.8318238, 48.8067303], [16.8318475, 48.8067511], [16.8319557, 48.8068462], [16.8320189, 48.8069017], [16.8319279, 48.806956], [16.8316678, 48.8070522], [16.8314505, 48.8070945], [16.8311832, 48.8070945], [16.8309481, 48.8071414], [16.8306523, 48.807484], [16.8306203, 48.8078126], [16.8308732, 48.8089295], [16.8309231, 48.809122], [16.8308911, 48.8092205], [16.8308341, 48.8092581], [16.8304742, 48.8092369], [16.8301606, 48.8092111], [16.8298898, 48.8091947], [16.8295763, 48.8092393], [16.8295371, 48.8094528], [16.8295569, 48.8096513], [16.829637, 48.8098264], [16.8303468, 48.8102266], [16.8302058, 48.8102911], [16.8297389, 48.8100273], [16.8296893, 48.8101122], [16.8296397, 48.8102168], [16.8295405, 48.8103017], [16.8294115, 48.810367], [16.8292231, 48.8104193], [16.8290545, 48.8104389], [16.8287866, 48.8103801], [16.8282497, 48.8101898], [16.8280903, 48.8101333], [16.8263613, 48.8091039], [16.8262813, 48.8089876], [16.8268897, 48.808841], [16.8273182, 48.8087766], [16.8275889, 48.8087073], [16.8278219, 48.8085737], [16.8281978, 48.8083113], [16.8285736, 48.808133], [16.8290547, 48.8079944], [16.8294231, 48.8079449], [16.8293178, 48.8078855], [16.8290397, 48.8078409], [16.8280249, 48.8078558], [16.8278745, 48.8078806], [16.8277618, 48.8079202], [16.8275137, 48.808034], [16.8273709, 48.8080885], [16.8272581, 48.8081231], [16.8271153, 48.8081231], [16.8270175, 48.8081083], [16.8269273, 48.8080588], [16.8258444, 48.8085806], [16.8257893, 48.8086071], [16.8240796, 48.8074923], [16.8238345, 48.8073194], [16.8240415, 48.8072375], [16.8242502, 48.8072913], [16.8243014, 48.8073138], [16.8245417, 48.8073665], [16.824567, 48.8073713], [16.8247118, 48.8073814]]]}, "properties": {"id": "63a2445b-c069-3447-9ddf-ff7def936549", "names": null, "subtype": "forest", "class": "forest", "surface": null}}, {"type": "Feature", "geometry": {"type": "Polygon", "coordinates": [[[16.8303468, 48.8102266], [16.829637, 48.8098264], [16.8295569, 48.8096513], [16.8295371, 48.8094528], [16.8295763, 48.8092393], [16.8298898, 48.8091947], [16.8301606, 48.8092111], [16.8304742, 48.8092369], [16.8308341, 48.8092581], [16.8308911, 48.8092205], [16.8309231, 48.809122], [16.8308732, 48.8089295], [16.8306203, 48.8078126], [16.8306523, 48.807484], [16.8309481, 48.8071414], [16.8311832, 48.8070945], [16.8314505, 48.8070945], [16.8316678, 48.8070522], [16.8319279, 48.806956], [16.8320189, 48.8069017], [16.8322038, 48.807064], [16.8324543, 48.80732], [16.8325694, 48.8075949], [16.8325205, 48.8078282], [16.8324427, 48.8080576], [16.8322729, 48.8082055], [16.8320714, 48.8083173], [16.8316337, 48.8088956], [16.8315589, 48.8090909], [16.8315733, 48.8092237], [16.831621, 48.8094834], [16.8317933, 48.8096845], [16.8319907, 48.8098399], [16.8322355, 48.8100598], [16.8324744, 48.8102134], [16.832745, 48.8103309], [16.8331836, 48.810483], [16.8335137, 48.8106684], [16.8335137, 48.8107424], [16.8334446, 48.8108618], [16.833249, 48.8109179], [16.8330186, 48.8109225], [16.8327997, 48.8108618], [16.8322151, 48.8107401], [16.8317399, 48.8106043], [16.8313199, 48.810403], [16.8312051, 48.810317], [16.8311098, 48.8102456], [16.8308478, 48.8101963], [16.8305771, 48.8102153], [16.8303468, 48.8102266]]]}, "properties": {"id": "c4c47a1d-bc83-31d3-a56a-522fa19028c2", "names": null, "subtype": "grass", "class": "grassland", "surface": null}}, {"type": "Feature", "geometry": {"type": "Polygon", "coordinates": [[[16.831485, 48.804526], [16.831628, 48.804623], [16.831883, 48.804548], [16.831921, 48.804575], [16.832004, 48.804686], [16.832006, 48.804695], [16.832177, 48.8049587], [16.8325384, 48.8052679], [16.8326761, 48.8053888], [16.832875, 48.8054976], [16.8328352, 48.8057999], [16.8337868, 48.8059732], [16.8349448, 48.8062948], [16.8351256, 48.806345], [16.8352022, 48.8064855], [16.8351888, 48.8065583], [16.8351721, 48.806573], [16.8351739, 48.8066395], [16.8351456, 48.8067932], [16.8351739, 48.8071475], [16.8352228, 48.8073371], [16.8353882, 48.8073701], [16.8367911, 48.8077978], [16.8368113, 48.8077813], [16.8369823, 48.8078291], [16.8362846, 48.8084334], [16.8356948, 48.808865], [16.8350196, 48.8098457], [16.8349883, 48.8098343], [16.8345299, 48.8097341], [16.8341945, 48.8098286], [16.8336174, 48.8098861], [16.8333856, 48.809849], [16.8332075, 48.8097486], [16.8331326, 48.8095998], [16.8330403, 48.8095609], [16.8329876, 48.809473], [16.833008, 48.8093634], [16.8329249, 48.8091876], [16.832878, 48.809251], [16.8328112, 48.8092885], [16.8327103, 48.8092853], [16.8327216, 48.8091961], [16.8327715, 48.8090465], [16.8327472, 48.8088898], [16.8328105, 48.8087237], [16.8324762, 48.8085778], [16.8325118, 48.8085354], [16.8327997, 48.8081998], [16.8329523, 48.8079571], [16.8330157, 48.8077675], [16.8330128, 48.8075438], [16.8329379, 48.8072631], [16.8328299, 48.807137], [16.832583, 48.8069268], [16.8320985, 48.8065857], [16.8318831, 48.8064494], [16.8316078, 48.806152], [16.8314063, 48.8057823], [16.8312336, 48.8053348], [16.8311213, 48.8051148], [16.8310522, 48.8048361], [16.831167, 48.8045006], [16.831485, 48.804526]]]}, "properties": {"id": "c0b15373-6317-3f10-8768-94563a22cb01", "names": null, "subtype": "forest", "class": "forest", "surface": null}}, {"type": "Feature", "geometry": {"type": "Polygon", "coordinates": [[[16.8334817, 48.8049785], [16.8333179, 48.8051292], [16.8333497, 48.8051539], [16.8333082, 48.8052227], [16.8332811, 48.8052276], [16.8332422, 48.8052231], [16.8331954, 48.8052153], [16.8331218, 48.8051955], [16.8330625, 48.8051651], [16.8329363, 48.8051095], [16.8328733, 48.8050711], [16.8328383, 48.805028], [16.8328406, 48.8049711], [16.8328593, 48.8049142], [16.8329153, 48.8048665], [16.8330896, 48.8047995], [16.8331192, 48.804799], [16.8332962, 48.8048933], [16.8334817, 48.8049785]]]}, "properties": {"id": "11cf1ac5-4842-3f4d-8f84-e6d3e853397c", "names": null, "subtype": "shrub", "class": "scrub", "surface": null}}, {"type": "Feature", "geometry": {"type": "Polygon", "coordinates": [[[16.8236151, 48.7996536], [16.8236773, 48.7996602], [16.8237385, 48.7996666], [16.823784, 48.7999132], [16.8238026, 48.8002583], [16.8238093, 48.800404], [16.823689, 48.8005367], [16.8234835, 48.8006517], [16.8232223, 48.8007232], [16.8228457, 48.8007262], [16.8224988, 48.8007596], [16.8223304, 48.8007951], [16.8222148, 48.8008512], [16.8220975, 48.8009455], [16.8219861, 48.8010496], [16.8218511, 48.8011898], [16.8217959, 48.8012757], [16.8218071, 48.8013756], [16.8219003, 48.8015223], [16.8221226, 48.8016649], [16.8224068, 48.8017902], [16.8228061, 48.8020794], [16.822963, 48.8022058], [16.8230827, 48.8023923], [16.8231043, 48.8025095], [16.8231121, 48.8026362], [16.8230422, 48.8027614], [16.8228695, 48.8029453], [16.8225738, 48.8031002], [16.822371, 48.8031641], [16.8220335, 48.8031737], [16.8219125, 48.8032017], [16.8218354, 48.8032483], [16.8218181, 48.8033076], [16.8218486, 48.8034147], [16.8218791, 48.8036254], [16.8219065, 48.8038166], [16.8218923, 48.8039535], [16.821763, 48.8041159], [16.8217183, 48.8042773], [16.8214771, 48.8045132], [16.821376, 48.8045814], [16.8210385, 48.8046535], [16.8207477, 48.8047027], [16.8205816, 48.8047843], [16.820352, 48.8045212], [16.8204523, 48.8045237], [16.8207672, 48.8044861], [16.8209368, 48.8044756], [16.8210752, 48.8044496], [16.8211906, 48.8043998], [16.821299, 48.8043095], [16.821399, 48.8041874], [16.8214236, 48.8040334], [16.8215176, 48.8039065], [16.8215791, 48.8037837], [16.8215893, 48.8036669], [16.821542, 48.803564], [16.8214428, 48.8034361], [16.8213402, 48.8033244], [16.8212509, 48.8032076], [16.8212502, 48.8031197], [16.8213133, 48.8030579], [16.8214915, 48.8029769], [16.8216443, 48.8029427], [16.8219289, 48.8029557], [16.8221491, 48.8029596], [16.8223648, 48.8029497], [16.8224527, 48.8029098], [16.8225737, 48.8028302], [16.8227698, 48.8026092], [16.8228033, 48.8025057], [16.8227818, 48.8024073], [16.8227258, 48.802327], [16.8226841, 48.8022751], [16.8225435, 48.8021582], [16.8223923, 48.8020412], [16.8221585, 48.8018648], [16.8219003, 48.8017579], [16.8217381, 48.8016799], [16.821605, 48.801546], [16.8214698, 48.8013409], [16.8214054, 48.8012482], [16.8214135, 48.8011241], [16.8214785, 48.8010305], [16.8216511, 48.8008807], [16.8217744, 48.8007408], [16.8219242, 48.8005961], [16.8219896, 48.800565], [16.8221158, 48.8005738], [16.8225795, 48.8005947], [16.8228417, 48.8005677], [16.8232595, 48.8004753], [16.8234647, 48.8004095], [16.823502, 48.8003597], [16.8235378, 48.8002379], [16.8235053, 48.8000088], [16.8234673, 48.7997986], [16.8234504, 48.7997103], [16.8236151, 48.7996536]]]}, "properties": {"id": "00b3cc9a-5a41-3699-a11e-b5c5f6f97c91", "names": null, "subtype": "forest", "class": "forest", "surface": null}}, {"type": "Feature", "geometry": {"type": "Polygon", "coordinates": [[[16.814394, 48.8047291], [16.814459, 48.8046649], [16.8145404, 48.8046778], [16.8146058, 48.8047231], [16.8146807, 48.8047256], [16.8147263, 48.8047143], [16.8147615, 48.8046995], [16.814776, 48.804677], [16.8146365, 48.8045922], [16.8146408, 48.8045065], [16.8147094, 48.804456], [16.8148134, 48.8045032], [16.8149131, 48.8045645], [16.8150115, 48.8046771], [16.8150444, 48.8047626], [16.8150885, 48.8047775], [16.8151389, 48.8047792], [16.815192, 48.8047538], [16.8153337, 48.804653], [16.8154143, 48.8045849], [16.8155741, 48.8045745], [16.8157356, 48.8045827], [16.8158451, 48.8046004], [16.8158861, 48.8046177], [16.8159178, 48.8046353], [16.8159801, 48.8047409], [16.8159655, 48.8048322], [16.815836, 48.8049153], [16.8157077, 48.8049033], [16.8156968, 48.8048841], [16.8156525, 48.8048411], [16.8155375, 48.8048331], [16.8154143, 48.8048767], [16.8152898, 48.8048988], [16.8152199, 48.8049584], [16.8151378, 48.8050357], [16.8150143, 48.8050517], [16.8149206, 48.8050268], [16.8149088, 48.8049552], [16.8148228, 48.8048817], [16.8146934, 48.8049648], [16.8145513, 48.8049518], [16.8143919, 48.8048366], [16.814394, 48.8047291]]]}, "properties": {"id": "19c296eb-d795-3aeb-86f3-ca9c08e5084d", "names": null, "subtype": "forest", "class": "forest", "surface": null}}, {"type": "Feature", "geometry": {"type": "Point", "coordinates": [16.8107009, 48.7972391]}, "properties": {"id": "cebb5ad4-bf26-38f0-8e96-b10065c08964", "names": null, "subtype": "tree", "class": "tree", "surface": null}}, {"type": "Feature", "geometry": {"type": "Point", "coordinates": [16.8106055, 48.7971605]}, "properties": {"id": "686d65d4-bb3b-3031-a25d-27cf16f91eca", "names": null, "subtype": "tree", "class": "tree", "surface": null}}, {"type": "Feature", "geometry": {"type": "Point", "coordinates": [16.8105352, 48.7971134]}, "properties": {"id": "1b5bc7ae-3a37-3d91-a796-27ab0b484057", "names": null, "subtype": "tree", "class": "tree", "surface": null}}, {"type": "Feature", "geometry": {"type": "Point", "coordinates": [16.8100941, 48.7976723]}, "properties": {"id": "dddc33fd-c538-3277-87f0-541c23ac5dbc", "names": null, "subtype": "tree", "class": "tree", "surface": null}}, {"type": "Feature", "geometry": {"type": "Point", "coordinates": [16.8102247, 48.7977189]}, "properties": {"id": "8749c38f-470c-3be9-b381-01e907576602", "names": null, "subtype": "tree", "class": "tree", "surface": null}}, {"type": "Feature", "geometry": {"type": "Point", "coordinates": [16.8101352, 48.7975113]}, "properties": {"id": "e0527d25-9e3f-308a-97c3-928d51fe9961", "names": null, "subtype": "tree", "class": "tree", "surface": null}}, {"type": "Feature", "geometry": {"type": "Polygon", "coordinates": [[[16.8136897, 48.7993946], [16.8135901, 48.7993669], [16.8129592, 48.7993402], [16.8126076, 48.7993736], [16.8125003, 48.7994023], [16.8123594, 48.7994621], [16.8112471, 48.7997431], [16.8111613, 48.7997648], [16.8112795, 48.799839], [16.8113151, 48.7998732], [16.811293, 48.7999087], [16.8112735, 48.7999281], [16.8112288, 48.7999594], [16.8111574, 48.7999779], [16.8111309, 48.7999806], [16.8111037, 48.7999715], [16.8110529, 48.7999462], [16.811011, 48.7999171], [16.8109401, 48.7998814], [16.8081642, 48.8005237], [16.8081302, 48.8004625], [16.8081219, 48.8003557], [16.8081343, 48.8002612], [16.8085521, 48.8000257], [16.8086685, 48.7999641], [16.8088098, 48.799919], [16.8093294, 48.7998327], [16.8098947, 48.7996], [16.8102855, 48.7993782], [16.8104387, 48.7993384], [16.8104515, 48.7993018], [16.8100257, 48.7991651], [16.8094606, 48.7986501], [16.8092262, 48.7985291], [16.8089786, 48.798439], [16.8088125, 48.7984052], [16.8087199, 48.7983984], [16.8084598, 48.7984197], [16.8081386, 48.7984712], [16.8070454, 48.7987587], [16.8069418, 48.7985513], [16.8073062, 48.7984786], [16.8073394, 48.7984974], [16.807919, 48.7983773], [16.8080308, 48.7983621], [16.8081957, 48.7983387], [16.8083518, 48.7983305], [16.8098226, 48.7982178], [16.8098727, 48.7982596], [16.8095077, 48.7984526], [16.8096533, 48.7986532], [16.8098424, 48.7989133], [16.8099671, 48.7989859], [16.8101853, 48.7991009], [16.8105262, 48.7992255], [16.8107521, 48.7992139], [16.8109661, 48.7992317], [16.8114147, 48.799126], [16.8115643, 48.7993918], [16.8121058, 48.7993167], [16.81246, 48.7992174], [16.812745, 48.7991745], [16.8130219, 48.7992174], [16.8132051, 48.7992201], [16.8136872, 48.7991211], [16.8136783, 48.7989763], [16.8149166, 48.7987001], [16.8150749, 48.7986204], [16.8152736, 48.7987039], [16.8153887, 48.7988404], [16.8154377, 48.7989144], [16.8155813, 48.7990555], [16.8157988, 48.799275], [16.8156357, 48.7993428], [16.8152398, 48.7994672], [16.8147275, 48.7997061], [16.814385, 48.7998365], [16.8142827, 48.7998772], [16.8140769, 48.7998464], [16.8141247, 48.7996198], [16.814195, 48.7996251], [16.8142239, 48.7996326], [16.8142535, 48.7996355], [16.8143168, 48.7996336], [16.8143539, 48.7996244], [16.8149407, 48.7993867], [16.8154964, 48.7990863], [16.8152025, 48.7987919], [16.8142679, 48.7991075], [16.8137371, 48.7993889], [16.8136897, 48.7993946]]]}, "properties": {"id": "e1362f0f-976f-3d0d-ba8c-c3bf5cb0afdd", "names": null, "subtype": "forest", "class": "forest", "surface": null}}, {"type": "Feature", "geometry": {"type": "Polygon", "coordinates": [[[16.810988, 48.801263], [16.8105355, 48.8017625], [16.8104277, 48.8018562], [16.81029, 48.801976], [16.809964, 48.801936], [16.809645, 48.801793], [16.80941, 48.801524], [16.809451, 48.801474], [16.8099996, 48.8012524], [16.810156, 48.8012136], [16.810974, 48.800945], [16.811098, 48.80094], [16.811133, 48.801004], [16.810988, 48.801263]]]}, "properties": {"id": "5f57ef77-9f14-3949-adf8-258414693c6b", "names": {"primary": "R\u016f\u017eov\u00fd ostr\u016fvek", "common": [["de", "Rosen Inselchen"]], "rules": null}, "subtype": "shrub", "class": "scrub", "surface": null}}, {"type": "Feature", "geometry": {"type": "Polygon", "coordinates": [[[16.809409, 48.803359], [16.8091045, 48.8033265], [16.808835, 48.803288], [16.808816, 48.80324], [16.808848, 48.803198], [16.808949, 48.803198], [16.8091767, 48.8032595], [16.809429, 48.803315], [16.809454, 48.803339], [16.809409, 48.803359]]]}, "properties": {"id": "db6b28da-defa-308d-a047-da56edf7a39d", "names": null, "subtype": "shrub", "class": "scrub", "surface": null}}, {"type": "Feature", "geometry": {"type": "Polygon", "coordinates": [[[16.8122518, 48.8021873], [16.8122891, 48.8022663], [16.8122472, 48.802454], [16.8118618, 48.8030102], [16.8117414, 48.8029576], [16.8115177, 48.8028496], [16.8111385, 48.802695], [16.8111639, 48.8024864], [16.8113912, 48.8023278], [16.8116319, 48.8020367], [16.8117921, 48.8020067], [16.8119439, 48.8019895], [16.8120882, 48.8020204], [16.8122031, 48.8020637], [16.8122299, 48.8021786], [16.8122518, 48.8021873]]]}, "properties": {"id": "a8d9b51b-ab12-30fc-a40d-2b618df7d29a", "names": null, "subtype": "forest", "class": "forest", "surface": null}}, {"type": "Feature", "geometry": {"type": "Polygon", "coordinates": [[[16.810075, 48.807928], [16.809879, 48.80799], [16.809708, 48.80789], [16.809681, 48.80775], [16.809739, 48.807556], [16.80991, 48.807385], [16.810046, 48.807344], [16.810136, 48.807405], [16.810195, 48.807608], [16.810188, 48.807748], [16.810075, 48.807928]]]}, "properties": {"id": "4e72dff3-f558-334a-ba13-64492168d364", "names": {"primary": "Borovicov\u00fd ostrov", "common": [["de", "Kiefern Insel"]], "rules": null}, "subtype": "forest", "class": "forest", "surface": null}}, {"type": "Feature", "geometry": {"type": "Polygon", "coordinates": [[[16.8094247, 48.8087563], [16.8094705, 48.8087981], [16.8095252, 48.8088549], [16.8095194, 48.8089137], [16.8095165, 48.808963], [16.8095165, 48.8090199], [16.8096, 48.8090616], [16.8096547, 48.8090919], [16.8096633, 48.8091469], [16.8095655, 48.8092], [16.8094647, 48.8092114], [16.8094388, 48.8092247], [16.8093726, 48.809274], [16.8093697, 48.8093176], [16.8094445, 48.8093479], [16.8094964, 48.8093839], [16.8095096, 48.809437], [16.8094981, 48.8094854], [16.8095268, 48.8094873], [16.8095556, 48.8095204], [16.8095585, 48.8095688], [16.8095427, 48.8096162], [16.8095153, 48.8096342], [16.8094606, 48.8096484], [16.8094347, 48.809638], [16.8093944, 48.8096314], [16.8093714, 48.8096579], [16.8095096, 48.8096636], [16.8095844, 48.8096674], [16.8096967, 48.8096769], [16.8097456, 48.8097091], [16.8097313, 48.8097565], [16.8097313, 48.8098001], [16.8097888, 48.8098229], [16.8098925, 48.8098418], [16.8099702, 48.8098646], [16.8099904, 48.8099025], [16.8100479, 48.8099594], [16.8101142, 48.809984], [16.8101948, 48.8099802], [16.8102495, 48.8099954], [16.8102524, 48.8100409], [16.8102917, 48.8100898], [16.8100151, 48.810198], [16.8097762, 48.8102742], [16.8094915, 48.8100836], [16.8093987, 48.8098602], [16.8090535, 48.8095973], [16.8089651, 48.8093677], [16.809109, 48.8089465], [16.8092486, 48.8087529], [16.8094247, 48.8087563]]]}, "properties": {"id": "9e28fa1f-3f18-3f86-b43f-e9a687ba9964", "names": null, "subtype": "forest", "class": "forest", "surface": null}}, {"type": "Feature", "geometry": {"type": "Polygon", "coordinates": [[[16.8122806, 48.809683], [16.8118676, 48.809719], [16.8114321, 48.8097853], [16.8109862, 48.809818], [16.8106762, 48.8099393], [16.8102917, 48.8100898], [16.8100151, 48.810198], [16.8097762, 48.8102742], [16.8094915, 48.8100836], [16.8093987, 48.8098602], [16.8090535, 48.8095973], [16.8089651, 48.8093677], [16.809109, 48.8089465], [16.8092486, 48.8087529], [16.8094247, 48.8087563], [16.8096047, 48.8087597], [16.8098342, 48.8087048], [16.8101239, 48.8086354], [16.8104546, 48.8085544], [16.8107148, 48.8085819], [16.8109187, 48.8087576], [16.8110244, 48.8089615], [16.8112191, 48.8091466], [16.8113918, 48.809167], [16.8114648, 48.8092747], [16.8118701, 48.8093957], [16.8120739, 48.8094405], [16.8122527, 48.8094935], [16.8122829, 48.8095814], [16.8122803, 48.8096261], [16.8123181, 48.8096494], [16.8122806, 48.809683]]]}, "properties": {"id": "53524c80-160d-3422-b6f7-d3323cc45b03", "names": {"primary": "Slavi\u010d\u00ed ostrov", "common": [["de", "Nachtigallen Insel"]], "rules": null}, "subtype": "land", "class": "islet", "surface": null}}, {"type": "Feature", "geometry": {"type": "Polygon", "coordinates": [[[16.8106762, 48.8099393], [16.8106243, 48.8098152], [16.8106156, 48.8096901], [16.81063, 48.8095972], [16.8106559, 48.8095517], [16.8107221, 48.8095479], [16.8108344, 48.8095365], [16.8108834, 48.8094948], [16.8108862, 48.8094474], [16.8109093, 48.8093943], [16.8110014, 48.8093356], [16.8110791, 48.8093052], [16.8111598, 48.8093071], [16.811082, 48.8092389], [16.8110532, 48.8092521], [16.8109813, 48.8092749], [16.8109438, 48.8093109], [16.8109064, 48.8093583], [16.8107682, 48.8093905], [16.8106761, 48.809455], [16.8106127, 48.8095308], [16.8105364, 48.8095896], [16.8104558, 48.8095782], [16.8104256, 48.8095583], [16.810427, 48.8095071], [16.8104328, 48.8094702], [16.8104098, 48.8094626], [16.8103896, 48.8094417], [16.8104069, 48.8094114], [16.8103637, 48.8093811], [16.8103551, 48.8093431], [16.8103867, 48.8093128], [16.810453, 48.8092976], [16.8105192, 48.8092881], [16.8105278, 48.8092635], [16.8104673, 48.8092389], [16.8104616, 48.8092123], [16.8105105, 48.8091744], [16.8104673, 48.809108], [16.8104587, 48.8090663], [16.8105221, 48.8090265], [16.8105336, 48.8089734], [16.8104904, 48.8089241], [16.8106257, 48.8088672], [16.810738, 48.8088369], [16.810784, 48.8087952], [16.8107293, 48.8087478], [16.8106516, 48.8088009], [16.8104933, 48.808854], [16.8103695, 48.8088786], [16.8103148, 48.8088596], [16.8102543, 48.8088445], [16.8101794, 48.808854], [16.8101334, 48.8088843], [16.8100413, 48.8089014], [16.8100067, 48.8088805], [16.8099376, 48.8088615], [16.8098628, 48.808853], [16.8098138, 48.8088369], [16.8097951, 48.8087857], [16.8098124, 48.8087355], [16.8098342, 48.8087048], [16.8101239, 48.8086354], [16.8104546, 48.8085544], [16.8107148, 48.8085819], [16.8109187, 48.8087576], [16.8110244, 48.8089615], [16.8112191, 48.8091466], [16.8113918, 48.809167], [16.8114648, 48.8092747], [16.8118701, 48.8093957], [16.8120739, 48.8094405], [16.8122527, 48.8094935], [16.8122829, 48.8095814], [16.8122803, 48.8096261], [16.8123181, 48.8096494], [16.8122806, 48.809683], [16.8118676, 48.809719], [16.8114321, 48.8097853], [16.8109862, 48.809818], [16.8106762, 48.8099393]]]}, "properties": {"id": "9bb5b554-b20d-3150-83a2-e47cfe51dd49", "names": null, "subtype": "forest", "class": "forest", "surface": null}}, {"type": "Feature", "geometry": {"type": "Polygon", "coordinates": [[[16.8178373, 48.8084149], [16.8179935, 48.8082219], [16.8181636, 48.8079724], [16.8183643, 48.8077727], [16.8185653, 48.8077229], [16.8188588, 48.8078168], [16.8188644, 48.8080561], [16.8188998, 48.8083487], [16.8188093, 48.8085526], [16.818575, 48.8086001], [16.8182056, 48.8086477], [16.8179996, 48.8086079], [16.8179443, 48.8085913], [16.8178564, 48.8085374], [16.8178373, 48.8084149]]]}, "properties": {"id": "91c82965-0748-3989-ba1a-d05dabbea3a5", "names": null, "subtype": "forest", "class": "forest", "surface": null}}, {"type": "Feature", "geometry": {"type": "Polygon", "coordinates": [[[16.8169276, 48.8083708], [16.8169598, 48.8082901], [16.8170635, 48.8082145], [16.81713, 48.8081586], [16.8172182, 48.8081204], [16.817308, 48.8081068], [16.8174417, 48.8081097], [16.8175288, 48.808199], [16.8175965, 48.8083216], [16.8175668, 48.8084756], [16.8174603, 48.8085704], [16.8172184, 48.8086046], [16.8170253, 48.8085146], [16.8169526, 48.8084555], [16.8169336, 48.8083935], [16.8169276, 48.8083708]]]}, "properties": {"id": "ba919603-f552-315d-9eb2-3101bd058b56", "names": null, "subtype": "forest", "class": "forest", "surface": null}}, {"type": "Feature", "geometry": {"type": "Polygon", "coordinates": [[[16.8160854, 48.807933], [16.8161866, 48.8078125], [16.8163708, 48.8077774], [16.8165478, 48.8077261], [16.816966, 48.8077104], [16.8171411, 48.8077542], [16.8171565, 48.807813], [16.8171275, 48.8079641], [16.817064, 48.8080902], [16.8168405, 48.8081608], [16.8165734, 48.8081709], [16.8163256, 48.8081217], [16.8161763, 48.8080285], [16.8161269, 48.808006], [16.8160854, 48.807933]]]}, "properties": {"id": "4de6bddc-5a52-3599-bc04-beff4f9d8f9c", "names": null, "subtype": "forest", "class": "forest", "surface": null}}, {"type": "Feature", "geometry": {"type": "Polygon", "coordinates": [[[16.8219067, 48.8110992], [16.8218789, 48.8112691], [16.8213693, 48.8112747], [16.8205069, 48.8107548], [16.8195657, 48.8101874], [16.8191404, 48.809931], [16.8192835, 48.8098088], [16.8195873, 48.8096501], [16.820038, 48.8095967], [16.820341, 48.8096309], [16.8207894, 48.8096415], [16.8215065, 48.8097963], [16.8217756, 48.8099009], [16.8220006, 48.8100586], [16.8220867, 48.8101904], [16.8220824, 48.8104308], [16.8219493, 48.8108381], [16.8219067, 48.8110992]]]}, "properties": {"id": "1e3e2e73-e49f-3cf4-b099-321d30e454f1", "names": null, "subtype": "forest", "class": "forest", "surface": null}}, {"type": "Feature", "geometry": {"type": "Polygon", "coordinates": [[[16.8186672, 48.8122999], [16.818594, 48.8122501], [16.8185792, 48.8121732], [16.8187061, 48.8120346], [16.8187774, 48.8120329], [16.8188201, 48.8120828], [16.8188777, 48.8119974], [16.8189914, 48.8119629], [16.8191139, 48.8120429], [16.8191843, 48.8121527], [16.8190612, 48.8121821], [16.8188712, 48.8120595], [16.8188432, 48.812129], [16.8187541, 48.8122635], [16.8186672, 48.8122999]]]}, "properties": {"id": "8a241d46-b5b7-37b8-8463-36d2f6290356", "names": null, "subtype": "forest", "class": "forest", "surface": null}}, {"type": "Feature", "geometry": {"type": "Polygon", "coordinates": [[[16.8188109, 48.8127342], [16.8188425, 48.8126426], [16.8187835, 48.8126519], [16.8187057, 48.8125884], [16.8187099, 48.812477], [16.8188391, 48.8124302], [16.8189762, 48.8123124], [16.8191628, 48.8122875], [16.8191735, 48.8122413], [16.8192615, 48.8122407], [16.8192598, 48.8122942], [16.8191945, 48.8123008], [16.8191367, 48.812366], [16.8190339, 48.8124594], [16.8188754, 48.8125421], [16.8188715, 48.8126513], [16.8189482, 48.812679], [16.8189788, 48.8127838], [16.8189343, 48.8128298], [16.8188574, 48.8128245], [16.8188109, 48.8127342]]]}, "properties": {"id": "c7f64e72-a9c5-3964-9bf7-dedc86fa69c7", "names": null, "subtype": "forest", "class": "forest", "surface": null}}, {"type": "Feature", "geometry": {"type": "Polygon", "coordinates": [[[16.8190737, 48.8127189], [16.8190331, 48.8126982], [16.8190264, 48.8126554], [16.8190463, 48.8125942], [16.8191665, 48.81254], [16.819245, 48.8124718], [16.8193217, 48.8124571], [16.8193738, 48.812512], [16.8193509, 48.8125707], [16.8192751, 48.8126012], [16.8191515, 48.8126976], [16.8190737, 48.8127189]]]}, "properties": {"id": "1f80bfe6-7e90-3ef4-b1a7-8888641043ca", "names": null, "subtype": "forest", "class": "forest", "surface": null}}, {"type": "Feature", "geometry": {"type": "Polygon", "coordinates": [[[16.8193419, 48.8129028], [16.8192939, 48.8128861], [16.819308, 48.8127978], [16.8193877, 48.8127006], [16.8195389, 48.8126642], [16.8196285, 48.8127173], [16.8195894, 48.8127928], [16.8195063, 48.8128473], [16.8193976, 48.8128933], [16.8193419, 48.8129028]]]}, "properties": {"id": "22fa74e6-a1f6-31f4-89e2-1a42d910815d", "names": null, "subtype": "forest", "class": "forest", "surface": null}}, {"type": "Feature", "geometry": {"type": "Polygon", "coordinates": [[[16.8177668, 48.8110842], [16.818309, 48.8105761], [16.8189698, 48.8100607], [16.8200911, 48.8106942], [16.8212364, 48.8113413], [16.822036, 48.811793], [16.8226909, 48.8122739], [16.8226456, 48.8123918], [16.8226383, 48.8124108], [16.8224326, 48.8126056], [16.8221637, 48.8127337], [16.8217572, 48.8128572], [16.8212565, 48.8129647], [16.8207789, 48.8130116], [16.8206327, 48.8130025], [16.8204685, 48.812972], [16.8201836, 48.8128279], [16.8197823, 48.8125919], [16.8195845, 48.8124609], [16.8194103, 48.8122739], [16.8192417, 48.8121217], [16.819077, 48.8119542], [16.8190163, 48.8118925], [16.8189786, 48.811792], [16.8189457, 48.8117326], [16.818887, 48.8117122], [16.8188372, 48.8117142], [16.8187552, 48.8118031], [16.8186613, 48.8118474], [16.8186318, 48.8118613], [16.818558, 48.8118606], [16.8184955, 48.8117895], [16.8184186, 48.8114897], [16.8184002, 48.811418], [16.8183587, 48.8112995], [16.81838, 48.8112437], [16.8182948, 48.8111833], [16.818146, 48.8111593], [16.8180629, 48.8111744], [16.8180333, 48.8111919], [16.8178569, 48.8113681], [16.8177375, 48.8115478], [16.8175461, 48.8117906], [16.8175703, 48.8118631], [16.8177441, 48.8119108], [16.8179098, 48.8119668], [16.8179894, 48.8120146], [16.8181408, 48.8121186], [16.8182956, 48.812285], [16.8184195, 48.8124971], [16.8184299, 48.8125527], [16.8184551, 48.8126876], [16.8184858, 48.8127279], [16.818544, 48.812751], [16.8186221, 48.8127611], [16.8187806, 48.8127815], [16.8189022, 48.8129456], [16.818972, 48.8130973], [16.8189967, 48.813237], [16.8190026, 48.8134109], [16.8189, 48.8135708], [16.818711, 48.813837], [16.8182312, 48.8138236], [16.8176963, 48.8138031], [16.8173188, 48.8137887], [16.8171629, 48.8137827], [16.8169219, 48.8138772], [16.8166931, 48.814204], [16.8168068, 48.8142541], [16.816909, 48.8143375], [16.8168789, 48.8144226], [16.8168304, 48.8144683], [16.8167264, 48.8144992], [16.8165471, 48.8145112], [16.8164716, 48.8145458], [16.8160619, 48.8150969], [16.8161311, 48.8151512], [16.8162839, 48.8151703], [16.8166158, 48.8151214], [16.8166806, 48.8151227], [16.8167975, 48.8151144], [16.8169212, 48.8151178], [16.8169513, 48.8150721], [16.8170234, 48.8150615], [16.8175067, 48.8143923], [16.8176255, 48.8142734], [16.8178999, 48.8142011], [16.8179232, 48.8141989], [16.8181905, 48.8141734], [16.8182836, 48.8141964], [16.8183866, 48.8142218], [16.8184355, 48.8142339], [16.8187128, 48.814348], [16.8187402, 48.8143635], [16.8188142, 48.8144054], [16.8188601, 48.8144314], [16.8188255, 48.8144788], [16.8187827, 48.8145373], [16.8187355, 48.814623], [16.8187704, 48.8146565], [16.8188778, 48.8146996], [16.8189986, 48.8147613], [16.8190864, 48.8148062], [16.8194957, 48.8151461], [16.8196974, 48.8154127], [16.8197231, 48.8154467], [16.8197846, 48.8155666], [16.8198468, 48.8155976], [16.8198933, 48.8156009], [16.8199286, 48.8155898], [16.8199803, 48.8155736], [16.8200196, 48.8156096], [16.8201111, 48.8156249], [16.8205394, 48.8155958], [16.8210032, 48.8155642], [16.8213402, 48.8155413], [16.8214325, 48.8155521], [16.8215286, 48.8156656], [16.82176, 48.8157306], [16.8221788, 48.8158843], [16.8224777, 48.8159896], [16.8219618, 48.815841], [16.8216494, 48.8157545], [16.8214252, 48.8157152], [16.8201121, 48.815671], [16.820112, 48.8157303], [16.820708, 48.816187], [16.8208874, 48.8163662], [16.8209606, 48.8164733], [16.8194614, 48.816476], [16.8186513, 48.8165096], [16.8178193, 48.8165358], [16.81783, 48.8164707], [16.8178526, 48.8162923], [16.8178828, 48.8161028], [16.8179215, 48.8158594], [16.8179477, 48.8156946], [16.817959, 48.8156031], [16.8163817, 48.8155625], [16.8156701, 48.8156065], [16.8150124, 48.8156606], [16.8144935, 48.8157384], [16.8140234, 48.815867], [16.8136791, 48.8159955], [16.8131833, 48.8160666], [16.812315, 48.816053], [16.8118449, 48.8159803], [16.8112643, 48.81585], [16.8107325, 48.8156995], [16.8109073, 48.8155375], [16.8096948, 48.8146823], [16.8090989, 48.8144322], [16.8081291, 48.8142014], [16.8066159, 48.8141706], [16.8066046, 48.8141702], [16.8056619, 48.8141364], [16.8054358, 48.8141283], [16.8048983, 48.8141513], [16.8048855, 48.8142984], [16.8045411, 48.814303], [16.8045163, 48.8140956], [16.8045181, 48.8139802], [16.8045876, 48.813961], [16.8048212, 48.8139004], [16.8052455, 48.8138287], [16.8057639, 48.8138233], [16.8066212, 48.8138668], [16.8070797, 48.8139076], [16.8072573, 48.8139008], [16.8084926, 48.8139974], [16.8091721, 48.8141497], [16.8094365, 48.8141783], [16.8096493, 48.8142721], [16.8099983, 48.8143932], [16.8101161, 48.8144571], [16.8104776, 48.8147618], [16.8111922, 48.8152895], [16.8117913, 48.8156459], [16.8125913, 48.8157821], [16.8133218, 48.8158309], [16.8144176, 48.8155857], [16.814993, 48.815457], [16.8153153, 48.8152761], [16.8156633, 48.8150196], [16.8157882, 48.8146725], [16.8157955, 48.8143244], [16.8159255, 48.8140724], [16.8162118, 48.8138714], [16.8163251, 48.8136372], [16.8164864, 48.8132789], [16.8166952, 48.8127691], [16.8167098, 48.8125989], [16.8167712, 48.8125364], [16.8167946, 48.8122142], [16.8170496, 48.8118948], [16.8172701, 48.8116186], [16.8175753, 48.8113091], [16.8177668, 48.8110842]]]}, "properties": {"id": "d94008b2-cb6e-37bc-99e3-444169b48344", "names": null, "subtype": "forest", "class": "forest", "surface": null}}, {"type": "Feature", "geometry": {"type": "Polygon", "coordinates": [[[16.812353, 48.812204], [16.811919, 48.812223], [16.811926, 48.812078], [16.811631, 48.81181], [16.811639, 48.811738], [16.81186, 48.811658], [16.81235, 48.811715], [16.812491, 48.811854], [16.812489, 48.812006], [16.812353, 48.812204]]]}, "properties": {"id": "79be8757-a55f-3db9-86b4-b7adae24e9cd", "names": null, "subtype": "forest", "class": "forest", "surface": null}}, {"type": "Feature", "geometry": {"type": "Polygon", "coordinates": [[[16.813639, 48.812985], [16.813449, 48.813028], [16.813308, 48.812923], [16.813275, 48.81278], [16.813324, 48.81257], [16.813784, 48.81207], [16.813893, 48.812024], [16.814001, 48.812071], [16.813996, 48.812236], [16.813851, 48.812805], [16.813639, 48.812985]]]}, "properties": {"id": "0661eb9e-9d26-3f2c-b358-8c13fecb26d9", "names": {"primary": "Dlouh\u00fd ostrov", "common": [["de", "Lange Insel"]], "rules": null}, "subtype": "forest", "class": "forest", "surface": null}}, {"type": "Feature", "geometry": {"type": "Polygon", "coordinates": [[[16.812701, 48.810733], [16.812507, 48.8107712], [16.812253, 48.81079], [16.812069, 48.810733], [16.81206, 48.810573], [16.812088, 48.810484], [16.811976, 48.810313], [16.8117443, 48.8102717], [16.811465, 48.8101887], [16.8119668, 48.809942], [16.8121696, 48.8099212], [16.8123206, 48.8099958], [16.8126201, 48.8102958], [16.8128358, 48.8105563], [16.812701, 48.810733]]]}, "properties": {"id": "1c1c7ec7-28a3-3f14-9cc7-bb3e2ea584df", "names": null, "subtype": "forest", "class": "forest", "surface": null}}, {"type": "Feature", "geometry": {"type": "Polygon", "coordinates": [[[16.812988, 48.812099], [16.812849, 48.811764], [16.812944, 48.811583], [16.812903, 48.811109], [16.812993, 48.811033], [16.813176, 48.8109395], [16.8134094, 48.8112187], [16.8135515, 48.8114758], [16.8136175, 48.8117061], [16.8135614, 48.8118451], [16.8133502, 48.8120037], [16.812988, 48.812099]]]}, "properties": {"id": "c72d22c3-1744-3d26-b3c0-1bfc7ce6198f", "names": null, "subtype": "forest", "class": "forest", "surface": null}}, {"type": "Feature", "geometry": {"type": "Polygon", "coordinates": [[[16.8093584, 48.8112629], [16.8090945, 48.8109783], [16.8090384, 48.8107415], [16.8092165, 48.8105872], [16.8094376, 48.8105307], [16.8096289, 48.8105698], [16.810166, 48.810566], [16.8106217, 48.8104732], [16.811465, 48.8101887], [16.8119668, 48.809942], [16.8121696, 48.8099212], [16.8123206, 48.8099958], [16.8126201, 48.8102958], [16.8128358, 48.8105563], [16.8132038, 48.8108919], [16.813176, 48.8109395], [16.8134094, 48.8112187], [16.8135515, 48.8114758], [16.8136175, 48.8117061], [16.8135614, 48.8118451], [16.8133502, 48.8120037], [16.812988, 48.812099], [16.8126871, 48.8121601], [16.8121131, 48.8122188], [16.811549, 48.8122188], [16.8111432, 48.8121167], [16.8103382, 48.8117865], [16.8098335, 48.8115344], [16.8093584, 48.8112629]]]}, "properties": {"id": "65b978be-9f42-3bd5-96c5-2875664fb08f", "names": {"primary": "Ov\u010d\u00ed ostrov", "common": [["de", "Schafs Insel"]], "rules": null}, "subtype": "land", "class": "islet", "surface": null}}, {"type": "Feature", "geometry": {"type": "Polygon", "coordinates": [[[16.810166, 48.810566], [16.810286, 48.810703], [16.810448, 48.810773], [16.810533, 48.810839], [16.8105, 48.810901], [16.810409, 48.810926], [16.810314, 48.810991], [16.810335, 48.811071], [16.810474, 48.811115], [16.810556, 48.81118], [16.810485, 48.81125], [16.810351, 48.811316], [16.81041, 48.811446], [16.810551, 48.811546], [16.810748, 48.811564], [16.810868, 48.811651], [16.811046, 48.811705], [16.811095, 48.811841], [16.811208, 48.811975], [16.8111432, 48.8121167], [16.8103382, 48.8117865], [16.8098335, 48.8115344], [16.8093584, 48.8112629], [16.8090945, 48.8109783], [16.8090384, 48.8107415], [16.8092165, 48.8105872], [16.8094376, 48.8105307], [16.8096289, 48.8105698], [16.810166, 48.810566]]]}, "properties": {"id": "69b4568c-1f52-3fac-a02b-036b827b0fae", "names": null, "subtype": "forest", "class": "forest", "surface": null}}, {"type": "Feature", "geometry": {"type": "Polygon", "coordinates": [[[16.808928, 48.812404], [16.808526, 48.812088], [16.808525, 48.81198], [16.808658, 48.81193], [16.808828, 48.811898], [16.808995, 48.81199], [16.80901, 48.811995], [16.809323, 48.812203], [16.809628, 48.812306], [16.809824, 48.812568], [16.809611, 48.812675], [16.808928, 48.812404]]]}, "properties": {"id": "5467d8b3-f4ff-3d4a-ad03-85e53390396d", "names": null, "subtype": "forest", "class": "forest", "surface": null}}, {"type": "Feature", "geometry": {"type": "MultiPolygon", "coordinates": [[[[16.809628, 48.812306], [16.809824, 48.812568], [16.809611, 48.812675], [16.808928, 48.812404], [16.808526, 48.812088], [16.808525, 48.81198], [16.808658, 48.81193], [16.808828, 48.811898], [16.808995, 48.81199], [16.80901, 48.811995], [16.809323, 48.812203], [16.809628, 48.812306]]], [[[16.810874, 48.812663], [16.810496, 48.812653], [16.810384, 48.812584], [16.810456, 48.812295], [16.810919, 48.812323], [16.811083, 48.812419], [16.811131, 48.812533], [16.811038, 48.81261], [16.810874, 48.812663]]]]}, "properties": {"id": "af656011-af4a-3f35-aa05-34298e139d65", "names": {"primary": "Volavkov\u00e9 ostrovy", "common": [["de", "Fischreiher Inseln"]], "rules": null}, "subtype": "land", "class": "archipelago", "surface": null}}, {"type": "Feature", "geometry": {"type": "Polygon", "coordinates": [[[16.810384, 48.812584], [16.810456, 48.812295], [16.810919, 48.812323], [16.811083, 48.812419], [16.811131, 48.812533], [16.811038, 48.81261], [16.810874, 48.812663], [16.810496, 48.812653], [16.810384, 48.812584]]]}, "properties": {"id": "67783cb3-d9db-3240-9799-15648bf7f686", "names": null, "subtype": "forest", "class": "forest", "surface": null}}, {"type": "Feature", "geometry": {"type": "Polygon", "coordinates": [[[16.8132314, 48.8173834], [16.8133671, 48.8173775], [16.8135614, 48.8173757], [16.8132314, 48.8173834]]]}, "properties": {"id": "824e61cd-5eda-3c49-b85c-3cd76597cc54", "names": null, "subtype": "grass", "class": "grassland", "surface": null}}, {"type": "Feature", "geometry": {"type": "Polygon", "coordinates": [[[16.8101376, 48.8176356], [16.8096531, 48.8176898], [16.8103534, 48.8176033], [16.8101376, 48.8176356]]]}, "properties": {"id": "a22c94c9-e064-312d-941c-4bb62a24e5f5", "names": null, "subtype": "grass", "class": "grassland", "surface": null}}, {"type": "Feature", "geometry": {"type": "Polygon", "coordinates": [[[16.8100394, 48.8179025], [16.8100948, 48.8179511], [16.8101156, 48.8180043], [16.810183, 48.8180551], [16.8097718, 48.8179041], [16.8097944, 48.8179014], [16.8100394, 48.8179025]]]}, "properties": {"id": "28d958a1-566e-3ca5-956d-8c7194e14fe6", "names": null, "subtype": "grass", "class": "grassland", "surface": null}}, {"type": "Feature", "geometry": {"type": "Polygon", "coordinates": [[[16.8103073, 48.8181007], [16.810382, 48.8181184], [16.8103465, 48.8181151], [16.8103073, 48.8181007]]]}, "properties": {"id": "31c68ccb-0456-3d94-b0eb-8c6e4d81c5f5", "names": null, "subtype": "grass", "class": "grassland", "surface": null}}, {"type": "Feature", "geometry": {"type": "Polygon", "coordinates": [[[16.8095515, 48.8211511], [16.8096252, 48.8210151], [16.8098745, 48.8207657], [16.8106673, 48.8202259], [16.8109474, 48.8199551], [16.8114477, 48.8191716], [16.8117126, 48.818723], [16.811778, 48.8186122], [16.8136375, 48.8185354], [16.813346, 48.8188262], [16.8132487, 48.8188782], [16.8130826, 48.8189752], [16.8128529, 48.8191617], [16.8121906, 48.8197423], [16.81244, 48.81987], [16.8122207, 48.8200428], [16.8119143, 48.8203064], [16.8117463, 48.8204412], [16.8114859, 48.8207169], [16.8114018, 48.8207979], [16.8113674, 48.8208588], [16.8112148, 48.820991], [16.8110487, 48.8210799], [16.8109712, 48.821145], [16.8108766, 48.821171], [16.8107195, 48.8211772], [16.8105839, 48.8212121], [16.8104143, 48.8212618], [16.8103673, 48.821282], [16.8103003, 48.8213587], [16.8102798, 48.8214098], [16.810251, 48.8214611], [16.8102124, 48.8214973], [16.810155, 48.8215394], [16.8100149, 48.8216111], [16.809843, 48.8217094], [16.8097698, 48.821651], [16.8097337, 48.8216222], [16.8096843, 48.8215627], [16.80964, 48.8214801], [16.809573, 48.8213334], [16.8095515, 48.8211511]]]}, "properties": {"id": "56b8cc03-9151-3ebb-9050-529443ec448d", "names": null, "subtype": "forest", "class": "forest", "surface": null}}, {"type": "Feature", "geometry": {"type": "Polygon", "coordinates": [[[16.8121906, 48.8197423], [16.8128529, 48.8191617], [16.8130826, 48.8189752], [16.8132487, 48.8188782], [16.813346, 48.8188262], [16.8136375, 48.8185354], [16.8138709, 48.8185489], [16.8139032, 48.8186797], [16.8138763, 48.8187089], [16.8138335, 48.8187335], [16.8137675, 48.818782], [16.8136794, 48.8188821], [16.8136044, 48.8189869], [16.8135293, 48.8190751], [16.8134737, 48.8191281], [16.8133796, 48.8191784], [16.8132203, 48.8192552], [16.8131645, 48.8192917], [16.8131273, 48.8193331], [16.8130853, 48.8193704], [16.8130564, 48.8194472], [16.8130253, 48.8196247], [16.8130029, 48.8196781], [16.8129784, 48.8197094], [16.8129076, 48.8197356], [16.8128207, 48.8197589], [16.8125599, 48.8198104], [16.81244, 48.81987], [16.8121906, 48.8197423]]]}, "properties": {"id": "42752fff-1d17-331b-ad31-f6e3d2cca129", "names": null, "subtype": "forest", "class": "forest", "surface": null}}, {"type": "Feature", "geometry": {"type": "Polygon", "coordinates": [[[16.8233958, 48.8172183], [16.8190375, 48.8172928], [16.8195251, 48.8172351], [16.8233958, 48.8172183]]]}, "properties": {"id": "5af69e04-5012-312f-8c19-ee4e09f0595a", "names": null, "subtype": "grass", "class": "grassland", "surface": null}}, {"type": "Feature", "geometry": {"type": "Polygon", "coordinates": [[[16.8170495, 48.817331], [16.8179577, 48.8173124], [16.8173138, 48.8173297], [16.8170495, 48.817331]]]}, "properties": {"id": "c5c7f7b8-ce60-3402-90f2-d0befde47753", "names": null, "subtype": "grass", "class": "grassland", "surface": null}}, {"type": "Feature", "geometry": {"type": "Polygon", "coordinates": [[[16.8155962, 48.8179539], [16.815335, 48.8179666], [16.8154486, 48.817942], [16.8155962, 48.8179539]]]}, "properties": {"id": "5d680b1c-e9e1-3b55-a8d6-ffc7448b0461", "names": null, "subtype": "grass", "class": "grassland", "surface": null}}, {"type": "Feature", "geometry": {"type": "Polygon", "coordinates": [[[16.8172014, 48.8142248], [16.8171312, 48.8141561], [16.8171204, 48.8141273], [16.8171186, 48.8140659], [16.81715, 48.813966], [16.8172165, 48.813912], [16.8173429, 48.8138467], [16.817471, 48.8138429], [16.8175885, 48.8138817], [16.8176311, 48.8139535], [16.8176359, 48.8140687], [16.817443, 48.8142365], [16.8172014, 48.8142248]]]}, "properties": {"id": "40c0a53f-2c76-32f3-a2cb-3b49fe0a83b6", "names": null, "subtype": "forest", "class": "forest", "surface": null}}, {"type": "Feature", "geometry": {"type": "Polygon", "coordinates": [[[16.8181301, 48.8140718], [16.8181039, 48.8140451], [16.8180837, 48.8139901], [16.8181597, 48.8138767], [16.8182133, 48.8138585], [16.8182742, 48.8138675], [16.8183317, 48.8138887], [16.8183837, 48.8139172], [16.8183546, 48.813963], [16.8183481, 48.8140315], [16.8183026, 48.8140714], [16.8182112, 48.8141081], [16.8181301, 48.8140718]]]}, "properties": {"id": "234ae91b-116f-39eb-913e-3e72a98565e7", "names": null, "subtype": "forest", "class": "forest", "surface": null}}, {"type": "Feature", "geometry": {"type": "Polygon", "coordinates": [[[16.8185248, 48.8140409], [16.8184672, 48.8140206], [16.8184291, 48.8139596], [16.8184402, 48.8138896], [16.8184921, 48.8138549], [16.8185676, 48.8138544], [16.818633, 48.8138618], [16.8187033, 48.8138935], [16.8186967, 48.8139351], [16.8186843, 48.8139678], [16.8186545, 48.8139906], [16.8186383, 48.8140287], [16.8185825, 48.8140516], [16.8185248, 48.8140409]]]}, "properties": {"id": "94c46618-aef2-30d6-af55-35594f18cb2d", "names": null, "subtype": "forest", "class": "forest", "surface": null}}, {"type": "Feature", "geometry": {"type": "Polygon", "coordinates": [[[16.819937, 48.8152891], [16.8199013, 48.8152866], [16.8198796, 48.8152636], [16.8201182, 48.8150604], [16.820848, 48.8144568], [16.8212267, 48.8141435], [16.8217003, 48.813741], [16.8221181, 48.8133859], [16.8227083, 48.8129406], [16.8227303, 48.8130133], [16.8224151, 48.8132249], [16.8221266, 48.8134462], [16.8215495, 48.8139341], [16.8210631, 48.8143353], [16.8206632, 48.814665], [16.8203791, 48.8148993], [16.819937, 48.8152891]]]}, "properties": {"id": "3eb688da-9b3a-33b2-88fc-388fbcc45829", "names": null, "subtype": "forest", "class": "forest", "surface": null}}, {"type": "Feature", "geometry": {"type": "Polygon", "coordinates": [[[16.8245755, 48.8134655], [16.8245222, 48.813538], [16.8245703, 48.8136709], [16.8244975, 48.8137765], [16.8245715, 48.8139751], [16.8244885, 48.8141722], [16.8244085, 48.8142103], [16.8242662, 48.8144099], [16.8240912, 48.8146698], [16.8242559, 48.8147682], [16.8244667, 48.8146636], [16.8249841, 48.8142895], [16.8248628, 48.8141464], [16.8248387, 48.8141073], [16.8247978, 48.8139217], [16.8247978, 48.8139169], [16.824975, 48.813702], [16.8267543, 48.8148014], [16.8247871, 48.8163819], [16.8242706, 48.8164222], [16.8236747, 48.8163453], [16.8232589, 48.81623], [16.8224706, 48.8159658], [16.8223705, 48.815693], [16.8223258, 48.8154674], [16.8222659, 48.8150851], [16.8222136, 48.8146543], [16.8222088, 48.8145279], [16.8222056, 48.8144453], [16.8222032, 48.8143822], [16.8222736, 48.8141513], [16.8223336, 48.8140634], [16.8224926, 48.8138306], [16.822655, 48.813655], [16.82289, 48.813529], [16.8229907, 48.813487], [16.8230103, 48.8134667], [16.8231355, 48.8133369], [16.8231659, 48.8132723], [16.8231201, 48.8132228], [16.8229512, 48.8131444], [16.8228107, 48.813099], [16.8227303, 48.8130133], [16.8227083, 48.8129406], [16.8227685, 48.8128158], [16.8228458, 48.8127099], [16.8229403, 48.8126316], [16.8230005, 48.8125604], [16.8232289, 48.8126669], [16.8245755, 48.8134655]]]}, "properties": {"id": "17c5d30c-9625-3eb8-91f0-c10f6daa6dd2", "names": null, "subtype": "forest", "class": "forest", "surface": null}}, {"type": "Feature", "geometry": {"type": "Polygon", "coordinates": [[[16.8256913, 48.8170942], [16.8254244, 48.8171202], [16.8261579, 48.8170413], [16.8256913, 48.8170942]]]}, "properties": {"id": "cbc57a5e-5c16-399a-bd98-6386c435ce73", "names": null, "subtype": "grass", "class": "grassland", "surface": null}}, {"type": "Feature", "geometry": {"type": "Polygon", "coordinates": [[[16.8281027, 48.812678], [16.8280986, 48.8126863], [16.8281583, 48.8127], [16.83003, 48.813441], [16.8306029, 48.8137754], [16.8306661, 48.8138123], [16.8308985, 48.8139985], [16.8314541, 48.8144766], [16.831148, 48.8146917], [16.83055, 48.8150091], [16.8299692, 48.8152724], [16.8293221, 48.8155209], [16.8286287, 48.8157584], [16.8251773, 48.8135275], [16.8252206, 48.8134998], [16.8253819, 48.8134006], [16.8259314, 48.8135256], [16.8261941, 48.8134865], [16.8267273, 48.8134079], [16.828075, 48.812667], [16.8281027, 48.812678]]]}, "properties": {"id": "58b8a21f-eab4-380c-bed6-a877cb64f833", "names": null, "subtype": "forest", "class": "forest", "surface": null}}, {"type": "Feature", "geometry": {"type": "Polygon", "coordinates": [[[16.8336019, 48.8142015], [16.8335731, 48.8142653], [16.8335401, 48.8143917], [16.8335437, 48.8147348], [16.8335632, 48.8152239], [16.8335487, 48.8154283], [16.8334355, 48.8160806], [16.8333528, 48.8163555], [16.8332769, 48.8165475], [16.8331771, 48.8167874], [16.8330312, 48.8170774], [16.832792, 48.81702], [16.8326031, 48.816702], [16.8329055, 48.8168687], [16.8330926, 48.8164028], [16.8332116, 48.8160306], [16.8333173, 48.8156396], [16.8333254, 48.8154177], [16.8333622, 48.815187], [16.8333541, 48.814623], [16.8333818, 48.814449], [16.8333425, 48.8142672], [16.8332244, 48.814398], [16.832795, 48.8147683], [16.8323062, 48.8151356], [16.8317953, 48.8154781], [16.8313059, 48.8157204], [16.8307983, 48.8159112], [16.8302961, 48.8161272], [16.8293742, 48.8164157], [16.828495, 48.816666], [16.8303423, 48.8161002], [16.8312942, 48.8156801], [16.8327504, 48.8146941], [16.8333405, 48.8142562], [16.8336742, 48.8139854], [16.8336019, 48.8142015]]]}, "properties": {"id": "59ccf17b-3085-38a9-bc6a-4e95ea180e70", "names": null, "subtype": "grass", "class": "grassland", "surface": null}}, {"type": "Feature", "geometry": {"type": "Polygon", "coordinates": [[[16.8316652, 48.8159091], [16.831769, 48.8159554], [16.8318308, 48.815983], [16.831984, 48.8161133], [16.8319964, 48.8161283], [16.8317351, 48.8159781], [16.8313876, 48.8158716], [16.8314584, 48.8158458], [16.8316652, 48.8159091]]]}, "properties": {"id": "a1d6d7ed-f13f-3b27-8a67-d0d1c9a8096b", "names": null, "subtype": "grass", "class": "grassland", "surface": null}}, {"type": "Feature", "geometry": {"type": "Polygon", "coordinates": [[[16.8318308, 48.815983], [16.831984, 48.8161133], [16.832129, 48.8162897], [16.8323741, 48.8165758], [16.8324388, 48.8166114], [16.832792, 48.81702], [16.832524, 48.81736], [16.832463, 48.81743], [16.831362, 48.817375], [16.830601, 48.816737], [16.8317351, 48.8159781], [16.831769, 48.8159554], [16.8318308, 48.815983]]]}, "properties": {"id": "719ead05-01cf-3280-9aec-d10f1aaf887b", "names": null, "subtype": "forest", "class": "forest", "surface": null}}, {"type": "Feature", "geometry": {"type": "Polygon", "coordinates": [[[16.8301404, 48.8165554], [16.8300508, 48.8166241], [16.829893, 48.8166059], [16.8297826, 48.8165885], [16.829464, 48.8166629], [16.8292305, 48.816707], [16.8290507, 48.8167814], [16.8285692, 48.8168606], [16.828601, 48.8167757], [16.8294661, 48.8166176], [16.8296019, 48.8165828], [16.8297332, 48.8165572], [16.8298258, 48.8165444], [16.8301404, 48.8165554]]]}, "properties": {"id": "d7236d13-a26f-36c9-9cd4-f9c4e7b048f3", "names": null, "subtype": "grass", "class": "grassland", "surface": null}}, {"type": "Feature", "geometry": {"type": "Polygon", "coordinates": [[[16.828417, 48.8166866], [16.8278044, 48.8167989], [16.828495, 48.816666], [16.828417, 48.8166866]]]}, "properties": {"id": "7bc2b227-20ee-3469-8e63-4bc8a8ac3dae", "names": null, "subtype": "grass", "class": "grassland", "surface": null}}, {"type": "Feature", "geometry": {"type": "Polygon", "coordinates": [[[16.8282236, 48.8173878], [16.8277496, 48.8174333], [16.8278193, 48.8174052], [16.8279847, 48.8173903], [16.8281597, 48.8173834], [16.8282236, 48.8173878]]]}, "properties": {"id": "7e288618-9259-3cfd-a91d-b7a0873f33aa", "names": null, "subtype": "grass", "class": "grassland", "surface": null}}, {"type": "Feature", "geometry": {"type": "Polygon", "coordinates": [[[16.8286138, 48.8173504], [16.828618, 48.8173457], [16.8286324, 48.8173486], [16.8286138, 48.8173504]]]}, "properties": {"id": "cc5b3785-d900-38d9-b392-bc0748c1a921", "names": null, "subtype": "grass", "class": "grassland", "surface": null}}, {"type": "Feature", "geometry": {"type": "Polygon", "coordinates": [[[16.832816, 48.8186284], [16.8328088, 48.8186155], [16.8328123, 48.8186012], [16.8328179, 48.8185868], [16.8328399, 48.8185795], [16.8328541, 48.8185821], [16.8328609, 48.8185909], [16.8328586, 48.8186056], [16.8328461, 48.8186245], [16.8328322, 48.8186318], [16.832816, 48.8186284]]]}, "properties": {"id": "602d99c7-2050-3c87-bd37-71d6d5bc0b38", "names": null, "subtype": "grass", "class": "grassland", "surface": null}}, {"type": "Feature", "geometry": {"type": "Polygon", "coordinates": [[[16.7809732, 48.7533679], [16.7800917, 48.7529236], [16.7784908, 48.7520738], [16.7783458, 48.7519861], [16.7786657, 48.7515852], [16.7790517, 48.7510534], [16.7796182, 48.7504021], [16.7799226, 48.7500979], [16.7799841, 48.7500208], [16.7800118, 48.7499869], [16.7808434, 48.7489231], [16.7801872, 48.7483383], [16.7794853, 48.7466085], [16.7793486, 48.746479], [16.7792508, 48.7464252], [16.7792489, 48.7463823], [16.7798701, 48.7459264], [16.7799477, 48.7458693], [16.7799892, 48.7458388], [16.7802925, 48.7457309], [16.7807344, 48.7454444], [16.7808451, 48.7453652], [16.7808896, 48.7453113], [16.7824428, 48.7454023], [16.7833654, 48.7454551], [16.7842933, 48.7455033], [16.7847816, 48.7455252], [16.7852703, 48.7455426], [16.7858951, 48.7455626], [16.7864928, 48.7455783], [16.7868852, 48.7455889], [16.7873578, 48.7455975], [16.7880463, 48.7456083], [16.7884299, 48.7456161], [16.7886656, 48.7456221], [16.7888471, 48.7456299], [16.7890277, 48.7456411], [16.7891758, 48.7456539], [16.7893302, 48.7456697], [16.7895267, 48.7456928], [16.7897812, 48.7457265], [16.7899546, 48.7457531], [16.7901934, 48.745791], [16.7904083, 48.7458276], [16.7906326, 48.7458686], [16.7905721, 48.7459193], [16.790438, 48.74596], [16.7902797, 48.7459529], [16.7901269, 48.7460183], [16.7900947, 48.7460661], [16.7900518, 48.746204], [16.7900678, 48.7463155], [16.7902824, 48.7463614], [16.7907223, 48.7462995], [16.7908712, 48.7459162], [16.7910024, 48.7459468], [16.7911368, 48.7459818], [16.7912662, 48.746021], [16.7913792, 48.7460586], [16.7915125, 48.7461084], [16.7916891, 48.7461799], [16.7920917, 48.7463545], [16.7922515, 48.7464397], [16.7922568, 48.7464663], [16.792243, 48.7464901], [16.792177, 48.7465497], [16.7921553, 48.7466465], [16.7921905, 48.7467175], [16.7921939, 48.7467435], [16.792225, 48.7467603], [16.7925501, 48.7468139], [16.7925846, 48.7467487], [16.792679, 48.7467001], [16.7927378, 48.7466625], [16.7927629, 48.7466556], [16.7927923, 48.7466557], [16.7929531, 48.7467152], [16.7931284, 48.7467712], [16.7932527, 48.7468106], [16.7933703, 48.7468455], [16.7935807, 48.7469006], [16.7946977, 48.7471873], [16.7980543, 48.7480444], [16.7982187, 48.7480895], [16.7983642, 48.7481321], [16.798516, 48.7481789], [16.7999164, 48.7486654], [16.800112, 48.748727], [16.8002263, 48.7487593], [16.8003322, 48.7487859], [16.8004295, 48.7488067], [16.8005292, 48.7488232], [16.8006772, 48.7488437], [16.8054061, 48.7494961], [16.807842, 48.7498406], [16.808413, 48.7499225], [16.8119204, 48.7504217], [16.8137696, 48.7506854], [16.8149746, 48.7508556], [16.8213615, 48.7517396], [16.8281736, 48.7526917], [16.8385914, 48.7541115], [16.8394603, 48.7542238], [16.8407015, 48.7543876], [16.8418419, 48.7545407], [16.8425391, 48.7546363], [16.8433148, 48.7547404], [16.8439965, 48.7548363], [16.8441993, 48.7548648], [16.8451028, 48.7550058], [16.8450558, 48.755241], [16.8450075, 48.7553364], [16.8449646, 48.7554638], [16.8448412, 48.7556052], [16.8446803, 48.7556972], [16.8444496, 48.755775], [16.8442941, 48.7558563], [16.8441492, 48.7560049], [16.8441437, 48.7562143], [16.8435088, 48.7561427], [16.8423432, 48.7574258], [16.8423766, 48.7574675], [16.8417275, 48.7581324], [16.8416965, 48.7581728], [16.8417746, 48.7582406], [16.8419166, 48.7582848], [16.8420808, 48.7582845], [16.8425191, 48.7582938], [16.8428112, 48.758305], [16.8434768, 48.7582878], [16.843733, 48.7583101], [16.8439646, 48.7583579], [16.844112, 48.7584209], [16.8439897, 48.7586078], [16.843924, 48.7585715], [16.8438252, 48.7585131], [16.8436278, 48.7584642], [16.8433281, 48.7584397], [16.842956, 48.7584401], [16.8425509, 48.7584681], [16.8416383, 48.7584789], [16.841575, 48.7585071], [16.8415594, 48.7585367], [16.8416249, 48.7585973], [16.8416994, 48.7586278], [16.841755, 48.758657], [16.8418847, 48.7587356], [16.8424233, 48.7591248], [16.8425011, 48.759169], [16.8426165, 48.7592521], [16.8428629, 48.7594057], [16.8428585, 48.7594404], [16.8412776, 48.7604884], [16.8405149, 48.7609854], [16.8404622, 48.7610197], [16.840128, 48.761219], [16.8398204, 48.761381], [16.8394957, 48.7615467], [16.8391223, 48.761707], [16.8389157, 48.7617937], [16.838661, 48.7618884], [16.8384265, 48.7619719], [16.8381474, 48.7620647], [16.8349279, 48.7629982], [16.8322497, 48.7637635], [16.8293279, 48.7645945], [16.8261567, 48.7654998], [16.823726, 48.7661933], [16.8229566, 48.7664189], [16.8227955, 48.766481], [16.8226306, 48.7665612], [16.8224388, 48.7666684], [16.8222503, 48.7667935], [16.8214853, 48.7673937], [16.8209058, 48.7678515], [16.8207624, 48.7679539], [16.8206067, 48.7680509], [16.8204922, 48.7681148], [16.8203526, 48.7681821], [16.8201637, 48.7682564], [16.8199452, 48.7683276], [16.8197023, 48.7683956], [16.8190248, 48.7685741], [16.8183924, 48.7687395], [16.8180346, 48.7688324], [16.8177354, 48.7688978], [16.8176061, 48.7688233], [16.8169355, 48.7687597], [16.8141675, 48.769138], [16.813556, 48.7691946], [16.8134111, 48.7688834], [16.8101657, 48.7691698], [16.8097848, 48.7696259], [16.8056595, 48.7676601], [16.8053645, 48.7676919], [16.8050963, 48.7679217], [16.8048978, 48.7680526], [16.8044525, 48.7682364], [16.8035406, 48.7683142], [16.8029451, 48.7688587], [16.8036371, 48.7692406], [16.8025723, 48.7702789], [16.8023655, 48.7704704], [16.8021909, 48.7706595], [16.8021627, 48.7709355], [16.8022649, 48.7713117], [16.8024807, 48.7716772], [16.8028003, 48.7721187], [16.8040862, 48.774142], [16.8041186, 48.7741786], [16.8041685, 48.7741983], [16.8045428, 48.7743819], [16.8046411, 48.7744945], [16.8046546, 48.7745369], [16.804857, 48.7751711], [16.8048411, 48.775606], [16.8048647, 48.7757415], [16.8048284, 48.7758402], [16.8047878, 48.7758799], [16.8046321, 48.7758953], [16.8045519, 48.7759096], [16.8040311, 48.7763943], [16.8039828, 48.7764928], [16.8039745, 48.7765096], [16.8039652, 48.7765677], [16.803988, 48.7766136], [16.8040712, 48.7767008], [16.8041328, 48.7767349], [16.8041664, 48.7767472], [16.8041943, 48.7767528], [16.8042461, 48.7767365], [16.8042608, 48.776705], [16.8043302, 48.7766032], [16.8044286, 48.7764589], [16.8045162, 48.7764677], [16.8045145, 48.7766617], [16.804514, 48.7766702], [16.8046139, 48.7767214], [16.8046503, 48.7768361], [16.8046425, 48.7769106], [16.8046282, 48.7769747], [16.8044646, 48.7772536], [16.8045042, 48.7772536], [16.8051844, 48.7772531], [16.8054751, 48.7772318], [16.8055785, 48.7772444], [16.8056047, 48.7772689], [16.805488, 48.7776255], [16.8054537, 48.7777302], [16.8054542, 48.7778091], [16.8054652, 48.7778515], [16.8055085, 48.7778717], [16.8055303, 48.7778719], [16.8055713, 48.7778724], [16.8056622, 48.7778598], [16.8062707, 48.7777608], [16.8050794, 48.7781165], [16.8048182, 48.778202], [16.8045857, 48.7783006], [16.8043506, 48.7784097], [16.8041749, 48.7785055], [16.8040129, 48.7786169], [16.8038612, 48.7787437], [16.8037367, 48.7788671], [16.8036205, 48.7789984], [16.8035038, 48.7791527], [16.8034465, 48.7792712], [16.8033712, 48.7794409], [16.8033269, 48.7796017], [16.8033044, 48.7797539], [16.8032777, 48.7800585], [16.8032582, 48.7804093], [16.8031735, 48.782051], [16.8031448, 48.7825656], [16.8031416, 48.7827608], [16.8031533, 48.7829389], [16.8031869, 48.7831126], [16.8032423, 48.7832752], [16.8033245, 48.7834396], [16.8034056, 48.78357], [16.8035039, 48.7836997], [16.803651, 48.783855], [16.8037138, 48.7840356], [16.8037175, 48.7841658], [16.8037758, 48.7843893], [16.8037975, 48.7846888], [16.803826, 48.7849454], [16.803785, 48.7852662], [16.8035884, 48.7846891], [16.8036185, 48.7844407], [16.8035953, 48.7842428], [16.8035501, 48.7840977], [16.8034969, 48.7840092], [16.8034015, 48.7839759], [16.8032012, 48.7840303], [16.8031278, 48.7840502], [16.8029553, 48.7841376], [16.8025142, 48.7842434], [16.8013309, 48.784292], [16.8010928, 48.7843179], [16.8003857, 48.7845897], [16.7999343, 48.7847435], [16.7997918, 48.7847511], [16.7998455, 48.7847141], [16.7998574, 48.7846161], [16.7997213, 48.7844312], [16.7995821, 48.7843973], [16.7992333, 48.7844026], [16.7982681, 48.7844221], [16.7980886, 48.7844156], [16.7976587, 48.7844354], [16.7970344, 48.7845185], [16.7964906, 48.7846135], [16.7963504, 48.7846482], [16.7962931, 48.7846813], [16.7962533, 48.78471], [16.7962382, 48.7847406], [16.7962161, 48.7847504], [16.7959539, 48.7847253], [16.795757, 48.7847388], [16.7956798, 48.7847596], [16.7956197, 48.7848359], [16.7956237, 48.7849483], [16.795669, 48.7851622], [16.7956953, 48.7852116], [16.7957285, 48.7852388], [16.7958011, 48.785251], [16.7961193, 48.7851954], [16.7964613, 48.7851271], [16.7966007, 48.7853132], [16.7966563, 48.7854056], [16.7967161, 48.7854939], [16.7968073, 48.7855744], [16.7968748, 48.7856489], [16.7969343, 48.7856824], [16.7970647, 48.7856846], [16.7959635, 48.7860343], [16.7959719, 48.7859815], [16.7958464, 48.7856747], [16.7956654, 48.7853039], [16.7954467, 48.7848993], [16.7953387, 48.7847792], [16.7952418, 48.7847345], [16.7949567, 48.7846471], [16.7946336, 48.7845266], [16.7938771, 48.7842202], [16.7935814, 48.7841294], [16.7931349, 48.7839817], [16.7926633, 48.783821], [16.7917039, 48.7837406], [16.7906794, 48.7837888], [16.7914422, 48.7845597], [16.7916491, 48.7848166], [16.7918943, 48.7851447], [16.792065, 48.7854063], [16.7920818, 48.7854635], [16.7924356, 48.785887], [16.7924466, 48.7859126], [16.7930049, 48.786619], [16.7933078, 48.7869503], [16.7931443, 48.7869864], [16.7905265, 48.7836321], [16.7879355, 48.7803908], [16.7861599, 48.7781814], [16.7771745, 48.7668681], [16.7772453, 48.7668078], [16.7782124, 48.7679444], [16.7787685, 48.7686353], [16.7793785, 48.7694357], [16.7797538, 48.7699425], [16.7798864, 48.7700844], [16.779961, 48.7701394], [16.780045, 48.7701534], [16.7802993, 48.7701459], [16.7803234, 48.7701632], [16.7804133, 48.770237], [16.7804396, 48.7703031], [16.7804946, 48.7703612], [16.7806661, 48.7704184], [16.7806829, 48.7704216], [16.7810875, 48.7704985], [16.7817343, 48.770566], [16.7818552, 48.7705655], [16.7819366, 48.7705178], [16.782043, 48.7703562], [16.7820767, 48.7702295], [16.7820667, 48.7701665], [16.7818961, 48.7698533], [16.7819023, 48.769823], [16.7819288, 48.7697434], [16.7819369, 48.7696925], [16.7823106, 48.7697164], [16.7823724, 48.7697177], [16.7824912, 48.7697201], [16.7825197, 48.7697029], [16.7825506, 48.7696842], [16.7825844, 48.7696308], [16.7825703, 48.769561], [16.7824555, 48.7694818], [16.7825309, 48.7693406], [16.7826374, 48.7692955], [16.7830559, 48.7692524], [16.7831719, 48.7692164], [16.7832886, 48.7690564], [16.7834874, 48.7684429], [16.7835287, 48.7682257], [16.7835113, 48.7681387], [16.7833995, 48.7679987], [16.7833282, 48.7679755], [16.7832721, 48.7679573], [16.783093, 48.7679393], [16.7829777, 48.7679378], [16.782919, 48.7678848], [16.7830293, 48.7674475], [16.7831162, 48.7671555], [16.7831508, 48.7671002], [16.7836227, 48.7669733], [16.7839651, 48.7668829], [16.7841204, 48.7668699], [16.7842023, 48.7668532], [16.7846871, 48.7667739], [16.7847533, 48.7667378], [16.7847739, 48.7665819], [16.7847684, 48.766454], [16.784816, 48.766404], [16.7849595, 48.7660885], [16.7852513, 48.7653865], [16.7852618, 48.7653205], [16.7853045, 48.7652503], [16.7858564, 48.7653748], [16.7863753, 48.7654867], [16.7864276, 48.7654791], [16.7864783, 48.7654717], [16.7865371, 48.7654402], [16.7865445, 48.7653942], [16.7865568, 48.765317], [16.7865438, 48.7650625], [16.7865004, 48.7649002], [16.786648, 48.764941], [16.7867365, 48.7649941], [16.7871845, 48.7648243], [16.7870923, 48.764651], [16.7872404, 48.7644643], [16.7873238, 48.7643514], [16.7873532, 48.7642186], [16.7873403, 48.7641205], [16.7872848, 48.764064], [16.7872513, 48.7640338], [16.7871775, 48.7639904], [16.7870141, 48.7639412], [16.7867746, 48.7639083], [16.7865225, 48.7638516], [16.7862515, 48.7637236], [16.7860305, 48.7636664], [16.7859411, 48.76365], [16.7856783, 48.7636265], [16.7854618, 48.7636367], [16.7853935, 48.7636581], [16.7853791, 48.7636627], [16.7853255, 48.7637002], [16.7853099, 48.7637352], [16.7853372, 48.7638284], [16.7854341, 48.7639543], [16.7855532, 48.7640729], [16.7856555, 48.7641524], [16.7858029, 48.7642501], [16.7862009, 48.7644478], [16.7862996, 48.7645143], [16.7862513, 48.7645419], [16.7857203, 48.7643123], [16.7852336, 48.7641504], [16.7851617, 48.7640965], [16.7849437, 48.7638232], [16.7847776, 48.763687], [16.7845604, 48.7636184], [16.7841822, 48.7635919], [16.7834505, 48.7635808], [16.7826311, 48.7635858], [16.7814679, 48.7636424], [16.7812269, 48.7636389], [16.78103, 48.7636118], [16.7806119, 48.7635826], [16.7802077, 48.7636344], [16.779347, 48.7637299], [16.7787986, 48.763785], [16.7782856, 48.7637624], [16.7781815, 48.7637418], [16.7779958, 48.7636443], [16.777592, 48.7634425], [16.7770547, 48.7632358], [16.7770282, 48.763234], [16.7769946, 48.7632761], [16.7769236, 48.763263], [16.7766886, 48.7631798], [16.7765637, 48.7631221], [16.7765305, 48.7631198], [16.7762642, 48.7637775], [16.7761714, 48.7638956], [16.7760915, 48.7640177], [16.7760016, 48.7640322], [16.775936, 48.764015], [16.7758192, 48.763967], [16.7756313, 48.7638417], [16.7754166, 48.7636648], [16.7753298, 48.7635786], [16.7752626, 48.7634795], [16.7751698, 48.76317], [16.7750672, 48.7630082], [16.7749324, 48.7628677], [16.7748843, 48.7628435], [16.7747171, 48.7628029], [16.774625, 48.7627883], [16.7744315, 48.7627838], [16.7743678, 48.7627884], [16.7742711, 48.7628033], [16.7742146, 48.7628228], [16.7741832, 48.7628396], [16.7741583, 48.762875], [16.7741616, 48.7628888], [16.7741938, 48.7629525], [16.7746408, 48.7635264], [16.775042, 48.7640537], [16.775451, 48.7645393], [16.7757063, 48.7648731], [16.7757629, 48.7649334], [16.7758005, 48.7649297], [16.775858, 48.7648777], [16.7762611, 48.764467], [16.7764238, 48.7643263], [16.7767519, 48.7643982], [16.7771187, 48.7644645], [16.7770724, 48.764581], [16.7771073, 48.7651749], [16.7770928, 48.7653322], [16.7768903, 48.7654043], [16.7767858, 48.7653574], [16.7765566, 48.7653784], [16.7764781, 48.7654469], [16.7765027, 48.7655584], [16.7763015, 48.7656885], [16.7765288, 48.7659682], [16.7762786, 48.765772], [16.7756993, 48.7650047], [16.7733926, 48.7620945], [16.7733999, 48.7619828], [16.7736639, 48.7619968], [16.7737282, 48.7619787], [16.7737904, 48.761974], [16.7738618, 48.7619971], [16.7738585, 48.7620601], [16.77367, 48.7622855], [16.7737335, 48.7624103], [16.7737991, 48.7625559], [16.7740894, 48.7626305], [16.7744842, 48.7627106], [16.7749284, 48.7627745], [16.7755302, 48.76283], [16.7759448, 48.7628409], [16.7761204, 48.7628312], [16.7762877, 48.762834], [16.7764987, 48.7628577], [16.7766649, 48.7629094], [16.7767797, 48.7629886], [16.776897, 48.7630101], [16.7769382, 48.7630041], [16.7769578, 48.7629655], [16.7770316, 48.7629766], [16.777035, 48.7630392], [16.7770692, 48.7630771], [16.7776645, 48.7632922], [16.7781975, 48.7634832], [16.7785353, 48.7635692], [16.778645, 48.7635932], [16.7787139, 48.763607], [16.7787783, 48.7636061], [16.7788357, 48.7636065], [16.7790183, 48.763594], [16.7791272, 48.7635889], [16.779956, 48.763504], [16.7805252, 48.7634606], [16.7805966, 48.7634331], [16.780629, 48.76341], [16.7806716, 48.7633336], [16.7805594, 48.7628185], [16.7805326, 48.762483], [16.7806759, 48.7615038], [16.780706, 48.7613507], [16.7808569, 48.7605821], [16.7810046, 48.759953], [16.7810307, 48.7597892], [16.7810163, 48.7597536], [16.781301, 48.7597003], [16.7815403, 48.7596726], [16.7817122, 48.7596045], [16.7818503, 48.759454], [16.7824032, 48.7586906], [16.7827332, 48.7583115], [16.7831556, 48.7578262], [16.783747, 48.7571134], [16.7837865, 48.7570628], [16.7840439, 48.7568818], [16.7840992, 48.7568522], [16.7841394, 48.7567084], [16.7841629, 48.7562227], [16.7841961, 48.7556391], [16.7841811, 48.755441], [16.7841197, 48.7552289], [16.7840904, 48.7551277], [16.7840067, 48.7549794], [16.783885, 48.7548597], [16.7838386, 48.7548362], [16.7820402, 48.7539239], [16.7809732, 48.7533679]], [[16.7926724, 48.750581], [16.7924749, 48.7506663], [16.7923728, 48.7505675], [16.7919915, 48.750893], [16.7924511, 48.7510681], [16.7926213, 48.7508773], [16.7930095, 48.7505653], [16.7933635, 48.7502286], [16.7930163, 48.7503745], [16.7929146, 48.750096], [16.792836, 48.749233], [16.7926187, 48.7492248], [16.7921992, 48.749636], [16.7914842, 48.7497033], [16.7915285, 48.7498021], [16.7920562, 48.7499053], [16.7921821, 48.7500782], [16.7925873, 48.7502488], [16.7926724, 48.750581]], [[16.784057, 48.7509331], [16.7838156, 48.7509473], [16.7841428, 48.7515592], [16.784395, 48.7521039], [16.7845023, 48.752217], [16.7851835, 48.7519306], [16.7851835, 48.7518351], [16.7850763, 48.7517749], [16.7848027, 48.7517608], [16.784057, 48.7509331]], [[16.7860924, 48.7630252], [16.7856878, 48.7629413], [16.7847112, 48.762574], [16.784695, 48.763185], [16.7855906, 48.763413], [16.7860508, 48.7634563], [16.787584, 48.7639641], [16.7875839, 48.763946], [16.7876402, 48.7636624], [16.7876585, 48.7636422], [16.7876827, 48.7636488], [16.7876666, 48.7637685], [16.7876256, 48.7639538], [16.7876201, 48.7639761], [16.7876934, 48.7640567], [16.78774, 48.7641161], [16.7878123, 48.76416], [16.7878878, 48.7641843], [16.7879673, 48.764217], [16.788015, 48.7642438], [16.7880364, 48.7642724], [16.7880369, 48.7643123], [16.7880212, 48.7643509], [16.7879279, 48.764453], [16.7878868, 48.764498], [16.7878741, 48.7645523], [16.7878834, 48.7645882], [16.7878918, 48.7645995], [16.7879115, 48.7646263], [16.7880036, 48.7646744], [16.7883782, 48.7647873], [16.7886063, 48.7648616], [16.7887872, 48.7649326], [16.7888108, 48.7649076], [16.788989, 48.7647143], [16.7890452, 48.764645], [16.7890894, 48.7646426], [16.7891095, 48.7646621], [16.7890945, 48.7646963], [16.7889022, 48.7649281], [16.788881, 48.7649536], [16.7893406, 48.7650716], [16.7909054, 48.7654766], [16.7910105, 48.7654008], [16.7910447, 48.7653155], [16.7911035, 48.7652554], [16.791188, 48.7652061], [16.791198, 48.7651435], [16.7911258, 48.7650812], [16.7906208, 48.7648846], [16.7898385, 48.7645258], [16.7886681, 48.7640252], [16.7881861, 48.7638087], [16.7878941, 48.7636895], [16.787684, 48.7636037], [16.7868357, 48.7632871], [16.7860924, 48.7630252]], [[16.7893479, 48.7652159], [16.7893, 48.7652415], [16.789273, 48.7652821], [16.7892802, 48.7652948], [16.7892976, 48.7653254], [16.789365, 48.7653656], [16.7894072, 48.7653777], [16.7894838, 48.7654109], [16.7896419, 48.7654562], [16.7900715, 48.7656011], [16.7904133, 48.7657054], [16.7904995, 48.7657567], [16.7905398, 48.7658038], [16.7905451, 48.7658394], [16.7904406, 48.7659452], [16.7904733, 48.7659692], [16.7906707, 48.7658925], [16.7906958, 48.7658827], [16.790864, 48.7656926], [16.7909074, 48.7656497], [16.7909161, 48.7656078], [16.7908962, 48.7655813], [16.7896269, 48.76527], [16.7893479, 48.7652159]], [[16.7919857, 48.7486347], [16.7918801, 48.7488806], [16.7918863, 48.7490814], [16.7928756, 48.7491084], [16.7938954, 48.7491125], [16.7940835, 48.7490822], [16.7941773, 48.7490505], [16.794261, 48.7489945], [16.7942657, 48.7489329], [16.7942284, 48.7487487], [16.7941563, 48.7485653], [16.7940919, 48.7484016], [16.7940222, 48.748319], [16.7939419, 48.7482662], [16.7935718, 48.748313], [16.7925823, 48.7483485], [16.7920633, 48.7484462], [16.792023, 48.7485282], [16.7919857, 48.7486347]], [[16.7927145, 48.76685], [16.7932133, 48.767062], [16.7939971, 48.7673248], [16.7944705, 48.7675262], [16.794592, 48.7675997], [16.794662, 48.7676923], [16.7948207, 48.7678209], [16.7954684, 48.7683047], [16.795872, 48.7685445], [16.7959606, 48.7684865], [16.7955903, 48.7682183], [16.79564, 48.7680526], [16.7948671, 48.7674532], [16.7941798, 48.7669863], [16.7938065, 48.7666939], [16.7932769, 48.7664896], [16.7926729, 48.7662286], [16.79204, 48.7659692], [16.791218, 48.7656449], [16.7911207, 48.7657386], [16.7910698, 48.7658173], [16.7910221, 48.7659174], [16.7910627, 48.7660239], [16.7912457, 48.7661571], [16.7912841, 48.766185], [16.7927145, 48.76685]], [[16.7959591, 48.7719128], [16.7961584, 48.7716671], [16.7963181, 48.7715155], [16.7964602, 48.771388], [16.7966411, 48.7711808], [16.7968744, 48.7707992], [16.7969142, 48.7707043], [16.7970205, 48.7705011], [16.7970218, 48.7701847], [16.7967427, 48.7694056], [16.7965527, 48.7690532], [16.7963843, 48.7691228], [16.7966515, 48.7697365], [16.7968035, 48.7704105], [16.7967349, 48.7706165], [16.7966782, 48.7707611], [16.7966046, 48.7708648], [16.7965017, 48.7710418], [16.7963729, 48.7712242], [16.796212, 48.7714113], [16.7959845, 48.7716306], [16.795709, 48.7719279], [16.7953171, 48.7723125], [16.7951301, 48.7724733], [16.7952372, 48.7725426], [16.7953688, 48.7724566], [16.7955701, 48.7722754], [16.7957245, 48.7721568], [16.7959591, 48.7719128]], [[16.7967092, 48.7723261], [16.7966287, 48.7720317], [16.7962634, 48.7721362], [16.7957379, 48.7725468], [16.7956206, 48.7726481], [16.7955727, 48.7727375], [16.7957204, 48.7728405], [16.7961773, 48.7729347], [16.7967092, 48.7723261]], [[16.7914344, 48.7652571], [16.791501, 48.7652675], [16.7913669, 48.7653946], [16.7913299, 48.7655594], [16.7914169, 48.765624], [16.7921455, 48.7659149], [16.7926143, 48.7660968], [16.7931503, 48.7663197], [16.7938191, 48.7665849], [16.7939129, 48.7663426], [16.7938661, 48.7662188], [16.7938467, 48.7660586], [16.793261, 48.7658522], [16.7927446, 48.7656543], [16.7915207, 48.7652125], [16.7914344, 48.7652571]], [[16.7893667, 48.7729008], [16.7889312, 48.7726277], [16.7887012, 48.7724681], [16.7885301, 48.772357], [16.7882107, 48.7721308], [16.7878556, 48.7718973], [16.7877795, 48.771886], [16.7874854, 48.7723227], [16.7871691, 48.7728569], [16.7870533, 48.7730963], [16.7871495, 48.7731669], [16.7874983, 48.7734228], [16.7878237, 48.7733362], [16.7879812, 48.7732421], [16.788307, 48.7732419], [16.7886309, 48.7734713], [16.7888518, 48.7737738], [16.7888745, 48.7739305], [16.788817, 48.774182], [16.7884653, 48.7742349], [16.7876575, 48.7744448], [16.7878681, 48.7747911], [16.7880124, 48.7750283], [16.7881627, 48.7749979], [16.7901002, 48.7745243], [16.7911171, 48.7743161], [16.791861, 48.7741443], [16.7923935, 48.7740567], [16.7924268, 48.7740364], [16.792415, 48.7740087], [16.7917926, 48.7738368], [16.7913232, 48.7737023], [16.7904754, 48.7734032], [16.7902317, 48.773299], [16.7895577, 48.772999], [16.7893667, 48.7729008]], [[16.7878277, 48.775022], [16.7876409, 48.7747265], [16.7874447, 48.7746281], [16.7869217, 48.7746527], [16.7862679, 48.7746281], [16.786025, 48.7743449], [16.785941, 48.7740248], [16.7854927, 48.7738833], [16.7848482, 48.773914], [16.7848202, 48.7741418], [16.7853432, 48.7749666], [16.7852965, 48.7753359], [16.7855113, 48.7754036], [16.7865107, 48.775219], [16.7878277, 48.775022]], [[16.8429918, 48.7552462], [16.8433781, 48.7552825], [16.8433741, 48.7553338], [16.8440822, 48.7553603], [16.8442378, 48.7551755], [16.8438193, 48.7549625], [16.8430549, 48.7549518], [16.8429918, 48.7552462]], [[16.8414639, 48.7579546], [16.8412984, 48.7579457], [16.8411493, 48.7580047], [16.840992, 48.7581656], [16.8408482, 48.7582711], [16.8408781, 48.7583158], [16.8409784, 48.7583622], [16.8410272, 48.7584069], [16.8412415, 48.758432], [16.8412713, 48.7584123], [16.8412876, 48.7582371], [16.8413771, 48.7581584], [16.8415181, 48.7580297], [16.8414639, 48.7579546]], [[16.8062709, 48.7610609], [16.8062997, 48.7610079], [16.8063009, 48.7609502], [16.8062733, 48.7608901], [16.8063165, 48.7608403], [16.8064424, 48.7606941], [16.8064376, 48.7606333], [16.8063693, 48.760619], [16.8063045, 48.7606372], [16.8062434, 48.7606657], [16.8062242, 48.760751], [16.8058453, 48.7609534], [16.8057122, 48.7609439], [16.8056151, 48.7609818], [16.8055012, 48.7610055], [16.8054424, 48.7610411], [16.8054076, 48.7611059], [16.805434, 48.7611249], [16.8055335, 48.7611075], [16.8055875, 48.7611201], [16.8056055, 48.7611367], [16.8057721, 48.7611391], [16.8057781, 48.7611849], [16.8057278, 48.7612102], [16.8057578, 48.7612569], [16.8058777, 48.7612798], [16.8060467, 48.7611992], [16.8061295, 48.7611929], [16.8062242, 48.761162], [16.8062194, 48.7611083], [16.8062709, 48.7610609]], [[16.798757, 48.770244], [16.7989, 48.769822], [16.7997, 48.769116], [16.7991, 48.769042], [16.798504, 48.769245], [16.797401, 48.768802], [16.7973, 48.768999], [16.7972, 48.7693], [16.797444, 48.7693], [16.797466, 48.76999], [16.798728, 48.770241], [16.798757, 48.770244]], [[16.7971948, 48.7751117], [16.7973074, 48.7749534], [16.79723, 48.774747], [16.7968727, 48.7745232], [16.7966861, 48.7745403], [16.7965288, 48.7746956], [16.7964474, 48.774892], [16.7966337, 48.7751426], [16.7969594, 48.7751901], [16.7971948, 48.7751117]], [[16.7942075, 48.7774383], [16.794056, 48.7776179], [16.7940289, 48.7776794], [16.7940043, 48.7778148], [16.7940423, 48.7778476], [16.7941884, 48.7778821], [16.7943439, 48.7779116], [16.7945549, 48.7779361], [16.7947904, 48.7779628], [16.7949508, 48.7779754], [16.7950617, 48.777986], [16.7951177, 48.7779613], [16.7951436, 48.7778973], [16.79514, 48.7778082], [16.7951547, 48.7776854], [16.7948594, 48.7769716], [16.7947893, 48.7767981], [16.7947727, 48.7767221], [16.7947147, 48.7765926], [16.7946873, 48.7765616], [16.7946416, 48.7765365], [16.7945767, 48.7765315], [16.7945221, 48.7766336], [16.7944247, 48.7769311], [16.7943115, 48.7770753], [16.7942672, 48.7771483], [16.7942598, 48.7772188], [16.7942732, 48.7772907], [16.7942555, 48.7773656], [16.7942075, 48.7774383]], [[16.7929029, 48.779211], [16.7887831, 48.7804341], [16.7885256, 48.7808418], [16.7904997, 48.7833095], [16.7916584, 48.7830734], [16.7932463, 48.7831593], [16.7966795, 48.7832022], [16.7989111, 48.7836099], [16.7994261, 48.7835026], [16.8017864, 48.7836528], [16.8029451, 48.7833524], [16.803031, 48.7794471], [16.8014777, 48.7790184], [16.8006706, 48.7791896], [16.7993832, 48.7792754], [16.7985249, 48.7787175], [16.7978811, 48.7789106], [16.7965508, 48.7788677], [16.7957711, 48.7785883], [16.7951978, 48.7782151], [16.79389, 48.7780309], [16.7929029, 48.779211]], [[16.7987807, 48.7772153], [16.799075, 48.777009], [16.799534, 48.776941], [16.799721, 48.776558], [16.7998472, 48.7761851], [16.7997117, 48.7745724], [16.7994817, 48.7746105], [16.7993197, 48.7754322], [16.7978012, 48.7759558], [16.7976932, 48.7759242], [16.7969856, 48.7762231], [16.7968039, 48.776014], [16.7964096, 48.7764387], [16.7966651, 48.7771863], [16.797797, 48.7772745], [16.7982734, 48.7772745], [16.7987807, 48.7772153]], [[16.8028793, 48.7786484], [16.8032675, 48.7785509], [16.8032182, 48.7782586], [16.8013634, 48.7785063], [16.8009259, 48.7784535], [16.8000078, 48.7782301], [16.7999092, 48.7773652], [16.7994593, 48.7774058], [16.7993608, 48.7775195], [16.7994039, 48.7779784], [16.7994224, 48.7782504], [16.7979886, 48.7783339], [16.7980261, 48.7785513], [16.7988431, 48.7786443], [16.7993977, 48.7787215], [16.7994039, 48.7789083], [16.8000324, 48.7789326], [16.8007534, 48.7789083], [16.8017332, 48.7787052], [16.802337, 48.7785956], [16.8027191, 48.7786362], [16.8028793, 48.7786484]], [[16.7995898, 48.7841751], [16.7996752, 48.784183], [16.8001383, 48.7841828], [16.8003, 48.784138], [16.8004382, 48.7841258], [16.8006475, 48.7841561], [16.8012845, 48.7841313], [16.8019692, 48.7841726], [16.802127, 48.7841658], [16.8022164, 48.7841458], [16.8022311, 48.7841224], [16.8022284, 48.784096], [16.8022084, 48.7840584], [16.8019964, 48.7839713], [16.8016808, 48.7838845], [16.8016362, 48.7838802], [16.8016097, 48.7838829], [16.8015871, 48.7839129], [16.8015621, 48.7839329], [16.8015079, 48.7839381], [16.8014619, 48.7839259], [16.801415, 48.7839027], [16.8013664, 48.7838469], [16.8013082, 48.7838054], [16.8006461, 48.7837732], [16.8005598, 48.7837906], [16.8004969, 48.7838251], [16.8003372, 48.7839424], [16.8001345, 48.7839862], [16.8000615, 48.7839858], [16.799801, 48.7837163], [16.7997613, 48.7836753], [16.7994091, 48.783695], [16.799149, 48.7837646], [16.7987607, 48.7838569], [16.7985626, 48.783881], [16.7982065, 48.7838399], [16.7977993, 48.7837838], [16.7972905, 48.7836802], [16.7967799, 48.7835704], [16.796735, 48.7836025], [16.7967028, 48.7836419], [16.7967143, 48.7836807], [16.7967584, 48.7837217], [16.7967882, 48.783822], [16.7966589, 48.7839851], [16.7966062, 48.7840918], [16.7965501, 48.7843058], [16.797137, 48.7842988], [16.7978899, 48.7842542], [16.798056, 48.7840805], [16.7981743, 48.7840798], [16.7982172, 48.7841328], [16.7982552, 48.7841689], [16.7990361, 48.7842355], [16.7993171, 48.7841373], [16.7994834, 48.784137], [16.7995898, 48.7841751]]]}, "properties": {"id": "13ef27c9-c4b1-3cba-ac31-7cf484323b0e", "names": null, "subtype": "forest", "class": "forest", "surface": null}}, {"type": "Feature", "geometry": {"type": "MultiPolygon", "coordinates": [[[[16.5289293, 48.6773614], [16.4327989, 48.6637578], [16.4327996, 48.6093064], [16.4966576, 48.5697927], [16.5708154, 48.5561601], [16.6909783, 48.603404], [16.7294305, 48.6814413], [16.7198174, 48.7140722], [16.6950982, 48.7589052], [16.7143243, 48.7896764], [16.75415, 48.8206546], [16.7565533, 48.8315039], [16.6669461, 48.8870693], [16.6360467, 48.8904556], [16.5962212, 48.8737484], [16.5996545, 48.8362499], [16.6188805, 48.8005324], [16.6078942, 48.7733882], [16.5248101, 48.7620737], [16.5206895, 48.7417018], [16.5426622, 48.687335], [16.5289293, 48.6773614]]], [[[17.4462863, 49.2767666], [17.317197, 49.3340736], [17.1606418, 49.3269139], [16.7925998, 49.1727277], [16.72119, 49.1134344], [16.6003404, 49.0504711], [16.6140733, 48.9414462], [16.9532762, 48.8312785], [17.0109544, 48.8421255], [17.0658861, 48.9351316], [17.1153246, 48.9648931], [17.2045885, 48.983823], [17.2814928, 48.9757111], [17.4600206, 49.1161311], [17.5053392, 49.1448862], [17.5176988, 49.1879876], [17.4462863, 49.2767666]]], [[[18.4264055, 49.0321609], [18.4303425, 49.0317218], [18.4326092, 49.0313363], [18.4331707, 49.0308476], [18.4351697, 49.0316334], [18.4365488, 49.0319243], [18.4383516, 49.0323101], [18.4406053, 49.0325774], [18.4419935, 49.032797], [18.4429219, 49.0332063], [18.4427861, 49.0342732], [18.4428663, 49.0362116], [18.4426314, 49.0372015], [18.4426671, 49.0377765], [18.4429283, 49.0382923], [18.4437486, 49.0386956], [18.4450832, 49.0384825], [18.4465168, 49.0383464], [18.4481397, 49.0384356], [18.4496812, 49.039165], [18.4509073, 49.0398054], [18.4522867, 49.040096], [18.4552352, 49.040043], [18.4576155, 49.0401737], [18.4593467, 49.0402687], [18.4605188, 49.0404762], [18.4608523, 49.0412824], [18.460735, 49.0422071], [18.4598602, 49.0430903], [18.4594453, 49.0437839], [18.4596796, 49.044513], [18.4607796, 49.0452896], [18.4632863, 49.0478624], [18.4646299, 49.049297], [18.4658562, 49.0516562], [18.4667851, 49.0555034], [18.4672901, 49.0583961], [18.4674795, 49.0612], [18.4678133, 49.0628657], [18.4698791, 49.0646262], [18.4729103, 49.0665112], [18.4752921, 49.067501], [18.4769252, 49.0683782], [18.478396, 49.0696762], [18.4796776, 49.0716085], [18.480815, 49.0738195], [18.4818529, 49.0750938], [18.4826204, 49.0767831], [18.4828284, 49.0785851], [18.4831896, 49.0791779], [18.4838486, 49.0800017], [18.4855182, 49.0805943], [18.4863845, 49.0806415], [18.4891551, 49.0811509], [18.4907165, 49.0817374], [18.491177, 49.0824071], [18.492197, 49.0829641], [18.4938848, 49.0834143], [18.4961321, 49.0837516], [18.4978289, 49.0841306], [18.4998507, 49.0845272], [18.5014662, 49.0846868], [18.5025947, 49.0852496], [18.5031189, 49.0862809], [18.503147, 49.0877865], [18.5034462, 49.0897366], [18.503682, 49.0913252], [18.5039537, 49.0926292], [18.5048767, 49.0956876], [18.5059516, 49.0966772], [18.5071349, 49.0976727], [18.5070907, 49.0988879], [18.5070645, 49.0999608], [18.5078145, 49.1009327], [18.508203, 49.1013119], [18.5091967, 49.1020822], [18.5100462, 49.1031311], [18.5113201, 49.1042746], [18.5133167, 49.1057439], [18.5153044, 49.1072843], [18.5172466, 49.1083209], [18.5174821, 49.1090499], [18.5174023, 49.1105496], [18.5186408, 49.1119777], [18.5203218, 49.1133581], [18.5220207, 49.1145962], [18.5232684, 49.115953], [18.5235864, 49.1177608], [18.5246632, 49.1196097], [18.5262372, 49.1218437], [18.5276472, 49.1227795], [18.5289668, 49.1235672], [18.5306384, 49.1241591], [18.5323022, 49.1256816], [18.53289, 49.1262148], [18.5346981, 49.1274586], [18.5363073, 49.1285483], [18.5371311, 49.1298104], [18.5372407, 49.1306758], [18.5371529, 49.1313968], [18.5363389, 49.1317729], [18.5349296, 49.1316967], [18.5327984, 49.1321543], [18.5313902, 49.1329376], [18.5305955, 49.133181], [18.5288789, 49.1329449], [18.5281458, 49.1318308], [18.5269245, 49.1302606], [18.5258395, 49.1293424], [18.525017, 49.1289397], [18.5239231, 49.1280926], [18.5234617, 49.127423], [18.5226115, 49.1263742], [18.521283, 49.1256576], [18.5186906, 49.1254453], [18.5135425, 49.1255957], [18.5122328, 49.1255962], [18.5096494, 49.1253126], [18.5070474, 49.1243117], [18.5050054, 49.123198], [18.502161, 49.1215482], [18.5007678, 49.1204607], [18.4974435, 49.1191338], [18.4946798, 49.1185536], [18.4930807, 49.1173921], [18.4916535, 49.1165981], [18.4904705, 49.116462], [18.489098, 49.1169602], [18.4882134, 49.1179147], [18.4868866, 49.1197762], [18.4858579, 49.1218688], [18.4856147, 49.1237894], [18.4853805, 49.1256389], [18.4859681, 49.1270318], [18.4866011, 49.1289286], [18.4866017, 49.1306476], [18.4873428, 49.1316908], [18.4888342, 49.1337059], [18.4896027, 49.1353951], [18.4911937, 49.1374873], [18.4923601, 49.1394847], [18.4933547, 49.1411146], [18.4944943, 49.1433253], [18.4949644, 49.1439239], [18.4947481, 49.1447716], [18.4947035, 49.1459868], [18.4947859, 49.1479251], [18.4953745, 49.1501775], [18.497301, 49.1530756], [18.4989288, 49.1548831], [18.5012614, 49.1562992], [18.5036121, 49.1575729], [18.5050772, 49.1589417], [18.5068589, 49.1603993], [18.5076734, 49.1617328], [18.5079269, 49.1623195], [18.5078645, 49.1628267], [18.5066895, 49.1634699], [18.5050811, 49.1640987], [18.5033432, 49.1647477], [18.5021031, 49.1659707], [18.5012233, 49.1671913], [18.5009551, 49.1680752], [18.501416, 49.1686913], [18.5019083, 49.169371], [18.50384, 49.1704322], [18.5047463, 49.1719157], [18.5065683, 49.1738473], [18.5088125, 49.1753237], [18.5104432, 49.1768465], [18.5126977, 49.1782437], [18.5140564, 49.1790346], [18.5158671, 49.1791327], [18.517195, 49.1792047], [18.5182017, 49.1798967], [18.5214542, 49.1830211], [18.5246961, 49.1852683], [18.5265193, 49.1871997], [18.5312318, 49.190323], [18.5356112, 49.192233], [18.5433025, 49.1948793], [18.5463528, 49.1957609], [18.547299, 49.1959713], [18.5476927, 49.1967096], [18.5469895, 49.1974685], [18.5462067, 49.1988605], [18.5460875, 49.1998102], [18.5467242, 49.2015178], [18.5495862, 49.203903], [18.5550165, 49.2071436], [18.559026, 49.2091123], [18.5620098, 49.2115038], [18.5681865, 49.2146244], [18.5720049, 49.216184], [18.5754195, 49.2170843], [18.5794086, 49.2182544], [18.5841228, 49.2194631], [18.5928863, 49.2213664], [18.5953842, 49.2218187], [18.5981436, 49.2221256], [18.6010436, 49.2222806], [18.6047796, 49.2225598], [18.6085255, 49.2227598], [18.6125257, 49.2238495], [18.6166567, 49.2248665], [18.6197789, 49.2251921], [18.6221467, 49.2257166], [18.6246776, 49.226887], [18.6258075, 49.2275845], [18.6288711, 49.2283848], [18.631974, 49.2288685], [18.6372556, 49.2304238], [18.640986, 49.2317372], [18.6434393, 49.2335404], [18.6449454, 49.235134], [18.6449327, 49.2372047], [18.6450931, 49.2398423], [18.6451719, 49.2421568], [18.6454303, 49.2440029], [18.6468453, 49.2453526], [18.6503254, 49.246732], [18.6517504, 49.2480025], [18.6530643, 49.2491874], [18.6540191, 49.2513094], [18.65568, 49.2536279], [18.6596837, 49.2547161], [18.663321, 49.2548287], [18.6664455, 49.2551531], [18.6687039, 49.2555911], [18.6705899, 49.256089], [18.6717992, 49.2561528], [18.6741357, 49.2559574], [18.6763571, 49.2547203], [18.6772912, 49.2540526], [18.6802671, 49.2526162], [18.6825173, 49.2511414], [18.6839544, 49.2503408], [18.6846562, 49.2495812], [18.6850245, 49.2485649], [18.6858139, 49.2470929], [18.6862502, 49.2455225], [18.6863863, 49.2444144], [18.6883748, 49.2430852], [18.6898504, 49.2419679], [18.6928932, 49.2399771], [18.6967334, 49.2384264], [18.6982211, 49.2371921], [18.6982843, 49.2374991], [18.6984287, 49.2387001], [18.6988137, 49.2397229], [18.6996825, 49.2409619], [18.7011309, 49.2422315], [18.7026374, 49.2430267], [18.7041557, 49.243727], [18.7048279, 49.2441919], [18.7057348, 49.244526], [18.7065206, 49.2447674], [18.7068282, 49.2445647], [18.7076629, 49.2441789], [18.7092382, 49.2441756], [18.7107274, 49.2443396], [18.7124227, 49.2444285], [18.7136472, 49.2443424], [18.7154886, 49.24431], [18.7164275, 49.2441444], [18.7173169, 49.2438473], [18.7187879, 49.2436236], [18.7198311, 49.2436783], [18.7206996, 49.2435519], [18.7214429, 49.243376], [18.7226739, 49.2429679], [18.7233885, 49.2424898], [18.7242334, 49.2420184], [18.7253548, 49.2414327], [18.7265153, 49.2410638], [18.7269717, 49.2410877], [18.7275741, 49.2409903], [18.7282261, 49.2410244], [18.7293945, 49.2411285], [18.7302421, 49.2411728], [18.7311705, 49.2410924], [18.7317781, 49.2409524], [18.7322658, 49.2407201], [18.7331002, 49.2403341], [18.7339582, 49.240293], [18.7347837, 49.2407872], [18.7355245, 49.2411696], [18.7360149, 49.241453], [18.7362837, 49.2419396], [18.7365525, 49.2424262], [18.7370975, 49.2429115], [18.7373078, 49.2435717], [18.7378833, 49.244429], [18.7382905, 49.2453954], [18.7387578, 49.246408], [18.739037, 49.2468092], [18.7392171, 49.2469475], [18.7395823, 49.2471813], [18.7399972, 49.2475467], [18.7407225, 49.2480571], [18.7415471, 49.2488305], [18.7423849, 49.2500342], [18.7428707, 49.2514343], [18.742952, 49.2523837], [18.7427442, 49.2540913], [18.7426142, 49.2551585], [18.742325, 49.2559167], [18.7417097, 49.2566579], [18.7410343, 49.257353], [18.7406014, 49.2576741], [18.7398608, 49.2583658], [18.7396235, 49.2586971], [18.7398168, 49.2592657], [18.7402762, 49.2598052], [18.7405243, 49.2604626], [18.7401098, 49.2611713], [18.7397656, 49.2618407], [18.739111, 49.2623651], [18.7387536, 49.2626042], [18.7390982, 49.2630088], [18.7398497, 49.2633058], [18.7403652, 49.2635508], [18.7405465, 49.263514], [18.7411099, 49.2631997], [18.7417333, 49.2629315], [18.7421611, 49.2626531], [18.7433664, 49.2624582], [18.7440239, 49.2624495], [18.7449371, 49.2624971], [18.7457095, 49.2626233], [18.7465967, 49.2628844], [18.7475388, 49.2632342], [18.74834, 49.2636626], [18.74893, 49.2642089], [18.7497965, 49.2646406], [18.7504518, 49.2651903], [18.7511723, 49.2657434], [18.7522241, 49.2662707], [18.7529209, 49.2664788], [18.7536934, 49.266605], [18.7539587, 49.2666188], [18.7541142, 49.2664015], [18.7542143, 49.2660843], [18.7544271, 49.2658537], [18.7546176, 49.2652995], [18.7547837, 49.2649455], [18.755082, 49.2645178], [18.7553142, 49.264127], [18.7555832, 49.2639395], [18.7559232, 49.2636752], [18.7564564, 49.2633403], [18.756943, 49.2628821], [18.7574296, 49.262424], [18.7579259, 49.2618857], [18.7584125, 49.2614275], [18.7588817, 49.2606058], [18.7590915, 49.2598915], [18.7592062, 49.2594542], [18.7595558, 49.2591098], [18.7598491, 49.2587221], [18.7601619, 49.2581743], [18.760328, 49.2578203], [18.7605504, 49.2575095], [18.7611582, 49.2573195], [18.7613709, 49.2570889], [18.7615418, 49.2566948], [18.7615487, 49.2561311], [18.7614798, 49.2556843], [18.7613303, 49.2553945], [18.7610168, 49.254935], [18.760412, 49.2543395], [18.759477, 49.2539282], [18.7588431, 49.2535729], [18.7578936, 49.2532817], [18.75748, 49.2531393], [18.7567752, 49.2528609], [18.7557938, 49.2523263], [18.7551696, 49.2518909], [18.7543668, 49.2514059], [18.753498, 49.2509577], [18.7518536, 49.250308], [18.7511315, 49.249666], [18.7505345, 49.2494167], [18.7503012, 49.2490705], [18.7495094, 49.2484469], [18.7484603, 49.2476413], [18.7475589, 49.2472851], [18.746695, 49.2466216], [18.745681, 49.2460828], [18.744683, 49.2454124], [18.7443395, 49.2449085], [18.7444813, 49.2442975], [18.7445113, 49.2440609], [18.7445401, 49.2438147], [18.7445425, 49.2432405], [18.7437671, 49.242405], [18.7432385, 49.241759], [18.742761, 49.2412482], [18.7418515, 49.2404056], [18.7411136, 49.2392627], [18.7403437, 49.2383832], [18.739244, 49.2374423], [18.7381549, 49.2364137], [18.7375096, 49.2358888], [18.7374201, 49.235801], [18.7369273, 49.2345227], [18.7378955, 49.2341934], [18.7402322, 49.2331574], [18.7419539, 49.2323304], [18.7437928, 49.2317509], [18.7458248, 49.2307953], [18.7470986, 49.2306205], [18.7498892, 49.2300904], [18.752396, 49.2300763], [18.7542056, 49.2297363], [18.755605, 49.2291337], [18.7568638, 49.2284755], [18.7581317, 49.2283485], [18.7597157, 49.2280449], [18.7612939, 49.2277893], [18.7631998, 49.2272612], [18.7643271, 49.2270785], [18.7659436, 49.2271143], [18.7679494, 49.2269773], [18.7700283, 49.2268441], [18.7729185, 49.2267048], [18.7740166, 49.2267618], [18.7754019, 49.226882], [18.7768639, 49.2275851], [18.7780005, 49.2279336], [18.7792336, 49.2280941], [18.7805399, 49.2282583], [18.7817961, 49.228227], [18.7837229, 49.2281339], [18.7852314, 49.2284533], [18.7870107, 49.2286661], [18.7882554, 49.2287306], [18.7894443, 49.2286474], [18.7907795, 49.2285718], [18.7923518, 49.2283637], [18.7944982, 49.2282818], [18.7977448, 49.2276295], [18.7985559, 49.2276232], [18.7996599, 49.227632], [18.8010241, 49.2273166], [18.8027484, 49.2270679], [18.8038467, 49.2271247], [18.8053398, 49.2269606], [18.8062415, 49.2268141], [18.8082645, 49.2265326], [18.8106708, 49.2261261], [18.8125802, 49.2261763], [18.8138807, 49.2263882], [18.8151484, 49.2262606], [18.8170759, 49.2258533], [18.8181914, 49.2257661], [18.8192954, 49.2257747], [18.8200275, 49.2258125], [18.8207597, 49.2258502], [18.8212105, 49.2257769], [18.8223104, 49.2252063], [18.8228862, 49.2247052], [18.8242229, 49.2240021], [18.8261395, 49.223377], [18.8278019, 49.2230284], [18.8297514, 49.2227427], [18.8310635, 49.2228584], [18.8327975, 49.2231406], [18.8350326, 49.223545], [18.8369232, 49.2243659], [18.8376711, 49.2248868], [18.8386114, 49.2250316], [18.8392876, 49.2249216], [18.8397556, 49.2247044], [18.8400154, 49.22438], [18.8408394, 49.2236503], [18.840914, 49.2230269], [18.8413719, 49.2222785], [18.8420996, 49.2217369], [18.8428719, 49.2214388], [18.8433901, 49.2214171], [18.8441566, 49.221167], [18.8444781, 49.2209422], [18.8445183, 49.2206066], [18.8449359, 49.2201938], [18.8459106, 49.2200508], [18.8470259, 49.2199633], [18.8483717, 49.2201047], [18.849431, 49.2198695], [18.8500453, 49.2196598], [18.8500351, 49.2191285], [18.8495068, 49.218619], [18.8494851, 49.2181836], [18.8492999, 49.2178846], [18.8495002, 49.2177177], [18.8496271, 49.2176119], [18.850349, 49.2171182], [18.8508398, 49.2167091], [18.8513133, 49.2164439], [18.8519162, 49.2163301], [18.8527717, 49.2165669], [18.8537507, 49.2170031], [18.8545948, 49.2173358], [18.8559399, 49.2177907], [18.8567783, 49.2181714], [18.8571329, 49.2182861], [18.8577574, 49.2186075], [18.8584895, 49.218645], [18.8591884, 49.2183431], [18.8594595, 49.2179227], [18.8603894, 49.2175361], [18.8612576, 49.2170498], [18.8618833, 49.2167441], [18.8627171, 49.2165455], [18.8635052, 49.2167306], [18.8652667, 49.2173997], [18.8664266, 49.2175555], [18.8678061, 49.2177225], [18.8690392, 49.217882], [18.8702608, 49.2181374], [18.8712857, 49.2181898], [18.872187, 49.2180429], [18.8728298, 49.2175932], [18.8731464, 49.2167892], [18.873175, 49.2165494], [18.873232, 49.2160699], [18.8742802, 49.2156168], [18.8751415, 49.2158056], [18.8759572, 49.2163779], [18.8777864, 49.2170985], [18.8792566, 49.2177674], [18.8800711, 49.2183247], [18.8806501, 49.2190297], [18.8819166, 49.2195285], [18.8832782, 49.2204664], [18.8837337, 49.2209721], [18.8849612, 49.2211794], [18.8861156, 49.2213829], [18.8883559, 49.2223655], [18.8896054, 49.2230081], [18.8907932, 49.223551], [18.8931524, 49.2241536], [18.8953433, 49.2243133], [18.8970948, 49.2244507], [18.8992743, 49.2247062], [18.9013692, 49.2250539], [18.9026193, 49.2253828], [18.9044271, 49.2256676], [18.9061895, 49.2263361], [18.9076931, 49.2267019], [18.9096412, 49.2276692], [18.9122371, 49.2287658], [18.9139883, 49.22953], [18.9155086, 49.230379], [18.9163926, 49.2310028], [18.9177386, 49.2314569], [18.9208754, 49.2329667], [18.9228409, 49.2337899], [18.9248123, 49.2345651], [18.9268455, 49.2354398], [18.9287211, 49.2364031], [18.9297405, 49.2371301], [18.9302754, 49.2379049], [18.9306922, 49.2381189], [18.931385, 49.2384916], [18.932303, 49.2394547], [18.9336548, 49.2404878], [18.9347193, 49.2414582], [18.9362573, 49.2421631], [18.9376714, 49.2426687], [18.9397167, 49.2428202], [18.9418409, 49.2429274], [18.944337, 49.243005], [18.9460217, 49.24309], [18.9479262, 49.243186], [18.9499772, 49.2432894], [18.951414, 49.2436029], [18.9532284, 49.2441526], [18.9546314, 49.2447539], [18.9562599, 49.2453183], [18.9576912, 49.2456798], [18.9584012, 49.2459085], [18.9593535, 49.2459564], [18.9605256, 49.2460153], [18.9611624, 49.2462403], [18.9616921, 49.2467494], [18.9624698, 49.2470297], [18.9636419, 49.2470886], [18.965203, 49.2476012], [18.9662456, 49.248136], [18.9668768, 49.2484089], [18.9679815, 49.2490433], [18.9691031, 49.2495338], [18.9700894, 49.249921], [18.9707995, 49.2501496], [18.9716787, 49.2501938], [18.9726704, 49.2499058], [18.973741, 49.2495736], [18.975792, 49.2490494], [18.977764, 49.2485694], [18.9793982, 49.2484584], [18.9812239, 49.2482845], [18.9832355, 49.2480959], [18.9851066, 49.248479], [18.9863521, 49.2485414], [18.9882344, 49.2488286], [18.9897169, 49.2493851], [18.9915886, 49.2503953], [18.9927893, 49.2508413], [18.994018, 49.2510475], [18.9959738, 49.2513382], [18.9978675, 49.2515293], [19.0005447, 49.2519525], [19.0032221, 49.2523756], [19.0060913, 49.2530494], [19.0084991, 49.2542066], [19.0093169, 49.254778], [19.010005, 49.2551982], [19.0108054, 49.2552864], [19.0118145, 49.2554814], [19.0126603, 49.255813], [19.014555, 49.256631], [19.0167428, 49.2574635], [19.01857, 49.2582298], [19.0200698, 49.2586421], [19.0212821, 49.2589919], [19.0224211, 49.259338], [19.0238134, 49.2594072], [19.025561, 49.2595906], [19.0256191, 49.2595958], [19.0268012, 49.2597005], [19.0282779, 49.2596774], [19.0294615, 49.2596397], [19.0304363, 49.2594952], [19.0311237, 49.2592881], [19.0316189, 49.2588303], [19.0319565, 49.2584612], [19.032076, 49.258435], [19.0326494, 49.2582062], [19.033793, 49.2578771], [19.0337976, 49.2578781], [19.0339356, 49.2577685], [19.034058, 49.2576905], [19.0367232, 49.2572453], [19.037525, 49.2570086], [19.0386715, 49.2568351], [19.0392145, 49.2564012], [19.0395582, 49.2558653], [19.0395624, 49.2552204], [19.0391902, 49.2547872], [19.0385815, 49.2545727], [19.0383492, 49.2541464], [19.0380745, 49.2540867], [19.0380576, 49.2536251], [19.0381913, 49.2530788], [19.0387523, 49.2506643], [19.0388001, 49.250252], [19.0389284, 49.2497515], [19.0391125, 49.2494579], [19.0391389, 49.2494044], [19.0393724, 49.2495172], [19.0397647, 49.2496675], [19.0397653, 49.24967], [19.0398186, 49.249659], [19.0413897, 49.2490559], [19.0418376, 49.2489009], [19.0429536, 49.2491647], [19.0443959, 49.2493613], [19.0456828, 49.2498004], [19.0469303, 49.250029], [19.0484407, 49.2501872], [19.0498878, 49.2503422], [19.0508283, 49.2504722], [19.0518177, 49.2507297], [19.0524319, 49.2509269], [19.0532457, 49.2510505], [19.0540009, 49.2511296], [19.0548195, 49.2512118], [19.05595, 49.2513511], [19.0568809, 49.2515639], [19.0583723, 49.2518879], [19.0598291, 49.2519599], [19.0604965, 49.251972], [19.0613689, 49.2521402], [19.062227, 49.2524328], [19.0628902, 49.2527574], [19.0637041, 49.252881], [19.0644642, 49.2529186], [19.0654286, 49.2528411], [19.066013, 49.2527449], [19.0664754, 49.2526009], [19.0667384, 49.2525305], [19.0672451, 49.2525555], [19.0680732, 49.2525547], [19.0686242, 49.2527487], [19.0689995, 49.2528089], [19.0691118, 49.2529395], [19.0697895, 49.2531397], [19.0707157, 49.2533939], [19.0712224, 49.2534189], [19.0719192, 49.2534533], [19.0724892, 49.2534814], [19.0736395, 49.2537258], [19.0739706, 49.253617], [19.0743888, 49.253304], [19.0752803, 49.2533063], [19.0756747, 49.2532006], [19.0758981, 49.2529198], [19.0760043, 49.2525497], [19.076052, 49.2521351], [19.075832, 49.2518324], [19.0757626, 49.2513286], [19.0757326, 49.2510352], [19.0755855, 49.2506527], [19.0757994, 49.2504548], [19.0762523, 49.2503937], [19.077378, 49.2505743], [19.0780843, 49.2505257], [19.0789315, 49.2503589], [19.0798816, 49.2504057], [19.0801649, 49.2507115], [19.0806382, 49.2510267], [19.0814378, 49.2512746], [19.0820617, 49.2513887], [19.0825636, 49.2514551], [19.083197, 49.2514863], [19.0835913, 49.2513806], [19.0841266, 49.2511568], [19.0846966, 49.2511848], [19.0851352, 49.2512481], [19.0857686, 49.2512793], [19.0864796, 49.2511892], [19.0868644, 49.2511664], [19.0873078, 49.2511882], [19.0886489, 49.2517128], [19.0897952, 49.2522696], [19.090815, 49.25282], [19.091347, 49.2531798], [19.0916351, 49.2534441], [19.0921426, 49.2537401], [19.0930199, 49.2538666], [19.0935061, 49.2535152], [19.0942599, 49.2530519], [19.094849, 49.252914], [19.0952876, 49.2529773], [19.0960635, 49.2534323], [19.0964642, 49.2538273], [19.0973715, 49.2542471], [19.0983122, 49.2543767], [19.0989456, 49.2544078], [19.0996123, 49.2541486], [19.1004104, 49.2538542], [19.1011942, 49.2536842], [19.1016614, 49.2534986], [19.1023043, 49.2534468], [19.1029377, 49.2534779], [19.1030945, 49.2537774], [19.1034461, 49.2540448], [19.103983, 49.254363], [19.1046117, 49.2544356], [19.1053037, 49.2545112], [19.1063521, 49.2548128], [19.1069713, 49.2549682], [19.1074686, 49.255076], [19.1077711, 49.2552159], [19.1081955, 49.2554035], [19.1087466, 49.2555973], [19.1093801, 49.2556283], [19.1108504, 49.2553042], [19.1120936, 49.2555736], [19.1128206, 49.255901], [19.1137708, 49.2559476], [19.1144723, 49.2559402], [19.1149601, 49.2561309], [19.1153213, 49.2563153], [19.1160181, 49.2563494], [19.1169049, 49.2563928], [19.1175337, 49.2564653], [19.1183921, 49.2567574], [19.1196591, 49.2568194], [19.1206821, 49.256786], [19.1217543, 49.2568802], [19.1226695, 49.2566747], [19.1233267, 49.2564984], [19.1239346, 49.2561945], [19.1239441, 49.2561116], [19.1244253, 49.2558016], [19.1250522, 49.2553318], [19.1251628, 49.2549203], [19.1252735, 49.2545088], [19.1250182, 49.2539542], [19.1251383, 49.2534598], [19.1253661, 49.2531373], [19.1264562, 49.2527945], [19.1271719, 49.2526627], [19.1276751, 49.2527478], [19.1284104, 49.2529733], [19.1292641, 49.2533069], [19.1304535, 49.25349], [19.13138, 49.2537437], [19.1322035, 49.2537839], [19.1328909, 49.2539008], [19.1334515, 49.2540116], [19.1344017, 49.2540579], [19.135176, 49.2539706], [19.1358869, 49.2538802], [19.1368371, 49.2539265], [19.1377873, 49.2539729], [19.1387186, 49.254185], [19.1394552, 49.2544294], [19.1402551, 49.2546769], [19.1406844, 49.2548229], [19.1413764, 49.2548983], [19.1424743, 49.255327], [19.1436354, 49.2557588], [19.1443768, 49.2559617], [19.1452589, 49.2560463], [19.1463955, 49.2564144], [19.1469515, 49.2565665], [19.1475076, 49.2567186], [19.1484342, 49.2569722], [19.1493798, 49.2570599], [19.1503981, 49.2570677], [19.1509541, 49.2572199], [19.1516368, 49.2573781], [19.1524122, 49.2575618], [19.1530269, 49.2577584], [19.1539678, 49.2578876], [19.1551856, 49.2578217], [19.1561546, 49.257702], [19.1569829, 49.2577005], [19.1578792, 49.2576607], [19.159266, 49.2572277], [19.1603548, 49.2566135], [19.1609766, 49.256185], [19.1616031, 49.2557151], [19.1619481, 49.2554817], [19.1629547, 49.2550302], [19.1631588, 49.2549151], [19.1639377, 49.2547861], [19.1646979, 49.254823], [19.1655214, 49.2548629], [19.1668822, 49.2552208], [19.1681656, 49.2557], [19.169083, 49.2560363], [19.1699042, 49.2566598], [19.1701694, 49.2571313], [19.1707466, 49.2576596], [19.1711432, 49.2580957], [19.1714318, 49.2583598], [19.1719879, 49.2585119], [19.1724947, 49.2585364], [19.1731916, 49.2585702], [19.1738979, 49.258521], [19.1745361, 49.2585102], [19.1753104, 49.2584226], [19.1756952, 49.2583996], [19.1763287, 49.2584302], [19.1769669, 49.2584195], [19.1774104, 49.2584409], [19.178444, 49.2585952], [19.1793076, 49.2588454], [19.1801312, 49.2588853], [19.1812715, 49.2589404], [19.1820318, 49.2589772], [19.1826653, 49.2590078], [19.1832449, 49.2589525], [19.1838924, 49.2588587], [19.1846667, 49.2587711], [19.1854597, 49.2585176], [19.1858445, 49.2584945], [19.187121, 49.2584728], [19.1879492, 49.2584711], [19.1891364, 49.2581115], [19.1899527, 49.2576506], [19.1912031, 49.2572941], [19.1921415, 49.2568808], [19.1929884, 49.2567132], [19.1938753, 49.256756], [19.1946989, 49.2567958], [19.195241, 49.2570721], [19.1962854, 49.2574143], [19.1970809, 49.2577028], [19.1976818, 49.2580236], [19.199177, 49.2588879], [19.2003601, 49.2596954], [19.2012638, 49.2601559], [19.201792, 49.2605565], [19.2025056, 49.2610078], [19.2032733, 49.2615451], [19.2043298, 49.2623465], [19.2050682, 49.2628615], [19.2058639, 49.263277], [19.206047, 49.263023], [19.2064735, 49.262471], [19.206578, 49.2621898], [19.2066421, 49.2616203], [19.2064516, 49.261239], [19.2061096, 49.26065], [19.2058836, 49.2600665], [19.2057302, 49.2588377], [19.2056445, 49.257784], [19.2057043, 49.2572525], [19.2056395, 49.2567913], [19.205596, 49.2561403], [19.2057974, 49.2553866], [19.2058443, 49.254969], [19.2059681, 49.2538681], [19.2061139, 49.2536079], [19.206496, 49.253321], [19.2069319, 49.2530748], [19.2075954, 49.2528777], [19.2082743, 49.2530631], [19.2086675, 49.2531965], [19.2094001, 49.2534226], [19.2100833, 49.25357], [19.2107963, 49.2534516], [19.2115008, 49.2534092], [19.2122181, 49.2532529], [19.2126496, 49.2530446], [19.2133345, 49.2526577], [19.2146078, 49.2522227], [19.2155741, 49.2519257], [19.2160226, 49.2515655], [19.2164882, 49.2510535], [19.2166016, 49.2505628], [19.2167035, 49.2504341], [19.2166301, 49.2500489], [19.2163545, 49.2493868], [19.216113, 49.2484209], [19.2160242, 49.2476533], [19.2157713, 49.2470495], [19.2155751, 49.2462003], [19.2155187, 49.2456632], [19.215198, 49.2448844], [19.2151433, 49.2438131], [19.2149061, 49.2428093], [19.2146604, 49.2418814], [19.214518, 49.241073], [19.2141137, 49.2405192], [19.2135952, 49.2394255], [19.2133735, 49.2388041], [19.2127715, 49.2379354], [19.2123375, 49.2376473], [19.2116263, 49.2372314], [19.2111753, 49.2370952], [19.2111472, 49.2368266], [19.2109945, 49.2366285], [19.2110158, 49.2364386], [19.2112153, 49.2362192], [19.2113654, 49.2359211], [19.2118096, 49.2355989], [19.2125607, 49.2351389], [19.2127985, 49.2345778], [19.2128087, 49.2339676], [19.2124809, 49.2335128], [19.2121415, 49.2334202], [19.211931, 49.2332192], [19.2118534, 49.2328719], [19.2117587, 49.2326765], [19.2120179, 49.2319256], [19.2121721, 49.2315895], [19.2122599, 49.2313265], [19.2125259, 49.231034], [19.2123622, 49.2304154], [19.2124133, 49.2299598], [19.2123485, 49.2294987], [19.212097, 49.229143], [19.2116844, 49.2286651], [19.2113382, 49.2281141], [19.2111208, 49.2274548], [19.211172, 49.2269992], [19.2112188, 49.2265816], [19.2115018, 49.2261372], [19.211553, 49.2256816], [19.2113637, 49.2252908], [19.2114093, 49.224625], [19.2113897, 49.2242805], [19.2116616, 49.2234157], [19.2117084, 49.2229981], [19.2117382, 49.2227324], [19.2118345, 49.2223935], [19.2119095, 49.2222444], [19.212126, 49.2218731], [19.2121064, 49.2215286], [19.2120825, 49.2212221], [19.211947, 49.2208721], [19.2121085, 49.2202119], [19.21199, 49.21971], [19.2118528, 49.2195627], [19.2116806, 49.2193516], [19.2113993, 49.2192617], [19.2108453, 49.219006], [19.2102913, 49.2187503], [19.2095677, 49.2184482], [19.2089106, 49.2180731], [19.208187, 49.217771], [19.2071779, 49.217417], [19.2063427, 49.2170714], [19.2057802, 49.2168916], [19.2053165, 49.2168693], [19.2047455, 49.2167654], [19.2042947, 49.2166292], [19.2031825, 49.2161557], [19.2023925, 49.2159267], [19.2011969, 49.2156782], [19.2006301, 49.2155364], [19.2003294, 49.215102], [19.200136, 49.2147491], [19.1999511, 49.2143203], [19.1997126, 49.2138508], [19.1990965, 49.2136302], [19.198431, 49.2133309], [19.1977569, 49.2131075], [19.1967181, 49.2130192], [19.1956622, 49.2130827], [19.1943788, 49.213097], [19.1931576, 49.2130762], [19.1922304, 49.2130314], [19.1914771, 49.212995], [19.1909415, 49.2128355], [19.1907653, 49.2123308], [19.1906171, 49.2120946], [19.1907715, 49.2117585], [19.1912156, 49.2114365], [19.191606, 49.2110736], [19.1920909, 49.2109062], [19.1923612, 49.2105757], [19.1925198, 49.2102017], [19.1925668, 49.2097841], [19.1927084, 49.2095619], [19.1933111, 49.2088658], [19.1936198, 49.2081936], [19.1937009, 49.2074723], [19.193887, 49.2063362], [19.1941121, 49.205889], [19.1945196, 49.2053743], [19.1951545, 49.2049088], [19.1954802, 49.2040848], [19.1952375, 49.2036532], [19.19466, 49.2030909], [19.1941685, 49.2027999], [19.1935696, 49.2024275], [19.1927262, 49.2021577], [19.1920158, 49.2017416], [19.1914663, 49.2014479], [19.1913139, 49.2012497], [19.1908438, 49.2007689], [19.1902858, 49.2005511], [19.1897772, 49.200412], [19.1890692, 49.2004922], [19.1885264, 49.2006568], [19.1874567, 49.200586], [19.1869439, 49.2004849], [19.1858237, 49.2000871], [19.1849675, 49.1999312], [19.1843431, 49.1997864], [19.1836565, 49.1996769], [19.1832723, 49.1994674], [19.1823454, 49.1994225], [19.1817081, 49.1993917], [19.1810258, 49.1992441], [19.1807039, 49.1989995], [19.1804314, 49.1988336], [19.1803412, 49.1986002], [19.1803926, 49.1981446], [19.1803044, 49.197377], [19.1786005, 49.1974203], [19.1772778, 49.1972887], [19.1765526, 49.1972166], [19.1746514, 49.1971245], [19.1751384, 49.1970437], [19.1754141, 49.1960131], [19.1764232, 49.19554], [19.1764406, 49.193975], [19.1760239, 49.1934328], [19.1759358, 49.1928021], [19.1766632, 49.1920022], [19.1769857, 49.1905563], [19.1760526, 49.1889452], [19.1754246, 49.1874532], [19.1756004, 49.1858958], [19.1760695, 49.1845614], [19.1770784, 49.1840883], [19.1796127, 49.1842111], [19.1826986, 49.1850914], [19.1862365, 49.1862023], [19.1890643, 49.1865479], [19.190833, 49.186378], [19.1913884, 49.1860995], [19.1919804, 49.1860136], [19.1941661, 49.1857375], [19.195511, 49.185688], [19.1961877, 49.1856253], [19.1965889, 49.1856828], [19.197685, 49.1857739], [19.1987361, 49.1857484], [19.1997421, 49.1857299], [19.2002718, 49.1855553], [19.2004346, 49.1851433], [19.2009832, 49.1844064], [19.2010881, 49.1839916], [19.2011179, 49.1837258], [19.2011776, 49.1831943], [19.2012995, 49.1826276], [19.2012025, 49.1819359], [19.2010348, 49.1813552], [19.2009915, 49.1807042], [19.2013067, 49.1804904], [19.2020272, 49.1802962], [19.2024679, 49.1802602], [19.2028904, 49.1801279], [19.2030939, 49.1798705], [19.2034347, 49.1794289], [19.2035181, 49.1792039], [19.2035736, 49.1787104], [19.2036375, 49.1781409], [19.2033284, 49.1777825], [19.2030236, 49.1773861], [19.2024676, 49.176634], [19.2019891, 49.1762292], [19.2017678, 49.1756078], [19.201583, 49.175179], [19.2015099, 49.1747937], [19.2019213, 49.174241], [19.2020797, 49.173867], [19.2025983, 49.1733958], [19.2028062, 49.1731005], [19.2030634, 49.1728839], [19.2033998, 49.1724802], [19.2036782, 49.1720738], [19.2037294, 49.1716182], [19.2035166, 49.1709209], [19.2033507, 49.1698059], [19.2033891, 49.1694642], [19.2035969, 49.1691689], [19.2041972, 49.169007], [19.2048907, 49.1687924], [19.2055659, 49.1684814], [19.2058529, 49.167999], [19.2060581, 49.1672074], [19.2061093, 49.1667518], [19.2061732, 49.1661823], [19.2061706, 49.165686], [19.2060804, 49.1654526], [19.2058165, 49.1652108], [19.2057305, 49.1649395], [19.2057646, 49.1646358], [19.2061673, 49.164159], [19.2064951, 49.1638313], [19.206868, 49.1636202], [19.2072282, 49.1635231], [19.2079838, 49.1632733], [19.2085261, 49.1631086], [19.209122, 49.1629846], [19.2097563, 49.162519], [19.2100049, 49.1623783], [19.2106306, 49.1619886], [19.2109005, 49.1616581], [19.2112453, 49.1611785], [19.2115943, 49.1606609], [19.2116411, 49.1602433], [19.2118445, 49.1599859], [19.2118956, 49.1595303], [19.2117108, 49.1591016], [19.2115755, 49.1587515], [19.2115206, 49.1584626], [19.2119232, 49.1579858], [19.2125574, 49.1575201], [19.2130757, 49.1570489], [19.2135814, 49.1566915], [19.2138639, 49.1562471], [19.2141465, 49.1558027], [19.2145942, 49.1554426], [19.215173, 49.1554705], [19.21602, 49.1557021], [19.216541, 49.1557272], [19.2169462, 49.1557467], [19.217302, 49.1556875], [19.2180885, 49.15542], [19.2185447, 49.154984], [19.2187693, 49.1545367], [19.2189276, 49.1541626], [19.2193216, 49.1537617], [19.2195165, 49.1535803], [19.2202859, 49.1534646], [19.2208069, 49.1534897], [19.2213278, 49.1535148], [19.2216751, 49.1535315], [19.2221424, 49.1535158], [19.2226761, 49.153427], [19.2230531, 49.1531779], [19.2236504, 49.1525196], [19.2239823, 49.1521539], [19.2244596, 49.151528], [19.2249114, 49.1511298], [19.2251812, 49.1507993], [19.2253351, 49.1504631], [19.2260269, 49.1500002], [19.2266256, 49.14959], [19.226908, 49.1491456], [19.2274219, 49.1487122], [19.227861, 49.148428], [19.22842, 49.1481113], [19.2288182, 49.1476724], [19.2291372, 49.1474206], [19.2298163, 49.1470715], [19.230628, 49.1465762], [19.2313733, 49.1461539], [19.2317545, 49.1458669], [19.2321766, 49.1457345], [19.2328598, 49.1453474], [19.2335882, 49.1450771], [19.2341683, 49.1445706], [19.2346031, 49.1443243], [19.2352242, 49.1439724], [19.2362094, 49.1434853], [19.2367514, 49.1433205], [19.2377451, 49.1427575], [19.2384861, 49.1423732], [19.238966, 49.1422435], [19.2395701, 49.1420435], [19.2401572, 49.1419953], [19.241244, 49.142162], [19.2422857, 49.1422119], [19.2439836, 49.1418544], [19.2444268, 49.1415321], [19.2450279, 49.1408357], [19.2452861, 49.1400847], [19.2459916, 49.1389734], [19.2463781, 49.1381141], [19.2465855, 49.1378187], [19.2470202, 49.1375723], [19.2474337, 49.1375158], [19.2481901, 49.1375138], [19.2496494, 49.1374692], [19.250389, 49.1376192], [19.2514306, 49.1376691], [19.2523196, 49.1375208], [19.2528983, 49.1375485], [19.2534685, 49.1376521], [19.253923, 49.1377502], [19.2541954, 49.1379159], [19.2542195, 49.1382224], [19.2541604, 49.138754], [19.2539603, 49.1395078], [19.2536034, 49.1401014], [19.2527893, 49.1408831], [19.2520683, 49.1416119], [19.2519513, 49.1421407], [19.2517101, 49.1427399], [19.2516298, 49.1434612], [19.2515707, 49.1439928], [19.2517431, 49.1445354], [19.2522754, 49.1449807], [19.2532875, 49.1452964], [19.2544396, 49.145924], [19.2554928, 49.1463943], [19.2566123, 49.1467913], [19.2578645, 49.1470421], [19.2589388, 49.1473225], [19.2600795, 49.1475297], [19.2609928, 49.1476878], [19.2622819, 49.1481311], [19.2632026, 49.1487476], [19.2638423, 49.1492744], [19.2644453, 49.1496085], [19.2646757, 49.1501539], [19.2652775, 49.1510223], [19.2661378, 49.1519222], [19.2664798, 49.1525111], [19.2668544, 49.1533305], [19.2678289, 49.1539877], [19.2687666, 49.1544523], [19.2698496, 49.1546566], [19.2705768, 49.1549203], [19.2713125, 49.1551081], [19.2724082, 49.1551985], [19.2733259, 49.1553186], [19.2740206, 49.1553517], [19.2748889, 49.1553931], [19.2755256, 49.1554235], [19.2758729, 49.15544], [19.2765265, 49.1553185], [19.2769485, 49.1551859], [19.2773295, 49.1548987], [19.2777725, 49.1545763], [19.2783524, 49.1540696], [19.2786512, 49.1534731], [19.2788753, 49.1530258], [19.2793645, 49.1522857], [19.2796581, 49.1522616], [19.2802949, 49.1522919], [19.2808611, 49.1524333], [19.2820136, 49.1530607], [19.2825505, 49.153468], [19.283303, 49.1535038], [19.2839565, 49.1533822], [19.2845094, 49.1528551], [19.2847251, 49.1524837], [19.2850933, 49.1523104], [19.2858005, 49.1522295], [19.2862015, 49.1522867], [19.2867351, 49.1521976], [19.2872686, 49.1521085], [19.2877527, 49.1519407], [19.2885882, 49.1517514], [19.2896469, 49.1516491], [19.2904698, 49.1515737], [19.2912802, 49.1516122], [19.2920327, 49.151648], [19.2925578, 49.1516347], [19.2930209, 49.1516567], [19.2934924, 49.1516028], [19.2938438, 49.1515813], [19.2939764, 49.151435], [19.2942331, 49.1512182], [19.2942389, 49.151196], [19.2945533, 49.1514344], [19.2956232, 49.1518736], [19.2968003, 49.1525336], [19.2982952, 49.153295], [19.2997768, 49.1535811], [19.3006268, 49.1542256], [19.3009674, 49.1547164], [19.3017519, 49.1553577], [19.3029623, 49.1557172], [19.3050843, 49.156163], [19.3062293, 49.1565193], [19.3077434, 49.1571089], [19.3077988, 49.1571208], [19.3079765, 49.1572673], [19.3083254, 49.1575046], [19.3086628, 49.1576719], [19.3092193, 49.1580693], [19.3094023, 49.15836], [19.3098652, 49.1587108], [19.3105574, 49.1589316], [19.3114076, 49.1590188], [19.3123137, 49.1592497], [19.3133315, 49.1597678], [19.3144205, 49.1602893], [19.3157286, 49.1607741], [19.3171286, 49.1610753], [19.3179127, 49.1611123], [19.3189768, 49.1612096], [19.320041, 49.1613069], [19.3205204, 49.1614723], [19.3211456, 49.1616881], [19.3220084, 49.1619873], [19.3223847, 49.162475], [19.3230565, 49.1628827], [19.3234534, 49.1631834], [19.3238349, 49.1636243], [19.324756, 49.1643727], [19.325397, 49.1650609], [19.3264863, 49.1655822], [19.3272346, 49.1659465], [19.3281562, 49.166037], [19.3289507, 49.1659805], [19.3297452, 49.165924], [19.3308146, 49.1659744], [19.331288, 49.1662317], [19.3320768, 49.1668798], [19.3332324, 49.1674512], [19.3346224, 49.1678457], [19.3355185, 49.1681699], [19.3357627, 49.1685573], [19.3358438, 49.169125], [19.3362203, 49.1696127], [19.3369841, 49.1698366], [19.3379618, 49.1700707], [19.3388174, 49.170111], [19.3392452, 49.1701311], [19.3398715, 49.1703016], [19.3403477, 49.1702065], [19.3410965, 49.1699128], [19.3420285, 49.1699097], [19.3431134, 49.1698198], [19.3436684, 49.1699869], [19.3443456, 49.1703477], [19.3448037, 49.1707452], [19.344946, 49.1714097], [19.3448693, 49.172111], [19.3447874, 49.172859], [19.3448687, 49.1734267], [19.3457496, 49.1738911], [19.3461975, 49.174382], [19.3467271, 49.1747829], [19.3473484, 49.175], [19.3479697, 49.1752172], [19.34881, 49.1753977], [19.3497268, 49.1755348], [19.3504245, 49.1757085], [19.3511171, 49.175929], [19.3523089, 49.176173], [19.3530015, 49.1763935], [19.3540507, 49.1766307], [19.3547027, 49.1765673], [19.3558232, 49.1768079], [19.3563529, 49.1772087], [19.3571626, 49.1776696], [19.3578349, 49.1780771], [19.358385, 49.1782909], [19.3588535, 49.1785948], [19.3593985, 49.1788553], [19.3597907, 49.1792026], [19.3603815, 49.1797002], [19.3607787, 49.1800008], [19.3615886, 49.1804617], [19.3621998, 49.1807723], [19.362755, 49.1809393], [19.3630505, 49.1808592], [19.3633409, 49.1808258], [19.3637662, 49.1805403], [19.3644336, 49.1803366], [19.3650754, 49.1803667], [19.3655287, 49.1808108], [19.366089, 49.1809311], [19.3670569, 49.1812584], [19.3678414, 49.1812951], [19.3687634, 49.1813853], [19.3698535, 49.1812483], [19.3706481, 49.1811916], [19.3716466, 49.1812383], [19.372696, 49.1814754], [19.3742191, 49.1819695], [19.3750546, 49.1821966], [19.3758238, 49.1823735], [19.376537, 49.1824069], [19.377622, 49.1823166], [19.3780448, 49.1823834], [19.3784829, 49.1823099], [19.3791451, 49.1821529], [19.3795424, 49.1817955], [19.3797868, 49.181525], [19.3800975, 49.1813046], [19.3811009, 49.1806466], [19.3816103, 49.1805764], [19.3817121, 49.1802993], [19.3818139, 49.1800221], [19.3814266, 49.1796281], [19.3810394, 49.1792341], [19.3807897, 49.1788935], [19.3806114, 49.1785562], [19.3805655, 49.1783191], [19.3804024, 49.1778416], [19.3804133, 49.1776904], [19.3804379, 49.1775144], [19.3806162, 49.1771938], [19.3811306, 49.1770768], [19.381426, 49.1769967], [19.3819965, 49.1770233], [19.3823989, 49.1772771], [19.3831988, 49.1778313], [19.383535, 49.178035], [19.3839477, 49.1781952], [19.3842329, 49.1782085], [19.3849204, 49.1778177], [19.3855112, 49.1776573], [19.3863109, 49.1775537], [19.3868915, 49.1774868], [19.386922, 49.1772063], [19.3870187, 49.1769759], [19.387472, 49.1767621], [19.3877572, 49.1767754], [19.3881137, 49.176792], [19.3884348, 49.1771359], [19.3887203, 49.1778071], [19.3886695, 49.1782746], [19.388899, 49.1788022], [19.3893474, 49.179293], [19.3901524, 49.1798005], [19.3907486, 49.1802512], [19.3911028, 49.1806201], [19.3918058, 49.1807469], [19.3930642, 49.1810405], [19.3944854, 49.1811537], [19.3965486, 49.1812968], [19.3976082, 49.1814402], [19.3985252, 49.1815769], [19.400079, 49.1817902], [19.4016278, 49.1820502], [19.402606, 49.1822837], [19.4040223, 49.1824436], [19.4049494, 49.1824867], [19.4058255, 49.1823395], [19.4070531, 49.1822556], [19.4071454, 49.1822734], [19.408388, 49.1825056], [19.4093814, 49.1825988], [19.41039, 49.1825517], [19.411297, 49.1827818], [19.411995, 49.1829551], [19.4125173, 49.1830969], [19.4132305, 49.18313], [19.4145244, 49.1830961], [19.4151814, 49.1829857], [19.4159098, 49.1828785], [19.4165769, 49.1826745], [19.4174681, 49.182387], [19.4177023, 49.1822099], [19.4185323, 49.1818255], [19.4188478, 49.1815582], [19.4199428, 49.1813741], [19.4207987, 49.1814138], [19.4214355, 49.1814903], [19.4225435, 49.1815182], [19.4231652, 49.1817349], [19.4239908, 49.1820551], [19.4247912, 49.1826091], [19.4257544, 49.1829826], [19.4260959, 49.1831394], [19.4271808, 49.1830487], [19.4276952, 49.1829316], [19.4281383, 49.1828111], [19.4286677, 49.1825537], [19.4289782, 49.1823332], [19.4287099, 49.1819221], [19.4289295, 49.1817142], [19.429715, 49.1808167], [19.4298367, 49.1803525], [19.429882, 49.1799317], [19.4301875, 49.1797579], [19.4306355, 49.1795907], [19.4310173, 49.1793734], [19.4321072, 49.1792359], [19.4329017, 49.1791787], [19.4331358, 49.1790016], [19.4332935, 49.1788679], [19.4333389, 49.1784472], [19.4333691, 49.1781666], [19.4332695, 49.1776504], [19.4332306, 49.1774554], [19.433307, 49.177412], [19.4336686, 49.1773817], [19.4341678, 49.1774048], [19.4348096, 49.1774345], [19.4355739, 49.1776578], [19.4362057, 49.177781], [19.4369138, 49.1778607], [19.4374231, 49.1777903], [19.4376471, 49.1777067], [19.4382227, 49.1776863], [19.4387831, 49.1778062], [19.439425, 49.1778359], [19.4399854, 49.1779557], [19.4404184, 49.1779288], [19.4411516, 49.1777747], [19.4415384, 49.1775106], [19.4420627, 49.1772999], [19.4427095, 49.1772828], [19.4429948, 49.177296], [19.4438195, 49.1769582], [19.4443187, 49.1769813], [19.4451795, 49.176974], [19.4461779, 49.1770201], [19.4470618, 49.1771314], [19.4481265, 49.1772275], [19.4489823, 49.177267], [19.4499556, 49.1775468], [19.4511379, 49.1778833], [19.4521263, 49.1780228], [19.452967, 49.1782026], [19.4535437, 49.17884], [19.4536562, 49.1791271], [19.4541616, 49.1797612], [19.4547784, 49.1800245], [19.4555941, 49.180438], [19.4566439, 49.1806743], [19.4581266, 49.1808836], [19.4603576, 49.1807983], [19.4612848, 49.180841], [19.4621507, 49.1807869], [19.4635871, 49.180759], [19.4640863, 49.180782], [19.4647996, 49.1808148], [19.4655841, 49.1808509], [19.4660883, 49.1808271], [19.4673058, 49.1808361], [19.468019, 49.1808689], [19.4693028, 49.1809279], [19.47022, 49.181064], [19.4711854, 49.1810849], [19.4725042, 49.1808166], [19.4738178, 49.1812131], [19.47484, 49.1813507], [19.4749908, 49.1813482], [19.4762942, 49.1813268], [19.4773501, 49.1811487], [19.478406, 49.1809706], [19.4794379, 49.1810179], [19.4809302, 49.1811093], [19.4817147, 49.1811453], [19.4824379, 49.1810845], [19.4831811, 49.1808366], [19.4839292, 49.180542], [19.4846425, 49.1805747], [19.4859976, 49.1806368], [19.4868485, 49.1807228], [19.4879896, 49.180775], [19.4890545, 49.1808708], [19.4903333, 49.1809763], [19.4914082, 49.1809785], [19.4925543, 49.180984], [19.4930685, 49.1808666], [19.4937204, 49.1808024], [19.4943159, 49.1805947], [19.4951104, 49.1805371], [19.4957672, 49.1804262], [19.4962101, 49.1803055], [19.4969946, 49.1803414], [19.4979965, 49.1806926], [19.4983531, 49.1807089], [19.4987197, 49.1806316], [19.4992388, 49.1804674], [19.4998392, 49.180213], [19.5001345, 49.1801325], [19.5005259, 49.1798215], [19.5023586, 49.1794354], [19.5036772, 49.1791667], [19.5052661, 49.1790513], [19.5059843, 49.1790371], [19.5067688, 49.1790729], [19.5070144, 49.17946], [19.5066745, 49.1799613], [19.5062881, 49.1802256], [19.5060443, 49.1804963], [19.5059997, 49.1809172], [19.5063116, 49.1813542], [19.5070664, 49.1816706], [19.5078212, 49.1819869], [19.5087949, 49.1822663], [19.5096459, 49.1823521], [19.5101253, 49.1825619], [19.5105849, 49.1829587], [19.5109781, 49.1833055], [19.5113763, 49.1836056], [19.5117082, 49.1838556], [19.5123719, 49.1843557], [19.5129078, 49.184709], [19.5136012, 49.1849285], [19.5148455, 49.1853611], [19.5158758, 49.1857839], [19.5169111, 49.1861599], [19.5177988, 49.1865762], [19.518738, 49.1871828], [19.5193354, 49.1876328], [19.5208969, 49.1884556], [19.5222077, 49.1889381], [19.5238951, 49.1892498], [19.5251678, 49.189754], [19.5260705, 49.1900299], [19.5266729, 49.1904332], [19.5271228, 49.1909235], [19.5282317, 49.1919605], [19.5288244, 49.1924572], [19.5295696, 49.192867], [19.5302385, 49.1933202], [19.5309173, 49.1936799], [19.5319797, 49.1944799], [19.5323732, 49.1948266], [19.5329094, 49.1951798], [19.5334357, 49.1956265], [19.5338907, 49.19607], [19.533861, 49.1963506], [19.5333835, 49.1967987], [19.5332013, 49.1971663], [19.5327682, 49.1971936], [19.5320399, 49.1973015], [19.5312254, 49.1975464], [19.5305536, 49.1977978], [19.5295151, 49.1981265], [19.5291803, 49.1985811], [19.5292071, 49.1990052], [19.5298563, 49.1996454], [19.5300972, 49.2000792], [19.5304243, 49.200376], [19.5310171, 49.2008727], [19.5315484, 49.2012727], [19.531932, 49.2017129], [19.5324683, 49.2020662], [19.5330193, 49.2022791], [19.5333761, 49.2022953], [19.5340183, 49.2023244], [19.5342423, 49.2022406], [19.534266, 49.2022081], [19.5344381, 49.2022159], [19.5347842, 49.2020864], [19.5348432, 49.2020528], [19.5353356, 49.2017903], [19.5358068, 49.2018117], [19.5364079, 49.2018833], [19.5368118, 49.2019016], [19.5369672, 49.2023518], [19.5373871, 49.2028584], [19.5388748, 49.203502], [19.5400632, 49.2037775], [19.5409777, 49.2040849], [19.5419642, 49.2043512], [19.543336, 49.2048122], [19.5444571, 49.2050846], [19.5454784, 49.2056627], [19.5459844, 49.2059958], [19.5465484, 49.2064202], [19.5473237, 49.2067656], [19.547853, 49.2068782], [19.548763, 49.2072296], [19.5501001, 49.2073787], [19.5509706, 49.2074624], [19.5517298, 49.2073195], [19.552331, 49.207391], [19.5528742, 49.2073712], [19.5537587, 49.2073225], [19.5545805, 49.2072267], [19.5550564, 49.2072039], [19.5554162, 49.2069986], [19.5558921, 49.2069758], [19.5562961, 49.206994], [19.5565561, 49.2070944], [19.5567163, 49.2075005], [19.5572433, 49.2082778], [19.5579374, 49.2087523], [19.5586455, 49.2090945], [19.5592143, 49.2094748], [19.5599897, 49.20982], [19.5608998, 49.2101713], [19.5625181, 49.2108648], [19.5634328, 49.211172], [19.5643522, 49.2114351], [19.5649896, 49.211486], [19.5660227, 49.211311], [19.5672624, 49.211101], [19.5680796, 49.2110492], [19.5690222, 49.2110917], [19.5699786, 49.2110018], [19.5713437, 49.2108861], [19.5720355, 49.2107399], [19.5725253, 49.2105847], [19.5732171, 49.2104386], [19.5737557, 49.2104629], [19.5744917, 49.2105403], [19.5757386, 49.2109067], [19.5764653, 49.2110723], [19.5770389, 49.2114084], [19.5780792, 49.2118097], [19.5787967, 49.2120636], [19.5798231, 49.2125973], [19.5806034, 49.2128983], [19.5813394, 49.2129757], [19.5827883, 49.2133511], [19.5837079, 49.213614], [19.5849807, 49.2143803], [19.5861327, 49.2150082], [19.5872754, 49.2157242], [19.5883648, 49.216305], [19.5892613, 49.2167884], [19.590216, 49.2173631], [19.5910315, 49.2179758], [19.5915287, 49.218397], [19.5924483, 49.2186598], [19.593381, 49.2191227], [19.5946863, 49.2195801], [19.5959732, 49.2202139], [19.5967934, 49.2207825], [19.5970294, 49.2210054], [19.5975324, 49.2214804], [19.5982898, 49.2220018], [19.5990657, 49.2223468], [19.6003896, 49.2226277], [19.6012818, 49.2231551], [19.6023806, 49.2236475], [19.6033356, 49.2242221], [19.6040396, 49.2246081], [19.6046809, 49.224947], [19.6053452, 49.2250654], [19.606086, 49.2250985], [19.6068131, 49.225264], [19.6074544, 49.2256029], [19.6078982, 49.2258887], [19.6084676, 49.2262687], [19.6095085, 49.2266697], [19.6103564, 49.2269735], [19.6113667, 49.2270187], [19.6119729, 49.2270458], [19.6128439, 49.227129], [19.6133957, 49.2273531], [19.6140325, 49.2277361], [19.6141304, 49.228095], [19.613887, 49.228483], [19.6135227, 49.2287326], [19.6132839, 49.2290765], [19.6130543, 49.2293321], [19.6132732, 49.2298294], [19.6130435, 49.230085], [19.6125445, 49.2303286], [19.612001, 49.2303486], [19.6115387, 49.2302394], [19.6111575, 49.2300007], [19.6109601, 49.2299476], [19.610507, 49.2297501], [19.6099865, 49.2295495], [19.6093941, 49.2293901], [19.6088599, 49.2293219], [19.6083118, 49.229386], [19.6074852, 49.2295264], [19.606784, 49.2297609], [19.6064334, 49.2298782], [19.6057415, 49.2300245], [19.6050985, 49.2303503], [19.6045274, 49.2306349], [19.6040329, 49.2308344], [19.6031556, 49.2314599], [19.6028447, 49.2318448], [19.6024619, 49.2322709], [19.6021602, 49.2325676], [19.6014498, 49.2328903], [19.6007485, 49.2331248], [19.6000427, 49.2334034], [19.5997364, 49.2337443], [19.5994393, 49.2339969], [19.5994071, 49.2343056], [19.5993656, 49.2347026], [19.5994894, 49.2354616], [19.5997893, 49.2358296], [19.600201, 49.2364241], [19.6006311, 49.2368422], [19.6011516, 49.2370428], [19.6014211, 49.2370549], [19.6020809, 49.2372173], [19.6027269, 49.2375122], [19.6034633, 49.2375894], [19.6041278, 49.2377078], [19.6044692, 49.2376788], [19.6056818, 49.237733], [19.6063907, 49.2380749], [19.6071668, 49.2384199], [19.6080196, 49.2386796], [19.6089536, 49.2388099], [19.6095599, 49.238837], [19.6101126, 49.2387288], [19.6107419, 49.2385353], [19.6111783, 49.2382446], [19.6113314, 49.2380742], [19.6116147, 49.2379539], [19.6118842, 49.2379659], [19.6125394, 49.2381725], [19.6131993, 49.2383349], [19.6141195, 49.2385976], [19.614784, 49.2387159], [19.6153857, 49.2387871], [19.6159109, 49.2389435], [19.6163779, 49.2390086], [19.6168985, 49.2392091], [19.6174642, 49.2393008], [19.6184977, 49.2391254], [19.619104, 49.2391524], [19.6197149, 49.2391354], [19.6203534, 49.2388536], [19.6209734, 49.2387483], [19.6213777, 49.2387663], [19.6221769, 49.2388906], [19.6229486, 49.2392795], [19.6236805, 49.2394008], [19.6244124, 49.2395221], [19.6250907, 49.239508], [19.6259849, 49.2393705], [19.6264564, 49.2393915], [19.626807, 49.2392742], [19.6275848, 49.2389543], [19.6281159, 49.2384019], [19.6281663, 49.2379166], [19.6284188, 49.2374404], [19.6285765, 49.2372258], [19.6287877, 49.2371466], [19.6291919, 49.2371646], [19.6295961, 49.2371826], [19.6300677, 49.2372036], [19.6304045, 49.2372186], [19.6308715, 49.2372837], [19.6314178, 49.2373773], [19.6316524, 49.2375844], [19.6316878, 49.2378961], [19.6317231, 49.2382079], [19.6319023, 49.2384375], [19.6324949, 49.2385968], [19.6329037, 49.2385707], [19.6333844, 49.2385034], [19.6339417, 49.238351], [19.6342831, 49.2383218], [19.6347409, 49.2384751], [19.6347763, 49.2387869], [19.6347442, 49.2390957], [19.634775, 49.2394516], [19.634743, 49.2397604], [19.6348457, 49.2400752], [19.6348673, 49.2405193], [19.6349072, 49.240787], [19.6351355, 49.241196], [19.6355169, 49.2414345], [19.6373085, 49.24178], [19.6380267, 49.2420335], [19.6386011, 49.2423693], [19.6387895, 49.2425106], [19.639445, 49.242717], [19.6401861, 49.2427499], [19.6408827, 49.2425593], [19.6414982, 49.242498], [19.6419116, 49.2424277], [19.6428914, 49.2421167], [19.6436508, 49.2419732], [19.6440596, 49.241947], [19.6447156, 49.241821], [19.6453266, 49.2418038], [19.6458747, 49.2417395], [19.6463463, 49.2417604], [19.6470018, 49.2419668], [19.6472393, 49.2422875], [19.6475443, 49.2426113], [19.6476471, 49.242926], [19.647606, 49.243323], [19.647574, 49.2436318], [19.6475512, 49.2438524], [19.6475192, 49.2441612], [19.6476266, 49.2444318], [19.6480617, 49.2448057], [19.648434, 49.2451324], [19.648586, 49.2456266], [19.6486842, 49.2459855], [19.6489081, 49.2464385], [19.6493113, 49.2471211], [19.6494724, 49.2475271], [19.6500423, 49.2479069], [19.65143, 49.2482343], [19.6520764, 49.2485289], [19.6525253, 49.2487703], [19.6528384, 49.2496705], [19.6526534, 49.2501498], [19.6515205, 49.2506313], [19.650455, 49.2511159], [19.6494887, 49.2512946], [19.6481673, 49.2516349], [19.6471154, 49.2519871], [19.6451909, 49.2529209], [19.6434513, 49.2533755], [19.6430104, 49.2537105], [19.642686, 49.2542278], [19.642654, 49.2545366], [19.6426174, 49.2548895], [19.64259, 49.2551542], [19.642702, 49.2553808], [19.6433262, 49.2555636], [19.6439281, 49.2556346], [19.6446112, 49.2555763], [19.6449619, 49.2554589], [19.6457889, 49.2553183], [19.6468808, 49.2552338], [19.6478289, 49.2552316], [19.6489163, 49.2551911], [19.6497524, 49.2549623], [19.6502561, 49.2546744], [19.6508363, 49.2543013], [19.6509128, 49.2542161], [19.6513263, 49.2541458], [19.6518654, 49.2541697], [19.6523372, 49.2541906], [19.6526604, 49.2543378], [19.6527678, 49.2546085], [19.6528661, 49.2549674], [19.6531038, 49.2552881], [19.654181, 49.2560005], [19.6549796, 49.2567893], [19.6559404, 49.2573193], [19.6567036, 49.2577962], [19.6574941, 49.2580085], [19.6588147, 49.2583328], [19.6599422, 49.2585599], [19.6609213, 49.2589134], [19.662242, 49.2592377], [19.6632529, 49.2592824], [19.6639451, 49.2591358], [19.6646373, 49.2589891], [19.6649251, 49.2588246], [19.6652667, 49.2587954], [19.6656128, 49.258722], [19.6662867, 49.2587518], [19.6671183, 49.258567], [19.667932, 49.2582263], [19.6683591, 49.2580236], [19.6690877, 49.257524], [19.669879, 49.2570714], [19.6704682, 49.25661], [19.6708771, 49.2565837], [19.6715511, 49.2566135], [19.6719509, 49.2566755], [19.6728089, 49.2568906], [19.6733117, 49.2572673], [19.6736214, 49.2575468], [19.6738393, 49.2581196], [19.674047, 49.2586735], [19.6745181, 49.259359], [19.6749535, 49.2597327], [19.675573, 49.2602918], [19.6758109, 49.2606124], [19.6760577, 49.2608449], [19.6763675, 49.2611244], [19.6767401, 49.2614511], [19.6767757, 49.2617628], [19.6768204, 49.2619864], [19.6767887, 49.2622952], [19.6768334, 49.2625187], [19.6768107, 49.2627393], [19.6771023, 49.2631953], [19.677484, 49.2634337], [19.6782338, 49.2640428], [19.6788133, 49.2643342], [19.6794154, 49.2644051], [19.6799676, 49.2649612], [19.6802728, 49.2652848], [19.6805645, 49.2657408], [19.6812516, 49.2663028], [19.6816871, 49.2666765], [19.6823113, 49.2671915], [19.6830165, 49.267577], [19.6839824, 49.2680627], [19.6848088, 49.2685865], [19.685577, 49.2690192], [19.6863854, 49.2697194], [19.6878141, 49.270314], [19.6889284, 49.2706732], [19.6899932, 49.2711854], [19.6906402, 49.2714797], [19.6912107, 49.2718593], [19.691579, 49.27223], [19.6922572, 49.2728802], [19.6926657, 49.2735185], [19.6937485, 49.2741864], [19.6944494, 49.2746161], [19.6953344, 49.275231], [19.6956983, 49.2756458], [19.6964666, 49.2760783], [19.6975585, 49.276658], [19.6982101, 49.2769082], [19.6990686, 49.2771231], [19.6999315, 49.2772939], [19.7008483, 49.2776], [19.7018326, 49.2779091], [19.7022191, 49.2781033], [19.7028617, 49.2784417], [19.7036257, 49.2789183], [19.7041606, 49.2789861], [19.7049471, 49.2792421], [19.7056123, 49.2793599], [19.7064125, 49.2794836], [19.7072216, 49.279519], [19.7081027, 49.2795133], [19.7085747, 49.279534], [19.7092354, 49.2796959], [19.7102783, 49.2797637], [19.7114875, 49.2798609], [19.7127058, 49.2798699], [19.7137172, 49.2799142], [19.7149219, 49.2800555], [19.7161357, 49.2801086], [19.7171471, 49.2801529], [19.7178124, 49.2802706], [19.7183518, 49.2802942], [19.7189677, 49.2802325], [19.7198488, 49.2802267], [19.7205996, 49.2801708], [19.7212964, 49.2799797], [19.7219438, 49.2796092], [19.7225012, 49.2794563], [19.7231935, 49.2793093], [19.7244207, 49.27923], [19.7253198, 49.2790477], [19.7260436, 49.2785918], [19.7265336, 49.278436], [19.7268168, 49.2783154], [19.7269561, 49.2782772], [19.7276844, 49.2777772], [19.7287363, 49.2774243], [19.7294195, 49.2773655], [19.7305388, 49.2770155], [19.7315187, 49.2767038], [19.7324717, 49.2766567], [19.7330606, 49.2768596], [19.7339146, 49.2771184], [19.7343957, 49.2777154], [19.7349081, 49.2780036], [19.735497, 49.2782065], [19.736023, 49.2783624], [19.7366299, 49.2783888], [19.7379514, 49.2783799], [19.7387471, 49.2785475], [19.739408, 49.2787092], [19.7402126, 49.2787885], [19.7410892, 49.2788267], [19.7416331, 49.278806], [19.7420377, 49.2788236], [19.7423569, 49.2790148], [19.7424649, 49.2792853], [19.7427211, 49.2794294], [19.7430583, 49.2794441], [19.7432021, 49.2793617], [19.7436291, 49.2791587], [19.7436605, 49.2788499], [19.7438581, 49.2782382], [19.7440199, 49.2779794], [19.7441008, 49.2778499], [19.7445546, 49.2773823], [19.7449592, 49.2773999], [19.7453548, 49.2775057], [19.745674, 49.2776968], [19.7461326, 49.2778497], [19.7464652, 49.2779085], [19.7466675, 49.2779172], [19.7468743, 49.2778819], [19.7474316, 49.2777289], [19.7478541, 49.27757], [19.7482587, 49.2775876], [19.7485015, 49.277864], [19.7488118, 49.2781434], [19.7495177, 49.2785285], [19.7500571, 49.278552], [19.7507314, 49.2785813], [19.7514236, 49.2784341], [19.7523136, 49.2783398], [19.7530958, 49.2783073], [19.7541747, 49.2783542], [19.7550557, 49.2783481], [19.755739, 49.2782891], [19.7563593, 49.2781831], [19.7567549, 49.2782889], [19.7573618, 49.2783152], [19.7580361, 49.2783445], [19.7583732, 49.2783591], [19.7588497, 49.2783354], [19.7595195, 49.2784088], [19.7601893, 49.2784822], [19.7612053, 49.2784819], [19.761884, 49.278467], [19.762774, 49.2783727], [19.763727, 49.2783253], [19.7648733, 49.278375], [19.7658129, 49.27846], [19.7669998, 49.2787773], [19.7684883, 49.279462], [19.7692122, 49.2796706], [19.7700888, 49.2797085], [19.7710239, 49.2798376], [19.7718287, 49.2799167], [19.7724177, 49.2801195], [19.7727956, 49.2804017], [19.7732453, 49.2806427], [19.7736098, 49.2810572], [19.774559, 49.2817186], [19.7753548, 49.2818859], [19.776164, 49.2819209], [19.7768699, 49.2819735], [19.7777466, 49.2820114], [19.778704, 49.2819199], [19.7796615, 49.2818283], [19.7808346, 49.2816131], [19.7817291, 49.2814745], [19.7824975, 49.2812418], [19.7826591, 49.2809829], [19.782897, 49.2806387], [19.7835439, 49.2802678], [19.7835751, 49.279959], [19.7836737, 49.2796531], [19.7837722, 49.2793472], [19.7844191, 49.2789763], [19.7849178, 49.278732], [19.7854662, 49.278667], [19.7861494, 49.2786079], [19.7878937, 49.2787717], [19.7904517, 49.2789263], [19.7910586, 49.2789525], [19.7921375, 49.2789989], [19.7928163, 49.2789839], [19.7933558, 49.2790071], [19.794291, 49.279136], [19.7952891, 49.2793119], [19.7966555, 49.2791935], [19.7979545, 49.2790722], [19.7986422, 49.2789688], [19.7997255, 49.2789711], [19.8006066, 49.2789647], [19.8013301, 49.2788408], [19.8023549, 49.2787519], [19.8028988, 49.278731], [19.8036494, 49.2786746], [19.8042741, 49.2785242], [19.8052358, 49.2783883], [19.8060042, 49.2781555], [19.8067636, 49.2780109], [19.8079818, 49.2780189], [19.8088585, 49.2780566], [19.8099329, 49.278147], [19.8109986, 49.2783257], [19.811925, 49.2785427], [19.8126446, 49.2787951], [19.8137014, 49.279062], [19.8151717, 49.2792579], [19.8163093, 49.2793953], [19.8174557, 49.2794445], [19.8186695, 49.2794965], [19.8198524, 49.2798573], [19.8208639, 49.2799007], [19.8218835, 49.2800227], [19.8219813, 49.2799034], [19.8220121, 49.2798658], [19.8220258, 49.2798401], [19.8220457, 49.2798031], [19.8220655, 49.2797657], [19.8220803, 49.2797379], [19.8222238, 49.2794691], [19.8225123, 49.2789131], [19.8226518, 49.2786445], [19.822752, 49.2779305], [19.822769, 49.277809], [19.8227708, 49.2777416], [19.822788, 49.27711], [19.822802, 49.276794], [19.821936, 49.276646], [19.820788, 49.276472], [19.819517, 49.276684], [19.818542, 49.276403], [19.817769, 49.276395], [19.817296, 49.276089], [19.817222, 49.27594], [19.816389, 49.275687], [19.815855, 49.275295], [19.815542, 49.275092], [19.814915, 49.27511], [19.814262, 49.27516], [19.813726, 49.275241], [19.812746, 49.275263], [19.811617, 49.275305], [19.810895, 49.275258], [19.81038, 49.274886], [19.809555, 49.274551], [19.808623, 49.27437], [19.807349, 49.274639], [19.806671, 49.274568], [19.806343, 49.274489], [19.805697, 49.273631], [19.8056008, 49.2735921], [19.804952, 49.27333], [19.804248, 49.272847], [19.803974, 49.272653], [19.803744, 49.272207], [19.803371, 49.271976], [19.802972, 49.271843], [19.802715, 49.271593], [19.80247, 49.271105], [19.802229, 49.27062], [19.801917, 49.270529], [19.800263, 49.270439], [19.799242, 49.270125], [19.7991126, 49.2701061], [19.798693, 49.270045], [19.79828, 49.269999], [19.7982167, 49.2699486], [19.797279, 49.269687], [19.796305, 49.269399], [19.795626, 49.269189], [19.794854, 49.269146], [19.794234, 49.268877], [19.793689, 49.268539], [19.792472, 49.267969], [19.792294, 49.267242], [19.7923, 49.266716], [19.792073, 49.266228], [19.791972, 49.265624], [19.791777, 49.265004], [19.791798, 49.263843], [19.792029, 49.263549], [19.792178, 49.263418], [19.791733, 49.263215], [19.791154, 49.262746], [19.789732, 49.262131], [19.788843, 49.261756], [19.788786, 49.261621], [19.789625, 49.2609], [19.789618, 49.260391], [19.78955, 49.26024], [19.789266, 49.259557], [19.789162, 49.259047], [19.789117, 49.258422], [19.789635, 49.257626], [19.790152, 49.257106], [19.790342, 49.256823], [19.790346, 49.256597], [19.790483, 49.255594], [19.790499, 49.255259], [19.790273, 49.254896], [19.789965, 49.254343], [19.789571, 49.253908], [19.789071, 49.25378], [19.788733, 49.253582], [19.788552, 49.252828], [19.78838, 49.25243], [19.788171, 49.252038], [19.78759, 49.251434], [19.787211, 49.250843], [19.786806, 49.250229], [19.786196, 49.249279], [19.7861251, 49.2490401], [19.785851, 49.248515], [19.785447, 49.247625], [19.785023, 49.246663], [19.7846935, 49.2462266], [19.783841, 49.246471], [19.783368, 49.246485], [19.782725, 49.246396], [19.782608, 49.246271], [19.782343, 49.24618], [19.782184, 49.246079], [19.781836, 49.245974], [19.781532, 49.245859], [19.781166, 49.245882], [19.780243, 49.245706], [19.778433, 49.245401], [19.777923, 49.244679], [19.777412, 49.243945], [19.776845, 49.243127], [19.776331, 49.242361], [19.776092, 49.242021], [19.7756862, 49.2415677], [19.775445, 49.241301], [19.774782, 49.240573], [19.77434, 49.240074], [19.773853, 49.239574], [19.773435, 49.239147], [19.7733082, 49.2390294], [19.7722086, 49.2384813], [19.7713784, 49.2380878], [19.7708825, 49.2376689], [19.7707625, 49.2375727], [19.7694631, 49.2364636], [19.7667676, 49.2365983], [19.7662571, 49.2345695], [19.767795, 49.232119], [19.7679639, 49.2317648], [19.7691856, 49.2307081], [19.7690418, 49.2303009], [19.7682626, 49.2280767], [19.7676674, 49.2272044], [19.7673815, 49.2258894], [19.7671406, 49.2250735], [19.7673373, 49.2237249], [19.7669425, 49.2226128], [19.7653752, 49.2213851], [19.7646397, 49.2203741], [19.762727, 49.2189578], [19.7609067, 49.2179563], [19.758386, 49.2159804], [19.7594278, 49.212906], [19.7594583, 49.2121604], [19.7597772, 49.2112869], [19.7605108, 49.2101958], [19.7608463, 49.2098711], [19.7627972, 49.2085541], [19.7631071, 49.2075775], [19.7651534, 49.2069953], [19.7655109, 49.2068456], [19.7661775, 49.2064546], [19.7665269, 49.2063906], [19.7673024, 49.2060116], [19.7675053, 49.2059497], [19.7683042, 49.2060922], [19.7686055, 49.2061099], [19.7694905, 49.2058655], [19.7703038, 49.2058782], [19.77171, 49.205645], [19.7728533, 49.2056594], [19.7731952, 49.2055683], [19.7739141, 49.2052292], [19.774215, 49.2051654], [19.7743212, 49.2052061], [19.774906, 49.205179], [19.7750795, 49.2052502], [19.775328, 49.205243], [19.775543, 49.205287], [19.775867, 49.205196], [19.775917, 49.205095], [19.776129, 49.205051], [19.776289, 49.20503], [19.776681, 49.205084], [19.777052, 49.20504], [19.777272, 49.20506], [19.777404, 49.205033], [19.777516, 49.205066], [19.7777, 49.205056], [19.778029, 49.204979], [19.778248, 49.204983], [19.778588, 49.204955], [19.779049, 49.204268], [19.779234, 49.20399], [19.779606, 49.203639], [19.780073, 49.203124], [19.7801355, 49.2029588], [19.780442, 49.202499], [19.7808, 49.202028], [19.780896, 49.201578], [19.781144, 49.201235], [19.781233, 49.200939], [19.781428, 49.200637], [19.781554, 49.20049], [19.781576, 49.200356], [19.781731, 49.20025], [19.781949, 49.200095], [19.782435, 49.199845], [19.782866, 49.19977], [19.783032, 49.199661], [19.783631, 49.199421], [19.783829, 49.199363], [19.784254, 49.199287], [19.784604, 49.199309], [19.785039, 49.199356], [19.785255, 49.199332], [19.785449, 49.199404], [19.785847, 49.199436], [19.786239, 49.199422], [19.786467, 49.199481], [19.786612, 49.199345], [19.787068, 49.199091], [19.787166, 49.199075], [19.787304, 49.1991], [19.787376, 49.199136], [19.787583, 49.199065], [19.788257, 49.199071], [19.789612, 49.199213], [19.7899946, 49.1992432], [19.793086, 49.198799], [19.795032, 49.198366], [19.7952356, 49.1987565], [19.7956367, 49.1990342], [19.795812, 49.199259], [19.795905, 49.199378], [19.796055, 49.199541], [19.796069, 49.199556], [19.796256, 49.199611], [19.79648, 49.199777], [19.79662, 49.19988], [19.797247, 49.200348], [19.797269, 49.200383], [19.797336, 49.200493], [19.797499, 49.200552], [19.797822, 49.200668], [19.798075, 49.200849], [19.798336, 49.200945], [19.799172, 49.201469], [19.799266, 49.201622], [19.799794, 49.201769], [19.799879, 49.201793], [19.800387, 49.201979], [19.800465, 49.202059], [19.800469, 49.202063], [19.80073, 49.202143], [19.800898, 49.20226], [19.801069, 49.20245], [19.801195, 49.202588], [19.801633, 49.202948], [19.802197, 49.203412], [19.802742, 49.203877], [19.802937, 49.20398], [19.803443, 49.20439], [19.8036, 49.204511], [19.803739, 49.204618], [19.804354, 49.204685], [19.804555, 49.204758], [19.80461, 49.204763], [19.804723, 49.204771], [19.805749, 49.205028], [19.805941, 49.2051], [19.8061, 49.205161], [19.807521, 49.205652], [19.809112, 49.204976], [19.810152, 49.204517], [19.810658, 49.204294], [19.812241, 49.203863], [19.812375, 49.203827], [19.813647, 49.203503], [19.813648, 49.203504], [19.814236, 49.203264], [19.814804, 49.202954], [19.815712, 49.202459], [19.816324, 49.201985], [19.816823, 49.2016], [19.817575, 49.201039], [19.81806, 49.200666], [19.818811, 49.200089], [19.819131, 49.199859], [19.819834, 49.199528], [19.820291, 49.199844], [19.820632, 49.20008], [19.821069, 49.200511], [19.821373, 49.20081], [19.821678, 49.200943], [19.822237, 49.201188], [19.822538, 49.201367], [19.82266, 49.201438], [19.822689, 49.201432], [19.823363, 49.201283], [19.824098, 49.201273], [19.824899, 49.201528], [19.824917, 49.201533], [19.825229, 49.201531], [19.8253, 49.201506], [19.825456, 49.201451], [19.825581, 49.201458], [19.825739, 49.201466], [19.826096, 49.20147], [19.826634, 49.201317], [19.826749, 49.201346], [19.827486, 49.201656], [19.827693, 49.201743], [19.8294593, 49.2016922], [19.829664, 49.201443], [19.829922, 49.201125], [19.830806, 49.20071], [19.831064, 49.200368], [19.831106, 49.200313], [19.83104, 49.200157], [19.831031, 49.200133], [19.831075, 49.200022], [19.831119, 49.19991], [19.831166, 49.199641], [19.831298, 49.199573], [19.831436, 49.199502], [19.831453, 49.199226], [19.831932, 49.198798], [19.832313, 49.198457], [19.832422, 49.198161], [19.83252, 49.197897], [19.832867, 49.197721], [19.832951, 49.197527], [19.833294, 49.197435], [19.833459, 49.197258], [19.833762, 49.196992], [19.833835, 49.196877], [19.833899, 49.196777], [19.833958, 49.196767], [19.834324, 49.196706], [19.834528, 49.196525], [19.83465, 49.196513], [19.834835, 49.196494], [19.835017, 49.19654], [19.835246, 49.196598], [19.835998, 49.196576], [19.83615, 49.196552], [19.836445, 49.196506], [19.836872, 49.196311], [19.83714, 49.196322], [19.837475, 49.196337], [19.837718, 49.196411], [19.837725, 49.196411], [19.83784, 49.196407], [19.838183, 49.196384], [19.838198, 49.196382], [19.838771, 49.196194], [19.839297, 49.196066], [19.83944, 49.196076], [19.839647, 49.196089], [19.840025, 49.195889], [19.840051, 49.195213], [19.840552, 49.194448], [19.840579, 49.193675], [19.840827, 49.193087], [19.841, 49.192616], [19.841203, 49.192908], [19.841382, 49.193167], [19.842026, 49.193602], [19.842734, 49.194206], [19.843121, 49.194407], [19.84353, 49.194621], [19.844343, 49.194919], [19.844676, 49.195066], [19.845157, 49.195109], [19.84529, 49.195121], [19.84633, 49.195254], [19.846623, 49.195396], [19.847154, 49.195468], [19.847384, 49.1955], [19.847655, 49.195518], [19.848214, 49.195554], [19.849425, 49.195823], [19.850298, 49.196059], [19.850897, 49.196221], [19.851025, 49.196236], [19.851147, 49.196252], [19.852127, 49.196202], [19.852434, 49.196187], [19.852817, 49.196169], [19.853012, 49.196231], [19.853165, 49.196279], [19.853777, 49.196285], [19.8544488, 49.1962907], [19.854595, 49.196292], [19.855409, 49.196418], [19.856057, 49.196281], [19.856219, 49.196327], [19.856302, 49.196351], [19.856828, 49.196278], [19.856832, 49.196279], [19.857389, 49.196365], [19.857594, 49.196396], [19.8579373, 49.1963295], [19.85852, 49.196333], [19.85866, 49.196323], [19.858746, 49.196328], [19.859706, 49.196385], [19.860725, 49.196562], [19.862042, 49.196619], [19.862077, 49.196621], [19.862095, 49.196622], [19.8624037, 49.1966381], [19.863342, 49.196687], [19.864109, 49.196713], [19.864404, 49.19666], [19.865303, 49.196498], [19.866198, 49.196342], [19.86693, 49.196193], [19.867677, 49.196093], [19.868558, 49.195908], [19.869438, 49.195797], [19.869556, 49.195958], [19.8696, 49.196125], [19.86967, 49.196185], [19.8696822, 49.1962498], [19.869775, 49.196265], [19.869876, 49.196341], [19.869979, 49.196477], [19.8698651, 49.1965529], [19.8701, 49.196719], [19.870094, 49.196832], [19.87009, 49.196908], [19.870027, 49.197045], [19.869917, 49.197138], [19.869871, 49.197244], [19.869864, 49.197259], [19.869827, 49.197667], [19.869865, 49.197758], [19.8695792, 49.1978074], [19.869979, 49.198036], [19.870106, 49.198187], [19.870201, 49.1983], [19.870259, 49.198407], [19.870301, 49.198486], [19.8704132, 49.1985473], [19.870651, 49.198677], [19.870993, 49.198863], [19.871858, 49.199206], [19.8717669, 49.1992228], [19.872556, 49.199722], [19.873254, 49.200285], [19.8735448, 49.2004992], [19.8747, 49.200908], [19.87483, 49.200993], [19.874975, 49.201087], [19.875801, 49.201672], [19.875998, 49.2018111], [19.876087, 49.201874], [19.876393, 49.202021], [19.877249, 49.202432], [19.877865, 49.202749], [19.878363, 49.203006], [19.879182, 49.203425], [19.879244, 49.203466], [19.879299, 49.203503], [19.879409, 49.203519], [19.879473, 49.203528], [19.879866, 49.203665], [19.879903, 49.203678], [19.880106, 49.203847], [19.880216, 49.203943], [19.880228, 49.203952], [19.880454, 49.204002], [19.88066, 49.204111], [19.880753, 49.204165], [19.881104, 49.204367], [19.881189, 49.204293], [19.881247, 49.204241], [19.881705, 49.204165], [19.8821203, 49.2040619], [19.882297, 49.204067], [19.882856, 49.204083], [19.883144, 49.204091], [19.8833826, 49.2041006], [19.883691, 49.204113], [19.883696, 49.204114], [19.883903, 49.20417], [19.883917, 49.204174], [19.883928, 49.204178], [19.8841364, 49.2044287], [19.884582, 49.204705], [19.884943, 49.204932], [19.885329, 49.205366], [19.886018, 49.20637], [19.88644, 49.207146], [19.886987, 49.208165], [19.88779, 49.208752], [19.88838, 49.209188], [19.8886817, 49.2093111], [19.890039, 49.209857], [19.89113, 49.209925], [19.891595, 49.209973], [19.892165, 49.210253], [19.893455, 49.21062], [19.8933921, 49.2106045], [19.894906, 49.211131], [19.895842, 49.211564], [19.8958085, 49.2116014], [19.896577, 49.211992], [19.896896, 49.212006], [19.897285, 49.212041], [19.897653, 49.212143], [19.898892, 49.212432], [19.899935, 49.212645], [19.900705, 49.212771], [19.900938, 49.212802], [19.901282, 49.212881], [19.901868, 49.213048], [19.902196, 49.213216], [19.9022898, 49.2132829], [19.902332, 49.213313], [19.902357, 49.213429], [19.90217, 49.213794], [19.902117, 49.214104], [19.9019473, 49.2143772], [19.901927, 49.21441], [19.9016897, 49.2145006], [19.901784, 49.214989], [19.901715, 49.215204], [19.9015527, 49.2152313], [19.9018083, 49.2157742], [19.901814, 49.215809], [19.901791, 49.216251], [19.901785, 49.216371], [19.901924, 49.216584], [19.9019648, 49.2166184], [19.902051, 49.216691], [19.902545, 49.21711], [19.903062, 49.217545], [19.903764, 49.218106], [19.904475, 49.218783], [19.905224, 49.21949], [19.904735, 49.219646], [19.9047421, 49.2199301], [19.90475, 49.220246], [19.904789, 49.220797], [19.904841, 49.221096], [19.904886, 49.221377], [19.904981, 49.222264], [19.9049844, 49.2222973], [19.905072, 49.223146], [19.90511, 49.2236], [19.905131, 49.224274], [19.9049792, 49.2243537], [19.905187, 49.224585], [19.905253, 49.224704], [19.905109, 49.224885], [19.904837, 49.22497], [19.904594, 49.22515], [19.904236, 49.225364], [19.90408, 49.225407], [19.903905, 49.225583], [19.903906, 49.225916], [19.903798, 49.226073], [19.903745, 49.226199], [19.903772, 49.226371], [19.90366, 49.226912], [19.903754, 49.227512], [19.903508, 49.227844], [19.903943, 49.228176], [19.9040106, 49.2283505], [19.904001, 49.228511], [19.904078, 49.228604], [19.903899, 49.228846], [19.903776, 49.229158], [19.903747, 49.229273], [19.903707, 49.229376], [19.903641, 49.229444], [19.903656, 49.229514], [19.903587, 49.229613], [19.903351, 49.229773], [19.903365, 49.229926], [19.903324, 49.230109], [19.903234, 49.230175], [19.903262, 49.230259], [19.9034302, 49.2304846], [19.903493, 49.230572], [19.9036349, 49.2307623], [19.9038903, 49.2308758], [19.904017, 49.2308458], [19.9044466, 49.2309027], [19.9044412, 49.2310716], [19.904691, 49.23124], [19.905089, 49.231085], [19.90558, 49.231021], [19.9058724, 49.2309407], [19.906427, 49.23114], [19.906829, 49.231187], [19.907584, 49.2314], [19.908338, 49.231454], [19.909095, 49.231561], [19.909405, 49.231641], [19.909843, 49.231727], [19.910855, 49.231928], [19.911392, 49.232032], [19.911824, 49.232209], [19.912914, 49.232689], [19.914047, 49.233167], [19.915198, 49.233629], [19.916573, 49.234194], [19.917699, 49.234663], [19.918404, 49.235068], [19.919267, 49.235785], [19.919689, 49.23577], [19.920544, 49.235736], [19.92143, 49.235706], [19.922492, 49.235653], [19.92375, 49.235593], [19.923957, 49.235551], [19.924495, 49.235275], [19.924998, 49.235185], [19.9254153, 49.2351548], [19.9262262, 49.2352646], [19.927837, 49.235323], [19.928177, 49.235337], [19.929279, 49.23565], [19.930655, 49.236047], [19.931644, 49.236306], [19.9322171, 49.2364897], [19.932932, 49.236025], [19.933857, 49.235437], [19.934431, 49.2352449], [19.935085, 49.235026], [19.93616, 49.234654], [19.9379185, 49.2342652], [19.939099, 49.234027], [19.9403414, 49.2336631], [19.941399, 49.233821], [19.942378, 49.234047], [19.9434406, 49.2344531], [19.943947, 49.234119], [19.945188, 49.233986], [19.946313, 49.233325], [19.948452, 49.233029], [19.9491648, 49.2325293], [19.9498988, 49.2326709], [19.9504296, 49.2327138], [19.9511129, 49.2323383], [19.9513616, 49.2323196], [19.9531292, 49.2321865], [19.9540596, 49.2323029], [19.9557789, 49.2324345], [19.9567539, 49.2323098], [19.957038, 49.232404], [19.957602, 49.23228], [19.958213, 49.232059], [19.959212, 49.231807], [19.960125, 49.231736], [19.9612, 49.231543], [19.962425, 49.231366], [19.964854, 49.2312], [19.966169, 49.231291], [19.966692, 49.231123], [19.967295, 49.230806], [19.967827, 49.230657], [19.9692441, 49.2303687], [19.9704727, 49.2301794], [19.971166, 49.229955], [19.972222, 49.230103], [19.9733273, 49.2300633], [19.9740287, 49.2300805], [19.9746136, 49.2302052], [19.975189, 49.2303272], [19.9758948, 49.2304773], [19.9771009, 49.2307211], [19.9776331, 49.2307737], [19.9782338, 49.2308334], [19.9793165, 49.2309623], [19.9798483, 49.2310867], [19.9801017, 49.231146], [19.9803151, 49.2312307], [19.9813262, 49.2316322], [19.9815609, 49.2318014], [19.9823191, 49.2313196], [19.9830473, 49.2309865], [19.9832379, 49.2308677], [19.9834657, 49.2307292], [19.983901, 49.2304687], [19.9840188, 49.2303982], [19.98422, 49.2302778], [19.9843885, 49.2301771], [19.98604, 49.229528], [19.987054, 49.229096], [19.987961, 49.228242], [19.9889949, 49.2273597], [19.9891202, 49.227253], [19.989752, 49.226263], [19.9913524, 49.2256403], [19.9917749, 49.2254631], [19.9925263, 49.2251479], [19.994388, 49.22446], [19.995849, 49.224008], [19.9970114, 49.2236677], [19.998194, 49.223098], [19.9992188, 49.2222977], [20.000306, 49.222272], [20.00122, 49.222266], [20.002705, 49.221509], [20.003761, 49.220987], [20.004995, 49.220388], [20.006832, 49.220113], [20.00768, 49.219979], [20.008629, 49.22005], [20.0093063, 49.2194211], [20.009249, 49.219233], [20.009216, 49.219089], [20.009407, 49.218919], [20.009239, 49.218686], [20.009018, 49.218547], [20.008941, 49.218317], [20.008857, 49.218221], [20.008848, 49.218061], [20.008798, 49.217928], [20.008735, 49.217867], [20.008754, 49.217756], [20.008859, 49.217576], [20.008897, 49.217392], [20.009018, 49.217225], [20.008936, 49.217051], [20.008878, 49.216849], [20.008932, 49.216698], [20.008938, 49.216538], [20.008998, 49.216328], [20.009076, 49.216177], [20.0090015, 49.2160609], [20.008953, 49.215906], [20.008925, 49.215732], [20.008853, 49.215611], [20.008738, 49.215447], [20.008491, 49.215206], [20.008376, 49.215029], [20.008185, 49.214881], [20.008015, 49.214733], [20.007782, 49.214593], [20.00761, 49.214526], [20.007358, 49.214297], [20.007275, 49.214165], [20.00746, 49.21403], [20.007333, 49.213955], [20.007224, 49.213794], [20.007323, 49.213599], [20.007164, 49.213514], [20.007006, 49.213524], [20.00682, 49.213439], [20.006742, 49.213413], [20.006617, 49.213371], [20.006501, 49.213311], [20.00647, 49.213158], [20.006757, 49.213036], [20.006809, 49.212873], [20.006852, 49.212723], [20.0069725, 49.2125409], [20.007082, 49.212371], [20.007188, 49.212284], [20.00742, 49.212239], [20.007598, 49.212105], [20.007709, 49.21197], [20.007916, 49.211766], [20.008048, 49.211621], [20.008245, 49.211541], [20.008371, 49.211476], [20.008597, 49.211428], [20.008729, 49.211367], [20.008976, 49.211233], [20.009158, 49.211163], [20.009386, 49.211086], [20.009668, 49.210996], [20.009929, 49.210833], [20.010138, 49.21068], [20.010637, 49.210358], [20.011206, 49.210104], [20.0113, 49.210028], [20.01131, 49.209878], [20.01147, 49.209757], [20.011628, 49.209675], [20.011781, 49.209677], [20.011901, 49.209544], [20.01199, 49.209509], [20.012012, 49.209253], [20.012185, 49.209106], [20.012249, 49.208906], [20.012163, 49.208579], [20.012277, 49.208397], [20.012413, 49.208283], [20.012474, 49.208143], [20.012525, 49.208066], [20.012563, 49.207941], [20.012591, 49.207847], [20.012666, 49.207723], [20.012755, 49.207499], [20.012851, 49.207319], [20.012887, 49.20716], [20.013165, 49.20694], [20.013395, 49.206756], [20.013792, 49.20667], [20.014173, 49.206553], [20.0143985, 49.2064019], [20.014342, 49.206244], [20.0145096, 49.2061836], [20.014639, 49.206137], [20.015025, 49.206002], [20.0151602, 49.2059397], [20.015294, 49.205878], [20.015443, 49.20574], [20.015628, 49.205626], [20.0158583, 49.2054833], [20.015946, 49.205429], [20.016141, 49.20527], [20.016222, 49.205174], [20.016323, 49.205118], [20.016524, 49.204873], [20.016632, 49.204684], [20.016731, 49.204596], [20.016829, 49.204475], [20.016976, 49.204322], [20.017212, 49.204155], [20.017398, 49.204048], [20.017623, 49.203873], [20.018051, 49.203573], [20.018263, 49.203408], [20.018461, 49.203283], [20.018628, 49.203212], [20.018789, 49.203128], [20.018735, 49.202956], [20.018845, 49.202867], [20.018993, 49.202711], [20.019336, 49.202574], [20.019395, 49.202438], [20.0195255, 49.2023006], [20.019621, 49.2022], [20.019772, 49.202039], [20.019937, 49.20187], [20.020109, 49.201798], [20.02025, 49.201685], [20.0203855, 49.2016249], [20.020529, 49.201505], [20.020728, 49.201563], [20.020902, 49.201589], [20.021089, 49.201502], [20.021547, 49.201443], [20.021899, 49.2013848], [20.0220269, 49.20134], [20.022525, 49.201229], [20.02277, 49.201132], [20.02299, 49.201061], [20.023166, 49.200926], [20.0233195, 49.2007399], [20.023798, 49.200714], [20.024059, 49.200675], [20.024409, 49.20067], [20.024712, 49.200674], [20.024973, 49.200645], [20.0250858, 49.2006597], [20.025126, 49.200665], [20.025294, 49.200586], [20.025483, 49.200656], [20.025568, 49.200574], [20.0257715, 49.2005199], [20.025935, 49.200497], [20.026144, 49.200538], [20.026272, 49.200512], [20.026444, 49.200428], [20.026677, 49.200377], [20.02702, 49.200237], [20.027248, 49.200156], [20.027566, 49.200101], [20.02786, 49.200045], [20.0280368, 49.200055], [20.028266, 49.200068], [20.028675, 49.19995], [20.02896, 49.19986], [20.029395, 49.199805], [20.029651, 49.199757], [20.0302125, 49.1996969], [20.030597, 49.199712], [20.030995, 49.199766], [20.0312945, 49.1997539], [20.031707, 49.199846], [20.0318986, 49.1998852], [20.0322012, 49.1999471], [20.0322557, 49.1999582], [20.0325215, 49.1997812], [20.0328505, 49.1993051], [20.033105, 49.199233], [20.0333875, 49.1992073], [20.033562, 49.199132], [20.0337903, 49.1990483], [20.0340652, 49.1988525], [20.0343027, 49.1986181], [20.0345782, 49.1985753], [20.0349233, 49.1986335], [20.0351397, 49.1985546], [20.0352279, 49.1985224], [20.0354587, 49.198382], [20.0357529, 49.1982869], [20.035932, 49.198229], [20.036168, 49.198218], [20.036413, 49.198112], [20.0367569, 49.1979735], [20.037322, 49.197813], [20.038157, 49.1977701], [20.038806, 49.197662], [20.039112, 49.19757], [20.039492, 49.197467], [20.0395555, 49.1974368], [20.039626, 49.1974034], [20.0396681, 49.197409], [20.0397723, 49.1974229], [20.040097, 49.197289], [20.040361, 49.197069], [20.0405028, 49.1970162], [20.040286, 49.196944], [20.0401511, 49.1967122], [20.0401271, 49.1964886], [20.0399507, 49.1962449], [20.0400495, 49.1960722], [20.0400541, 49.1959517], [20.040236, 49.195792], [20.0403757, 49.1956394], [20.0405443, 49.1955343], [20.0405834, 49.1954109], [20.04057, 49.1951495], [20.0407321, 49.194969], [20.041143, 49.194749], [20.041311, 49.194624], [20.041381, 49.1945], [20.0418758, 49.1941407], [20.0422664, 49.1935999], [20.0426189, 49.1931776], [20.042984, 49.19304], [20.0434008, 49.1929079], [20.0438305, 49.1928618], [20.0444459, 49.1924293], [20.044653, 49.192165], [20.044893, 49.191958], [20.0449616, 49.1917656], [20.0465575, 49.1911693], [20.0471922, 49.1903658], [20.0477592, 49.1901364], [20.0478442, 49.1899982], [20.0480616, 49.1899516], [20.0482771, 49.1897777], [20.0488984, 49.1895289], [20.0490536, 49.1895809], [20.0493083, 49.1894735], [20.0495375, 49.1894631], [20.050081, 49.189604], [20.0504802, 49.1894998], [20.0509767, 49.189119], [20.050967, 49.188826], [20.0518471, 49.1883429], [20.052156, 49.188305], [20.052487, 49.188168], [20.052733, 49.188069], [20.052875, 49.188061], [20.053176, 49.187962], [20.0532455, 49.1878619], [20.053512, 49.187829], [20.053678, 49.187803], [20.053946, 49.187896], [20.054049, 49.187862], [20.054274, 49.187884], [20.054624, 49.187865], [20.0548, 49.187744], [20.054985, 49.187771], [20.055123, 49.187775], [20.055228, 49.187703], [20.055569, 49.187739], [20.056015, 49.187804], [20.056265, 49.187724], [20.056747, 49.187585], [20.057221, 49.187625], [20.057697, 49.187602], [20.05802, 49.187484], [20.058426, 49.187393], [20.05865, 49.1874], [20.058788, 49.187258], [20.058953, 49.187165], [20.059122, 49.187085], [20.0592982, 49.18703], [20.059567, 49.187091], [20.059831, 49.187107], [20.059968, 49.187108], [20.059991, 49.187078], [20.0600967, 49.1870574], [20.060181, 49.187041], [20.060277, 49.186916], [20.06019, 49.186851], [20.060301, 49.186729], [20.06038, 49.186588], [20.060493, 49.186487], [20.060562, 49.186353], [20.060562, 49.186194], [20.060706, 49.185995], [20.06081, 49.185843], [20.060868, 49.185776], [20.060912, 49.185679], [20.061141, 49.185497], [20.061334, 49.185367], [20.06149, 49.18525], [20.061602, 49.185145], [20.061669, 49.185051], [20.061741, 49.184966], [20.062019, 49.184798], [20.062238, 49.184731], [20.062554, 49.184635], [20.062762, 49.184564], [20.062906, 49.184569], [20.063071, 49.184595], [20.063169, 49.184526], [20.063285, 49.18441], [20.063516, 49.184403], [20.063841, 49.18439], [20.063921, 49.184339], [20.064118, 49.184276], [20.064057, 49.184131], [20.064238, 49.184058], [20.064391, 49.184039], [20.064492, 49.183988], [20.064648, 49.184035], [20.064717, 49.184025], [20.064788, 49.183977], [20.064777, 49.1839], [20.064912, 49.183773], [20.064986, 49.183774], [20.0652865, 49.1836162], [20.065476, 49.183639], [20.065696, 49.183605], [20.065879, 49.183505], [20.066103, 49.183544], [20.066212, 49.183529], [20.066419, 49.183362], [20.06691, 49.183241], [20.067145, 49.183186], [20.067183, 49.183182], [20.0673005, 49.1829849], [20.067475, 49.182834], [20.067519, 49.182647], [20.0676, 49.182361], [20.067733, 49.182109], [20.06781, 49.181981], [20.067933, 49.181892], [20.0679517, 49.1818776], [20.068107, 49.181758], [20.068239, 49.181631], [20.068337, 49.181573], [20.068333, 49.181531], [20.068463, 49.181498], [20.068598, 49.181413], [20.068662, 49.181369], [20.0686, 49.181262], [20.068627, 49.181178], [20.068682, 49.181111], [20.068794, 49.181033], [20.0689525, 49.1809959], [20.068989, 49.180968], [20.069028, 49.180946], [20.069032, 49.18087], [20.069107, 49.180781], [20.069332, 49.180697], [20.0695947, 49.180632], [20.0697, 49.180606], [20.069734, 49.180609], [20.069797, 49.180614], [20.069898, 49.180557], [20.070088, 49.180547], [20.070248, 49.18049], [20.070285, 49.180495], [20.07046, 49.180499], [20.070498, 49.180464], [20.070761, 49.18046], [20.070901, 49.180418], [20.0710107, 49.1803941], [20.071078, 49.180412], [20.071143, 49.180351], [20.07123, 49.180268], [20.071392, 49.180247], [20.071416, 49.180182], [20.071501, 49.180243], [20.071655, 49.18022], [20.071865, 49.180153], [20.07211, 49.180217], [20.072341, 49.180214], [20.072387, 49.180182], [20.072416, 49.180166], [20.0725225, 49.1801089], [20.072485, 49.180049], [20.072586, 49.180001], [20.07279, 49.179904], [20.072938, 49.179852], [20.073048, 49.179847], [20.073099, 49.179802], [20.073203, 49.179806], [20.073253, 49.179797], [20.073372, 49.179766], [20.073433, 49.179715], [20.073486, 49.179679], [20.073548, 49.179649], [20.073611, 49.179581], [20.073767, 49.179538], [20.073888, 49.179497], [20.073915, 49.179465], [20.07406, 49.179425], [20.074097, 49.179385], [20.074116, 49.179331], [20.07445, 49.179253], [20.074562, 49.179168], [20.074653, 49.179144], [20.074752, 49.179098], [20.074847, 49.179053], [20.0749, 49.178993], [20.075071, 49.178964], [20.07509, 49.178897], [20.075123, 49.178901], [20.075254, 49.178935], [20.075336, 49.178922], [20.075395, 49.178853], [20.075502, 49.178764], [20.075605, 49.178751], [20.075632, 49.178709], [20.075752, 49.178738], [20.075848, 49.178722], [20.075955, 49.178702], [20.076063, 49.17871], [20.076169, 49.178666], [20.076276, 49.178615], [20.07638, 49.1786], [20.07655, 49.178589], [20.076716, 49.178577], [20.076758, 49.178548], [20.076926, 49.178539], [20.077095, 49.178588], [20.077253, 49.178572], [20.077483, 49.178606], [20.07763, 49.17861], [20.077761, 49.17858], [20.077815, 49.17856], [20.078033, 49.178596], [20.078145, 49.178608], [20.07836, 49.178656], [20.0785249, 49.1786181], [20.078595, 49.178602], [20.078599, 49.178534], [20.078624, 49.178492], [20.078868, 49.178523], [20.079021, 49.178476], [20.079245, 49.17856], [20.079333, 49.178569], [20.079323, 49.178617], [20.07942, 49.178641], [20.079566, 49.178696], [20.079658, 49.178714], [20.0797875, 49.1787249], [20.079878, 49.178752], [20.079974, 49.178787], [20.080127, 49.178826], [20.080488, 49.17891], [20.080779, 49.178947], [20.080765, 49.179018], [20.080941, 49.179023], [20.081189, 49.179081], [20.08139, 49.179104], [20.081582, 49.17914], [20.081687, 49.179158], [20.081827, 49.179204], [20.081975, 49.179215], [20.082052, 49.179248], [20.082092, 49.179279], [20.082159, 49.179295], [20.082186, 49.179336], [20.0824, 49.179348], [20.08246, 49.179314], [20.082623, 49.179358], [20.08286, 49.179443], [20.083049, 49.179436], [20.083227, 49.179434], [20.083406, 49.179465], [20.083592, 49.179439], [20.083676, 49.179461], [20.083799, 49.179482], [20.083937, 49.179506], [20.084077, 49.179457], [20.0841933, 49.1794918], [20.084318, 49.179517], [20.084317, 49.179628], [20.084461, 49.179589], [20.084634, 49.179572], [20.084826, 49.179587], [20.084921, 49.17957], [20.085033, 49.179587], [20.085157, 49.179592], [20.0852445, 49.1796089], [20.085377, 49.179611], [20.085551, 49.179614], [20.085653, 49.179659], [20.085786, 49.179675], [20.085941, 49.179691], [20.086053, 49.1796463], [20.0861288, 49.1796848], [20.086253, 49.179665], [20.086411, 49.179696], [20.086552, 49.179656], [20.0865994, 49.1796597], [20.0866245, 49.1796938], [20.086748, 49.179646], [20.0869148, 49.1795708], [20.0869202, 49.1794977], [20.0869877, 49.1794895], [20.087158, 49.179531], [20.087271, 49.179514], [20.087408, 49.17949], [20.087553, 49.179492], [20.087691, 49.179487], [20.087784, 49.179504], [20.0879015, 49.1795112], [20.087961, 49.179539], [20.088001, 49.179559], [20.0881093, 49.1795743], [20.08813, 49.17962], [20.088154, 49.179659], [20.088148, 49.1799], [20.088212, 49.180008], [20.088166, 49.180072], [20.08818, 49.18014], [20.0881502, 49.180193], [20.088138, 49.180242], [20.088052, 49.180262], [20.0881486, 49.180365], [20.088213, 49.180442], [20.088166, 49.180471], [20.088272, 49.180533], [20.088207, 49.180609], [20.088257, 49.180671], [20.088279, 49.180715], [20.0882565, 49.1808733], [20.088354, 49.180949], [20.0884711, 49.181045], [20.0883509, 49.1810917], [20.0883437, 49.1811371], [20.088263, 49.181136], [20.088222, 49.181205], [20.08818, 49.1812666], [20.088078, 49.181336], [20.08805, 49.181377], [20.087994, 49.181362], [20.088039, 49.181486], [20.08794, 49.181521], [20.08797, 49.181612], [20.087941, 49.181706], [20.0880048, 49.1819084], [20.088006, 49.182064], [20.088057, 49.182125], [20.088119, 49.182206], [20.088122, 49.18231], [20.088101, 49.182391], [20.088104, 49.182492], [20.0880185, 49.1825265], [20.087983, 49.182567], [20.088068, 49.1827509], [20.088114, 49.182805], [20.088065, 49.182862], [20.088072, 49.182934], [20.088113, 49.183051], [20.08813, 49.183124], [20.0882035, 49.1831849], [20.088154, 49.183245], [20.08802, 49.183351], [20.087995, 49.183403], [20.087942, 49.183506], [20.0878, 49.183572], [20.087748, 49.183598], [20.087767, 49.183637], [20.087732, 49.183692], [20.087609, 49.183727], [20.087495, 49.1838], [20.0873832, 49.1839009], [20.087328, 49.183963], [20.087224, 49.184009], [20.0871519, 49.1840795], [20.0871005, 49.1842037], [20.087005, 49.184258], [20.0869543, 49.1842938], [20.086882, 49.184345], [20.086792, 49.184366], [20.086883, 49.18444], [20.0868925, 49.1844659], [20.0869619, 49.1845672], [20.08682, 49.184584], [20.086826, 49.1846885], [20.086775, 49.184767], [20.086855, 49.184822], [20.086871, 49.184843], [20.086927, 49.184987], [20.0869714, 49.1850244], [20.0870336, 49.1851193], [20.0871052, 49.1852079], [20.08716, 49.185287], [20.0871985, 49.185352], [20.0872259, 49.1854367], [20.08718, 49.18555], [20.087079, 49.185606], [20.087212, 49.185689], [20.0872064, 49.1858149], [20.0871375, 49.1859799], [20.087126, 49.186178], [20.087173, 49.186347], [20.087321, 49.186463], [20.0875238, 49.1865868], [20.087673, 49.18655], [20.087848, 49.186604], [20.087977, 49.186694], [20.088039, 49.186728], [20.088065, 49.186827], [20.088187, 49.186991], [20.0883744, 49.1871675], [20.088416, 49.187336], [20.088497, 49.187393], [20.088732, 49.187529], [20.0889425, 49.1876649], [20.0891546, 49.1877404], [20.089253, 49.187848], [20.08903, 49.187826], [20.088762, 49.187788], [20.088579, 49.187745], [20.088157, 49.187803], [20.0877315, 49.1877659], [20.087472, 49.187842], [20.0873414, 49.1879878], [20.0871435, 49.1879917], [20.087053, 49.188122], [20.086988, 49.188415], [20.086798, 49.188568], [20.086706, 49.188654], [20.086819, 49.188914], [20.08658, 49.188957], [20.086539, 49.189132], [20.086187, 49.189222], [20.08587, 49.189192], [20.086149, 49.189561], [20.086146, 49.189677], [20.086112, 49.189906], [20.08587, 49.190441], [20.08591, 49.190647], [20.085903, 49.190881], [20.085903, 49.191137], [20.086006, 49.191415], [20.085789, 49.191443], [20.085714, 49.191519], [20.0857095, 49.1916329], [20.085689, 49.191787], [20.085364, 49.191977], [20.085137, 49.192041], [20.084952, 49.192155], [20.084915, 49.192437], [20.084786, 49.19281], [20.08455, 49.192932], [20.084576, 49.193278], [20.084667, 49.193673], [20.084676, 49.194125], [20.084724, 49.194525], [20.08468, 49.194673], [20.084602, 49.194783], [20.08435, 49.194885], [20.0843865, 49.1951339], [20.084498, 49.195433], [20.084336, 49.195574], [20.084397, 49.195856], [20.084375, 49.196185], [20.084652, 49.196393], [20.084774, 49.196533], [20.084916, 49.196514], [20.085079, 49.196427], [20.085266, 49.196564], [20.085617, 49.196851], [20.08565, 49.196896], [20.085789, 49.196999], [20.085933, 49.197065], [20.085958, 49.197169], [20.0861795, 49.1972829], [20.086206, 49.197321], [20.086208, 49.197391], [20.086146, 49.19752], [20.086205, 49.197664], [20.086139, 49.197766], [20.086243, 49.197883], [20.086316, 49.198065], [20.086301, 49.198137], [20.086374, 49.1983958], [20.0865253, 49.1985643], [20.086843, 49.1987995], [20.0867888, 49.1989555], [20.0871947, 49.1993859], [20.087095, 49.1995427], [20.0870779, 49.1997665], [20.0871237, 49.2007198], [20.0867803, 49.2012303], [20.086863, 49.202711], [20.08647, 49.2033235], [20.0862581, 49.204024], [20.0869744, 49.2058541], [20.0871772, 49.2076078], [20.0879685, 49.208447], [20.0885025, 49.2092752], [20.0888787, 49.2096033], [20.090124, 49.210965], [20.090632, 49.211435], [20.0906829, 49.2117237], [20.090813, 49.211872], [20.091141, 49.21245], [20.091502, 49.212922], [20.091803, 49.213488], [20.092092, 49.213912], [20.092991, 49.215321], [20.093772, 49.216486], [20.094635, 49.217757], [20.094954, 49.218229], [20.094998, 49.218296], [20.095592, 49.219188], [20.096238, 49.219917], [20.0961645, 49.2200329], [20.096341, 49.220084], [20.096407, 49.22008], [20.09655, 49.220091], [20.09668, 49.220168], [20.096771, 49.220226], [20.096947, 49.22029], [20.097068, 49.220315], [20.0973105, 49.2204269], [20.097452, 49.220419], [20.097535, 49.220383], [20.097532, 49.220357], [20.097577, 49.220328], [20.097668, 49.220282], [20.097747, 49.22026], [20.097856, 49.220249], [20.097967, 49.220225], [20.098021, 49.220222], [20.098113, 49.220198], [20.098252, 49.220195], [20.09836, 49.220267], [20.09843, 49.220321], [20.098543, 49.220393], [20.098605, 49.220467], [20.098673, 49.220596], [20.098598, 49.220818], [20.098642, 49.220923], [20.098727, 49.220981], [20.098945, 49.221044], [20.099049, 49.221091], [20.099176, 49.221147], [20.099303, 49.221211], [20.099479, 49.221208], [20.099617, 49.221236], [20.099676, 49.2213], [20.099716, 49.221363], [20.099723, 49.221454], [20.09979, 49.22154], [20.099889, 49.221634], [20.100008, 49.221656], [20.100065, 49.221694], [20.100049, 49.221761], [20.100034, 49.221831], [20.100104, 49.221904], [20.100138, 49.221998], [20.100229, 49.222135], [20.100313, 49.222258], [20.100403, 49.222376], [20.1004802, 49.2223996], [20.100921, 49.222536], [20.101025, 49.222543], [20.101267, 49.222566], [20.10137, 49.222599], [20.10154, 49.22264], [20.1016245, 49.2226589], [20.101623, 49.222715], [20.101641, 49.222866], [20.101483, 49.223138], [20.101432, 49.223187], [20.1014405, 49.2233089], [20.101443, 49.223428], [20.101487, 49.223504], [20.101521, 49.22373], [20.101539, 49.223919], [20.101601, 49.224111], [20.101724, 49.224275], [20.101788, 49.224509], [20.101899, 49.224659], [20.101983, 49.224809], [20.102094, 49.224958], [20.102191, 49.22514], [20.102198, 49.225285], [20.102195, 49.22551], [20.102177, 49.225661], [20.102128, 49.225799], [20.102032, 49.225967], [20.101886, 49.226238], [20.1018166, 49.2263541], [20.101723, 49.226415], [20.10154, 49.226562], [20.101416, 49.226703], [20.101195, 49.226994], [20.1010235, 49.2271119], [20.100858, 49.227166], [20.100525, 49.227296], [20.100324, 49.227397], [20.100018, 49.227559], [20.0999245, 49.2276309], [20.099863, 49.227769], [20.099826, 49.227868], [20.099811, 49.227995], [20.099839, 49.228065], [20.099824, 49.228126], [20.099799, 49.228266], [20.0997655, 49.2284259], [20.099764, 49.228584], [20.099805, 49.228717], [20.099825, 49.228841], [20.0998625, 49.2289619], [20.099826, 49.22913], [20.099748, 49.229272], [20.099672, 49.22938], [20.099614, 49.229511], [20.099561, 49.229576], [20.099479, 49.229623], [20.099405, 49.229843], [20.099383, 49.23001], [20.099335, 49.230228], [20.099348, 49.230363], [20.0994655, 49.2306999], [20.099494, 49.230811], [20.099593, 49.231059], [20.099649, 49.2312], [20.099706, 49.231296], [20.0997295, 49.2314309], [20.099745, 49.231495], [20.099725, 49.23166], [20.0996915, 49.2318109], [20.099634, 49.231947], [20.09956, 49.23209], [20.099391, 49.232269], [20.099251, 49.232431], [20.099116, 49.232596], [20.099036, 49.232754], [20.098908, 49.232937], [20.098851, 49.233068], [20.098706, 49.23331], [20.098444, 49.233654], [20.0983951, 49.2337007], [20.098145, 49.233937], [20.097983, 49.23411], [20.097881, 49.234272], [20.097847, 49.234388], [20.0978335, 49.2345519], [20.09796, 49.234834], [20.098039, 49.234892], [20.098206, 49.235095], [20.0982497, 49.2351512], [20.098324, 49.235249], [20.098424, 49.235499], [20.0984263, 49.2355765], [20.098428, 49.235674], [20.098396, 49.235813], [20.0983095, 49.2359959], [20.09823, 49.236128], [20.098163, 49.236222], [20.098091, 49.236327], [20.097967, 49.236543], [20.0979686, 49.2365945], [20.09797, 49.236686], [20.0980001, 49.2367241], [20.0981606, 49.2369316], [20.098189, 49.236969], [20.09829, 49.237172], [20.09839, 49.237333], [20.0984004, 49.2373525], [20.0984315, 49.2374139], [20.0983695, 49.2376159], [20.0981675, 49.2378409], [20.098143, 49.237975], [20.0981395, 49.2380739], [20.098243, 49.238243], [20.0984045, 49.2384069], [20.098618, 49.23857], [20.098695, 49.238655], [20.0987322, 49.2386929], [20.09875, 49.238712], [20.0988125, 49.2390469], [20.098775, 49.23915], [20.098723, 49.239249], [20.098729, 49.239279], [20.098887, 49.23939], [20.098989, 49.239544], [20.099011, 49.239639], [20.099155, 49.239783], [20.099315, 49.239888], [20.099588, 49.240044], [20.099788, 49.240172], [20.100015, 49.240372], [20.100175, 49.24049], [20.100374, 49.240663], [20.100607, 49.240903], [20.100766, 49.241141], [20.1008695, 49.2412669], [20.100958, 49.241466], [20.1010235, 49.2418399], [20.100973, 49.242182], [20.100942, 49.242348], [20.100923, 49.242534], [20.100899, 49.242769], [20.100877, 49.242956], [20.100836, 49.243313], [20.1008055, 49.2434669], [20.100797, 49.243713], [20.100822, 49.243903], [20.100851, 49.244101], [20.100897, 49.244248], [20.10095, 49.244428], [20.101028, 49.244585], [20.10101, 49.244988], [20.100981, 49.245173], [20.100943, 49.245262], [20.100913, 49.245434], [20.1008865, 49.2455979], [20.100932, 49.245705], [20.101053, 49.24588], [20.101161, 49.246017], [20.101236, 49.246091], [20.101375, 49.246193], [20.101571, 49.246349], [20.101727, 49.246511], [20.101811, 49.246675], [20.101812, 49.246874], [20.101694, 49.247196], [20.101638, 49.247426], [20.10158, 49.247617], [20.101486, 49.247834], [20.101363, 49.248066], [20.101225, 49.248295], [20.101078, 49.248503], [20.10096, 49.248666], [20.10089, 49.248889], [20.100882, 49.249101], [20.100835, 49.249333], [20.100799, 49.249544], [20.100811, 49.249748], [20.100815, 49.249948], [20.100767, 49.250088], [20.100887, 49.25034], [20.10097, 49.25048], [20.10103, 49.250544], [20.101145, 49.250709], [20.101208, 49.250781], [20.101377, 49.251114], [20.101475, 49.251292], [20.10147, 49.251489], [20.101539, 49.251637], [20.101652, 49.251867], [20.101733, 49.252007], [20.1017975, 49.2522059], [20.101878, 49.252387], [20.101965, 49.25256], [20.102194, 49.252887], [20.1024235, 49.2531229], [20.102734, 49.253315], [20.103058, 49.253477], [20.103424, 49.253628], [20.103722, 49.25374], [20.103941, 49.253819], [20.104163, 49.253906], [20.1044265, 49.2539889], [20.104651, 49.254075], [20.104876, 49.254183], [20.105107, 49.254316], [20.105323, 49.254432], [20.1054975, 49.2545629], [20.105631, 49.254668], [20.105801, 49.254795], [20.106026, 49.25496], [20.106263, 49.255194], [20.10642, 49.255352], [20.1065315, 49.2555109], [20.10658, 49.255618], [20.1067865, 49.2558529], [20.106959, 49.25592], [20.107053, 49.255973], [20.107162, 49.256025], [20.107218, 49.256101], [20.107386, 49.25617], [20.107686, 49.256291], [20.1080275, 49.2563409], [20.1083388, 49.2565495], [20.108623, 49.25674], [20.1088, 49.256827], [20.109017, 49.256931], [20.109308, 49.257069], [20.109481, 49.257199], [20.109668, 49.257319], [20.109859, 49.257442], [20.110265, 49.257722], [20.110439, 49.257851], [20.110576, 49.257952], [20.110792, 49.258103], [20.110938, 49.258244], [20.111067, 49.258343], [20.1117203, 49.2584595], [20.1136257, 49.2591085], [20.1151846, 49.2599579], [20.1168456, 49.260883], [20.1195132, 49.2615625], [20.1219849, 49.2631637], [20.1238237, 49.2645249], [20.1253026, 49.2662291], [20.1268285, 49.2674346], [20.127748, 49.2681151], [20.1287278, 49.2681545], [20.1306252, 49.2677302], [20.1318494, 49.2674933], [20.1337535, 49.2669978], [20.1348067, 49.2662535], [20.1354511, 49.2652067], [20.1348915, 49.2641832], [20.134774, 49.2631058], [20.1356514, 49.2630696], [20.1366178, 49.2632514], [20.1372288, 49.2625608], [20.1377976, 49.2611535], [20.1389528, 49.2604848], [20.1411564, 49.2602871], [20.142469, 49.2603675], [20.1438376, 49.2608236], [20.1434244, 49.2617367], [20.1427668, 49.2629259], [20.1429045, 49.2637895], [20.1435799, 49.2647462], [20.1447395, 49.2663658], [20.1460681, 49.2673486], [20.1478721, 49.2679213], [20.1494265, 49.2680519], [20.1494984, 49.2680579], [20.1501649, 49.2679416], [20.1512179, 49.2671972], [20.1521154, 49.266947], [20.1530486, 49.2674849], [20.1541264, 49.2688151], [20.1558217, 49.2693834], [20.1567682, 49.2697787], [20.1580215, 49.2704009], [20.1601457, 49.2710577], [20.1654207, 49.2719117], [20.1677629, 49.2725772], [20.1701875, 49.2735318], [20.1713122, 49.2743632], [20.1735817, 49.2758121], [20.1745646, 49.2769953], [20.1760853, 49.2782714], [20.1775406, 49.2779002], [20.178587, 49.2774943], [20.1817083, 49.2765643], [20.184391, 49.2747403], [20.1874365, 49.2737171], [20.1895448, 49.2733718], [20.1900642, 49.2733585], [20.1917356, 49.2733156], [20.1929992, 49.2726507], [20.1942298, 49.272342], [20.1948699, 49.2725103], [20.1956188, 49.272683], [20.1979382, 49.2724174], [20.2004059, 49.2717285], [20.2023424, 49.2708756], [20.2038631, 49.2697917], [20.2044367, 49.2683129], [20.2054889, 49.2675679], [20.206297, 49.2670994], [20.2081871, 49.266745], [20.2095132, 49.2665829], [20.2108328, 49.266492], [20.2130692, 49.2659368], [20.2147481, 49.2655026], [20.2154275, 49.2652434], [20.2169883, 49.2660915], [20.2195617, 49.2666219], [20.2211947, 49.2666863], [20.2233917, 49.2665583], [20.2253775, 49.2663505], [20.226575, 49.2663977], [20.2276899, 49.2661555], [20.2281711, 49.2656739], [20.2285763, 49.2648319], [20.2300265, 49.2633159], [20.2310324, 49.2630694], [20.2324476, 49.2631251], [20.2334274, 49.2631636], [20.2340936, 49.2630468], [20.2352976, 49.2630226], [20.2363404, 49.263564], [20.2382738, 49.263926], [20.2395736, 49.2640485], [20.2406753, 49.2639487], [20.241938, 49.2632832], [20.2428044, 49.2621732], [20.2437079, 49.2618511], [20.2441368, 49.2619395], [20.2450774, 49.2624053], [20.2458199, 49.2626489], [20.2483432, 49.2625333], [20.250847, 49.2626314], [20.2529668, 49.2624441], [20.2539038, 49.2623292], [20.2548546, 49.2620632], [20.2562669, 49.2618153], [20.2578756, 49.261954], [20.2608552, 49.2622978], [20.2632372, 49.2628456], [20.2646755, 49.2635839], [20.2658898, 49.2642376], [20.2671524, 49.2643626], [20.2678585, 49.2642386], [20.2686663, 49.2642701], [20.270003, 49.2648528], [20.2711969, 49.265733], [20.2729541, 49.2667868], [20.2741343, 49.267818], [20.2752609, 49.2681651], [20.2760757, 49.268121], [20.2775498, 49.2671931], [20.2788879, 49.2664873], [20.2812921, 49.2655197], [20.2823376, 49.2654846], [20.2844149, 49.2655653], [20.2864991, 49.2655705], [20.2902332, 49.2652607], [20.2924806, 49.2647416], [20.2967719, 49.2633922], [20.2997458, 49.2625221], [20.3000722, 49.2614737], [20.3005345, 49.2602031], [20.3012077, 49.2578797], [20.3016432, 49.2556228], [20.3017593, 49.2543389], [20.3035179, 49.2528154], [20.3060772, 49.2513986], [20.3075776, 49.2501682], [20.3094849, 49.2495598], [20.3108966, 49.2493112], [20.31184, 49.2491203], [20.3126684, 49.2476365], [20.3125534, 49.2463436], [20.3117598, 49.244873], [20.3111562, 49.2438644], [20.3112788, 49.2425049], [20.3119172, 49.240559], [20.3130034, 49.238782], [20.313757, 49.2368406], [20.3141983, 49.2357965], [20.3143344, 49.234286], [20.3148437, 49.2324867], [20.3160786, 49.2316249], [20.3175714, 49.2304699], [20.3189995, 49.2292579], [20.3193624, 49.2298569], [20.3206107, 49.2301324], [20.3227883, 49.230368], [20.3239416, 49.2304125], [20.3255358, 49.2307013], [20.3270962, 49.2313677], [20.3282088, 49.2318653], [20.3298167, 49.232003], [20.3311736, 49.2323584], [20.3350816, 49.2339487], [20.3384402, 49.2352147], [20.3400415, 49.2354278], [20.3431764, 49.2366092], [20.3444389, 49.2380218], [20.3452941, 49.2388125], [20.3455528, 49.2410961], [20.3461774, 49.2418779], [20.3470935, 49.2419888], [20.3486269, 49.2416687], [20.3500449, 49.2413441], [20.3538517, 49.2414898], [20.354836, 49.2421338], [20.3561326, 49.2431687], [20.3561603, 49.244155], [20.3562083, 49.2449147], [20.3566428, 49.2452345], [20.3578234, 49.2449765], [20.3589522, 49.2441476], [20.3606865, 49.2440249], [20.3629331, 49.2447929], [20.3651597, 49.2457873], [20.367495, 49.2468617], [20.3696814, 49.2483093], [20.3717392, 49.2499035], [20.3728941, 49.2512359], [20.373051, 49.2520755], [20.3750058, 49.2522258], [20.3772182, 49.2520827], [20.3787585, 49.2516866], [20.3810929, 49.2514723], [20.3838152, 49.2521063], [20.3857767, 49.2521809], [20.3889071, 49.2534365], [20.3910459, 49.254124], [20.3929741, 49.2545761], [20.393797, 49.2557441], [20.3944759, 49.2559214], [20.3963557, 49.2556138], [20.3996553, 49.2562693], [20.4030504, 49.2571557], [20.4040023, 49.2581769], [20.4046813, 49.2583542], [20.4057333, 49.2582424], [20.4067852, 49.2581306], [20.4081567, 49.258334], [20.4099431, 49.2590836], [20.4127749, 49.2597968], [20.4152606, 49.2604969], [20.4174333, 49.2608063], [20.4185475, 49.261303], [20.4191934, 49.2618578], [20.4201366, 49.261666], [20.4218611, 49.2618068], [20.4232804, 49.2627849], [20.4259441, 49.2640977], [20.4274246, 49.2643808], [20.429973, 49.2656892], [20.4299823, 49.266902], [20.4292168, 49.2677068], [20.427488, 49.2689301], [20.4274217, 49.2696854], [20.4279524, 49.2702359], [20.4300301, 49.270314], [20.4314152, 49.2703661], [20.4325298, 49.2708627], [20.4324635, 49.271618], [20.4316648, 49.2728005], [20.4315454, 49.2741601], [20.4326467, 49.2748078], [20.4340585, 49.2745577], [20.4362983, 49.2741113], [20.4390092, 49.2748951], [20.4408166, 49.2754176], [20.4421225, 49.276376], [20.4434417, 49.2771833], [20.4444543, 49.2775243], [20.4449852, 49.2780747], [20.4450279, 49.2789099], [20.4462252, 49.2797883], [20.4469968, 49.2815602], [20.4484811, 49.2831314], [20.449565, 49.2841204], [20.4500875, 49.2846314], [20.4512091, 49.2850522], [20.4519976, 49.2853091], [20.4529576, 49.2862544], [20.4527299, 49.2875341], [20.4523867, 49.2888095], [20.452776, 49.2896577], [20.4539241, 49.2897764], [20.455587, 49.2893081], [20.4571739, 49.2883822], [20.4600639, 49.2871261], [20.4623435, 49.2862261], [20.4649299, 49.2857921], [20.4659625, 49.2859064], [20.4658967, 49.2866617], [20.4667679, 49.2873004], [20.4673715, 49.2870198], [20.4682917, 49.2857659], [20.4694821, 49.2840673], [20.46996, 49.2825695], [20.4719125, 49.2814297], [20.4742283, 49.2814402], [20.4752806, 49.2813278], [20.4753829, 49.2814831], [20.4759077, 49.2821089], [20.4753605, 49.2830737], [20.4754797, 49.2843663], [20.4763247, 49.2853071], [20.4779478, 49.2852917], [20.4787955, 49.2848686], [20.4790093, 49.2837398], [20.4802427, 49.2828763], [20.4810969, 49.2823776], [20.4826634, 49.281678], [20.4827093, 49.2811493], [20.4827969, 49.2802827], [20.4842849, 49.2790102], [20.4864547, 49.2780298], [20.4868338, 49.277665], [20.4871564, 49.2766161], [20.4892869, 49.2760889], [20.491134, 49.2761574], [20.4931598, 49.2768387], [20.4952749, 49.2778264], [20.4972376, 49.2778991], [20.4985076, 49.2779461], [20.4990412, 49.2771323], [20.4999565, 49.2760693], [20.500136, 49.2752537], [20.4990033, 49.2747501], [20.4970058, 49.2733678], [20.4960103, 49.2726383], [20.4956542, 49.2713168], [20.495767, 49.2700127], [20.4966938, 49.2688157], [20.4996445, 49.268124], [20.500483, 49.2678154], [20.5027771, 49.2677803], [20.5041474, 49.267831], [20.505547, 49.2686023], [20.5059213, 49.2695757], [20.5057024, 49.2699874], [20.506311, 49.2703697], [20.5076813, 49.2704203], [20.5100565, 49.270508], [20.5125733, 49.2710807], [20.5147954, 49.2718823], [20.5154542, 49.2727461], [20.5154683, 49.2736462], [20.5165338, 49.2740453], [20.5177215, 49.2740891], [20.5184524, 49.274116], [20.5190405, 49.2747374], [20.5196543, 49.2750598], [20.5209785, 49.2756483], [20.5217443, 49.2763362], [20.5234494, 49.2767587], [20.5250735, 49.2770584], [20.5257069, 49.2782211], [20.5263762, 49.2789653], [20.5273864, 49.2789425], [20.5280722, 49.278428], [20.528449, 49.2772424], [20.5279572, 49.2765647], [20.5292938, 49.2748747], [20.5311683, 49.2733245], [20.533408, 49.2717876], [20.5355511, 49.270307], [20.5382679, 49.2685477], [20.5406087, 49.2668945], [20.5423802, 49.2665396], [20.5456082, 49.266298], [20.5477807, 49.265538], [20.5503493, 49.2644326], [20.5518874, 49.2635894], [20.5521211, 49.2629982], [20.5512587, 49.262367], [20.5502289, 49.2615498], [20.5489558, 49.2603638], [20.5496565, 49.2596698], [20.5487079, 49.2589755], [20.5464347, 49.2587723], [20.54473, 49.2583501], [20.5414427, 49.2571502], [20.5375725, 49.2552691], [20.5343522, 49.2532919], [20.5325522, 49.2518465], [20.52987, 49.2500088], [20.5288511, 49.2490718], [20.5267826, 49.2475565], [20.5243685, 49.2468679], [20.5220007, 49.2456413], [20.5221536, 49.2449273], [20.5235603, 49.2434799], [20.5243678, 49.2426101], [20.5244294, 49.2418927], [20.523897, 49.2416932], [20.5227603, 49.2421311], [20.5218421, 49.2421572], [20.5213508, 49.2414795], [20.5210524, 49.2406888], [20.5218302, 49.2390983], [20.521978, 49.2384441], [20.5218519, 49.2377798], [20.5207718, 49.2375601], [20.5197624, 49.2375828], [20.5185035, 49.238376], [20.5167458, 49.24071], [20.5149339, 49.2415427], [20.5131078, 49.2414753], [20.510284, 49.2402316], [20.5079927, 49.2391874], [20.5069899, 49.2380709], [20.5061336, 49.2373795], [20.5049071, 49.2367345], [20.5031792, 49.2355311], [20.5022782, 49.2342983], [20.5022143, 49.2329166], [20.5009673, 49.2325107], [20.5001525, 49.231341], [20.4998597, 49.2304906], [20.4996729, 49.2296272], [20.4991484, 49.2290015], [20.4982909, 49.2282119], [20.4978818, 49.2275905], [20.4980624, 49.2268394], [20.4986346, 49.2255724], [20.4987716, 49.2239861], [20.4989326, 49.2234616], [20.4997791, 49.2230383], [20.5002404, 49.2230553], [20.500286, 49.2225266], [20.499396, 49.2221147], [20.499013, 49.2211912], [20.4987779, 49.2198942], [20.498395, 49.2189706], [20.497294, 49.2183236], [20.4969502, 49.2169468], [20.4970155, 49.2161914], [20.4970677, 49.2155871], [20.4963453, 49.2145752], [20.4963018, 49.21374], [20.4962975, 49.2124516], [20.4964911, 49.2115494], [20.496589, 49.2104163], [20.495932, 49.208649], [20.4953055, 49.207868], [20.4935849, 49.2063643], [20.4929846, 49.2052811], [20.4927367, 49.2041352], [20.4932697, 49.2033214], [20.4935525, 49.2027256], [20.4929261, 49.2019446], [20.4927739, 49.2010296], [20.4927697, 49.1997411], [20.4935462, 49.1987848], [20.4937202, 49.1981092], [20.4936833, 49.1971985], [20.4929809, 49.1959599], [20.4926308, 49.1946586], [20.4918067, 49.1934913], [20.4913284, 49.1923368], [20.4906392, 49.1909472], [20.490711, 49.1901163], [20.4913526, 49.1893823], [20.4893304, 49.1887009], [20.4882433, 49.1879027], [20.4877455, 49.1869748], [20.4869216, 49.1858075], [20.4865129, 49.185186], [20.4868023, 49.1845147], [20.4861566, 49.1839602], [20.4853892, 49.183477], [20.4842695, 49.1830564], [20.4832652, 49.1826402], [20.4815131, 49.181514], [20.4799588, 49.1807741], [20.4785591, 49.1795852], [20.4775941, 49.1787156], [20.4771987, 49.1779431], [20.4772315, 49.1775654], [20.4764708, 49.1770066], [20.4755518, 49.1756082], [20.4743762, 49.1745034], [20.4726246, 49.1733771], [20.4702708, 49.1725314], [20.4680191, 49.1718411], [20.4644609, 49.1715565], [20.4622983, 49.1711725], [20.4606097, 49.1706546], [20.4591449, 49.1702209], [20.4567026, 49.1690685], [20.4551491, 49.1683282], [20.454165, 49.1676851], [20.4531052, 49.1665844], [20.4528584, 49.1654383], [20.4526775, 49.163537], [20.4520589, 49.1626801], [20.4514863, 49.1612945], [20.4506637, 49.1601269], [20.4496951, 49.1585784], [20.4493538, 49.1574932], [20.448376, 49.1574565], [20.4468922, 49.1569719], [20.4453061, 49.1564119], [20.4441144, 49.1550802], [20.4437545, 49.1542088], [20.4430314, 49.1537527], [20.4411568, 49.1527528], [20.4399467, 49.1516349], [20.4378675, 49.1504843], [20.4364339, 49.1494294], [20.4347805, 49.1471509], [20.4338315, 49.1455423], [20.4335805, 49.1446749], [20.4345118, 49.1439951], [20.4353283, 49.1433824], [20.4354904, 49.1415297], [20.4356026, 49.1402471], [20.4359822, 49.1399438], [20.4364377, 49.1394206], [20.4374671, 49.1387089], [20.4381755, 49.1376792], [20.4384756, 49.1366943], [20.440192, 49.1364179], [20.4406855, 49.1366562], [20.4415762, 49.1367575], [20.4426277, 49.1360906], [20.4431481, 49.1358729], [20.4440628, 49.1357039], [20.4449067, 49.1360216], [20.4458655, 49.1362721], [20.4463496, 49.1357183], [20.4465142, 49.1350811], [20.4476437, 49.1346231], [20.4502501, 49.1347209], [20.4522638, 49.1353684], [20.4550129, 49.1363295], [20.4562355, 49.1373047], [20.456282, 49.1380214], [20.457005, 49.1384774], [20.4582245, 49.1382371], [20.4603595, 49.1387461], [20.4614922, 49.1395034], [20.4632114, 49.1397822], [20.4640431, 49.1402423], [20.4656722, 49.1403032], [20.4660662, 49.1395316], [20.4666402, 49.1391956], [20.4659356, 49.1385258], [20.4655941, 49.1374407], [20.4665372, 49.136618], [20.4678404, 49.1366668], [20.4702174, 49.1368986], [20.4711233, 49.1365035], [20.4730905, 49.136434], [20.4739285, 49.1368227], [20.4749121, 49.1367879], [20.475154, 49.136511], [20.4761314, 49.1365475], [20.4767053, 49.1362114], [20.4776236, 49.1356738], [20.4776853, 49.1349612], [20.4772411, 49.1338007], [20.4763687, 49.1325529], [20.4756888, 49.1315981], [20.4757876, 49.1304579], [20.4762678, 49.1286886], [20.4773685, 49.1272998], [20.4779263, 49.1258908], [20.4792293, 49.1259394], [20.4804237, 49.125984], [20.4807211, 49.1250657], [20.4807766, 49.1244243], [20.4819549, 49.1233959], [20.4837599, 49.1226768], [20.4850628, 49.1227253], [20.4855341, 49.1223139], [20.4851675, 49.1215139], [20.4847233, 49.1203535], [20.4850821, 49.1187226], [20.4857605, 49.117175], [20.4876923, 49.1162461], [20.48861, 49.1157083], [20.4901136, 49.1146919], [20.490316, 49.1138171], [20.488596, 49.1133486], [20.4854726, 49.1129463], [20.4825416, 49.1128371], [20.4780663, 49.1129562], [20.4760938, 49.113097], [20.4744346, 49.1133925], [20.4729025, 49.1134783], [20.4717331, 49.1131486], [20.4703219, 49.1130959], [20.4681385, 49.1131572], [20.4659365, 49.1134323], [20.4638554, 49.1135689], [20.4621962, 49.1138642], [20.459259, 49.1138257], [20.4583472, 49.1142919], [20.4565607, 49.1147969], [20.4552642, 49.1146768], [20.4528047, 49.1141555], [20.4521442, 49.1129869], [20.451282, 49.112883], [20.4495916, 49.1135344], [20.4472283, 49.1131597], [20.4461088, 49.1122597], [20.4456966, 49.1107428], [20.4459046, 49.1096068], [20.4464072, 49.1088392], [20.4466926, 49.1080635], [20.4457966, 49.1071004], [20.4450526, 49.1056426], [20.4451458, 49.1045737], [20.4454346, 49.1025113], [20.4458907, 49.1010271], [20.4459902, 49.0998869], [20.4456493, 49.0988017], [20.4457177, 49.0980178], [20.4463597, 49.0968981], [20.4474821, 49.0965113], [20.4487503, 49.0957011], [20.4508742, 49.0950659], [20.4520678, 49.0951108], [20.4531405, 49.095294], [20.4543652, 49.0949825], [20.4557107, 49.0945326], [20.4572609, 49.0942333], [20.4584173, 49.0947056], [20.4601597, 49.0946994], [20.4612572, 49.0945976], [20.4634151, 49.0948214], [20.4657715, 49.0952671], [20.4687542, 49.0960222], [20.470007, 49.096641], [20.4718333, 49.0969237], [20.473244, 49.0969765], [20.4757029, 49.0974973], [20.4773467, 49.098631], [20.4783764, 49.0993129], [20.4803668, 49.0989582], [20.4811634, 49.098559], [20.4825742, 49.0986116], [20.4833955, 49.0979273], [20.4852365, 49.0967806], [20.4867989, 49.0963384], [20.4877532, 49.095373], [20.4869343, 49.0947706], [20.4861524, 49.0937406], [20.4863656, 49.0925332], [20.486982, 49.0916983], [20.487062, 49.0907718], [20.4871297, 49.089988], [20.4871913, 49.0892753], [20.4883563, 49.0883894], [20.4892674, 49.0879228], [20.4906779, 49.0879754], [20.4912696, 49.0874255], [20.4908193, 49.0863363], [20.4905329, 49.0846099], [20.4897942, 49.0830811], [20.4901772, 49.0811651], [20.4902817, 49.0799536], [20.4902839, 49.0786668], [20.4887121, 49.0779649], [20.4875519, 49.0762773], [20.4858409, 49.0759276], [20.4842507, 49.0754394], [20.4834445, 49.0746944], [20.4828923, 49.0735299], [20.4826408, 49.0726626], [20.4801337, 49.072712], [20.4778313, 49.072912], [20.4759688, 49.0730569], [20.4743418, 49.0729961], [20.4719556, 49.0729069], [20.4698109, 49.0725407], [20.4679979, 49.0721154], [20.4655465, 49.0715232], [20.4646446, 49.0706314], [20.4625682, 49.0694812], [20.4621901, 49.0688236], [20.4622643, 49.0679685], [20.4629769, 49.0672803], [20.4633641, 49.0665799], [20.4642284, 49.0653969], [20.4647303, 49.0646292], [20.4636953, 49.0640185], [20.4619044, 49.0645948], [20.4609098, 49.064772], [20.460067, 49.0644544], [20.4583846, 49.0650347], [20.457046, 49.0654135], [20.455915, 49.0646561], [20.4549452, 49.0645482], [20.454468, 49.0650307], [20.4539599, 49.0658695], [20.4531883, 49.0659835], [20.4500433, 49.0658654], [20.4486057, 49.0648819], [20.4471495, 49.0641122], [20.4466632, 49.0634504], [20.4458826, 49.0624201], [20.4458052, 49.0620597], [20.4458921, 49.0610621], [20.4465274, 49.0600136], [20.4476615, 49.0594843], [20.4474881, 49.0589773], [20.4461405, 49.0582117], [20.4456542, 49.0575499], [20.4451431, 49.0571732], [20.4441424, 49.0574215], [20.442355, 49.0567108], [20.4407507, 49.0551489], [20.439326, 49.0540228], [20.4385519, 49.0529212], [20.4374713, 49.0515935], [20.4365365, 49.0498424], [20.4366422, 49.048631], [20.4375966, 49.047666], [20.4386745, 49.0477782], [20.4396129, 49.0482425], [20.4407743, 49.0486438], [20.4409973, 49.0485807], [20.4411617, 49.0479434], [20.4407004, 49.0469966], [20.4405644, 49.0460621], [20.4409518, 49.0453617], [20.4409242, 49.0444312], [20.4398775, 49.0439628], [20.4384034, 49.0434068], [20.4377814, 49.0418104], [20.4377263, 49.0399495], [20.4378383, 49.0386668], [20.4373248, 49.0370745], [20.437474, 49.0353643], [20.4376238, 49.0348439], [20.4379422, 49.0337375], [20.4384228, 49.0319683], [20.4395811, 49.031154], [20.4404143, 49.0303275], [20.4412847, 49.0290734], [20.441926, 49.0279536], [20.4432823, 49.0273613], [20.445558, 49.027447], [20.4461585, 49.0280416], [20.4469419, 49.0277851], [20.4476541, 49.027097], [20.4473199, 49.0259405], [20.447834, 49.0250304], [20.4488063, 49.0238516], [20.4498158, 49.0222452], [20.4503112, 49.0215489], [20.4506271, 49.0204169], [20.4510853, 49.0201481], [20.4524043, 49.0202349], [20.4528901, 49.020645], [20.4538312, 49.0223247], [20.453828, 49.0236115], [20.4538063, 49.0251121], [20.4543822, 49.0259917], [20.456277, 49.0267063], [20.4579799, 49.0271278], [20.4595559, 49.0277589], [20.4605592, 49.028726], [20.4614974, 49.0291902], [20.463383, 49.0287604], [20.4644729, 49.0287298], [20.4657486, 49.0290636], [20.4676437, 49.0297781], [20.4686966, 49.030175], [20.4689565, 49.0296843], [20.4707426, 49.0278924], [20.4718166, 49.0267887], [20.4731293, 49.0266948], [20.4743214, 49.0267394], [20.4759962, 49.0262301], [20.4786339, 49.0258998], [20.4801941, 49.0254577], [20.4813086, 49.0251418], [20.4827173, 49.0251944], [20.4832161, 49.0257135], [20.4840768, 49.0258172], [20.4850829, 49.0254972], [20.4854326, 49.0252243], [20.486872, 49.0249206], [20.4883338, 49.0256185], [20.4895912, 49.0261659], [20.4901984, 49.026689], [20.4902208, 49.0276907], [20.4903515, 49.0286965], [20.4915476, 49.0299564], [20.4932263, 49.0306624], [20.4936537, 49.0307498], [20.4941219, 49.0316251], [20.4949521, 49.032085], [20.4963181, 49.0326363], [20.4982199, 49.033279], [20.4993386, 49.0341785], [20.5002692, 49.0360004], [20.5012121, 49.0376798], [20.501746, 49.039058], [20.5019732, 49.0402103], [20.502822, 49.0404563], [20.5039611, 49.0398552], [20.5052882, 49.0383317], [20.5060776, 49.0380036], [20.5069202, 49.0383208], [20.5073477, 49.0384082], [20.508679, 49.0381001], [20.5094867, 49.0375582], [20.5110042, 49.0376145], [20.511714, 49.0382127], [20.5127552, 49.0387518], [20.5151644, 49.0385551], [20.5170559, 49.0380532], [20.517978, 49.037444], [20.5189414, 49.0376226], [20.5194955, 49.0375002], [20.5209352, 49.037196], [20.5226099, 49.036686], [20.5242357, 49.0367461], [20.5255121, 49.0370793], [20.5270052, 49.0374204], [20.5289855, 49.038423], [20.5302729, 49.0399003], [20.5313923, 49.0407995], [20.5324033, 49.0416947], [20.5335957, 49.0417387], [20.5342462, 49.0417627], [20.5343252, 49.0408363], [20.5354407, 49.0392331], [20.5365429, 49.0390593], [20.5377292, 49.0391745], [20.5385721, 49.0394916], [20.5395173, 49.0398838], [20.5411555, 49.0398012], [20.5415414, 49.0391005], [20.5418554, 49.0379682], [20.5427173, 49.0367847], [20.5443614, 49.0366307], [20.5466074, 49.0370708], [20.5477391, 49.0378273], [20.5489489, 49.0389441], [20.5498639, 49.0396927], [20.5497367, 49.0411893], [20.5495192, 49.0424681], [20.5479348, 49.0431962], [20.5462419, 49.0439203], [20.5459766, 49.0444825], [20.546157, 49.044918], [20.5469159, 49.044946], [20.5483495, 49.0447127], [20.5494336, 49.0447526], [20.5511561, 49.0449588], [20.5519749, 49.0455608], [20.5525891, 49.0460123], [20.5537035, 49.0456958], [20.5538785, 49.0449158], [20.5550111, 49.0443855], [20.5565772, 49.0438711], [20.558577, 49.0433725], [20.5599259, 49.0441369], [20.5610519, 49.0449645], [20.5610394, 49.0463938], [20.560509, 49.0475182], [20.5594365, 49.0486227], [20.5590447, 49.0493947], [20.5588576, 49.0503172], [20.5596227, 49.0502738], [20.5607432, 49.0498859], [20.5612672, 49.0501196], [20.5631406, 49.0498308], [20.5636951, 49.0484213], [20.5651653, 49.0464735], [20.5666112, 49.0448107], [20.5668162, 49.0436744], [20.5681352, 49.0435082], [20.5695928, 49.0429897], [20.5715442, 49.043061], [20.5725981, 49.043457], [20.573387, 49.0444152], [20.5730436, 49.0459039], [20.5729894, 49.0465453], [20.573164, 49.0470521], [20.573682, 49.0473569], [20.5747481, 49.0476104], [20.5756998, 49.0479311], [20.5762058, 49.0483785], [20.577031, 49.048909], [20.5769768, 49.0495504], [20.5777237, 49.0497207], [20.5787356, 49.0493287], [20.5796211, 49.0491465], [20.5806029, 49.0491109], [20.5814643, 49.0492138], [20.5817414, 49.0497958], [20.5816692, 49.050651], [20.5819283, 49.0514468], [20.5818321, 49.0525871], [20.5826755, 49.0529038], [20.5838622, 49.0530185], [20.5848381, 49.0530541], [20.5862597, 49.0529629], [20.5877537, 49.0533033], [20.5891634, 49.0533546], [20.5903561, 49.053398], [20.5918922, 49.0532395], [20.5930366, 49.0525662], [20.5922955, 49.0523248], [20.5908075, 49.0519132], [20.5893315, 49.0513591], [20.5882473, 49.0513196], [20.5876447, 49.0507258], [20.5882289, 49.0502467], [20.5891144, 49.0500645], [20.5888131, 49.0497675], [20.5884998, 49.0496132], [20.5881926, 49.0493875], [20.5882887, 49.0482472], [20.5887584, 49.0478354], [20.5889269, 49.0471267], [20.5888845, 49.0463388], [20.58774, 49.0457252], [20.5874688, 49.0450719], [20.5879686, 49.0443038], [20.5899317, 49.0429455], [20.5909554, 49.0424109], [20.5929068, 49.0424819], [20.5934968, 49.0419315], [20.594436, 49.0411078], [20.5963389, 49.0404621], [20.5978925, 49.0400897], [20.5988622, 49.0401964], [20.6003799, 49.0402515], [20.6013016, 49.0409284], [20.6020306, 49.0413123], [20.6016927, 49.0401562], [20.6017885, 49.0390159], [20.6024263, 49.0378953], [20.6041181, 49.0371703], [20.6059183, 49.0364493], [20.6068393, 49.0358393], [20.6080317, 49.0358826], [20.6088809, 49.0361278], [20.6098565, 49.0361632], [20.6105427, 49.0357591], [20.6106323, 49.0346901], [20.6111555, 49.0336367], [20.6129674, 49.0327731], [20.6153997, 49.0322892], [20.6179106, 49.0321656], [20.6189727, 49.0321691], [20.6192578, 49.0313825], [20.6187946, 49.0297991], [20.6189644, 49.0277686], [20.6196419, 49.0253647], [20.6197399, 49.0241933], [20.6207409, 49.0221928], [20.6210698, 49.021108], [20.6222558, 49.0200156], [20.623463, 49.0195495], [20.6253564, 49.0196962], [20.6277392, 49.0211139], [20.6294358, 49.0221935], [20.6302344, 49.022614], [20.631422, 49.0226568], [20.6324972, 49.0226172], [20.6326876, 49.0217624], [20.6330114, 49.0205584], [20.633721, 49.0198692], [20.6357547, 49.0189416], [20.6374394, 49.0182875], [20.6389802, 49.018057], [20.6411474, 49.018135], [20.6424359, 49.0183244], [20.6438387, 49.0184463], [20.6445676, 49.0188299], [20.6444965, 49.0196852], [20.644461, 49.0201128], [20.6444136, 49.020683], [20.6446498, 49.0217637], [20.645897, 49.0224519], [20.6467343, 49.0228394], [20.6482456, 49.0229652], [20.6488663, 49.0233449], [20.6501668, 49.0233916], [20.6509076, 49.0236327], [20.651948, 49.0228837], [20.6535066, 49.0224392], [20.6556741, 49.022517], [20.6572642, 49.0230029], [20.6579874, 49.0234577], [20.659944, 49.0234563], [20.6613529, 49.0235067], [20.6626357, 49.0237671], [20.6634732, 49.0241545], [20.663948, 49.0236711], [20.6654688, 49.0223673], [20.6672146, 49.0222868], [20.6679673, 49.0223852], [20.6694786, 49.0225107], [20.6716167, 49.0229445], [20.6736287, 49.0235882], [20.674967, 49.0244938], [20.6757164, 49.0259502], [20.6753148, 49.0268651], [20.6746965, 49.0277723], [20.6739932, 49.0283906], [20.6737353, 49.0288817], [20.6739226, 49.0292458], [20.6746813, 49.0292729], [20.6773851, 49.0294409], [20.678138, 49.0295392], [20.6786153, 49.0303425], [20.6795614, 49.0307337], [20.6807655, 49.0306336], [20.6824853, 49.0295511], [20.682843, 49.0278483], [20.682805, 49.0269892], [20.6834056, 49.0262957], [20.6848263, 49.0262034], [20.6882038, 49.0261091], [20.69072, 49.0259126], [20.6931044, 49.0259974], [20.6946217, 49.0260513], [20.6955152, 49.0270838], [20.695445, 49.027939], [20.6958552, 49.0282395], [20.6970591, 49.0281393], [20.6981371, 49.028249], [20.6991801, 49.0287864], [20.6998862, 49.0294548], [20.7008824, 49.0305624], [20.7013776, 49.0311518], [20.7019988, 49.0315312], [20.7026433, 49.0316255], [20.7042751, 49.0316119], [20.7055199, 49.0310126], [20.7070375, 49.0310664], [20.7082181, 49.0312511], [20.7100667, 49.031245], [20.7111506, 49.0312834], [20.7123255, 49.0315394], [20.7133861, 49.0318628], [20.7148221, 49.0329143], [20.7162931, 49.0335381], [20.7179984, 49.0339557], [20.7198085, 49.0330904], [20.721574, 49.0314371], [20.7228187, 49.0308377], [20.7245995, 49.0303287], [20.7263803, 49.0298196], [20.728223, 49.0298845], [20.7288501, 49.0301925], [20.7295933, 49.029075], [20.7300346, 49.027661], [20.7316274, 49.0267878], [20.7328603, 49.0263308], [20.733648, 49.0260011], [20.7343116, 49.0245234], [20.7346038, 49.0236045], [20.7354436, 49.0226333], [20.7367904, 49.0221088], [20.7378742, 49.0221469], [20.7396761, 49.0227106], [20.7414722, 49.0233455], [20.7437019, 49.0239956], [20.7445054, 49.02481], [20.745069, 49.025902], [20.7460444, 49.0259362], [20.7474086, 49.0251978], [20.7505935, 49.023451], [20.7531564, 49.0220005], [20.7563396, 49.0209726], [20.7607036, 49.0211252], [20.7639864, 49.0211199], [20.7659383, 49.0217877], [20.766574, 49.0229492], [20.7675968, 49.0249637], [20.768898, 49.0257886], [20.7705822, 49.026387], [20.7718215, 49.0268499], [20.7726682, 49.027659], [20.7737058, 49.029494], [20.7750735, 49.0317603], [20.7753506, 49.0328493], [20.7755126, 49.034234], [20.7753923, 49.0357289], [20.7751713, 49.0373402], [20.7745774, 49.0379192], [20.7751943, 49.0393198], [20.7752804, 49.0393828], [20.7768453, 49.0403367], [20.77842, 49.041171], [20.7792525, 49.0421593], [20.7805019, 49.0425026], [20.7817132, 49.0421849], [20.783116, 49.041754], [20.7866108, 49.0413956], [20.789938, 49.0408515], [20.7914029, 49.0407824], [20.7928965, 49.0403544], [20.7932078, 49.0398855], [20.7930882, 49.0391019], [20.7921261, 49.0385888], [20.7922412, 49.0371537], [20.7923467, 49.0358382], [20.7938067, 49.0346896], [20.7962671, 49.0335756], [20.7982056, 49.0332829], [20.8001346, 49.0331098], [20.8007233, 49.0325905], [20.8001202, 49.0321499], [20.7993352, 49.031703], [20.7991055, 49.0311554], [20.799072, 49.0304347], [20.7996942, 49.0294969], [20.8012783, 49.0279327], [20.8028576, 49.0264283], [20.8047814, 49.0251757], [20.8064563, 49.0247538], [20.8067625, 49.0243447], [20.8067576, 49.0232652], [20.8078676, 49.0219244], [20.8088052, 49.0204578], [20.8103506, 49.0193718], [20.8121305, 49.0187737], [20.8143269, 49.0186696], [20.8162552, 49.0184962], [20.8178631, 49.0189114], [20.8205911, 49.0201446], [20.8217112, 49.0209627], [20.8229841, 49.0210065], [20.8241994, 49.0206286], [20.8250652, 49.0200588], [20.8256868, 49.0191208], [20.825849, 49.0182269], [20.8258003, 49.0165463], [20.8267183, 49.0153187], [20.828981, 49.0143772], [20.8304545, 49.0141879], [20.8313778, 49.0140398], [20.8320759, 49.0132843], [20.8325392, 49.012041], [20.8326673, 49.0104264], [20.8330388, 49.0092097], [20.8348861, 49.0088837], [20.8363548, 49.0087542], [20.8383546, 49.0088227], [20.8401584, 49.0090645], [20.8415844, 49.0094731], [20.8433882, 49.0097148], [20.8442158, 49.0096232], [20.846263, 49.0090936], [20.8462346, 49.0094524], [20.8466276, 49.0102454], [20.8472698, 49.0113466], [20.8477207, 49.0125613], [20.8481338, 49.0142543], [20.8487712, 49.0154153], [20.8490073, 49.0170423], [20.8500758, 49.0185179], [20.8508138, 49.0195625], [20.851715, 49.0199964], [20.8518009, 49.0209153], [20.8512129, 49.0214349], [20.8508066, 49.0219606], [20.850176, 49.0230184], [20.8496458, 49.0239596], [20.8492974, 49.024907], [20.8486136, 49.0254833], [20.8476806, 49.0257512], [20.8461737, 49.0263592], [20.8449963, 49.026259], [20.8435661, 49.0270494], [20.8430641, 49.0276319], [20.8428017, 49.0286422], [20.8420846, 49.029637], [20.8414253, 49.0310535], [20.8404742, 49.0326998], [20.840801, 49.0343299], [20.8411999, 49.0362023], [20.8414168, 49.0380685], [20.8420592, 49.0391698], [20.8429982, 49.0399814], [20.8440518, 49.0404972], [20.8439182, 49.0410322], [20.8443977, 49.0418881], [20.8452989, 49.0431781], [20.8470377, 49.0442568], [20.8476082, 49.0451158], [20.8476141, 49.0461953], [20.8478113, 49.0471614], [20.8486464, 49.0492885], [20.8498929, 49.0508301], [20.8515848, 49.0525067], [20.8539279, 49.0540258], [20.8556283, 49.0544435], [20.8566291, 49.0544776], [20.8570415, 49.0550313], [20.8569849, 49.0557489], [20.8565973, 49.0560355], [20.8566991, 49.0570583], [20.8569639, 49.0583264], [20.8572961, 49.0598967], [20.8571828, 49.0613319], [20.8566429, 49.0623927], [20.8561265, 49.0631546], [20.8561597, 49.0642451], [20.8561635, 49.0643021], [20.8562059, 49.0656156], [20.8561569, 49.0662354], [20.8561256, 49.0666322], [20.8559449, 49.0677652], [20.8559792, 49.0684859], [20.8569581, 49.0699583], [20.8576106, 49.0709399], [20.8585066, 49.0711503], [20.8592253, 49.0712947], [20.8599015, 49.0719773], [20.8604146, 49.0724145], [20.860449, 49.0731351], [20.8608333, 49.0740476], [20.8614233, 49.0746673], [20.8622628, 49.0755952], [20.8639108, 49.0761784], [20.8652548, 49.0766541], [20.8674636, 49.0779306], [20.8689357, 49.07894], [20.8711597, 49.0796751], [20.8726162, 49.0797245], [20.8749783, 49.0798646], [20.8759027, 49.0797161], [20.8776998, 49.0800768], [20.8796697, 49.0805633], [20.8824917, 49.0806589], [20.8851692, 49.0802698], [20.8869222, 49.0800293], [20.8878654, 49.0796415], [20.8883955, 49.0787001], [20.8881391, 49.0773124], [20.8871311, 49.0761991], [20.8868955, 49.0757115], [20.8869424, 49.0751135], [20.8879577, 49.074968], [20.8897782, 49.0750295], [20.891685, 49.0751539], [20.8924226, 49.0750589], [20.8933119, 49.0741896], [20.8939189, 49.0734306], [20.8947895, 49.0728005], [20.8965376, 49.0726197], [20.8977208, 49.0726596], [20.8988084, 49.0727562], [20.8997909, 49.0730292], [20.9013336, 49.0731411], [20.9030864, 49.0729004], [20.9048974, 49.0730813], [20.9064541, 49.0730138], [20.9071006, 49.0729156], [20.9081531, 49.0722915], [20.9095137, 49.0723973], [20.9103866, 49.0729063], [20.9115979, 49.0725872], [20.9131685, 49.0723402], [20.914361, 49.0722604], [20.9146926, 49.0726912], [20.9154838, 49.0730775], [20.9160811, 49.0724381], [20.9174344, 49.0714642], [20.9186549, 49.0710255], [20.9199291, 49.0710683], [20.9206387, 49.0713319], [20.9215117, 49.0718408], [20.9225083, 49.0719342], [20.9235234, 49.0717884], [20.9248534, 49.0711134], [20.9258685, 49.0709676], [20.9271149, 49.0713691], [20.9285666, 49.0714776], [20.9298502, 49.0714006], [20.9309656, 49.0711382], [20.932209, 49.0704003], [20.9326333, 49.0696351], [20.9326164, 49.0686752], [20.9322076, 49.068062], [20.9320858, 49.0672785], [20.9325193, 49.0663937], [20.9325934, 49.0654369], [20.9329035, 49.0649676], [20.933573, 49.0645703], [20.9348702, 49.0643138], [20.935262, 49.0639672], [20.9356862, 49.0632019], [20.93657, 49.0623921], [20.9376851, 49.0621296], [20.9387772, 49.062166], [20.939732, 49.0627975], [20.9402673, 49.0641343], [20.9416449, 49.0651996], [20.9427996, 49.0661974], [20.9428352, 49.066918], [20.9431669, 49.0673488], [20.9440771, 49.0673791], [20.9451059, 49.0670537], [20.9465944, 49.0666836], [20.9493121, 49.0657548], [20.9511738, 49.0652772], [20.9530078, 49.0651584], [20.9530355, 49.0647996], [20.9519894, 49.0641652], [20.9510252, 49.0636535], [20.9500438, 49.0621819], [20.9480925, 49.0614574], [20.9469556, 49.06082], [20.9469199, 49.0600993], [20.9460838, 49.0591122], [20.9452694, 49.0590251], [20.9450518, 49.0582984], [20.9439968, 49.0577836], [20.9433829, 49.0574633], [20.9432517, 49.0567994], [20.9427381, 49.0563626], [20.942115, 49.0561619], [20.9418743, 49.0557342], [20.9413884, 49.0549386], [20.9403381, 49.0543639], [20.9397151, 49.0541633], [20.9387327, 49.0538906], [20.9387789, 49.0532926], [20.9388529, 49.0523358], [20.9383347, 49.0519588], [20.9383671, 49.0515402], [20.9385814, 49.0511276], [20.9378813, 49.0507445], [20.9364441, 49.0504567], [20.9352027, 49.0499955], [20.9330377, 49.0496833], [20.9310269, 49.0497359], [20.9306044, 49.0493021], [20.9305829, 49.048402], [20.9309746, 49.0480554], [20.9310163, 49.0475172], [20.9307804, 49.0470296], [20.9300804, 49.0466465], [20.9300311, 49.0461052], [20.9304738, 49.0451008], [20.930881, 49.0433757], [20.9317523, 49.0415462], [20.9317863, 49.0399285], [20.9324432, 49.0385115], [20.9323631, 49.0371898], [20.9322738, 49.0359877], [20.9311393, 49.034151], [20.9303594, 49.0324461], [20.9297754, 49.0305679], [20.9288231, 49.0287373], [20.9280619, 49.0267932], [20.9274052, 49.0255307], [20.9272684, 49.0252677], [20.9262912, 49.0249352], [20.9254636, 49.0250273], [20.9248809, 49.0254875], [20.9242489, 49.0254063], [20.9240364, 49.0246197], [20.9226724, 49.024574], [20.9225091, 49.0243287], [20.9229192, 49.0237429], [20.9233293, 49.023157], [20.9235761, 49.0223259], [20.9239092, 49.0215577], [20.9237691, 49.0210133], [20.9231159, 49.0200321], [20.9225982, 49.019655], [20.9220638, 49.018318], [20.9207974, 49.0170164], [20.9189596, 49.0148562], [20.9184347, 49.0133996], [20.9177511, 49.0116378], [20.916203, 49.0104466], [20.9145269, 49.0097307], [20.9132588, 49.0096281], [20.9129278, 49.0091973], [20.9129743, 49.0085992], [20.913734, 49.0082051], [20.9136359, 49.0071226], [20.9131091, 49.006865], [20.9119925, 49.005988], [20.9106683, 49.0042646], [20.9103466, 49.0037142], [20.9092068, 49.0031362], [20.9090949, 49.002233], [20.9082418, 49.0014848], [20.9070928, 49.0010263], [20.9056618, 49.0006783], [20.9049044, 48.9998733], [20.9050049, 48.9991672], [20.9038987, 48.9977708], [20.9028827, 48.9967772], [20.9013633, 48.9960065], [20.90143, 48.9954721], [20.9014938, 48.994332], [20.9009937, 48.9929561], [20.8989184, 48.9915269], [20.8987569, 48.9904822], [20.8994809, 48.9889877], [20.8995555, 48.9880309], [20.9002359, 48.9870945], [20.900559, 48.9860661], [20.8997793, 48.9851604], [20.899037, 48.9837763], [20.8984469, 48.9819975], [20.8986427, 48.9810448], [20.9000001, 48.9807709], [20.9019756, 48.9803579], [20.9043641, 48.9793193], [20.9062804, 48.9781048], [20.9073302, 48.9771009], [20.9081314, 48.9761686], [20.9081996, 48.9752915], [20.9072212, 48.9738195], [20.9067396, 48.9722044], [20.906342, 48.9710717], [20.9064227, 48.9700352], [20.9068233, 48.969569], [20.9082175, 48.9688166], [20.909739, 48.9679885], [20.9104128, 48.9671318], [20.9127757, 48.9664119], [20.9150113, 48.9657677], [20.9171196, 48.9651991], [20.9187681, 48.9642952], [20.9203264, 48.9629885], [20.9218006, 48.9611993], [20.9231574, 48.9609251], [20.9244832, 48.9610496], [20.9256633, 48.961489], [20.9279641, 48.9615662], [20.9309606, 48.9620664], [20.9320258, 48.9624219], [20.9324486, 48.9632355], [20.9321324, 48.9641842], [20.9320276, 48.9655397], [20.9317832, 48.9671304], [20.9323086, 48.9681873], [20.9335197, 48.9682279], [20.9355006, 48.9677346], [20.9386391, 48.9664007], [20.940197, 48.9650937], [20.9424875, 48.9637313], [20.9452807, 48.9621458], [20.9470497, 48.9612456], [20.9477719, 48.9597508], [20.9483421, 48.9586506], [20.9495301, 48.9574111], [20.9509234, 48.9566582], [20.9530308, 48.9560889], [20.9550294, 48.9553561], [20.9562525, 48.955237], [20.9574694, 48.9551976], [20.9592197, 48.9545363], [20.9608365, 48.9540305], [20.9625194, 48.9542464], [20.9640995, 48.954219], [20.965232, 48.953697], [20.9673514, 48.952968], [20.9697434, 48.9518483], [20.9726919, 48.9513866], [20.9753555, 48.9514749], [20.9790662, 48.9521574], [20.9826863, 48.9524371], [20.9862279, 48.9521545], [20.9884923, 48.9511102], [20.9904237, 48.9496551], [20.9919976, 48.9497071], [20.9941648, 48.9499384], [20.9967497, 48.9494641], [20.9994496, 48.9490734], [21.0005271, 48.9492688], [21.000969, 48.9498429], [21.0020284, 48.9502775], [21.0025248, 48.950134], [21.0038929, 48.9496993], [21.0043711, 48.949795], [21.0043227, 48.9504329], [21.005249, 48.951023], [21.0061813, 48.9515333], [21.0077191, 48.9520635], [21.0086454, 48.9526535], [21.0106856, 48.9529604], [21.0136765, 48.9535382], [21.0150144, 48.9535021], [21.0178234, 48.9532745], [21.0186709, 48.9533023], [21.0208203, 48.9537724], [21.0233691, 48.9537759], [21.0259599, 48.9532212], [21.0285627, 48.9525069], [21.0295004, 48.9513384], [21.0299117, 48.9507124], [21.0308923, 48.9505845], [21.0323212, 48.950951], [21.0341134, 48.9513292], [21.0353001, 48.9516877], [21.0369953, 48.951743], [21.0387023, 48.9516388], [21.039683, 48.9515109], [21.0417233, 48.9518172], [21.0427339, 48.951656], [21.0432062, 48.9514658], [21.0447011, 48.9509549], [21.0449971, 48.9502451], [21.0445367, 48.9499103], [21.0440943, 48.9493364], [21.0447834, 48.9482397], [21.0462841, 48.947649], [21.0482197, 48.9461132], [21.0503794, 48.9448245], [21.0518007, 48.9436716], [21.0523805, 48.9424114], [21.0518588, 48.9412753], [21.0514223, 48.9406216], [21.0491223, 48.9405469], [21.0482017, 48.9398774], [21.0472019, 48.9386458], [21.0473155, 48.9371307], [21.046534, 48.9362259], [21.0461761, 48.934901], [21.0477742, 48.9349987], [21.0495659, 48.9353768], [21.0512246, 48.9359104], [21.0522108, 48.9357027], [21.0543044, 48.9352911], [21.0553563, 48.9342062], [21.0556147, 48.932376], [21.0557102, 48.9311001], [21.0565319, 48.9298478], [21.058649, 48.9291171], [21.0590896, 48.9280922], [21.0607523, 48.9269471], [21.0627482, 48.9262125], [21.0651806, 48.9261315], [21.0671109, 48.926274], [21.0677716, 48.9271748], [21.0687835, 48.9282467], [21.0700651, 48.927329], [21.0701662, 48.9259733], [21.0707691, 48.9243941], [21.0726735, 48.9232566], [21.0740819, 48.922263], [21.0756966, 48.9217556], [21.076724, 48.9209895], [21.0776423, 48.9200599], [21.0798797, 48.9193328], [21.0813258, 48.9194594], [21.0835039, 48.9195297], [21.0859062, 48.919847], [21.0892767, 48.9201955], [21.0900764, 48.9208607], [21.0899936, 48.9219772], [21.0890874, 48.9227474], [21.0873162, 48.9237295], [21.0861205, 48.9251298], [21.0848452, 48.925968], [21.084659, 48.9268413], [21.0863711, 48.9266567], [21.0885732, 48.9264079], [21.0901169, 48.9268573], [21.0906924, 48.9272755], [21.0908812, 48.928001], [21.0915719, 48.9285029], [21.0925815, 48.9279758], [21.0931425, 48.9269547], [21.093358, 48.9256826], [21.0947365, 48.9250875], [21.0976321, 48.9236618], [21.1002089, 48.923265], [21.1026292, 48.9233427], [21.1036417, 48.9244143], [21.104725, 48.924529], [21.1060326, 48.9248907], [21.1059619, 48.9258477], [21.1052861, 48.9267853], [21.1039136, 48.9273008], [21.102119, 48.9286021], [21.1020483, 48.9295591], [21.1018742, 48.9302729], [21.1018034, 48.9312299], [21.1017327, 48.9321869], [21.102521, 48.9330115], [21.1035011, 48.9328831], [21.1048679, 48.9324473], [21.1067305, 48.9318676], [21.1086965, 48.9315309], [21.1098271, 48.9310075], [21.1107625, 48.9298385], [21.1118989, 48.9292354], [21.1135193, 48.9286477], [21.1136521, 48.9284921], [21.1144488, 48.9275584], [21.1163464, 48.9265], [21.1181735, 48.9263985], [21.1186283, 48.9268127], [21.1185637, 48.9276899], [21.1187823, 48.9280167], [21.1196295, 48.9280437], [21.1203263, 48.9284657], [21.1201407, 48.929339], [21.1194652, 48.9302767], [21.1185181, 48.9316053], [21.1183501, 48.9322394], [21.1195957, 48.9317996], [21.1208002, 48.931918], [21.1221082, 48.9322795], [21.122731, 48.9320596], [21.1225241, 48.9315734], [21.1219893, 48.9305971], [21.1220479, 48.9297996], [21.1229303, 48.9293482], [21.1245037, 48.9293984], [21.1259268, 48.9298434], [21.12686, 48.9303528], [21.1274651, 48.9303721], [21.1275295, 48.9294949], [21.1275764, 48.9288569], [21.1275198, 48.9279758], [21.1269146, 48.9279565], [21.1250933, 48.9279784], [21.1241486, 48.9276285], [21.1230769, 48.9273545], [21.1234421, 48.9256875], [21.1238579, 48.9249813], [21.1240316, 48.9242674], [21.1239068, 48.9226648], [21.1239537, 48.9220268], [21.1249628, 48.9214994], [21.1263701, 48.9205051], [21.1269303, 48.9194838], [21.1281013, 48.9184021], [21.1281364, 48.9179236], [21.1283277, 48.9169705], [21.1301036, 48.915908], [21.1323167, 48.9154989], [21.1353709, 48.9151964], [21.1381189, 48.9157634], [21.1392763, 48.9165196], [21.1402778, 48.9177505], [21.1423918, 48.9186969], [21.1441894, 48.9189938], [21.1458836, 48.9190475], [21.1473357, 48.9190936], [21.1494161, 48.9188398], [21.1505052, 48.9188743], [21.1523029, 48.9191711], [21.1532884, 48.9189625], [21.1550116, 48.9186174], [21.156879, 48.9179571], [21.1579622, 48.9180713], [21.159547, 48.9179615], [21.1617251, 48.9180303], [21.1632402, 48.9188775], [21.1641735, 48.9193866], [21.1648764, 48.9197285], [21.1672278, 48.9190833], [21.1690661, 48.9188216], [21.1710543, 48.9181648], [21.173152, 48.9176714], [21.1748981, 48.917007], [21.1760738, 48.915845], [21.1784595, 48.9147211], [21.1797905, 48.9147629], [21.1817899, 48.9156251], [21.1822738, 48.9173189], [21.1829997, 48.9190203], [21.183743, 48.9204824], [21.1841233, 48.9219331], [21.1840138, 48.9234484], [21.1832933, 48.9250244], [21.1821982, 48.9267486], [21.1807399, 48.9284613], [21.1788666, 48.9292017], [21.1784631, 48.9297485], [21.1788548, 48.9310398], [21.1789239, 48.9317613], [21.1789814, 48.9326424], [21.1780244, 48.934131], [21.1769578, 48.9354564], [21.176427, 48.9377577], [21.1752334, 48.9391589], [21.1742762, 48.9406475], [21.1736994, 48.9419083], [21.17412, 48.9428008], [21.1758956, 48.9434162], [21.1779595, 48.9434012], [21.179545, 48.9432911], [21.1808134, 48.9425317], [21.1829524, 48.9414798], [21.184336, 48.9408038], [21.1855294, 48.9394025], [21.1865785, 48.9383164], [21.1889016, 48.9363909], [21.1914668, 48.9361516], [21.1925908, 48.9357072], [21.1926195, 48.9353084], [21.1923312, 48.9342603], [21.1918007, 48.9332046], [21.1925903, 48.93235], [21.1940196, 48.931036], [21.195397, 48.9304396], [21.1965898, 48.9290382], [21.1981916, 48.92701], [21.2000353, 48.9249895], [21.2017986, 48.9240854], [21.2016368, 48.9229613], [21.2012216, 48.9219892], [21.2014861, 48.9199991], [21.2019295, 48.9188939], [21.2040205, 48.9168011], [21.2052764, 48.9162009], [21.2053395, 48.9153236], [21.2041867, 48.9144883], [21.2043129, 48.9127337], [21.2052458, 48.9115639], [21.2064436, 48.9100826], [21.2082234, 48.9089392], [21.2089952, 48.9083238], [21.2098527, 48.9065121], [21.2106587, 48.9054182], [21.2111418, 48.9037547], [21.2112219, 48.9026382], [21.2111005, 48.9023944], [21.2114811, 48.9022824], [21.2126346, 48.9022761], [21.213913, 48.9023159], [21.2148748, 48.9023036], [21.2157148, 48.9022031], [21.2169443, 48.9020301], [21.2177843, 48.9019295], [21.2188069, 48.9019613], [21.2198905, 48.9020372], [21.2208921, 48.902364], [21.2218298, 48.9026887], [21.2232819, 48.9029872], [21.2244355, 48.9029808], [21.2257319, 48.9027676], [21.2264561, 48.9024944], [21.2273569, 48.9024379], [21.2283766, 48.9025118], [21.2299866, 48.9023927], [21.2307017, 48.9022459], [21.2317794, 48.902406], [21.2323306, 48.9027609], [21.2326901, 48.9031099], [21.2336459, 48.9031817], [21.2346227, 48.9029586], [21.2362537, 48.9025445], [21.2365303, 48.9022574], [21.2374732, 48.9016109], [21.2382182, 48.9010427], [21.2390122, 48.9006871], [21.2394626, 48.9006588], [21.239872, 48.9005166], [21.2400091, 48.9016805], [21.2397233, 48.9039226], [21.241066, 48.9063818], [21.2416636, 48.9086512], [21.2415572, 48.9101485], [21.2409223, 48.911963], [21.240522, 48.9140348], [21.2404037, 48.9156985], [21.2404058, 48.9174493], [21.2405103, 48.9195367], [21.2401159, 48.9215254], [21.2397945, 48.9242666], [21.2388102, 48.9256534], [21.2385064, 48.928145], [21.238173, 48.9310526], [21.2379284, 48.9327124], [21.2381828, 48.934471], [21.2382439, 48.9353899], [21.238167, 48.9364713], [21.2391238, 48.9372511], [21.2397039, 48.9397701], [21.2408246, 48.9418055], [21.2408503, 48.9432235], [21.2401538, 48.944119], [21.2389226, 48.9454149], [21.2375649, 48.9467068], [21.2372294, 48.9478636], [21.2370991, 48.9496936], [21.2376536, 48.9507945], [21.2376851, 48.9521294], [21.2367062, 48.953433], [21.2362384, 48.9546691], [21.2369626, 48.9569423], [21.2377894, 48.958112], [21.2382277, 48.9587321], [21.239945, 48.9612861], [21.2427461, 48.9646238], [21.2459799, 48.9672244], [21.2470342, 48.968424], [21.2466752, 48.9699136], [21.2449816, 48.9723624], [21.2431556, 48.9748904], [21.2416058, 48.9770935], [21.2397122, 48.9787858], [21.2375718, 48.9803871], [21.2349375, 48.9818063], [21.2325618, 48.9831502], [21.2311971, 48.9845252], [21.2305355, 48.9849216], [21.2307348, 48.985678], [21.2306576, 48.9867594], [21.2297016, 48.9877302], [21.227205, 48.9889868], [21.2249314, 48.9906671], [21.2237952, 48.9923826], [21.222424, 48.9938408], [21.2223407, 48.9950053], [21.2222573, 48.9961698], [21.2214943, 48.9979803], [21.2210018, 48.999549], [21.220383, 49.0011137], [21.219825, 49.0035974], [21.2196819, 49.0055938], [21.2199004, 49.0078514], [21.2203836, 49.0099506], [21.2203671, 49.0119508], [21.2202539, 49.0135313], [21.2205631, 49.0162919], [21.2208412, 49.0177178], [21.2216907, 49.0182443], [21.2226191, 49.0194402], [21.2243971, 49.0211625], [21.2262136, 49.0218649], [21.2267407, 49.0220687], [21.2271318, 49.022399], [21.2281752, 49.0232802], [21.2282872, 49.0234269], [21.2283135, 49.0234779], [21.2292184, 49.0246463], [21.2302244, 49.0247607], [21.2313628, 49.0247959], [21.2327405, 49.0232545], [21.2343473, 49.0220537], [21.2356792, 49.0229284], [21.2367957, 49.025047], [21.237436, 49.026734], [21.2388176, 49.028694], [21.2391259, 49.0297039], [21.2403435, 49.0304083], [21.2424347, 49.0313064], [21.244194, 49.0315273], [21.2461825, 49.0320886], [21.2479536, 49.0321431], [21.2505748, 49.0327238], [21.2529725, 49.0328808], [21.2553703, 49.0330378], [21.2573413, 49.0338485], [21.2613484, 49.0345549], [21.2631636, 49.0357775], [21.2650819, 49.0373368], [21.2674535, 49.0396601], [21.2717174, 49.0421245], [21.2742865, 49.0434534], [21.2772588, 49.044461], [21.2793983, 49.0446929], [21.2812964, 49.0447507], [21.2818639, 49.0454435], [21.2817714, 49.0467563], [21.28113, 49.0481122], [21.2769161, 49.0485221], [21.2738908, 49.0488484], [21.2722104, 49.0494549], [21.2707452, 49.0495896], [21.2686276, 49.0499435], [21.2672658, 49.0499019], [21.2663453, 49.0500532], [21.2660438, 49.050811], [21.2672595, 49.0512772], [21.2677198, 49.0524873], [21.2695187, 49.0527814], [21.2716069, 49.0528452], [21.2737395, 49.0535681], [21.274675, 49.0544936], [21.2759124, 49.0550098], [21.2777241, 49.0551248], [21.2799939, 49.055194], [21.2815416, 49.0551813], [21.2833029, 49.0560123], [21.2838141, 49.0565063], [21.2845278, 49.0567074], [21.2855518, 49.0563797], [21.2856358, 49.0551862], [21.285703, 49.0542315], [21.2865218, 49.0529408], [21.2884955, 49.0520439], [21.2908114, 49.0514565], [21.2928632, 49.0507413], [21.294915, 49.0500262], [21.2976944, 49.0493725], [21.2992501, 49.0491306], [21.3014015, 49.0491958], [21.3030641, 49.048996], [21.3079779, 49.0476441], [21.3109641, 49.0466506], [21.3146978, 49.0458463], [21.3173553, 49.0459265], [21.3202194, 49.0466796], [21.3238827, 49.0487072], [21.3271094, 49.0497211], [21.327277, 49.0504052], [21.3276811, 49.0511349], [21.3286835, 49.0524208], [21.3291535, 49.0535113], [21.3297061, 49.0547239], [21.3312617, 49.0559068], [21.3326357, 49.0570842], [21.3345712, 49.0580392], [21.3353097, 49.0591975], [21.3352559, 49.0599733], [21.3346365, 49.0610311], [21.3329439, 49.0618175], [21.3296125, 49.0626145], [21.3274206, 49.0627281], [21.3261451, 49.0627496], [21.3258104, 49.0636365], [21.3258638, 49.0641763], [21.3259832, 49.0650769], [21.3252192, 49.0655921], [21.3228082, 49.0662372], [21.3209669, 49.0665406], [21.3192073, 49.0682816], [21.3176626, 49.0695507], [21.3173768, 49.071037], [21.3162161, 49.0720187], [21.3143537, 49.0726203], [21.3130822, 49.072582], [21.3099074, 49.0724264], [21.3063275, 49.0728565], [21.3049651, 49.0728153], [21.3036977, 49.0727172], [21.3028396, 49.0719736], [21.3028073, 49.0711355], [21.30306, 49.0701265], [21.3037053, 49.0687108], [21.3037148, 49.0672759], [21.3031209, 49.06666], [21.3017222, 49.0658402], [21.3002733, 49.0657366], [21.2988161, 49.0657523], [21.2968797, 49.0661122], [21.2943327, 49.0660948], [21.2930361, 49.0664143], [21.2919212, 49.0667393], [21.2902907, 49.06663], [21.2896676, 49.0664316], [21.2888628, 49.0662278], [21.2884045, 49.0662737], [21.2879825, 49.0670981], [21.2876513, 49.0679252], [21.2866019, 49.0686109], [21.2851319, 49.0688055], [21.2823905, 49.0689613], [21.2807348, 49.0692099], [21.2788931, 49.0695126], [21.2758581, 49.0699584], [21.273309, 49.0712561], [21.2710659, 49.0720846], [21.2688672, 49.0735723], [21.266079, 49.0743842], [21.2609438, 49.0762006], [21.2586265, 49.0767874], [21.254691, 49.0770854], [21.252006, 49.0777207], [21.2509644, 49.0782868], [21.2488938, 49.0792398], [21.2477316, 49.0802208], [21.2461193, 49.0811281], [21.2458399, 49.0824949], [21.2458033, 49.0842878], [21.245714, 49.0855409], [21.2458165, 49.0879361], [21.2439968, 49.0891958], [21.2422025, 49.0900975], [21.2403811, 49.0901013], [21.2389019, 49.0904145], [21.2374709, 49.0913273], [21.236152, 49.0919445], [21.2347635, 49.0922605], [21.2330372, 49.0922073], [21.2316914, 49.0919266], [21.2302236, 49.0908049], [21.2293578, 49.0901801], [21.2281072, 49.0898425], [21.2262986, 49.089667], [21.2238156, 49.0900089], [21.222629, 49.09038], [21.2219387, 49.0907881], [21.221325, 49.091726], [21.2206034, 49.0928997], [21.219653, 49.0947242], [21.2191044, 49.0960228], [21.2191491, 49.0979379], [21.2185234, 49.1003106], [21.2171578, 49.1028398], [21.2153814, 49.1060141], [21.213158, 49.1077991], [21.2123974, 49.1095098], [21.2113597, 49.1112717], [21.2112173, 49.1119849], [21.2123431, 49.1127972], [21.2123739, 49.1136354], [21.2120368, 49.114522], [21.2103885, 49.1159062], [21.2092812, 49.1173669], [21.2086241, 49.1189013], [21.2085467, 49.1199754], [21.2094623, 49.1218091], [21.2104128, 49.1216841], [21.2120041, 49.1209146], [21.2105994, 49.123343], [21.2090801, 49.1264629], [21.2076161, 49.1288121], [21.2059393, 49.1308457], [21.2035855, 49.1324721], [21.2013712, 49.1337937], [21.1989274, 49.1350309], [21.1977194, 49.1354568], [21.1975908, 49.1356073], [21.1980105, 49.1363156], [21.1992637, 49.1368952], [21.2025526, 49.1369975], [21.2070052, 49.1372902], [21.2097855, 49.1379172], [21.2127398, 49.1393991], [21.2138258, 49.1406687], [21.2151849, 49.1420703], [21.2155218, 49.1439346], [21.2180234, 49.1451707], [21.2183936, 49.1465725], [21.2185289, 49.1479671], [21.219654, 49.1486971], [21.2211925, 49.1485902], [21.2229548, 49.1486446], [21.2246841, 49.1491615], [21.2261839, 49.149594], [21.2270851, 49.1501625], [21.2285905, 49.1505179], [21.2306724, 49.1510455], [21.2332921, 49.1522849], [21.2348655, 49.1533375], [21.2359799, 49.1542215], [21.2365233, 49.1548561], [21.2381905, 49.1545984], [21.2402267, 49.1541203], [21.2425713, 49.1542696], [21.2442844, 49.1550174], [21.2457186, 49.1563746], [21.2471089, 49.1583483], [21.2488057, 49.1593272], [21.2506037, 49.160541], [21.251735, 49.1611936], [21.2518166, 49.1618962], [21.2518712, 49.1625881], [21.2513353, 49.1634986], [21.249826, 49.1648427], [21.249167, 49.1658267], [21.2487177, 49.1669107], [21.2478769, 49.1678955], [21.24703, 49.1689644], [21.2453677, 49.1699409], [21.2432571, 49.1707184], [21.2429467, 49.1714668], [21.2422459, 49.1722875], [21.2420577, 49.1731239], [21.2413208, 49.1744488], [21.2404377, 49.1760219], [21.2403416, 49.1773664], [21.2392561, 49.1781753], [21.238537, 49.1792481], [21.2383307, 49.1803366], [21.2373372, 49.1816536], [21.2363136, 49.1833907], [21.2352099, 49.1844516], [21.2337395, 49.1852486], [21.232794, 49.1858933], [21.2330082, 49.1864894], [21.2342181, 49.1875373], [21.2334868, 49.1887781], [21.231944, 49.1905835], [21.2311085, 49.1914842], [21.2310362, 49.1924926], [21.2306641, 49.1940981], [21.2297923, 49.195503], [21.2284438, 49.1963879], [21.2286219, 49.1974883], [21.2274634, 49.1993054], [21.2266457, 49.199954], [21.2255836, 49.2004266], [21.225383, 49.201431], [21.2249258, 49.2024276], [21.2239255, 49.2038285], [21.2230715, 49.2049812], [21.2216185, 49.2055259], [21.2205683, 49.2058304], [21.2207523, 49.2068467], [21.2213211, 49.2078749], [21.2212305, 49.2091354], [21.2211459, 49.2103119], [21.2197545, 49.2117849], [21.2187599, 49.2131017], [21.2175087, 49.2144106], [21.2172776, 49.2158352], [21.2169363, 49.2170037], [21.2161001, 49.2179043], [21.2152275, 49.2193091], [21.2150569, 49.2198934], [21.2155034, 49.2208336], [21.2154308, 49.221842], [21.2162562, 49.2228781], [21.2161655, 49.2241386], [21.2160505, 49.2257353], [21.2160142, 49.2262394], [21.2149333, 49.226964], [21.2136799, 49.2276546], [21.2121701, 49.2286186], [21.2108996, 49.2291183], [21.2098933, 49.2302326], [21.2096395, 49.2308985], [21.2091658, 49.2317597], [21.2075928, 49.2335975], [21.2066259, 49.2355889], [21.2058198, 49.2367767], [21.2053266, 49.2379068], [21.2049166, 49.239309], [21.2048486, 49.2402501], [21.2049859, 49.2411977], [21.2040576, 49.2426512], [21.2022198, 49.2438743], [21.2009195, 49.2447773], [21.199849, 49.2453505], [21.1989886, 49.2458628], [21.1992528, 49.2464774], [21.1993901, 49.2474249], [21.1993317, 49.2482316], [21.1982026, 49.2496115], [21.1972492, 49.2499861], [21.1955964, 49.2500696], [21.1955526, 49.2506746], [21.1956946, 49.2515549], [21.194668, 49.2529379], [21.1944188, 49.2535365], [21.1948884, 49.2541575], [21.1952359, 49.2550442], [21.1950796, 49.2557805], [21.1938768, 49.2567538], [21.1931286, 49.2571348], [21.1923901, 49.2573813], [21.1915051, 49.2582297], [21.1907081, 49.259283], [21.1900333, 49.2600705], [21.1887617, 49.2605699], [21.1875194, 49.2606661], [21.1866782, 49.2609094], [21.1852451, 49.2607974], [21.1847854, 49.2614568], [21.1838267, 49.2618986], [21.1833817, 49.2623564], [21.1838512, 49.2629774], [21.1838953, 49.2637873], [21.1838464, 49.2644595], [21.1833818, 49.2651862], [21.182829, 49.265708], [21.1815915, 49.2657368], [21.1796398, 49.265676], [21.1785147, 49.2655735], [21.177781, 49.2657528], [21.1776391, 49.2662873], [21.1771743, 49.267014], [21.1759269, 49.2671772], [21.1740387, 49.2676572], [21.171147, 49.2680205], [21.1696948, 49.2679258], [21.1683985, 49.2676292], [21.1668822, 49.2672449], [21.1652779, 49.2666557], [21.1637371, 49.2666074], [21.162387, 49.2667673], [21.1608751, 49.2677306], [21.1601849, 49.2687196], [21.159945, 49.2691837], [21.1589762, 49.2697597], [21.1583204, 49.2702782], [21.1569652, 49.2705052], [21.1556002, 49.2708666], [21.1541077, 49.2715609], [21.1524393, 49.2718454], [21.1520185, 49.271967], [21.1513627, 49.2724854], [21.1498701, 49.2731796], [21.1490088, 49.2736916], [21.1484556, 49.2742132], [21.1485188, 49.2747542], [21.1469916, 49.275919], [21.1455335, 49.2761426], [21.1449022, 49.2763249], [21.1440012, 49.2773746], [21.1418425, 49.2787215], [21.1404523, 49.2794189], [21.1388814, 49.2797737], [21.1380693, 49.2796133], [21.1373501, 49.2795906], [21.1360825, 49.2800223], [21.135128, 49.2803965], [21.134868, 49.2811294], [21.1356305, 49.281962], [21.135475, 49.2829543], [21.1334186, 49.2843043], [21.1326249, 49.28529], [21.1325604, 49.2861638], [21.132486, 49.2871721], [21.1320154, 49.2879658], [21.13153, 49.2889612], [21.1319063, 49.2894447], [21.1320672, 49.2900562], [21.1316895, 49.2909875], [21.13162, 49.2919286], [21.1313252, 49.2931321], [21.1305745, 49.2949276], [21.1298685, 49.2961181], [21.1297062, 49.2969215], [21.1299401, 49.2979396], [21.1300513, 49.2992232], [21.1299719, 49.3002988], [21.1288944, 49.3009385], [21.1285512, 49.3013993], [21.12786, 49.3023881], [21.1272814, 49.3032458], [21.1272268, 49.3039852], [21.127333, 49.3053361], [21.1267196, 49.3066643], [21.1254645, 49.308309], [21.1252772, 49.3094485], [21.1247964, 49.3103766], [21.1233803, 49.3114099], [21.1224002, 49.31212], [21.1214053, 49.3130318], [21.1202245, 49.3136682], [21.1181084, 49.3144097], [21.1163306, 49.3147577], [21.1153753, 49.3151317], [21.1144001, 49.3157745], [21.1142474, 49.3164435], [21.1140698, 49.3174485], [21.1134079, 49.3180339], [21.1114193, 49.3184425], [21.1089994, 49.3191068], [21.1062959, 49.3194252], [21.1035596, 49.3187993], [21.1013325, 49.3182568], [21.099321, 49.3175864], [21.0984257, 49.3171536], [21.0969861, 49.3171077], [21.0945034, 49.3172308], [21.0911729, 49.3176636], [21.0889986, 49.3177964], [21.0875591, 49.3177504], [21.0862525, 49.3173044], [21.0845347, 49.3168452], [21.083108, 49.3152499], [21.0814758, 49.313648], [21.0801673, 49.3118543], [21.0789062, 49.3108032], [21.0779113, 49.3089521], [21.0776511, 49.3069224], [21.0779222, 49.3060551], [21.0792463, 49.3048847], [21.0804224, 49.3043159], [21.0824358, 49.3035718], [21.0831705, 49.3033931], [21.0836269, 49.3028013], [21.083785, 49.3020652], [21.0843391, 49.3015439], [21.0858435, 49.300716], [21.0869165, 49.3001439], [21.0879695, 49.2998407], [21.088318, 49.2993128], [21.0887492, 49.299057], [21.0907724, 49.2981783], [21.0910582, 49.2971093], [21.0901733, 49.2965421], [21.0896068, 49.2958502], [21.0903614, 49.2954026], [21.0915421, 49.2947665], [21.0921161, 49.2939763], [21.0928431, 49.2925171], [21.0935249, 49.2916629], [21.0944021, 49.2909498], [21.0948683, 49.2902234], [21.0946001, 49.2896759], [21.0940036, 49.2893873], [21.0928405, 49.2884069], [21.0915949, 49.2871543], [21.0915573, 49.2862772], [21.0916275, 49.2853361], [21.0916827, 49.2845967], [21.0911514, 49.2834343], [21.0907805, 49.2828834], [21.0908206, 49.2823456], [21.0918732, 49.2820423], [21.0923443, 49.2812488], [21.0918081, 49.2801536], [21.0901641, 49.2801011], [21.0893422, 49.2800749], [21.0889111, 49.2803306], [21.0871768, 49.2814881], [21.0857658, 49.2824537], [21.0847757, 49.2832979], [21.0833121, 49.283588], [21.0823873, 49.2835584], [21.0820388, 49.2840863], [21.0808582, 49.2847223], [21.0794147, 49.2847435], [21.0774623, 49.284681], [21.0753045, 49.2846118], [21.0728837, 49.2839277], [21.072235, 49.2829636], [21.0712428, 49.2824601], [21.0694979, 49.2837517], [21.0680039, 49.2844449], [21.0670993, 49.2841463], [21.0655631, 49.2840296], [21.0634525, 49.2847029], [21.0617832, 49.2849861], [21.0602115, 49.2853398], [21.058527, 49.2858246], [21.0574437, 49.2865309], [21.0563959, 49.2867667], [21.0551628, 49.2867269], [21.0537242, 49.2866806], [21.0523783, 49.2867719], [21.0519318, 49.2872292], [21.0502623, 49.2875122], [21.04755, 49.2879637], [21.0458602, 49.2885156], [21.0456039, 49.2891811], [21.0443466, 49.290825], [21.0441321, 49.2923005], [21.0437324, 49.2935004], [21.0435839, 49.2941021], [21.043292, 49.2952381], [21.0425737, 49.2965625], [21.0403391, 49.297501], [21.0381666, 49.2989805], [21.0351248, 49.2996905], [21.0322266, 49.2998661], [21.0304937, 49.2998908], [21.0287617, 49.2996325], [21.0272097, 49.2997169], [21.0271536, 49.3004563], [21.0265734, 49.3013134], [21.0263117, 49.3020461], [21.0255054, 49.3031654], [21.0254748, 49.3035687], [21.0260149, 49.304597], [21.0261389, 49.3056791], [21.0250343, 49.306654], [21.0240479, 49.3074305], [21.0217097, 49.3083653], [21.0195924, 49.309105], [21.016606, 49.3090753], [21.013342, 49.3086321], [21.0122573, 49.3079903], [21.0105866, 49.3069251], [21.0105966, 49.305443], [21.011727, 49.3041322], [21.0129294, 49.303228], [21.013068, 49.3027609], [21.0125332, 49.3016653], [21.0118134, 49.3002942], [21.0112377, 49.2997364], [21.0102099, 49.2997029], [21.0088122, 49.3004659], [21.0072654, 49.3004828], [21.0053638, 49.2997469], [21.0037193, 49.2996932], [21.00245, 49.3001234], [21.0012989, 49.3003553], [21.0012475, 49.3010275], [21.0002762, 49.3016022], [20.9993357, 49.3017736], [20.9977528, 49.3022609], [20.9945202, 49.3027615], [20.9930554, 49.3030505], [20.992973, 49.3041259], [20.9936977, 49.3040823], [20.9947102, 49.3043176], [20.9947769, 49.3047914], [20.9952909, 49.3048083], [20.9966272, 49.304852], [20.9984774, 49.3049125], [20.9994642, 49.3054839], [21.0000244, 49.3062434], [20.9999628, 49.30705], [20.9999114, 49.3077221], [21.0004973, 49.3081456], [21.0010987, 49.3083674], [21.002836, 49.3085589], [21.0032318, 49.308774], [21.0044346, 49.3092176], [21.0054574, 49.3093183], [21.0068966, 49.3093653], [21.0069687, 49.3097719], [21.0065884, 49.3107029], [21.007154, 49.3113952], [21.0074882, 49.3124168], [21.0075244, 49.313294], [21.007432, 49.3145038], [21.0074528, 49.3155826], [21.0074735, 49.3166614], [21.0081419, 49.3173571], [21.0100852, 49.3175552], [21.0106508, 49.3182475], [21.0110519, 49.3183953], [21.0114478, 49.3186103], [21.0124965, 49.318375], [21.0139871, 49.3177497], [21.0156322, 49.3178033], [21.016532, 49.3181694], [21.0172057, 49.3187978], [21.0177715, 49.31949], [21.0190002, 49.3195974], [21.0200131, 49.3198325], [21.0205738, 49.3205919], [21.0207283, 49.3212707], [21.0211658, 49.3222957], [21.0204619, 49.3234183], [21.0217833, 49.3236634], [21.0235008, 49.3241234], [21.0245758, 49.3248995], [21.0255531, 49.3256051], [21.0258418, 49.3272316], [21.0262692, 49.328391], [21.0271284, 49.3292948], [21.0281314, 49.3296642], [21.0288615, 49.3295532], [21.0297871, 49.3295832], [21.0320496, 49.3296565], [21.033135, 49.3302981], [21.0342103, 49.3310741], [21.0341237, 49.3322168], [21.0354149, 49.332865], [21.0370503, 49.3330527], [21.0384291, 49.3339059], [21.0387693, 49.3348602], [21.0390168, 49.3356767], [21.0400555, 49.3355756], [21.0410372, 49.3348661], [21.0414791, 49.3344761], [21.0423581, 49.3340329], [21.0438286, 49.3336761], [21.0451758, 49.3335848], [21.0462044, 49.333618], [21.0476392, 49.3337317], [21.04873, 49.3343059], [21.0496976, 49.3351457], [21.0506349, 49.3363887], [21.0512331, 49.3380251], [21.0516815, 49.3389155], [21.052587, 49.3392142], [21.0530963, 49.339298], [21.0537287, 49.3391162], [21.0549681, 49.3390888], [21.0559765, 49.3393908], [21.0572783, 49.3399043], [21.0580556, 49.3405357], [21.0582781, 49.3416883], [21.0586238, 49.3425754], [21.0589391, 49.3438657], [21.0590638, 49.3449478], [21.0598312, 49.3457137], [21.0602848, 49.3465368], [21.0612984, 49.3467715], [21.0624301, 49.3468079], [21.0628416, 49.3468211], [21.0636124, 49.3461721], [21.0645838, 49.3455969], [21.0658841, 49.3447627], [21.0680174, 49.3438205], [21.06938, 49.3435273], [21.0709231, 49.3435767], [21.0718964, 49.3443491], [21.072448, 49.3452427], [21.0724248, 49.3469264], [21.0739136, 49.3449528], [21.0751108, 49.3441152], [21.0762474, 49.3440842], [21.0779812, 49.3443418], [21.0788769, 49.3447747], [21.0792834, 49.3448551], [21.079956, 49.3441355], [21.0812711, 49.3430995], [21.0829624, 49.3425471], [21.084356, 49.3423895], [21.0853545, 49.3428257], [21.0858991, 49.3424388], [21.0858515, 49.3416961], [21.0879015, 49.3404814], [21.0894596, 49.3403289], [21.0918206, 49.3404716], [21.0945831, 49.3407618], [21.0951201, 49.3418569], [21.0957951, 49.3424848], [21.0968338, 49.3423832], [21.0986505, 49.3429126], [21.0988112, 49.3435241], [21.0989568, 49.3443373], [21.099692, 49.3441585], [21.1014081, 49.3432698], [21.1021232, 49.34336], [21.1028484, 49.3433156], [21.1030892, 49.3428516], [21.1046973, 49.3420268], [21.1067598, 49.342025], [21.1077536, 49.3425282], [21.1086774, 49.3439724], [21.1085675, 49.3454512], [21.1086204, 49.3461266], [21.1095663, 49.3458872], [21.111553, 49.344131], [21.1127929, 49.3438199], [21.1131784, 49.3437407], [21.1147825, 49.3434113], [21.1168401, 49.3434765], [21.1187748, 49.3438073], [21.1203511, 49.3448004], [21.1210596, 49.3463725], [21.1209899, 49.3473136], [21.1213268, 49.3483349], [21.123051, 49.3487262], [21.1241529, 49.3491653], [21.1249213, 49.3499307], [21.1249197, 49.3513456], [21.1258209, 49.3517109], [21.1284812, 49.3519971], [21.130642, 49.3520652], [21.1326553, 49.3527351], [21.1335218, 49.3535709], [21.1338589, 49.3545922], [21.1329513, 49.355709], [21.1318031, 49.3572898], [21.1318947, 49.3588423], [21.1327712, 49.3595437], [21.1331765, 49.3610387], [21.1328714, 49.3623766], [21.1320914, 49.3631605], [21.1305958, 49.3638545], [21.128071, 49.364516], [21.1260443, 49.3668102], [21.1223157, 49.3697917], [21.1198536, 49.370994], [21.1188856, 49.3729173], [21.1178943, 49.3737618], [21.1161924, 49.3744491], [21.1150931, 49.3753576], [21.1150082, 49.3765003], [21.1141778, 49.3779563], [21.1129954, 49.3785926], [21.1106176, 49.378652], [21.1085536, 49.3786539], [21.1072882, 49.3790181], [21.1065954, 49.3800067], [21.1052515, 49.3817024], [21.1031851, 49.3831191], [21.1026932, 49.3841815], [21.1005889, 49.384721], [21.0993761, 49.3857605], [21.099238, 49.3862277], [21.0998635, 49.3875278], [21.0996075, 49.3881934], [21.0976989, 49.3888738], [21.0960263, 49.3891575], [21.0946676, 49.3893838], [21.0939694, 49.3904396], [21.0934144, 49.3909609], [21.0919024, 49.3918561], [21.0909405, 49.3922971], [21.0895716, 49.3926577], [21.0881876, 49.39322], [21.0870398, 49.3933855], [21.0861707, 49.3939642], [21.0838195, 49.3950346], [21.0802476, 49.3958639], [21.0782859, 49.3958686], [21.0771955, 49.3966422], [21.0760425, 49.3968749], [21.0753115, 49.3969863], [21.0752863, 49.3973223], [21.0754216, 49.3982699], [21.0766999, 49.3991193], [21.0775613, 49.4000228], [21.0778097, 49.4008392], [21.0777542, 49.4015786], [21.0756712, 49.4031964], [21.0740303, 49.4044241], [21.0714572, 49.4056893], [21.0686155, 49.4064068], [21.0664018, 49.4070097], [21.0643214, 49.4072125], [21.0622613, 49.4071464], [21.0606284, 49.4068919], [21.0599023, 49.4069359], [21.0590529, 49.4072455], [21.0580752, 49.4078879], [21.0568305, 49.4093302], [21.0569047, 49.4110844], [21.0567002, 49.4124254], [21.0578755, 49.4132717], [21.0584835, 49.413426], [21.0589276, 49.4143835], [21.0591809, 49.4151328], [21.0600726, 49.4156331], [21.0624421, 49.4157091], [21.0653116, 49.4160032], [21.0685003, 49.4161728], [21.0709002, 49.4158454], [21.0727596, 49.4158375], [21.0742747, 49.4162902], [21.0751464, 49.4170592], [21.0751485, 49.4184068], [21.0741404, 49.4194526], [21.0724989, 49.4206803], [21.0716292, 49.4212588], [21.0710078, 49.4226538], [21.0699024, 49.4236025], [21.0129149, 49.4368232], [20.9757089, 49.4557975], [20.9381164, 49.4762886], [20.9156395, 49.4869496], [20.8990884, 49.5018474], [20.8986743, 49.5021498], [20.8736815, 49.5203954], [20.8726294, 49.5211632], [20.8698765, 49.5231725], [20.8662997, 49.5243818], [20.8649992, 49.5248215], [20.8543491, 49.5284221], [20.8435768, 49.5306678], [20.8237177, 49.5348074], [20.8230926, 49.5349377], [20.8224523, 49.5350712], [20.8140357, 49.5364769], [20.8138645, 49.5365055], [20.8115703, 49.5368886], [20.8046631, 49.5380422], [20.8023144, 49.5384344], [20.8016859, 49.5385394], [20.7985596, 49.5395669], [20.7985075, 49.539584], [20.797849, 49.5398005], [20.7720399, 49.5482823], [20.7527655, 49.5586039], [20.7475718, 49.5613848], [20.7433064, 49.5700793], [20.7375933, 49.5767123], [20.7297492, 49.5878408], [20.7305224, 49.596757], [20.7366919, 49.6072985], [20.7325685, 49.6201567], [20.7247437, 49.6295436], [20.7214671, 49.630796], [20.7210052, 49.6309725], [20.7050356, 49.637076], [20.6928132, 49.6404609], [20.6900821, 49.6412172], [20.6869465, 49.6445815], [20.6910345, 49.6485945], [20.6977038, 49.6533239], [20.6956964, 49.6599998], [20.694788, 49.6630204], [20.6917067, 49.6679829], [20.6841453, 49.67111], [20.6744559, 49.6732115], [20.6565777, 49.6737703], [20.6489694, 49.6756538], [20.6476554, 49.6801958], [20.6515322, 49.6863304], [20.6582958, 49.6909951], [20.6651308, 49.6936686], [20.6659246, 49.699456], [20.6624265, 49.7045057], [20.6471938, 49.7099609], [20.6088611, 49.7164515], [20.5987727, 49.7223048], [20.6003974, 49.7270437], [20.6119817, 49.7330727], [20.6233128, 49.7424371], [20.6338978, 49.7513348], [20.6399986, 49.7579144], [20.63877, 49.7650738], [20.6418777, 49.7700291], [20.6468312, 49.7751962], [20.6447716, 49.7795107], [20.6453897, 49.7829183], [20.6498345, 49.7852357], [20.6519162, 49.7865841], [20.6535809, 49.7876623], [20.6550042, 49.7885842], [20.657163, 49.7912315], [20.6524074, 49.796265], [20.6501233, 49.8004975], [20.6548504, 49.8042986], [20.6609214, 49.8070388], [20.668525, 49.8075247], [20.675225, 49.8084695], [20.680399, 49.8118168], [20.6819637, 49.8140871], [20.6835466, 49.8163836], [20.6835232, 49.8223355], [20.6840009, 49.8294705], [20.6862562, 49.8347941], [20.6898885, 49.8392605], [20.6954484, 49.8433647], [20.7001181, 49.8446716], [20.7166612, 49.8493011], [20.7365023, 49.854853], [20.7557559, 49.8566836], [20.7877724, 49.8597275], [20.8196835, 49.8636946], [20.8313768, 49.8685693], [20.8398625, 49.8737914], [20.8395114, 49.8791889], [20.8395096, 49.8792169], [20.8392812, 49.882728], [20.8308512, 49.8911938], [20.8303274, 49.8920081], [20.8270438, 49.8971128], [20.8252683, 49.8998729], [20.8238893, 49.9020164], [20.8246864, 49.9109313], [20.8255439, 49.9116896], [20.826814, 49.9128127], [20.8389594, 49.923551], [20.8429297, 49.930605], [20.8302098, 49.9355677], [20.8265894, 49.9422849], [20.8320672, 49.9519468], [20.8342439, 49.9557856], [20.8351372, 49.957361], [20.8179756, 49.9593745], [20.8085059, 49.9606533], [20.8034152, 49.9613408], [20.7998003, 49.9618289], [20.7982298, 49.962041], [20.7754279, 49.96512], [20.7597489, 49.9660088], [20.7535461, 49.9663604], [20.7533119, 49.9663684], [20.7378799, 49.9668938], [20.7187174, 49.9664664], [20.716875, 49.9664253], [20.7161138, 49.9664083], [20.7138713, 49.9663583], [20.7126168, 49.9665803], [20.6881956, 49.9709009], [20.6714976, 49.9698618], [20.6713661, 49.9698536], [20.6712754, 49.969848], [20.6679519, 49.9696412], [20.6493575, 49.968484], [20.6492644, 49.9684819], [20.6483502, 49.9684699], [20.6225719, 49.9676716], [20.6181314, 49.9657928], [20.6150844, 49.9645028], [20.6059416, 49.9670103], [20.5989946, 49.9734627], [20.5392669, 49.9738657], [20.469687, 49.9768512], [20.4151542, 49.9739585], [20.3570076, 49.9720067], [20.3363266, 49.9749249], [20.323987, 49.9792323], [20.3190936, 49.9790706], [20.3169863, 49.9763364], [20.3171699, 49.9758245], [20.31913, 49.9703607], [20.3249215, 49.9628556], [20.3258194, 49.9485579], [20.3208715, 49.9328477], [20.3084417, 49.9190273], [20.3080077, 49.9185447], [20.2685833, 49.9078408], [20.2300785, 49.8975432], [20.1783167, 49.8906417], [20.1691718, 49.8934124], [20.16702, 49.8996829], [20.1675883, 49.9041407], [20.1676522, 49.9043016], [20.1705319, 49.9115501], [20.1855288, 49.9218125], [20.2042265, 49.9323322], [20.240887, 49.9417653], [20.2648318, 49.9581703], [20.2799895, 49.9731798], [20.2857861, 49.9829352], [20.2862807, 49.9854952], [20.2863116, 49.9856552], [20.2873924, 49.9912492], [20.2746692, 49.9988287], [20.2517566, 50.005327], [20.212546, 50.0066361], [20.1664522, 50.0097867], [20.0766545, 50.0141939], [20.0609405, 50.0165508], [20.0316392, 50.020941], [20.0310082, 50.0210355], [20.0301648, 50.0211622], [20.0300229, 50.0211856], [20.0009309, 50.0261536], [20.0000885, 50.02629], [19.9988878, 50.0264819], [19.9986621, 50.0266937], [19.9831784, 50.0378344], [19.9618248, 50.0375697], [19.9462946, 50.0305056], [19.9337386, 50.024343], [19.933579, 50.022068], [19.9333803, 50.0192345], [19.9346545, 50.017755], [19.9391607, 50.0125226], [19.9387545, 50.0119323], [19.9386289, 50.0117498], [19.9300392, 49.9992656], [19.9162555, 49.9919959], [19.9047058, 49.9906737], [19.8854812, 49.9896037], [19.8781541, 49.9891959], [19.8705781, 49.9877226], [19.8522196, 49.9841523], [19.8284151, 49.9738508], [19.7691453, 49.9604523], [19.7133246, 49.9604073], [19.664151, 49.9640768], [19.6211133, 49.9683683], [19.5736312, 49.977105], [19.5615323, 49.9816121], [19.5320561, 49.9899954], [19.5054933, 49.9920185], [19.4707586, 49.9893081], [19.4460577, 49.9866511], [19.4393531, 49.968317], [19.4221115, 49.9590973], [19.4142375, 49.9444861], [19.3908576, 49.9270711], [19.3752573, 49.9124829], [19.3633404, 49.9012257], [19.3624489, 49.9003834], [19.350284, 49.8855524], [19.350179, 49.8854243], [19.3483084, 49.8825082], [19.3401215, 49.8697432], [19.3379151, 49.8543957], [19.3168488, 49.8590971], [19.2970242, 49.8687904], [19.282711, 49.8773958], [19.2754581, 49.8794044], [19.2645047, 49.8824377], [19.2639844, 49.8825136], [19.2396557, 49.8860624], [19.2318898, 49.8800081], [19.2175054, 49.8761082], [19.1998395, 49.8797107], [19.1756515, 49.8836776], [19.1408662, 49.8937229], [19.0960933, 49.8926975], [19.0524193, 49.8837988], [19.0310069, 49.8845144], [18.9464236, 49.8626895], [18.9239931, 49.867105], [18.8953501, 49.8739329], [18.8820243, 49.8705015], [18.8678261, 49.862891], [18.8575988, 49.8587566], [18.844157, 49.8564172], [18.8419905, 49.8403235], [18.8484939, 49.8369255], [18.8415457, 49.8344676], [18.8303831, 49.8164425], [18.8221416, 49.8016534], [18.8160248, 49.793362], [18.7981043, 49.795969], [18.791926, 49.8128237], [18.7874163, 49.8308708], [18.7817823, 49.8343497], [18.7758749, 49.835362], [18.7649621, 49.8356676], [18.7556225, 49.8303763], [18.7530122, 49.8290982], [18.7446078, 49.8289091], [18.735132, 49.8218948], [18.7332866, 49.8203383], [18.6969605, 49.8045379], [18.6550415, 49.8029924], [18.6331475, 49.7998661], [18.6325564, 49.7997817], [18.6131127, 49.7970051], [18.6128464, 49.7969671], [18.6084397, 49.7963378], [18.5959863, 49.7945582], [18.4535953, 49.7744485], [18.2723209, 49.7318601], [18.1899234, 49.6607963], [18.1240054, 49.6323417], [17.7971635, 49.5691477], [17.6502214, 49.5272706], [17.6318716, 49.5162476], [17.5582109, 49.4719736], [17.4826799, 49.4130403], [17.5881896, 49.3239068], [17.6000963, 49.2839327], [17.5183862, 49.1749709], [17.5211327, 49.1480298], [17.4765008, 49.1125351], [17.4176216, 49.0094731], [17.4394212, 48.9044497], [17.3164793, 48.8455452], [17.3174668, 48.843809], [17.3176923, 48.8422995], [17.3179028, 48.8408907], [17.3181433, 48.8392807], [17.3188351, 48.8379261], [17.31805, 48.8367469], [17.3172411, 48.8342971], [17.3167838, 48.8330688], [17.3177312, 48.8310153], [17.3179085, 48.8298283], [17.3187308, 48.8286127], [17.3201458, 48.8277178], [17.3216562, 48.8268995], [17.322584, 48.8256908], [17.3217365, 48.8249306], [17.3211437, 48.82461], [17.3192401, 48.8244861], [17.3175481, 48.8243759], [17.3156878, 48.8246778], [17.3134462, 48.8246728], [17.3119657, 48.8245764], [17.3105478, 48.824061], [17.3098911, 48.8234541], [17.3095398, 48.8222326], [17.3100345, 48.8210663], [17.31111, 48.8195853], [17.3113291, 48.8181189], [17.3114961, 48.8170017], [17.3125819, 48.8154509], [17.3149379, 48.8146878], [17.3172847, 48.8146996], [17.3192192, 48.8146141], [17.3209093, 48.8140191], [17.3221661, 48.8134663], [17.3235926, 48.8132066], [17.3250296, 48.8128771], [17.3255879, 48.8119969], [17.3261461, 48.8111166], [17.3276767, 48.8101586], [17.3280667, 48.8096905], [17.3279594, 48.8089784], [17.3280827, 48.8074354], [17.3290621, 48.8058775], [17.3302961, 48.8047591], [17.3323358, 48.8025591], [17.3342733, 48.801704], [17.3365971, 48.80115], [17.3381809, 48.8005478], [17.3382103, 48.7996332], [17.3380699, 48.7984255], [17.3371896, 48.7971698], [17.3373871, 48.7958431], [17.3372554, 48.7938604], [17.3384578, 48.7929515], [17.3396497, 48.7921124], [17.3416559, 48.7915376], [17.3434525, 48.7916543], [17.3456719, 48.7917984], [17.3471411, 48.7919642], [17.3494662, 48.7921151], [17.3510288, 48.7916524], [17.3498955, 48.7906624], [17.3492056, 48.7895601], [17.3484309, 48.7883113], [17.3471156, 48.7863929], [17.3453032, 48.7842307], [17.344423, 48.782975], [17.3435428, 48.7817193], [17.3418711, 48.7807647], [17.3411401, 48.7799417], [17.3411694, 48.779027], [17.34088, 48.7773867], [17.3408868, 48.7759065], [17.3406286, 48.7740567], [17.3397261, 48.7722355], [17.3386228, 48.7703307], [17.3378383, 48.7691516], [17.3362728, 48.7682038], [17.3350779, 48.7676326], [17.3339679, 48.7672079], [17.3328995, 48.7665039], [17.3308372, 48.7653122], [17.3298537, 48.7647546], [17.3295336, 48.7633237], [17.330112, 48.7623038], [17.330668, 48.7607184], [17.3304534, 48.7592944], [17.330715, 48.7582538], [17.3316638, 48.7576105], [17.3323374, 48.7566673], [17.332746, 48.7553543], [17.3344756, 48.7544798], [17.3358796, 48.7543596], [17.3373148, 48.7540299], [17.3383379, 48.7536029], [17.3395515, 48.7533293], [17.3409866, 48.7529995], [17.342813, 48.7529067], [17.3458547, 48.7532453], [17.3484948, 48.7534168], [17.349994, 48.7533731], [17.3522428, 48.7533075], [17.3546821, 48.7533953], [17.3566866, 48.7528203], [17.3592832, 48.7525657], [17.3627557, 48.7521562], [17.3660583, 48.7514537], [17.3681475, 48.751025], [17.3687583, 48.7505005], [17.369516, 48.7497036], [17.3712883, 48.7492543], [17.3719093, 48.74866], [17.3725384, 48.7472907], [17.3737057, 48.7458858], [17.375277, 48.745353], [17.3769974, 48.7452528], [17.3775874, 48.7448679], [17.3777113, 48.7440299], [17.3777606, 48.7429756], [17.3779155, 48.7419281], [17.3784594, 48.7404123], [17.3793923, 48.7384282], [17.3810768, 48.7371271], [17.3834383, 48.7362928], [17.3862348, 48.736121], [17.3883463, 48.7362574], [17.3893298, 48.7368145], [17.3904165, 48.7366732], [17.3917324, 48.7357006], [17.393123, 48.7349444], [17.3953142, 48.7338169], [17.3978453, 48.7332753], [17.4016355, 48.7335902], [17.4031909, 48.734607], [17.4060749, 48.7352864], [17.4089049, 48.7356097], [17.4104063, 48.7357064], [17.4120334, 48.7345636], [17.412165, 48.7318086], [17.4126097, 48.7297226], [17.4129665, 48.7272975], [17.4135128, 48.7235841], [17.4134559, 48.7208264], [17.4121697, 48.7169949], [17.4107468, 48.7133077], [17.4092877, 48.7090825], [17.40815, 48.7050311], [17.4072444, 48.7017596], [17.407272, 48.7000018], [17.4066096, 48.6974345], [17.4048695, 48.6943387], [17.4046124, 48.692945], [17.405497, 48.69086], [17.4062894, 48.688616], [17.4065108, 48.6875109], [17.407225, 48.6862238], [17.4076517, 48.6847708], [17.4079085, 48.683025], [17.4081755, 48.6812092], [17.4071846, 48.6785369], [17.4058699, 48.6766192], [17.4049436, 48.674233], [17.4037113, 48.6717565], [17.4036929, 48.6697109], [17.4041321, 48.6660028], [17.4044532, 48.6645431], [17.4048695, 48.66316], [17.4066692, 48.6612566], [17.4078642, 48.6597559], [17.4077378, 48.6582435], [17.4070996, 48.6561205], [17.4071672, 48.6541883], [17.4086106, 48.6532057], [17.4110713, 48.65193], [17.4112934, 48.6511554], [17.4107961, 48.6501192], [17.4103957, 48.649161], [17.4110334, 48.6477677], [17.4121341, 48.6469064], [17.4129548, 48.64574], [17.4130354, 48.6444543], [17.4130534, 48.6435948], [17.4139395, 48.6427196], [17.4140543, 48.641938], [17.4141378, 48.6413696], [17.4153217, 48.6399399], [17.4174941, 48.6391476], [17.4199598, 48.6393065], [17.4217719, 48.639495], [17.4231655, 48.6395847], [17.4241274, 48.6389295], [17.4249507, 48.6384805], [17.4260718, 48.6374769], [17.4266672, 48.6363677], [17.4265986, 48.6353592], [17.4254893, 48.6340685], [17.4243801, 48.6327779], [17.423914, 48.6315286], [17.4246895, 48.629929], [17.4261497, 48.6280866], [17.4273316, 48.6268179], [17.4281383, 48.6270671], [17.4301747, 48.6271982], [17.4315785, 48.6272169], [17.4332798, 48.6266809], [17.435465, 48.6265346], [17.4380373, 48.6267], [17.4395722, 48.6273007], [17.4414703, 48.6276379], [17.4426493, 48.6277136], [17.4444162, 48.6274686], [17.4456471, 48.627189], [17.4474139, 48.6269439], [17.450339, 48.6269166], [17.4528422, 48.6260732], [17.4552486, 48.6251518], [17.4568286, 48.6239622], [17.4589547, 48.622736], [17.4604205, 48.6223279], [17.4612157, 48.6228092], [17.4619002, 48.6225662], [17.4632138, 48.6217181], [17.4635214, 48.6210923], [17.4643322, 48.6215068], [17.4665409, 48.6224067], [17.4687696, 48.6231699], [17.4715619, 48.6243484], [17.4739037, 48.6250498], [17.4754294, 48.6252853], [17.4772525, 48.625264], [17.4787963, 48.625018], [17.4806058, 48.6243753], [17.4814097, 48.623496], [17.4826939, 48.6228886], [17.4873337, 48.6228058], [17.4882709, 48.6227968], [17.4890605, 48.6230885], [17.4895845, 48.6237769], [17.4907099, 48.6242624], [17.49134, 48.6245784], [17.4921761, 48.6249075], [17.4923563, 48.6258153], [17.492596, 48.6263132], [17.493107, 48.627161], [17.4940592, 48.6279267], [17.4948959, 48.6287555], [17.4948898, 48.6295305], [17.4956516, 48.630143], [17.4974124, 48.6304668], [17.4983748, 48.6311625], [17.4989057, 48.6319013], [17.4995561, 48.633282], [17.5016413, 48.6350362], [17.5031754, 48.6361913], [17.5043083, 48.6371798], [17.5052507, 48.6380152], [17.5049184, 48.6388399], [17.5055387, 48.6404302], [17.506986, 48.642919], [17.5075397, 48.6457033], [17.5082006, 48.6470142], [17.5088372, 48.6477596], [17.5088515, 48.6483949], [17.5091314, 48.6493996], [17.50902, 48.6501679], [17.5096161, 48.6511926], [17.5103683, 48.6518749], [17.5123105, 48.6524214], [17.5148506, 48.6525125], [17.5186961, 48.6524045], [17.5226773, 48.6520935], [17.5255539, 48.6520648], [17.5265575, 48.6524809], [17.5271945, 48.6532262], [17.5272191, 48.6537917], [17.5280265, 48.6548298], [17.5298881, 48.6559347], [17.5311981, 48.6564408], [17.5341198, 48.6568375], [17.5375182, 48.6576169], [17.5385972, 48.6582492], [17.5403391, 48.658712], [17.5418152, 48.6588055], [17.5436075, 48.658919], [17.5451937, 48.6597243], [17.5452635, 48.6607155], [17.5459861, 48.6616071], [17.5471405, 48.6624555], [17.5498115, 48.6631179], [17.55178, 48.662749], [17.5538888, 48.6628824], [17.5556612, 48.6631354], [17.5570469, 48.6638574], [17.5581915, 48.6647755], [17.559989, 48.6655939], [17.5621431, 48.6661529], [17.5654371, 48.6669248], [17.568907, 48.6672142], [17.573065, 48.6678994], [17.5762287, 48.6680989], [17.5792316, 48.6679357], [17.5824001, 48.66736], [17.5857495, 48.667007], [17.5878285, 48.6673493], [17.5919413, 48.667608], [17.5952306, 48.6676739], [17.5976607, 48.6670513], [17.6003517, 48.6660927], [17.6043935, 48.6653598], [17.6076371, 48.6649996], [17.6104688, 48.6645429], [17.6123058, 48.663601], [17.6137865, 48.6629185], [17.614841, 48.6629847], [17.6158556, 48.6633302], [17.6178649, 48.6641609], [17.6191104, 48.6643799], [17.6237743, 48.6640986], [17.6273678, 48.6637237], [17.6287229, 48.6628814], [17.6303226, 48.6620544], [17.6326336, 48.6614355], [17.6337174, 48.6613396], [17.6360252, 48.6613203], [17.636741, 48.662074], [17.6375893, 48.6630541], [17.6388996, 48.6636813], [17.6403175, 48.6635518], [17.641486, 48.6628613], [17.642382, 48.661772], [17.6426482, 48.6604799], [17.6428251, 48.6592366], [17.6448786, 48.6581106], [17.6474878, 48.6571283], [17.6495459, 48.6565478], [17.6513745, 48.6558439], [17.652344, 48.6548137], [17.6525053, 48.6536785], [17.6522539, 48.6519723], [17.6514333, 48.6513758], [17.6500292, 48.6502521], [17.6487854, 48.6497382], [17.6483297, 48.6488917], [17.6477847, 48.6480942], [17.6467963, 48.6469419], [17.645568, 48.6463198], [17.6457265, 48.6457844], [17.6473177, 48.6450112], [17.6490242, 48.6434272], [17.6497162, 48.6414526], [17.6503545, 48.6398565], [17.6511807, 48.6392536], [17.6521595, 48.6393147], [17.6539202, 48.6402426], [17.6567491, 48.6411824], [17.661454, 48.6422392], [17.6644895, 48.6434644], [17.6686135, 48.645139], [17.6732196, 48.646898], [17.6773085, 48.6482429], [17.6812421, 48.6495234], [17.6838425, 48.6503393], [17.6856629, 48.6514339], [17.6875769, 48.6524837], [17.6895972, 48.6544592], [17.6910228, 48.65602], [17.6918185, 48.6573781], [17.692622, 48.6586821], [17.6934408, 48.659878], [17.693969, 48.6613831], [17.694752, 48.6622496], [17.6954893, 48.6634404], [17.6960634, 48.6646212], [17.6958954, 48.6658104], [17.6960844, 48.6668037], [17.6966433, 48.6680925], [17.6978246, 48.669638], [17.6983096, 48.6708677], [17.6982103, 48.6715705], [17.6980652, 48.6725975], [17.69767, 48.6730638], [17.6967546, 48.673716], [17.6965942, 48.6748512], [17.6968649, 48.6758495], [17.6978191, 48.6766721], [17.6989443, 48.6774506], [17.6993424, 48.6781297], [17.6992432, 48.6788324], [17.6986236, 48.679721], [17.6983434, 48.6811215], [17.6986523, 48.6818495], [17.6993336, 48.6822734], [17.7006833, 48.6826296], [17.7014973, 48.6832798], [17.7023243, 48.6844216], [17.7024959, 48.6861227], [17.7036603, 48.6883759], [17.7046507, 48.6895278], [17.7061998, 48.6902235], [17.7085676, 48.6903699], [17.7102006, 48.6904709], [17.712857, 48.6909077], [17.714207, 48.6912638], [17.7153784, 48.6917179], [17.7157845, 48.6923428], [17.7158564, 48.6930016], [17.715704, 48.6940827], [17.7158423, 48.6948547], [17.7164194, 48.6954356], [17.7163563, 48.6964678], [17.7162192, 48.6974408], [17.7166841, 48.6982329], [17.7171056, 48.6987497], [17.7173691, 48.699802], [17.7181227, 48.7008846], [17.7187207, 48.701903], [17.7190888, 48.7027982], [17.7197248, 48.7035463], [17.7212365, 48.7045121], [17.7218345, 48.7055305], [17.7223128, 48.7068142], [17.7231351, 48.7074102], [17.7241796, 48.7081835], [17.7258909, 48.7094886], [17.7282765, 48.7112716], [17.7295206, 48.7123843], [17.7311144, 48.7133549], [17.7319654, 48.7143343], [17.7336238, 48.7160178], [17.7356547, 48.717397], [17.7373001, 48.7185888], [17.7399867, 48.7194084], [17.7428747, 48.7199678], [17.7444224, 48.7200631], [17.7464304, 48.7208225], [17.7477835, 48.7215698], [17.7492378, 48.7218068], [17.750752, 48.7221459], [17.7520109, 48.7227153], [17.7526251, 48.7236388], [17.7533815, 48.7240789], [17.7544945, 48.7240981], [17.7557018, 48.7239753], [17.7565819, 48.7241254], [17.7567053, 48.7247751], [17.7567624, 48.7259596], [17.7566446, 48.7273302], [17.7574718, 48.7288573], [17.7580368, 48.7306635], [17.7591304, 48.732945], [17.759821, 48.7354479], [17.7608219, 48.73733], [17.7612411, 48.7385859], [17.7607286, 48.7395879], [17.760074, 48.7410733], [17.759519, 48.7429092], [17.7591541, 48.7439202], [17.758494, 48.7449131], [17.7585907, 48.7463461], [17.7585794, 48.7480186], [17.7592907, 48.750375], [17.7593122, 48.7523447], [17.7592325, 48.754505], [17.7596175, 48.7560049], [17.7594259, 48.7573711], [17.75977, 48.7591637], [17.7601824, 48.7604684], [17.7606262, 48.7626116], [17.7607147, 48.7646346], [17.7608579, 48.7662673], [17.7615192, 48.7673904], [17.7616708, 48.7684331], [17.7610925, 48.7688406], [17.7603598, 48.7692877], [17.7592634, 48.7702047], [17.7584006, 48.7715789], [17.7585795, 48.7724264], [17.7585902, 48.7734113], [17.7583125, 48.7743292], [17.759034, 48.7755545], [17.7607358, 48.7766922], [17.7611225, 48.7776508], [17.7607832, 48.7790079], [17.7605314, 48.7802719], [17.7612066, 48.7812975], [17.7632695, 48.7830477], [17.7652875, 48.7840571], [17.7665617, 48.7845287], [17.76746, 48.7850266], [17.7710902, 48.7856916], [17.7729361, 48.7858045], [17.7752523, 48.7857493], [17.7774755, 48.7852947], [17.7783268, 48.7850521], [17.7791817, 48.7848085], [17.7813391, 48.7837593], [17.7835236, 48.7825149], [17.7858966, 48.7809867], [17.7877447, 48.780017], [17.7884047, 48.7790239], [17.7889169, 48.7780218], [17.788683, 48.7775646], [17.7879118, 48.7772223], [17.7879198, 48.7766323], [17.788599, 48.7760341], [17.7894463, 48.7752985], [17.7906911, 48.773849], [17.7921686, 48.7733978], [17.7937948, 48.7724145], [17.7944886, 48.7711774], [17.7953504, 48.769803], [17.7965984, 48.7699283], [17.797758, 48.7706878], [17.7985542, 48.7719173], [17.7991903, 48.7726942], [17.8000751, 48.7732894], [17.8011688, 48.7734545], [17.8030415, 48.7733717], [17.8047131, 48.7731291], [17.8061225, 48.7731657], [17.8067859, 48.7737473], [17.8069996, 48.7743508], [17.8082206, 48.7746712], [17.8101273, 48.7743443], [17.8120883, 48.7736271], [17.8138143, 48.772994], [17.8153399, 48.7716598], [17.8170751, 48.7693542], [17.8180517, 48.7671501], [17.8184012, 48.7651839], [17.8185166, 48.7659482], [17.819393, 48.7676745], [17.8204647, 48.7690681], [17.8221141, 48.770054], [17.8244883, 48.7711823], [17.8271382, 48.7719337], [17.8298086, 48.7725386], [17.8319494, 48.7726685], [17.8337814, 48.772878], [17.8352984, 48.7726747], [17.836426, 48.7725955], [17.8383264, 48.7717758], [17.8400113, 48.771435], [17.8412392, 48.7717062], [17.8422383, 48.772554], [17.8433647, 48.7735571], [17.8454115, 48.7738286], [17.8465995, 48.7738513], [17.8477874, 48.773874], [17.8493377, 48.7739678], [17.8500687, 48.7746025], [17.8500543, 48.7756504], [17.8503012, 48.7761715], [17.8508478, 48.7763733], [17.8514005, 48.7760693], [17.8526089, 48.7761002], [17.8542196, 48.7769147], [17.8560773, 48.7782504], [17.8584358, 48.7796585], [17.8618818, 48.7815119], [17.8635905, 48.7825431], [17.8641443, 48.7846713], [17.8647694, 48.788013], [17.8653147, 48.7904157], [17.8669929, 48.7900146], [17.8709038, 48.7892449], [17.8772058, 48.7884755], [17.8866929, 48.7866764], [17.8932394, 48.7857054], [17.895513, 48.7857702], [17.898012, 48.7857767], [17.898693, 48.7863018], [17.8980772, 48.7870663], [17.8980139, 48.7879905], [17.8980082, 48.7889604], [17.8974844, 48.7895195], [17.8973808, 48.7902726], [17.8979852, 48.7909839], [17.8984457, 48.791349], [17.8989005, 48.7912919], [17.8995855, 48.7909534], [17.8999021, 48.7905084], [17.9005928, 48.790592], [17.9016405, 48.7908658], [17.9022853, 48.7912842], [17.9029704, 48.7918737], [17.9036729, 48.7932657], [17.9044272, 48.7947452], [17.9056538, 48.7965061], [17.9060846, 48.7976993], [17.9066669, 48.799243], [17.9075536, 48.8007394], [17.9092194, 48.8023481], [17.9100524, 48.8035132], [17.9108408, 48.8050037], [17.9116204, 48.8065592], [17.9122925, 48.8081739], [17.9136453, 48.8098949], [17.9153113, 48.8107819], [17.9168875, 48.8108762], [17.9184905, 48.8107754], [17.9208099, 48.8105206], [17.921643, 48.810964], [17.9222523, 48.8115909], [17.9252884, 48.8119036], [17.9278053, 48.8123821], [17.9303761, 48.8131917], [17.9324277, 48.814167], [17.9344171, 48.8155978], [17.9356628, 48.8166561], [17.9371775, 48.8179273], [17.9374642, 48.81801], [17.9382258, 48.8182522], [17.9395779, 48.8178081], [17.9411626, 48.8171155], [17.9422457, 48.8164585], [17.9429615, 48.8155828], [17.9433638, 48.8148196], [17.9441958, 48.8138197], [17.9460225, 48.813535], [17.9469633, 48.813919], [17.9478774, 48.8144983], [17.9494723, 48.8151837], [17.9513354, 48.8153603], [17.9532074, 48.8154718], [17.9548194, 48.8153053], [17.9556156, 48.8145656], [17.9552198, 48.8130989], [17.9557746, 48.8126727], [17.9563746, 48.8126428], [17.9576918, 48.8131804], [17.9601105, 48.8136523], [17.961875, 48.8138228], [17.9641509, 48.8146141], [17.965217, 48.8148086], [17.9663185, 48.8147429], [17.9673127, 48.8147364], [17.9680665, 48.8157651], [17.9686774, 48.8171133], [17.9694136, 48.8182722], [17.9715204, 48.819578], [17.9744776, 48.8204751], [17.9757586, 48.8205511], [17.9761616, 48.8205094], [17.9769753, 48.8196394], [17.9778433, 48.8191005], [17.9786316, 48.8191473], [17.9795904, 48.8194009], [17.9810963, 48.820015], [17.9826287, 48.8204338], [17.9839539, 48.8201844], [17.9850353, 48.8188054], [17.9851502, 48.8179595], [17.9851666, 48.8171077], [17.9869213, 48.8166213], [17.9880303, 48.8157687], [17.988413, 48.8144139], [17.9893239, 48.8136163], [17.9899249, 48.8135195], [17.9914116, 48.813542], [17.9950836, 48.8135625], [17.9970086, 48.8132829], [17.9992909, 48.8125652], [18.0019481, 48.8112792], [18.0034582, 48.8096631], [18.0041984, 48.8086585], [18.0062048, 48.8084479], [18.0067695, 48.8086781], [18.0075224, 48.8089849], [18.0090547, 48.8094034], [18.0111605, 48.8099869], [18.0122811, 48.8105122], [18.0133666, 48.8112978], [18.0133771, 48.8119543], [18.0132714, 48.8127352], [18.0134614, 48.8135335], [18.0134894, 48.8140599], [18.0125586, 48.8143329], [18.01205, 48.8151556], [18.0114429, 48.8159725], [18.0113108, 48.8169485], [18.0113653, 48.8172797], [18.0124685, 48.8179352], [18.013679, 48.8185313], [18.0150075, 48.8197248], [18.0158415, 48.8201675], [18.0169448, 48.8208229], [18.0170363, 48.8216154], [18.0172721, 48.82281], [18.0178739, 48.8235014], [18.0186183, 48.8238733], [18.0206333, 48.8236641], [18.0220112, 48.8230238], [18.0227872, 48.8216921], [18.0229191, 48.820716], [18.0238236, 48.8206381], [18.0248442, 48.8204358], [18.025497, 48.8200152], [18.0265157, 48.8190913], [18.0276681, 48.8179129], [18.0297092, 48.8175084], [18.031599, 48.8174884], [18.0340166, 48.8172371], [18.0355144, 48.8172067], [18.0356216, 48.8178563], [18.0366549, 48.8190321], [18.0390747, 48.8195023], [18.0417988, 48.8199247], [18.0433209, 48.8196862], [18.0455874, 48.8198193], [18.0474948, 48.819669], [18.0493913, 48.8188621], [18.0497745, 48.8182287], [18.0506219, 48.8170978], [18.0512482, 48.8168722], [18.0522971, 48.8171961], [18.0528819, 48.8180175], [18.0540579, 48.8188735], [18.0549734, 48.8194519], [18.0563355, 48.819663], [18.0576166, 48.8197381], [18.0580504, 48.8209441], [18.0582872, 48.8221386], [18.0590692, 48.8229715], [18.0606572, 48.8237204], [18.0627006, 48.8240369], [18.0646717, 48.8241523], [18.0667414, 48.8242735], [18.0680663, 48.8240231], [18.0683252, 48.8256404], [18.0681727, 48.8267766], [18.0673643, 48.8287182], [18.0667852, 48.8303115], [18.0668803, 48.831643], [18.0674444, 48.8328814], [18.068099, 48.834125], [18.0690495, 48.8352052], [18.0698453, 48.8367585], [18.0713819, 48.8382345], [18.07318, 48.8391231], [18.074016, 48.8403774], [18.0748762, 48.8414522], [18.0764267, 48.8421455], [18.078124, 48.8424255], [18.0801172, 48.8425419], [18.0812043, 48.8426054], [18.0822915, 48.8426688], [18.0838662, 48.8431826], [18.0852517, 48.8437456], [18.0862614, 48.8450701], [18.086754, 48.8468466], [18.0868842, 48.848602], [18.0875235, 48.8499651], [18.0889704, 48.8514356], [18.0904948, 48.8520549], [18.0919623, 48.852735], [18.0934512, 48.8543485], [18.0957824, 48.8551272], [18.0980356, 48.8555798], [18.1000257, 48.8561778], [18.1004132, 48.8569236], [18.1027802, 48.858347], [18.1042127, 48.8594749], [18.1059044, 48.8595733], [18.1066758, 48.8601806], [18.106548, 48.8611375], [18.1067295, 48.862514], [18.1069786, 48.8642963], [18.1069824, 48.8651804], [18.1069045, 48.8658216], [18.1055714, 48.8666251], [18.1036876, 48.8679619], [18.1022622, 48.8686022], [18.1009896, 48.8690103], [18.0995961, 48.8694113], [18.099134, 48.8692237], [18.0983733, 48.8685366], [18.0979858, 48.8677909], [18.0969265, 48.8666042], [18.0954514, 48.8657951], [18.0942855, 48.8654058], [18.0926717, 48.8656332], [18.0926077, 48.8661116], [18.0924441, 48.8664235], [18.090937, 48.8658536], [18.0899668, 48.8649131], [18.0885379, 48.8646691], [18.0865261, 48.8642304], [18.0853176, 48.8641599], [18.0848803, 48.8646969], [18.0849938, 48.8656678], [18.0848762, 48.8665449], [18.0838913, 48.867532], [18.0821952, 48.8692813], [18.0802465, 48.8710961], [18.0784613, 48.872599], [18.0765797, 48.8748195], [18.0747301, 48.8768008], [18.0734816, 48.8779332], [18.0726568, 48.8777243], [18.0710425, 48.8779514], [18.0696271, 48.8785116], [18.0676639, 48.8795218], [18.0662591, 48.8800022], [18.064908, 48.8800839], [18.0633472, 48.8799122], [18.0604566, 48.8796628], [18.0579825, 48.8790358], [18.0566528, 48.8789579], [18.055401, 48.879206], [18.0545656, 48.8790768], [18.0536709, 48.8775779], [18.0523735, 48.8772608], [18.0511647, 48.8771899], [18.0498915, 48.8775975], [18.0482099, 48.8774185], [18.0471999, 48.8776807], [18.0466412, 48.8782105], [18.0455021, 48.8794294], [18.0446801, 48.8801044], [18.0439789, 48.8807865], [18.043729, 48.8817362], [18.0436107, 48.8826132], [18.0437449, 48.8834247], [18.0437475, 48.8843088], [18.0442552, 48.8850618], [18.0440939, 48.8862578], [18.0435806, 48.8873527], [18.0433307, 48.8883023], [18.0428604, 48.8890783], [18.0418394, 48.8894202], [18.0403885, 48.8893351], [18.0383464, 48.8900188], [18.0389427, 48.8910181], [18.0410919, 48.8931533], [18.0425669, 48.8939631], [18.044163, 48.8947799], [18.0450765, 48.8952353], [18.0460659, 48.8952165], [18.0461753, 48.8951188], [18.0470301, 48.8943052], [18.0486209, 48.8933537], [18.0499697, 48.8923881], [18.0514851, 48.8919948], [18.0526028, 48.8909352], [18.0537125, 48.8908395], [18.0554589, 48.89054], [18.0577641, 48.8897107], [18.0593438, 48.8888388], [18.0605178, 48.8882647], [18.0618126, 48.8876976], [18.0629973, 48.8870436], [18.0644451, 48.8862444], [18.0663123, 48.8859518], [18.0686629, 48.8856874], [18.0713228, 48.8858428], [18.0735449, 48.8865351], [18.0752942, 48.8871194], [18.0766242, 48.8871971], [18.0774598, 48.8873262], [18.0778043, 48.8883909], [18.0787641, 48.8894112], [18.0806573, 48.8909681], [18.0812945, 48.8916682], [18.0826493, 48.8924704], [18.0844736, 48.8931795], [18.0857272, 48.8933731], [18.0866472, 48.8946923], [18.0876153, 48.8956527], [18.0888635, 48.8965692], [18.089773, 48.8972851], [18.0908585, 48.8987344], [18.0910291, 48.9001907], [18.0912903, 48.9016523], [18.0918291, 48.9024069], [18.0929442, 48.902954], [18.0940328, 48.9030173], [18.0956068, 48.9028679], [18.0963992, 48.9030948], [18.0976238, 48.9041905], [18.098707, 48.9049767], [18.0991712, 48.9056064], [18.0994888, 48.9066494], [18.099897, 48.9076976], [18.1012525, 48.9084996], [18.1021944, 48.9089762], [18.1028802, 48.9093174], [18.1029149, 48.9097413], [18.1030564, 48.9100508], [18.1029124, 48.9111273], [18.1039051, 48.9119081], [18.1052048, 48.9131287], [18.1060347, 48.9134955], [18.1069314, 48.9138919], [18.107756, 48.9138795], [18.110147, 48.9137773], [18.1107261, 48.9142328], [18.1106462, 48.9148308], [18.110297, 48.916076], [18.1101371, 48.9172721], [18.1099613, 48.9185877], [18.1103807, 48.9202392], [18.1108589, 48.9221351], [18.1116145, 48.923324], [18.1121779, 48.9238991], [18.112098, 48.9244971], [18.1118046, 48.9253238], [18.1124107, 48.9262629], [18.1135106, 48.9269294], [18.1147841, 48.9276661], [18.1168664, 48.92851], [18.1174139, 48.9292047], [18.1182417, 48.9298553], [18.1194753, 48.930891], [18.1219528, 48.9315167], [18.1240484, 48.9315778], [18.1258398, 48.9318623], [18.1268572, 48.9324636], [18.1275385, 48.9335275], [18.1283935, 48.9346617], [18.1296275, 48.9356973], [18.130653, 48.9362388], [18.1321961, 48.936328], [18.1335737, 48.9362871], [18.1368622, 48.9356336], [18.138848, 48.9351457], [18.1403449, 48.9342077], [18.1417987, 48.9329056], [18.1422811, 48.9320295], [18.1421202, 48.9311766], [18.1417539, 48.9304925], [18.1413493, 48.9287216], [18.1408811, 48.927429], [18.1406215, 48.9266306], [18.1411866, 48.9258196], [18.1423281, 48.9248008], [18.1440141, 48.9238134], [18.1456092, 48.9228208], [18.1474891, 48.9210612], [18.1503035, 48.9198375], [18.1519766, 48.9196328], [18.1535114, 48.9197815], [18.1556337, 48.9203257], [18.1573886, 48.9215718], [18.1586785, 48.9221885], [18.1595736, 48.9230235], [18.160007, 48.9238921], [18.1600616, 48.9248594], [18.1613119, 48.9257751], [18.1636117, 48.9270525], [18.1650004, 48.9276145], [18.1668747, 48.9279634], [18.1686388, 48.9277636], [18.1692583, 48.9279198], [18.1694946, 48.9288975], [18.1702676, 48.9299664], [18.1701012, 48.9312223], [18.1698952, 48.9327772], [18.1704197, 48.933651], [18.1722352, 48.9337554], [18.1748676, 48.9339067], [18.1770857, 48.9337328], [18.1789645, 48.9333587], [18.1791117, 48.9333431], [18.1808707, 48.9334681], [18.1810719, 48.934022], [18.181111, 48.9351089], [18.1820226, 48.9358241], [18.1829895, 48.9361206], [18.182721, 48.9367681], [18.1821918, 48.9380032], [18.1822791, 48.9385651], [18.1822784, 48.9387313], [18.1824932, 48.9387903], [18.1842203, 48.9392645], [18.1860398, 48.9400317], [18.18597, 48.9403527], [18.1858068, 48.941103], [18.1852579, 48.9417947], [18.184768, 48.9441167], [18.1834691, 48.944946], [18.182379, 48.9454044], [18.1822475, 48.9454597], [18.1822097, 48.9454764], [18.1815462, 48.9463422], [18.1812618, 48.9471092], [18.1813484, 48.9478373], [18.18196, 48.9494392], [18.1821195, 48.9502546], [18.1825241, 48.9513998], [18.1832144, 48.9537896], [18.1837077, 48.9549025], [18.1848171, 48.9555085], [18.1870913, 48.9563017], [18.188497, 48.9567439], [18.1891682, 48.9572041], [18.1898986, 48.9579089], [18.1905974, 48.9588528], [18.1920782, 48.9594197], [18.1938946, 48.9595237], [18.1948778, 48.9597005], [18.1947673, 48.9605378], [18.1949094, 48.9608473], [18.1963508, 48.9617131], [18.1977409, 48.9622748], [18.1988466, 48.9622175], [18.1992888, 48.9616402], [18.2006156, 48.9612943], [18.2015674, 48.9617103], [18.2027838, 48.9622017], [18.2043278, 48.96229], [18.2093864, 48.962097], [18.2112581, 48.9617821], [18.212431, 48.9619094], [18.2123523, 48.9625074], [18.2118157, 48.9638025], [18.2115357, 48.9652327], [18.2122902, 48.9657578], [18.2127644, 48.9663272], [18.2132149, 48.967076], [18.2144751, 48.9679313], [18.2154706, 48.9687112], [18.2171415, 48.9692283], [18.2180499, 48.9692801], [18.2194047, 48.9694177], [18.2203053, 48.9695293], [18.220811, 48.9698594], [18.2210878, 48.970538], [18.2213646, 48.9712166], [18.2213454, 48.9720591], [18.2221988, 48.9725295], [18.222819, 48.9726854], [18.2235737, 48.9732105], [18.2239336, 48.9739541], [18.2238156, 48.9748512], [18.2243808, 48.9754257], [18.225471, 48.9754878], [18.2262494, 48.9758334], [18.2267159, 48.9764626], [18.226543, 48.9777784], [18.2263499, 48.9785507], [18.2260065, 48.9790734], [18.2264775, 48.9803656], [18.228058, 48.9808774], [18.2291204, 48.9804559], [18.2299416, 48.9797796], [18.2308065, 48.9794673], [18.2320471, 48.9797789], [18.2338644, 48.9798823], [18.2346429, 48.9802279], [18.2360574, 48.9806096], [18.2361764, 48.9810984], [18.2358567, 48.9814418], [18.2358376, 48.9822843], [18.2366992, 48.9826948], [18.2378805, 48.982762], [18.2383707, 48.9832116], [18.238336, 48.9841737], [18.2394748, 48.9852628], [18.2419846, 48.9863695], [18.242945, 48.9867253], [18.2434949, 48.9874194], [18.2442501, 48.9879443], [18.2455067, 48.9881362], [18.2466129, 48.9880785], [18.2477035, 48.9881404], [18.248526, 48.9888499], [18.2486216, 48.9895181], [18.2485589, 48.9899966], [18.2487453, 48.9906699], [18.2492044, 48.9913588], [18.250505, 48.9919146], [18.2520861, 48.9924261], [18.2529245, 48.9930159], [18.2546014, 48.9941956], [18.25604, 48.9943977], [18.2573359, 48.9942903], [18.258671, 48.993884], [18.2599856, 48.9929341], [18.2623234, 48.9918615], [18.263547, 48.9909065], [18.2649728, 48.9905052], [18.2664143, 48.9899842], [18.2673231, 48.9900357], [18.2700518, 48.9915759], [18.271124, 48.9924801], [18.2710146, 48.9933174], [18.2694872, 48.9944963], [18.2685881, 48.995771], [18.2678708, 48.997056], [18.2676001, 48.9984265], [18.2674672, 48.9994433], [18.26722, 49.0006344], [18.2672426, 49.0025637], [18.2688917, 49.0032596], [18.2707099, 49.0033624], [18.2724762, 49.003161], [18.2733384, 49.0035712], [18.273972, 49.0043301], [18.2750005, 49.0048702], [18.2763216, 49.0053121], [18.2776939, 49.0059864], [18.2787068, 49.0066461], [18.2803043, 49.0070376], [18.2809017, 49.0073726], [18.2807328, 49.0079656], [18.2803898, 49.0084885], [18.2797662, 49.0090558], [18.2798076, 49.0101427], [18.2804336, 49.0109613], [18.2815573, 49.0115126], [18.2816777, 49.0126583], [18.2822647, 49.013776], [18.282979, 49.0153226], [18.2831321, 49.016958], [18.2830073, 49.017915], [18.2826331, 49.0186772], [18.2825758, 49.0198187], [18.2839529, 49.0204989], [18.2856262, 49.021015], [18.2862991, 49.0214748], [18.287154, 49.0219447], [18.2900383, 49.0230111], [18.2923562, 49.0235032], [18.2961891, 49.0243215], [18.2981838, 49.0247248], [18.2993381, 49.0252273], [18.3023262, 49.0261246], [18.3046567, 49.0261098], [18.308264, 49.0256563], [18.3115504, 49.0251117], [18.3133117, 49.0252106], [18.315375, 49.0255452], [18.3174921, 49.0263203], [18.320874, 49.0276038], [18.3233941, 49.0286931], [18.3297019, 49.0305049], [18.3325643, 49.0306651], [18.333766, 49.0308053], [18.3346538, 49.0316571], [18.3355487, 49.0333113], [18.3366638, 49.0349779], [18.3371465, 49.0363903], [18.3372146, 49.0384358], [18.3375216, 49.0403489], [18.337838, 49.0421895], [18.3393026, 49.0437297], [18.3417325, 49.0446676], [18.3445562, 49.045992], [18.3462154, 49.0468868], [18.349325, 49.0477166], [18.3519756, 49.0486666], [18.3539966, 49.0493695], [18.3557817, 49.0501184], [18.3574338, 49.0502105], [18.3595732, 49.0499652], [18.3612179, 49.0492547], [18.3624238, 49.0476448], [18.3644005, 49.0460779], [18.3663585, 49.0446557], [18.36793, 49.0436494], [18.3693278, 49.0422689], [18.3698353, 49.0409117], [18.3700963, 49.0388847], [18.3704131, 49.0364232], [18.3706554, 49.0345409], [18.3712931, 49.0321702], [18.3721417, 49.0298841], [18.372356, 49.028219], [18.3739827, 49.0267783], [18.3758094, 49.0263694], [18.3774979, 49.0261717], [18.3786097, 49.0252856], [18.3805463, 49.0248828], [18.3827522, 49.0250128], [18.3845824, 49.0253987], [18.3861315, 49.0262867], [18.3872947, 49.0275908], [18.387605, 49.0286288], [18.3897419, 49.0292578], [18.3918431, 49.0293014], [18.3930973, 49.0293197], [18.3949444, 49.0293276], [18.3977977, 49.0295586], [18.401788, 49.0304358], [18.4060357, 49.0310355], [18.4086782, 49.0311817], [18.4109266, 49.0309415], [18.4133777, 49.0299833], [18.4153873, 49.0298757], [18.4165614, 49.0302322], [18.4181853, 49.0305406], [18.4202949, 49.0313862], [18.4224509, 49.0318698], [18.4264055, 49.0321609]]]]}, "properties": {"id": "d076e08f-3234-31a9-b3dc-2392187aaa58", "names": {"primary": "Outer Western Carpathians", "common": [["cs", "Vn\u011bj\u0161\u00ed Z\u00e1padn\u00ed Karpaty"], ["en", "Outer Western Carpathians"], ["hu", "\u00c9szaknyugati-K\u00e1rp\u00e1tok k\u00fcls\u0151 vonulata"], ["pl", "Zewn\u0119trzne Karpaty Zachodnie"], ["ro", "Carpa\u021bii Occidentali Exteriori"], ["sk", "Vonkaj\u0161ie Z\u00e1padn\u00e9 Karpaty"]], "rules": null}, "subtype": "physical", "class": "mountain_range", "surface": null}}, {"type": "Feature", "geometry": {"type": "MultiPolygon", "coordinates": [[[[16.5289293, 48.6773614], [16.4327989, 48.6637578], [16.4327996, 48.6093064], [16.4966576, 48.5697927], [16.5708154, 48.5561601], [16.6909783, 48.603404], [16.7294305, 48.6814413], [16.7198174, 48.7140722], [16.6950982, 48.7589052], [16.7143243, 48.7896764], [16.75415, 48.8206546], [16.7565533, 48.8315039], [16.6669461, 48.8870693], [16.6360467, 48.8904556], [16.5962212, 48.8737484], [16.5996545, 48.8362499], [16.6188805, 48.8005324], [16.6078942, 48.7733882], [16.5248101, 48.7620737], [16.5206895, 48.7417018], [16.5426622, 48.687335], [16.5289293, 48.6773614]]], [[[17.70972, 48.6352079], [17.7066446, 48.6374135], [17.7068918, 48.6383826], [17.7069185, 48.6384876], [17.7086584, 48.6397228], [17.7108033, 48.6403489], [17.712421, 48.6409423], [17.7144971, 48.6420573], [17.7161051, 48.6427205], [17.7185861, 48.6432262], [17.7196895, 48.642942], [17.7204007, 48.6424222], [17.7215728, 48.641649], [17.7230049, 48.6405395], [17.7247506, 48.6402245], [17.7286143, 48.6399697], [17.7315072, 48.6405711], [17.7324142, 48.6416841], [17.7337625, 48.6426833], [17.7355449, 48.6428637], [17.7370086, 48.6437996], [17.738058, 48.6454146], [17.7385313, 48.6473464], [17.7379797, 48.6490037], [17.7383794, 48.6499444], [17.7395368, 48.6507909], [17.7410228, 48.650812], [17.7426534, 48.6505601], [17.7449732, 48.6507029], [17.7465427, 48.6516451], [17.7471783, 48.6539392], [17.7482403, 48.6547093], [17.748699, 48.6552308], [17.7498959, 48.6557977], [17.7510559, 48.655869], [17.7524321, 48.6574335], [17.7537302, 48.6595569], [17.7545576, 48.6620036], [17.7545238, 48.6637632], [17.7538279, 48.6656936], [17.7531047, 48.6670585], [17.7531982, 48.6679098], [17.7546358, 48.6682801], [17.7565273, 48.668222], [17.7574166, 48.6687688], [17.7588732, 48.6700393], [17.7592903, 48.6718364], [17.7595054, 48.6740149], [17.7592253, 48.6760153], [17.7592004, 48.6777853], [17.759739, 48.6792455], [17.7601509, 48.6805502], [17.7600416, 48.6813309], [17.7602802, 48.6822805], [17.7607193, 48.6833901], [17.7598483, 48.6858955], [17.7588069, 48.6869634], [17.7590196, 48.687567], [17.7623411, 48.6882629], [17.7652819, 48.6884926], [17.768033, 48.6895471], [17.7708566, 48.6911472], [17.7741431, 48.692628], [17.775916, 48.69377], [17.7778148, 48.6956086], [17.7790435, 48.6974553], [17.7796418, 48.6995587], [17.7789678, 48.7011905], [17.7782541, 48.7025739], [17.7758586, 48.7037559], [17.7740609, 48.7043839], [17.7732691, 48.7047291], [17.773235, 48.704973], [17.7739641, 48.7056082], [17.7749867, 48.7068026], [17.7748558, 48.7082709], [17.7751672, 48.7097662], [17.7749899, 48.7110348], [17.7753777, 48.7114522], [17.7763088, 48.711706], [17.777722, 48.7122354], [17.7784004, 48.7127667], [17.7794536, 48.7142113], [17.7793897, 48.7157328], [17.7790663, 48.7164512], [17.7796604, 48.7175209], [17.7805508, 48.7180674], [17.7812882, 48.7181125], [17.7820324, 48.7181089], [17.7828968, 48.7183093], [17.7831929, 48.7189158], [17.7832221, 48.7197071], [17.7831199, 48.7204389], [17.7831119, 48.7210289], [17.783788, 48.7215132], [17.7844244, 48.7217489], [17.785678, 48.7218255], [17.7877576, 48.7213129], [17.7902319, 48.7211688], [17.7924262, 48.7214977], [17.7932134, 48.7221874], [17.7932112, 48.7232699], [17.7927518, 48.7249641], [17.7928777, 48.7256607], [17.794178, 48.7259369], [17.795358, 48.7260089], [17.7969532, 48.7263031], [17.7980663, 48.7263218], [17.7993938, 48.7264028], [17.80119, 48.7268568], [17.8022079, 48.7275585], [17.8032326, 48.7282115], [17.8039352, 48.7290416], [17.8046048, 48.7295745], [17.8059324, 48.7296554], [17.8075541, 48.7302955], [17.8087128, 48.731055], [17.8096834, 48.7320982], [17.8103658, 48.7330747], [17.8104988, 48.7337225], [17.8117383, 48.7344376], [17.8128167, 48.7352414], [17.8135856, 48.7366659], [17.8136779, 48.7376065], [17.8136897, 48.7385913], [17.8131376, 48.7398863], [17.8120292, 48.7409014], [17.8105687, 48.7418735], [17.8104713, 48.7419383], [17.8088125, 48.7431658], [17.8080058, 48.7441501], [17.8075554, 48.7447131], [17.8082049, 48.7453923], [17.8082496, 48.7466744], [17.8084418, 48.7479655], [17.8081778, 48.7493272], [17.8079876, 48.7506934], [17.8071672, 48.7517752], [17.805204, 48.754116], [17.8046583, 48.7553621], [17.8046308, 48.7557374], [17.8045757, 48.7564888], [17.8050301, 48.7575007], [17.8058875, 48.758291], [17.8075111, 48.7583898], [17.8088734, 48.7582267], [17.810195, 48.7583564], [17.8110661, 48.7590491], [17.8111322, 48.7596436], [17.8120245, 48.7596487], [17.8127431, 48.7592987], [17.8140588, 48.7589359], [17.8156552, 48.7592299], [17.816842, 48.7597941], [17.8176453, 48.7609747], [17.8182603, 48.762439], [17.8182841, 48.7644087], [17.8184012, 48.7651839], [17.8185166, 48.7659482], [17.819393, 48.7676745], [17.8204647, 48.7690681], [17.8221141, 48.770054], [17.8244883, 48.7711823], [17.8271382, 48.7719337], [17.8298086, 48.7725386], [17.8319494, 48.7726685], [17.8337814, 48.772878], [17.8352984, 48.7726747], [17.836426, 48.7725955], [17.8383264, 48.7717758], [17.8400113, 48.771435], [17.8412392, 48.7717062], [17.8422383, 48.772554], [17.8433647, 48.7735571], [17.8454115, 48.7738286], [17.8465995, 48.7738513], [17.8477874, 48.773874], [17.8493377, 48.7739678], [17.8500687, 48.7746025], [17.8500543, 48.7756504], [17.8503012, 48.7761715], [17.8508478, 48.7763733], [17.8514005, 48.7760693], [17.8526089, 48.7761002], [17.8542196, 48.7769147], [17.8560773, 48.7782504], [17.8584358, 48.7796585], [17.8618818, 48.7815119], [17.8635905, 48.7825431], [17.8641443, 48.7846713], [17.8647694, 48.788013], [17.8653147, 48.7904157], [17.8669929, 48.7900146], [17.8709038, 48.7892449], [17.8772058, 48.7884755], [17.8866929, 48.7866764], [17.8932394, 48.7857054], [17.895513, 48.7857702], [17.898012, 48.7857767], [17.898693, 48.7863018], [17.8993665, 48.7860469], [17.8994125, 48.7857122], [17.8992743, 48.7848603], [17.8994296, 48.7837306], [17.8994756, 48.7829319], [17.8993259, 48.7821636], [17.8986928, 48.7811975], [17.8980597, 48.7806955], [17.896995, 48.7796191], [17.8958785, 48.7789193], [17.8944743, 48.7784552], [17.8931277, 48.7775728], [17.892535, 48.7767779], [17.892207, 48.7759145], [17.8922704, 48.7749902], [17.8931912, 48.7743285], [17.894227, 48.773758], [17.8948313, 48.7726131], [17.8952974, 48.7715444], [17.896454, 48.7710233], [17.897507, 48.7703272], [17.8977256, 48.7696654], [17.8972193, 48.768707], [17.8970466, 48.768106], [17.8972135, 48.7668927], [17.8978866, 48.7657098], [17.8995148, 48.7645421], [17.9007977, 48.7640286], [17.9032141, 48.7636253], [17.9053195, 48.7622331], [17.9078563, 48.7604871], [17.9087707, 48.759403], [17.909012, 48.7581098], [17.909121, 48.7568508], [17.9081544, 48.7559914], [17.9068945, 48.7554096], [17.9062098, 48.7548201], [17.9058415, 48.7537856], [17.9058298, 48.7529412], [17.9056398, 48.7520017], [17.9052715, 48.7509672], [17.9051332, 48.7496512], [17.9054378, 48.7483618], [17.9065189, 48.7469925], [17.9070419, 48.7455053], [17.9071855, 48.7444593], [17.9068229, 48.743383], [17.9067478, 48.7416067], [17.9067015, 48.7400854], [17.9068393, 48.7390812], [17.9072992, 48.7385183], [17.9083858, 48.7375711], [17.9090354, 48.7370195], [17.9089836, 48.736468], [17.9079944, 48.7357759], [17.906919, 48.7352473], [17.9065221, 48.734422], [17.9067287, 48.7324518], [17.9070848, 48.7307858], [17.9075906, 48.7303522], [17.9084242, 48.7298538], [17.9095854, 48.7292908], [17.9106316, 48.7286364], [17.9107695, 48.7280963], [17.9102231, 48.7274308], [17.9085788, 48.7273321], [17.9067161, 48.7274312], [17.9046808, 48.7269293], [17.9029215, 48.7258112], [17.9016566, 48.7243431], [17.9011908, 48.7230917], [17.9008228, 48.7220572], [17.9009032, 48.7210074], [17.9004835, 48.7203495], [17.8998051, 48.7197181], [17.899397, 48.7189764], [17.8981381, 48.7179305], [17.8973333, 48.7172915], [17.8971551, 48.7167324], [17.8972873, 48.7157701], [17.8970114, 48.7149942], [17.8952814, 48.7141308], [17.8944997, 48.7133245], [17.8938733, 48.7118525], [17.8938044, 48.7104985], [17.8937413, 48.7091026], [17.8933333, 48.7074328], [17.8927243, 48.7062994], [17.89196, 48.7053675], [17.8910694, 48.704428], [17.8901674, 48.7031081], [17.8885529, 48.7014079], [17.8874441, 48.7002021], [17.887427, 48.6993995], [17.8877489, 48.6989127], [17.8887142, 48.6983803], [17.8886741, 48.6977451], [17.8881456, 48.6969539], [17.8871804, 48.6965583], [17.8861233, 48.696368], [17.8847272, 48.6958621], [17.8836932, 48.6950404], [17.8827801, 48.6938041], [17.8816086, 48.6916664], [17.8801215, 48.6890456], [17.8787841, 48.685801], [17.8777916, 48.6823663], [17.876535, 48.679], [17.875904, 48.6771058], [17.8760422, 48.6761017], [17.8763583, 48.6756567], [17.876215, 48.6748465], [17.8760549, 48.6732338], [17.8761015, 48.671507], [17.8764985, 48.6695483], [17.8776077, 48.667042], [17.8781593, 48.6662737], [17.8791003, 48.6652246], [17.879446, 48.6644524], [17.8796119, 48.6632463], [17.8795191, 48.6610199], [17.8795846, 48.6588032], [17.8797072, 48.6579117], [17.8800887, 48.6574588], [17.8805709, 48.6574351], [17.8810676, 48.6567248], [17.881219, 48.6556236], [17.881421, 48.6541553], [17.8814574, 48.6527299], [17.8819614, 48.6513856], [17.8835303, 48.6498411], [17.8836168, 48.6492119], [17.8829119, 48.6485348], [17.8799262, 48.648196], [17.8774804, 48.6474137], [17.8761569, 48.6465935], [17.8724164, 48.6453629], [17.8700355, 48.6446902], [17.8664391, 48.6435737], [17.8658137, 48.6429014], [17.8650729, 48.6424864], [17.8637639, 48.6421428], [17.8631096, 48.6416802], [17.8628083, 48.6403929], [17.8627589, 48.6390152], [17.8634287, 48.6376281], [17.865358, 48.6352068], [17.8662293, 48.6335147], [17.866834, 48.6325995], [17.8672873, 48.6322039], [17.8674754, 48.6302589], [17.8680518, 48.6283903], [17.8685846, 48.6274179], [17.8695925, 48.6253109], [17.8702837, 48.6237665], [17.8707952, 48.6217882], [17.8714214, 48.6207157], [17.8725362, 48.6201486], [17.8730973, 48.619548], [17.8731697, 48.618442], [17.8719045, 48.6177839], [17.8700283, 48.6169301], [17.8693241, 48.616253], [17.869073, 48.6151803], [17.869678, 48.6131019], [17.8703326, 48.6124012], [17.8712536, 48.6109235], [17.872081, 48.609546], [17.8728221, 48.608216], [17.8732324, 48.6069719], [17.8740234, 48.6064381], [17.8751884, 48.6055039], [17.8755265, 48.6047841], [17.8750524, 48.6041738], [17.8741038, 48.6035348], [17.8728534, 48.6027718], [17.8716319, 48.601799], [17.8707697, 48.6011123], [17.8705905, 48.6000968], [17.8699658, 48.5988429], [17.8700602, 48.5969979], [17.8695143, 48.5963304], [17.8678617, 48.5955958], [17.8673949, 48.594933], [17.8661094, 48.5932689], [17.8638108, 48.5914376], [17.8618928, 48.5903168], [17.8605282, 48.5892294], [17.8600904, 48.5883568], [17.8585538, 48.5867831], [17.8570814, 48.5859007], [17.8561767, 48.5849469], [17.8551502, 48.5837213], [17.8546336, 48.582844], [17.8539155, 48.5822716], [17.8522057, 48.5819563], [17.85148, 48.582018], [17.8500135, 48.5828279], [17.8478067, 48.5838043], [17.8443135, 48.5848611], [17.8425885, 48.5852322], [17.8413885, 48.585265], [17.8399303, 48.5848591], [17.8383647, 48.5840764], [17.836958, 48.5827218], [17.8358253, 48.5805378], [17.8351445, 48.5791215], [17.8351103, 48.5776389], [17.835414, 48.5760181], [17.8361411, 48.5747933], [17.837385, 48.5738643], [17.8378387, 48.5728873], [17.8384367, 48.5714431], [17.8401335, 48.5701186], [17.8421963, 48.5690279], [17.8443163, 48.5680992], [17.8451432, 48.5673034], [17.8450792, 48.5666121], [17.8425896, 48.5638698], [17.8415204, 48.5629587], [17.8409832, 48.561657], [17.8405598, 48.5612611], [17.8394183, 48.5608744], [17.8388232, 48.5599921], [17.8383157, 48.557899], [17.8388633, 48.5562402], [17.8403444, 48.554744], [17.841308, 48.5535336], [17.8421353, 48.5521562], [17.8427189, 48.5502353], [17.8446452, 48.548396], [17.8458166, 48.5474096], [17.8462922, 48.5456936], [17.8463868, 48.5444303], [17.8457428, 48.5421703], [17.8450411, 48.5403298], [17.844856, 48.5387851], [17.8446559, 48.5379269], [17.844815, 48.5367733], [17.8458229, 48.5358175], [17.8472463, 48.5359232], [17.8477026, 48.5348866], [17.8480985, 48.5337474], [17.8474546, 48.5314874], [17.8461069, 48.5297134], [17.8443489, 48.5291834], [17.8423463, 48.5292731], [17.8408897, 48.5288672], [17.8401442, 48.5279229], [17.8400889, 48.5260159], [17.8397606, 48.5243567], [17.8386995, 48.5233932], [17.8363465, 48.5225625], [17.832782, 48.5207061], [17.8311114, 48.5195467], [17.8293482, 48.5179057], [17.8271035, 48.5168699], [17.8265881, 48.5159924], [17.8266968, 48.5152058], [17.8275875, 48.5145199], [17.8288656, 48.5139104], [17.829463, 48.5124662], [17.829744, 48.5115844], [17.8299888, 48.5109648], [17.8302126, 48.5099209], [17.8297833, 48.5089958], [17.8295046, 48.5081327], [17.8299506, 48.5072081], [17.8301454, 48.506374], [17.8297524, 48.5051867], [17.8288932, 48.503918], [17.8278754, 48.5032214], [17.8269358, 48.5031112], [17.8246257, 48.5031289], [17.8236716, 48.5031235], [17.8219438, 48.5023835], [17.8211419, 48.5012769], [17.8205841, 48.5001324], [17.8189349, 48.4983402], [17.8175091, 48.4970196], [17.8154473, 48.4958245], [17.8142346, 48.493859], [17.8126766, 48.4917079], [17.8119646, 48.4905953], [17.8108409, 48.4888818], [17.8106859, 48.4882145], [17.8108568, 48.4860868], [17.8097333, 48.4843734], [17.8085986, 48.4827415], [17.8083903, 48.4806728], [17.8086515, 48.4778928], [17.8090113, 48.4761879], [17.8103311, 48.4738016], [17.8127206, 48.4717275], [17.8138483, 48.4707275], [17.8150451, 48.4683336], [17.8163855, 48.4666887], [17.8183164, 48.4652443], [17.8189985, 48.463888], [17.8192563, 48.462917], [17.8185883, 48.4623827], [17.8170846, 48.4616329], [17.8146113, 48.4607415], [17.8134995, 48.4589466], [17.8126781, 48.4568404], [17.8111551, 48.4544446], [17.8108904, 48.4527837], [17.810916, 48.4508117], [17.8118011, 48.4479876], [17.8134426, 48.44595], [17.8148036, 48.4450465], [17.8157954, 48.4450249], [17.8174902, 48.4443885], [17.818706, 48.4436405], [17.8188299, 48.4427435], [17.8190215, 48.4413573], [17.8171394, 48.4406665], [17.8165393, 48.439643], [17.816876, 48.4381011], [17.8181493, 48.4360409], [17.8194775, 48.4344775], [17.8200591, 48.4342904], [17.8218072, 48.4337154], [17.8239579, 48.4333535], [17.8254397, 48.4333618], [17.82633, 48.4340741], [17.8273982, 48.4346325], [17.8282894, 48.4350984], [17.8297363, 48.4362558], [17.8312395, 48.4370055], [17.8337895, 48.4382302], [17.8366184, 48.4392251], [17.8392135, 48.4401235], [17.8397692, 48.4414731], [17.8412155, 48.4435349], [17.8413811, 48.4450251], [17.8412014, 48.4463299], [17.8410217, 48.4476346], [17.8426806, 48.4490515], [17.8438054, 48.4498601], [17.8439261, 48.4516766], [17.8440253, 48.4527516], [17.8463977, 48.4543763], [17.8478904, 48.4552073], [17.8478007, 48.4558597], [17.8468302, 48.4566229], [17.8465505, 48.4577571], [17.8471177, 48.4590251], [17.8474398, 48.4602782], [17.8470927, 48.4619017], [17.8470806, 48.4628877], [17.8485174, 48.4641265], [17.8487057, 48.4654536], [17.8481021, 48.4671437], [17.8475209, 48.4686707], [17.8490029, 48.4695833], [17.8487896, 48.4711327], [17.8489892, 48.4723783], [17.8500247, 48.4738392], [17.8511838, 48.4744032], [17.8524536, 48.4759606], [17.8530669, 48.4759979], [17.8541939, 48.4749974], [17.8565914, 48.4746498], [17.8579959, 48.4752285], [17.8579392, 48.4765408], [17.8577822, 48.4776825], [17.8582939, 48.4793582], [17.8599544, 48.4807748], [17.8635329, 48.4826367], [17.8657072, 48.4830154], [17.8678593, 48.4835572], [17.8710259, 48.4848183], [17.8743596, 48.486665], [17.8752288, 48.4884445], [17.8750722, 48.4895862], [17.8739677, 48.4904237], [17.8740008, 48.4910836], [17.8755395, 48.4924925], [17.8755056, 48.4936416], [17.8767545, 48.4944574], [17.8769101, 48.4960292], [17.8772887, 48.4977789], [17.8783036, 48.4984982], [17.8799323, 48.4983502], [17.881762, 48.4976387], [17.8835581, 48.4971718], [17.8853095, 48.4970311], [17.8869046, 48.4971276], [17.8883881, 48.4980396], [17.8892581, 48.4989145], [17.890686, 48.4993298], [17.8909648, 48.5000044], [17.8921361, 48.5004864], [17.8938541, 48.5005902], [17.8964311, 48.5007459], [17.8971005, 48.5012797], [17.897346, 48.502199], [17.897201, 48.5032592], [17.8968998, 48.5045567], [17.8964981, 48.5056836], [17.8965428, 48.5062619], [17.8970783, 48.5068698], [17.8977366, 48.5074851], [17.8979263, 48.5079077], [17.8976586, 48.5089605], [17.8973239, 48.5105026], [17.897257, 48.5118964], [17.8974579, 48.5131419], [17.8988416, 48.5138833], [17.9007275, 48.5145727], [17.9021447, 48.5150694], [17.9031603, 48.5157885], [17.9035511, 48.5174566], [17.9033839, 48.5186799], [17.9024467, 48.5201034], [17.9015094, 48.5215269], [17.900985, 48.5226464], [17.9000364, 48.5241515], [17.8992107, 48.5265684], [17.8986192, 48.5281772], [17.8981393, 48.529875], [17.8983626, 48.5309574], [17.8989878, 48.5318174], [17.9004948, 48.5325662], [17.9025935, 48.533515], [17.9031407, 48.5349459], [17.9029958, 48.5360061], [17.9036881, 48.5372812], [17.9042688, 48.5384674], [17.9053856, 48.5402615], [17.9065247, 48.5418924], [17.9066925, 48.5433826], [17.9063467, 48.5450063], [17.9066708, 48.5462592], [17.9081227, 48.5474156], [17.9094626, 48.5475785], [17.9099431, 48.5485942], [17.9105349, 48.5487943], [17.9116627, 48.5486978], [17.9127905, 48.5486012], [17.9146219, 48.5487937], [17.9154261, 48.5492532], [17.9171235, 48.5495198], [17.9177381, 48.5504613], [17.9184866, 48.5513285], [17.9195592, 48.5525442], [17.9203524, 48.5530852], [17.9212123, 48.5531369], [17.922731, 48.5528994], [17.9249422, 48.5530323], [17.926662, 48.5531356], [17.9284936, 48.5533279], [17.9300351, 48.5538316], [17.9313642, 48.5540758], [17.9330737, 48.5551651], [17.9331978, 48.5569815], [17.9330423, 48.5581233], [17.932183, 48.5589761], [17.930553, 48.5600294], [17.9291466, 48.5612605], [17.9287897, 48.5620613], [17.9296837, 48.5627728], [17.9308352, 48.5643219], [17.9314391, 48.5653449], [17.9319986, 48.566694], [17.9331607, 48.5672571], [17.9343007, 48.5679833], [17.9348936, 48.5690877], [17.9352963, 48.5697697], [17.9362794, 48.5698286], [17.9372966, 48.5705474], [17.9375542, 48.5713851], [17.9373987, 48.5725269], [17.9376476, 48.5726223], [17.9383256, 48.5720891], [17.9398337, 48.5719329], [17.9430844, 48.5717166], [17.9459553, 48.5715597], [17.9496191, 48.571039], [17.9521545, 48.5706152], [17.954835, 48.5700356], [17.9596045, 48.5695808], [17.9615486, 48.5698615], [17.9618853, 48.5710326], [17.9616186, 48.5720856], [17.9605701, 48.5734207], [17.9592648, 48.5748226], [17.959256, 48.5767131], [17.9594022, 48.5774619], [17.9599049, 48.5774097], [17.961145, 48.5774016], [17.9614142, 48.5781576], [17.9625437, 48.5789651], [17.9638392, 48.5785492], [17.965045, 48.5778812], [17.9661857, 48.5786071], [17.9677823, 48.577798], [17.9690667, 48.5774635], [17.9716037, 48.5779438], [17.9733355, 48.5779649], [17.9751336, 48.5774966], [17.9769663, 48.577688], [17.9784412, 48.577776], [17.9800391, 48.5778712], [17.9819837, 48.5781515], [17.9827779, 48.5786921], [17.9831025, 48.5790403], [17.984275, 48.5786168], [17.9851795, 48.5783418], [17.9859832, 48.5778963], [17.9864622, 48.5771027], [17.9877338, 48.5759451], [17.9889061, 48.5755215], [17.990504, 48.5756166], [17.9911974, 48.5759867], [17.9924172, 48.5770459], [17.9932353, 48.5783278], [17.9943213, 48.5794612], [17.9942349, 48.5810182], [17.993378, 48.582776], [17.9933678, 48.5834892], [17.9933356, 48.5840067], [17.9939521, 48.5849478], [17.9949924, 48.5855029], [17.9968034, 48.5858572], [17.997374, 48.58622], [17.9980126, 48.5869979], [17.9988089, 48.5884429], [17.9987447, 48.5898367], [17.9997188, 48.5903822], [18.0012593, 48.5909753], [18.0016672, 48.5903545], [18.0040697, 48.5885621], [18.006309, 48.5879783], [18.0086747, 48.5872586], [18.0117042, 48.5872233], [18.0133903, 48.5875382], [18.0144256, 48.5886746], [18.014837, 48.5896307], [18.0158896, 48.5898364], [18.0170763, 48.5890467], [18.0194514, 48.5882557], [18.0210686, 48.5882798], [18.0220542, 48.5889832], [18.0232352, 48.5898414], [18.0231013, 48.5908369], [18.0233675, 48.592071], [18.0242843, 48.5924836], [18.0256586, 48.5927082], [18.0267612, 48.5933468], [18.0281567, 48.5942177], [18.0283137, 48.594657], [18.0292689, 48.5947851], [18.0310105, 48.5938848], [18.0336499, 48.5935391], [18.0345859, 48.5938094], [18.0343759, 48.5953737], [18.0329177, 48.5965775], [18.0321217, 48.5976772], [18.0322406, 48.5984009], [18.0328169, 48.5989366], [18.0329358, 48.5996603], [18.0327617, 48.6001517], [18.0328615, 48.6010176], [18.0339166, 48.6020116], [18.0362796, 48.6037279], [18.0371013, 48.6048514], [18.0370653, 48.6059243], [18.0368934, 48.6072042], [18.0367947, 48.6093436], [18.0361634, 48.6110311], [18.0328979, 48.6144216], [18.0312805, 48.6173919], [18.0294715, 48.6198092], [18.0282556, 48.6208123], [18.0274496, 48.621983], [18.0276374, 48.6229975], [18.0297887, 48.6254897], [18.0309632, 48.6272074], [18.0326667, 48.6298164], [18.0339486, 48.6315405], [18.035493, 48.6329216], [18.0366869, 48.6344971], [18.0373064, 48.6363254], [18.0384325, 48.6382222], [18.0386291, 48.6385534], [18.0391891, 48.6400198], [18.0392604, 48.641099], [18.0401305, 48.641867], [18.0412821, 48.6421499], [18.0418186, 48.6421815], [18.0428724, 48.642387], [18.0434398, 48.6429938], [18.0448346, 48.643076], [18.0455953, 48.6430492], [18.0469901, 48.6431314], [18.049136, 48.6432578], [18.0508313, 48.6427126], [18.0534516, 48.6417202], [18.0558451, 48.6399978], [18.0584531, 48.6382879], [18.0612115, 48.6378768], [18.0632594, 48.6379256], [18.0639724, 48.6382541], [18.0654173, 48.6387691], [18.0660732, 48.6395242], [18.0662715, 48.6404675], [18.0663027, 48.6410427], [18.0674734, 48.6411831], [18.0681864, 48.6415117], [18.0680343, 48.6426494], [18.0681469, 48.6442326], [18.0677802, 48.6453577], [18.0670983, 48.6456043], [18.0669366, 48.6468131], [18.0662669, 48.647777], [18.0645552, 48.6492531], [18.0640403, 48.6498678], [18.0651351, 48.6505771], [18.0644844, 48.6513989], [18.0630322, 48.6517435], [18.0616492, 48.6523789], [18.0606262, 48.6527487], [18.0604617, 48.6531691], [18.0608053, 48.6538342], [18.0619763, 48.6539747], [18.0644949, 48.6545527], [18.0658235, 48.6551324], [18.0681302, 48.6564862], [18.0683761, 48.657074], [18.0684957, 48.6577976], [18.068372, 48.658722], [18.0685296, 48.6591612], [18.0691641, 48.6592701], [18.0707646, 48.6594358], [18.0722007, 48.6600217], [18.0723801, 48.6611072], [18.0733869, 48.6616679], [18.0745515, 48.6626678], [18.0754918, 48.6637263], [18.0753018, 48.6651484], [18.0759581, 48.6659035], [18.0773945, 48.6664894], [18.0792537, 48.66796], [18.0811889, 48.6688617], [18.0826664, 48.6699515], [18.0851385, 48.6708846], [18.086552, 48.671826], [18.0869999, 48.6721802], [18.087546, 48.6725401], [18.0887713, 48.6730053], [18.0889619, 48.6738035], [18.088984, 48.6745576], [18.0889876, 48.6758382], [18.0889122, 48.6771456], [18.0889525, 48.6783285], [18.088143, 48.6791994], [18.0858968, 48.6804453], [18.0820312, 48.6834327], [18.0793506, 48.6857025], [18.0791767, 48.6870041], [18.0793324, 48.6880626], [18.0797282, 48.6888073], [18.0797943, 48.689795], [18.0801032, 48.6911904], [18.0809062, 48.6933363], [18.0809142, 48.6955011], [18.0816451, 48.697446], [18.0814624, 48.6988126], [18.0813038, 48.6993496], [18.0806638, 48.70034], [18.079371, 48.7011169], [18.0775198, 48.7024525], [18.0768138, 48.7031971], [18.0770043, 48.7039953], [18.0774002, 48.70474], [18.0776804, 48.7056091], [18.0776512, 48.7065653], [18.0763116, 48.7076933], [18.0747173, 48.7092396], [18.0739992, 48.7109028], [18.073484, 48.7117909], [18.0734952, 48.7124474], [18.0733472, 48.7135537], [18.0717501, 48.7143784], [18.0705899, 48.7149006], [18.069589, 48.7149731], [18.0672288, 48.7148347], [18.0647155, 48.7143593], [18.0616035, 48.7139143], [18.0614266, 48.7144942], [18.0613045, 48.7154053], [18.0615757, 48.7163395], [18.0609618, 48.7172217], [18.0604812, 48.7178494], [18.0588116, 48.7184728], [18.0577495, 48.7190007], [18.0583309, 48.7191005], [18.0586545, 48.7196442], [18.0585235, 48.7206203], [18.0592865, 48.7215834], [18.059925, 48.7227359], [18.0600717, 48.7238595], [18.0591277, 48.7249847], [18.0579496, 48.725637], [18.0571592, 48.7266717], [18.0569072, 48.7267564], [18.0566581, 48.7271353], [18.057867, 48.7277311], [18.0594059, 48.7280838], [18.0612487, 48.7283887], [18.0625648, 48.7289251], [18.0631836, 48.7294861], [18.0626243, 48.7306995], [18.0622158, 48.7315282], [18.0626116, 48.7322729], [18.0629068, 48.7322902], [18.0642467, 48.7319097], [18.0659191, 48.7320078], [18.0666015, 48.7328349], [18.0671244, 48.7341117], [18.0671817, 48.7351645], [18.0683361, 48.735429], [18.0692216, 48.7354809], [18.0697334, 48.7361012], [18.0710846, 48.7363771], [18.0721121, 48.7361094], [18.0730959, 48.736167], [18.0746091, 48.7367148], [18.0754162, 48.7373523], [18.0767588, 48.7376933], [18.0777279, 48.7386027], [18.0783931, 48.7395599], [18.0788703, 48.7404404], [18.0787309, 48.7414817], [18.0786177, 48.7423277], [18.0790401, 48.7428771], [18.0804003, 48.7430879], [18.0811901, 48.7438556], [18.0811057, 48.745228], [18.0814471, 48.7456415], [18.0819739, 48.7454099], [18.0825845, 48.7460359], [18.0829834, 48.7475022], [18.0828094, 48.7488038], [18.0833242, 48.7501456], [18.0841865, 48.7511143], [18.0848259, 48.7522666], [18.0857922, 48.7546843], [18.0862984, 48.7560912], [18.0854006, 48.7576128], [18.0850096, 48.7583114], [18.0856116, 48.7590025], [18.0865089, 48.7597108], [18.0871485, 48.7608631], [18.08868, 48.7612805], [18.0907472, 48.7614013], [18.0917778, 48.761855], [18.0930777, 48.7625212], [18.0947859, 48.7623585], [18.0962104, 48.7628352], [18.0958339, 48.764912], [18.0943079, 48.7659379], [18.0914673, 48.7671494], [18.0893738, 48.7672239], [18.0883834, 48.7679531], [18.0885918, 48.7686211], [18.0911108, 48.7698176], [18.0920199, 48.7711824], [18.0923787, 48.7736957], [18.0925002, 48.7750145], [18.0917933, 48.7773343], [18.0908344, 48.7793116], [18.091538, 48.7807299], [18.0925429, 48.7813789], [18.0929049, 48.7823838], [18.0922877, 48.7847745], [18.091882, 48.7863249], [18.0925944, 48.7876782], [18.0933706, 48.7892975], [18.0935413, 48.7917342], [18.0929385, 48.7932731], [18.0932745, 48.7944733], [18.0936568, 48.7960696], [18.0928048, 48.7979875], [18.0922918, 48.7995973], [18.0933202, 48.8015593], [18.0926129, 48.8038791], [18.0910074, 48.8054907], [18.0892249, 48.8076822], [18.0886131, 48.8092862], [18.0881434, 48.8113575], [18.0881287, 48.8114223], [18.089401, 48.8113832], [18.091694, 48.8106129], [18.0931641, 48.8098549], [18.0947912, 48.8092869], [18.09661, 48.8093326], [18.0982504, 48.8100309], [18.0994541, 48.8105832], [18.1001145, 48.8111038], [18.1000027, 48.811941], [18.1007031, 48.8121626], [18.1010892, 48.8120043], [18.1011771, 48.8113465], [18.102442, 48.8107572], [18.1038001, 48.8108363], [18.1050438, 48.8110895], [18.1056297, 48.8114852], [18.107009, 48.8107218], [18.1081036, 48.8107252], [18.1089532, 48.8111965], [18.1094007, 48.8119457], [18.1105408, 48.8129763], [18.1119924, 48.8137237], [18.1125944, 48.8139997], [18.1143872, 48.8156106], [18.1149841, 48.8166095], [18.1160628, 48.8167325], [18.1172799, 48.8165019], [18.1185506, 48.8172386], [18.119691, 48.8182691], [18.1207756, 48.8197182], [18.1207686, 48.8218271], [18.1216613, 48.8226623], [18.1222047, 48.8226939], [18.1232915, 48.822757], [18.1240827, 48.8229837], [18.1247436, 48.8235041], [18.1258384, 48.8235074], [18.1272526, 48.8231676], [18.12884, 48.8228981], [18.1293008, 48.8228645], [18.1293724, 48.8223263], [18.1298301, 48.8216297], [18.1305833, 48.8207694], [18.1316559, 48.819566], [18.1328349, 48.8182483], [18.1335881, 48.817388], [18.1342236, 48.8160387], [18.1347686, 48.8146843], [18.1349386, 48.8140915], [18.1366004, 48.8139467], [18.1382303, 48.8140411], [18.1395171, 48.814658], [18.1404338, 48.8153137], [18.1414999, 48.8162191], [18.1429409, 48.8163628], [18.1440388, 48.817029], [18.144916, 48.8179837], [18.1458758, 48.8190034], [18.1472263, 48.8191418], [18.148313, 48.8192047], [18.1486085, 48.819041], [18.150507, 48.8184878], [18.1519605, 48.8178487], [18.1526069, 48.8171026], [18.153474, 48.816068], [18.1537819, 48.8151216], [18.153791, 48.8136758], [18.1529884, 48.812846], [18.1518905, 48.8121799], [18.1510405, 48.811709], [18.1502777, 48.8105801], [18.1500073, 48.8091784], [18.1508664, 48.8082036], [18.1526784, 48.8069223], [18.1543059, 48.8049675], [18.1553176, 48.8049054], [18.1565693, 48.8050983], [18.157494, 48.805694], [18.1588397, 48.8065552], [18.159331, 48.8076683], [18.1599401, 48.8092703], [18.1616913, 48.8105163], [18.1636711, 48.811414], [18.1665952, 48.8134508], [18.1686967, 48.8155004], [18.1712986, 48.8172171], [18.1718535, 48.8178517], [18.171648, 48.8194067], [18.1710098, 48.820093], [18.1709623, 48.8204519], [18.1711903, 48.8214895], [18.1701387, 48.8218507], [18.1692013, 48.8220377], [18.1678543, 48.8225627], [18.1675861, 48.8232101], [18.1673928, 48.8239823], [18.1681051, 48.8248068], [18.1689397, 48.8253973], [18.1701093, 48.825525], [18.1721573, 48.8252211], [18.1733348, 48.825289], [18.1749415, 48.8255623], [18.1757093, 48.8259681], [18.1762839, 48.8271461], [18.1764998, 48.8289664], [18.1767158, 48.8307866], [18.1769123, 48.8320634], [18.1776839, 48.8331323], [18.1782112, 48.8346691], [18.1779706, 48.8358002], [18.1783841, 48.8361253], [18.1791995, 48.8361723], [18.1802077, 48.8368329], [18.1800419, 48.8380888], [18.1799313, 48.8389261], [18.1801321, 48.83948], [18.1807742, 48.8394567], [18.1815432, 48.8399264], [18.1826649, 48.8403488], [18.1844337, 48.8400889], [18.1863601, 48.8400189], [18.1883101, 48.8397694], [18.1895786, 48.8398422], [18.1915798, 48.8398969], [18.1926395, 48.8394757], [18.1939355, 48.8386462], [18.194944, 48.8379207], [18.1959878, 48.8376191], [18.1972169, 48.8379909], [18.1980914, 48.8382821], [18.1994466, 48.8390829], [18.2002424, 48.8399722], [18.2015109, 48.840045], [18.201432, 48.8392571], [18.200908, 48.8383834], [18.2009472, 48.8366984], [18.2009666, 48.8344699], [18.2010056, 48.8313989], [18.2018915, 48.8295214], [18.2028248, 48.828671], [18.2043488, 48.827493], [18.2058214, 48.8260106], [18.2063095, 48.8250745], [18.2075458, 48.8240004], [18.2091878, 48.8233111], [18.2106329, 48.822731], [18.2120978, 48.8226944], [18.2132952, 48.8233053], [18.2141895, 48.8241399], [18.2150681, 48.825094], [18.2159232, 48.8262276], [18.2158803, 48.8272496], [18.2167825, 48.8280243], [18.216913, 48.8291164], [18.216945, 48.8302631], [18.2162523, 48.8313684], [18.2152835, 48.8317951], [18.2138147, 48.8325546], [18.2136968, 48.8334517], [18.2141226, 48.83438], [18.2154423, 48.8347568], [18.2166044, 48.8349438], [18.2174826, 48.834512], [18.2179078, 48.8340542], [18.2186675, 48.8331336], [18.2200065, 48.8326678], [18.2212349, 48.8316534], [18.2226879, 48.8310134], [18.2235938, 48.8310652], [18.2239013, 48.8315045], [18.2243351, 48.8323729], [18.2243472, 48.8329762], [18.2245685, 48.8340735], [18.2247226, 48.8349862], [18.2245972, 48.8359431], [18.2244638, 48.8369599], [18.2251259, 48.8374798], [18.2259928, 48.8378306], [18.2264066, 48.8381555], [18.226834, 48.8391484], [18.2273807, 48.8397778], [18.2287599, 48.8403989], [18.2297095, 48.8408147], [18.23192, 48.8413627], [18.2348789, 48.8417725], [18.2367817, 48.841881], [18.2373053, 48.8413686], [18.2373601, 48.8409499], [18.2371822, 48.8402167], [18.2367505, 48.8386644], [18.2365579, 48.8380118], [18.2363207, 48.8370342], [18.2357916, 48.8354976], [18.2358654, 48.8342364], [18.2361159, 48.8323225], [18.2356215, 48.8298237], [18.2344539, 48.8275879], [18.2343343, 48.8257131], [18.2343332, 48.8243271], [18.2346664, 48.8224781], [18.2355789, 48.821084], [18.2370459, 48.8189382], [18.2387969, 48.8174112], [18.239698, 48.8167997], [18.2400558, 48.8161573], [18.2401262, 48.815619], [18.2398734, 48.814761], [18.2399158, 48.8137391], [18.2400722, 48.8125428], [18.2410234, 48.8108496], [18.2415264, 48.8097937], [18.2419153, 48.808912], [18.2417922, 48.8077601], [18.2421296, 48.8065742], [18.2434305, 48.8042984], [18.2443033, 48.8032033], [18.2445147, 48.8024836], [18.2450385, 48.8009765], [18.2463462, 48.7988801], [18.2467703, 48.7982823], [18.2474307, 48.7974161], [18.2475993, 48.7968232], [18.2476181, 48.7959806], [18.2472123, 48.795596], [18.246936, 48.7949174], [18.247061, 48.7939604], [18.2481661, 48.7931798], [18.2493664, 48.7930674], [18.2511691, 48.7932304], [18.253298, 48.7929901], [18.2541986, 48.7923785], [18.2550476, 48.7914628], [18.2560698, 48.7906171], [18.257788, 48.789329], [18.2593329, 48.7879708], [18.2612319, 48.7866929], [18.2635241, 48.7851964], [18.2650064, 48.7843166], [18.2675105, 48.782591], [18.2689848, 48.7817709], [18.2709329, 48.7794111], [18.2721978, 48.7780971], [18.2737597, 48.778005], [18.2762471, 48.7785077], [18.2799706, 48.7793215], [18.2826159, 48.7800138], [18.2850647, 48.7808154], [18.2867068, 48.781511], [18.2876765, 48.7824698], [18.2891144, 48.7833345], [18.2907178, 48.7843291], [18.2932962, 48.7848366], [18.2947652, 48.785462], [18.2967154, 48.7865967], [18.2993458, 48.7874082], [18.3007763, 48.7883326], [18.3024134, 48.7883649], [18.3034116, 48.7876983], [18.3043346, 48.7869069], [18.3047765, 48.7856063], [18.3051974, 48.7837622], [18.3063114, 48.7821983], [18.307273, 48.7811079], [18.3077356, 48.7803507], [18.3081464, 48.7792894], [18.3082337, 48.7779085], [18.3089755, 48.7771068], [18.3097019, 48.7764248], [18.3098619, 48.7758916], [18.310022, 48.7753583], [18.3112968, 48.7753701], [18.3131951, 48.7762002], [18.3139765, 48.7772084], [18.3145096, 48.7780217], [18.3151354, 48.7781173], [18.3162159, 48.7775155], [18.3172269, 48.777452], [18.3195338, 48.7779436], [18.3223065, 48.7790639], [18.3249966, 48.7801192], [18.3277176, 48.7809352], [18.3299805, 48.7810626], [18.3329154, 48.7809264], [18.3360179, 48.7801972], [18.3382454, 48.7796683], [18.3409585, 48.7796144], [18.3438872, 48.7795037], [18.3468002, 48.7787043], [18.3474434, 48.7786038], [18.3492472, 48.7782913], [18.3510127, 48.7783216], [18.3531408, 48.7779594], [18.3551831, 48.7774548], [18.3564757, 48.7771146], [18.3583375, 48.7763935], [18.3595706, 48.7757059], [18.3596669, 48.7749546], [18.3598246, 48.7737253], [18.359336, 48.7726661], [18.3583396, 48.7715097], [18.3581365, 48.7698474], [18.3583117, 48.7684815], [18.359408, 48.767236], [18.3602538, 48.7663203], [18.3600665, 48.7653468], [18.3590859, 48.7648791], [18.357545, 48.764724], [18.3556855, 48.7646197], [18.3536193, 48.7645038], [18.3510453, 48.7642907], [18.3489792, 48.7641747], [18.3474032, 48.7642926], [18.3460602, 48.7642172], [18.3452776, 48.7638293], [18.3446929, 48.7635213], [18.3447544, 48.7630432], [18.3446024, 48.7617965], [18.3451932, 48.7596284], [18.3459095, 48.758912], [18.3467993, 48.757655], [18.3473616, 48.7565172], [18.347423, 48.7560391], [18.347236, 48.7550656], [18.3473851, 48.7539045], [18.3477671, 48.7525502], [18.3479688, 48.7509794], [18.347507, 48.7497153], [18.34732, 48.7487417], [18.3461178, 48.7475736], [18.3460165, 48.7467424], [18.346871, 48.7457586], [18.3478969, 48.7450596], [18.3496895, 48.7440596], [18.3519107, 48.7437716], [18.3534597, 48.7438585], [18.3562041, 48.7443564], [18.3556914, 48.7426768], [18.3547814, 48.7416627], [18.3539134, 48.7411325], [18.3529158, 48.7408013], [18.3520128, 48.7405443], [18.3505584, 48.7405314], [18.349216, 48.740456], [18.3478493, 48.7397602], [18.3468363, 48.7387402], [18.3468207, 48.7380515], [18.3461438, 48.736844], [18.3455175, 48.7360522], [18.344865, 48.7354652], [18.3439971, 48.7349349], [18.3435686, 48.7342229], [18.34401, 48.7332159], [18.3439351, 48.7321798], [18.3436207, 48.73058], [18.3433326, 48.7287753], [18.34266, 48.7259172], [18.3428355, 48.7245512], [18.3435972, 48.722668], [18.3438516, 48.7206874], [18.3440445, 48.7191849], [18.3443252, 48.7169994], [18.3442018, 48.7147225], [18.3443859, 48.7132882], [18.3458503, 48.7124075], [18.3484303, 48.7125525], [18.3511555, 48.7131872], [18.3544805, 48.7148184], [18.3579703, 48.7159773], [18.3612118, 48.7166407], [18.3650727, 48.7173386], [18.3687097, 48.7181615], [18.3704731, 48.7181915], [18.3715839, 48.7176346], [18.3730638, 48.7174423], [18.374019, 48.7172894], [18.3749726, 48.7179618], [18.3750989, 48.7194134], [18.3751148, 48.7201022], [18.3758882, 48.7205582], [18.3766013, 48.7203493], [18.3774032, 48.7200926], [18.3787639, 48.7192057], [18.380994, 48.7180235], [18.3840497, 48.7168873], [18.3855832, 48.7154597], [18.3859042, 48.713758], [18.3864826, 48.7124834], [18.3878269, 48.7109076], [18.3892234, 48.708922], [18.3904295, 48.7076137], [18.3909828, 48.7057186], [18.3912921, 48.7042278], [18.3914837, 48.7027252], [18.3917985, 48.7009491], [18.3924561, 48.6982344], [18.3932653, 48.6960836], [18.3906214, 48.6946927], [18.3887234, 48.6932797], [18.387703, 48.6915031], [18.3862527, 48.68984], [18.3859372, 48.6882403], [18.386652, 48.6875236], [18.388853, 48.6873714], [18.3908491, 48.6863823], [18.3911337, 48.6857792], [18.3919875, 48.6839696], [18.3929531, 48.6820976], [18.3928089, 48.6807826], [18.3916582, 48.6800305], [18.3904466, 48.6797564], [18.3890039, 48.6788504], [18.3884473, 48.6775124], [18.3885934, 48.6764937], [18.3888538, 48.675953], [18.3913749, 48.6740991], [18.3939295, 48.6727972], [18.3977909, 48.671018], [18.4006295, 48.6691129], [18.403176, 48.6670538], [18.4054889, 48.6660134], [18.4079473, 48.6654626], [18.4106552, 48.6645817], [18.4137841, 48.6636554], [18.415134, 48.6628363], [18.4167421, 48.6616189], [18.4178424, 48.6611299], [18.4194583, 48.6606695], [18.4217533, 48.6597654], [18.4231802, 48.6591569], [18.4255953, 48.6582869], [18.4271852, 48.6578663], [18.4292478, 48.6571555], [18.4315684, 48.6560463], [18.4317838, 48.6551641], [18.4315609, 48.6544639], [18.4306424, 48.6535187], [18.430772, 48.6524941], [18.4321991, 48.6510602], [18.4339095, 48.6498482], [18.4350445, 48.6482605], [18.4357925, 48.6472702], [18.4366349, 48.646354], [18.4371767, 48.6453524], [18.4380449, 48.6442312], [18.4402794, 48.6421542], [18.441084, 48.6419221], [18.4389025, 48.6406598], [18.4369619, 48.6397641], [18.4358616, 48.6399179], [18.4350479, 48.6395146], [18.4331344, 48.6384054], [18.4316937, 48.6379725], [18.4302024, 48.6359502], [18.4292217, 48.6317409], [18.4232496, 48.6191591], [18.4223524, 48.6171824], [18.4135222, 48.6183308], [18.4087304, 48.6177772], [18.4037952, 48.6175018], [18.402213, 48.6171986], [18.4012848, 48.6160005], [18.4017862, 48.6154554], [18.4011876, 48.6150638], [18.3998811, 48.6159938], [18.3997015, 48.6165569], [18.3988794, 48.6162244], [18.3976372, 48.6157968], [18.3970284, 48.6163359], [18.3981001, 48.6172554], [18.3987065, 48.6184355], [18.3979633, 48.619182], [18.3955668, 48.6193347], [18.3938502, 48.6192387], [18.3926881, 48.6190305], [18.3927786, 48.6183191], [18.3934339, 48.6165648], [18.3929427, 48.6161792], [18.3916191, 48.6163917], [18.3905269, 48.6173336], [18.3892214, 48.6174038], [18.3883889, 48.618002], [18.3894333, 48.619135], [18.3904066, 48.6199775], [18.390298, 48.620831], [18.3888489, 48.6211798], [18.3858266, 48.621154], [18.381597, 48.6212754], [18.3796839, 48.6210249], [18.378067, 48.6201463], [18.377183, 48.619452], [18.3772465, 48.6189541], [18.3765152, 48.6179101], [18.3750586, 48.6174703], [18.3741021, 48.617345], [18.372091, 48.6170173], [18.3711428, 48.6169683], [18.3691366, 48.6190008], [18.3678401, 48.6189996], [18.3660345, 48.618755], [18.3650161, 48.618268], [18.3639251, 48.61835], [18.3625123, 48.6184139], [18.3605267, 48.6187322], [18.3572627, 48.6189069], [18.3552952, 48.6190829], [18.3525312, 48.6195722], [18.3509584, 48.6191971], [18.3486893, 48.6183529], [18.3464749, 48.617082], [18.3456734, 48.6157473], [18.3457849, 48.6140342], [18.3464053, 48.6125646], [18.3464529, 48.6113494], [18.3457588, 48.6100207], [18.3459228, 48.6087404], [18.3457286, 48.6077265], [18.345158, 48.6071212], [18.3438882, 48.6070533], [18.3412946, 48.6077632], [18.3394005, 48.6073698], [18.3382571, 48.6070187], [18.3366483, 48.606928], [18.334752, 48.6073941], [18.3336418, 48.6077649], [18.3318015, 48.6070912], [18.3311055, 48.6066221], [18.3309391, 48.6053947], [18.3312541, 48.6046244], [18.3313728, 48.6036997], [18.3315373, 48.6024194], [18.3313959, 48.6018382], [18.3308894, 48.6007349], [18.3313756, 48.5994728], [18.3326374, 48.5988992], [18.3337646, 48.598533], [18.334043, 48.5980472], [18.333338, 48.5976492], [18.3321333, 48.5969363], [18.3313235, 48.5956726], [18.330719, 48.5944921], [18.3309267, 48.5937157], [18.3315542, 48.5930347], [18.3326904, 48.5925974], [18.3340935, 48.592605], [18.3355148, 48.5924704], [18.3359186, 48.5918484], [18.3354647, 48.5911779], [18.3341712, 48.5903168], [18.3321637, 48.5891287], [18.3295064, 48.5871157], [18.3277934, 48.5861591], [18.3254488, 48.5842353], [18.324523, 48.5830366], [18.324277, 48.5815898], [18.3244482, 48.5810979], [18.3237618, 48.5805576], [18.3232923, 48.5791697], [18.3238948, 48.5778425], [18.3247391, 48.5763141], [18.3275516, 48.5737506], [18.3294103, 48.5735691], [18.3306759, 48.5746437], [18.3314786, 48.5751189], [18.3326053, 48.5747527], [18.335577, 48.5726279], [18.3381882, 48.571629], [18.3415131, 48.570957], [18.3435586, 48.5710007], [18.3462017, 48.5714364], [18.3482543, 48.5722686], [18.3509319, 48.5732793], [18.3538604, 48.5740175], [18.3550394, 48.5740839], [18.3571832, 48.5742047], [18.3584877, 48.5741349], [18.3597395, 48.5736322], [18.361609, 48.5725194], [18.3624975, 48.570635], [18.3638872, 48.5682057], [18.3657492, 48.5663044], [18.3665175, 48.5662043], [18.3673659, 48.5663237], [18.3688935, 48.5661946], [18.3702085, 48.5651939], [18.3727024, 48.5642594], [18.3748277, 48.5645221], [18.3756471, 48.5657144], [18.3760923, 48.5664559], [18.3765466, 48.5671262], [18.377404, 48.5671743], [18.3784502, 48.5665883], [18.3793635, 48.56535], [18.3794722, 48.5644963], [18.381833, 48.5629094], [18.3835854, 48.5618615], [18.3859083, 48.5614186], [18.3877573, 48.5613074], [18.3883655, 48.5607683], [18.3873572, 48.5602103], [18.3849996, 48.5600781], [18.3834103, 48.5598456], [18.3822859, 48.5593527], [18.3820368, 48.5587656], [18.3822361, 48.5572006], [18.3830148, 48.5561697], [18.3850174, 48.5548492], [18.3873852, 48.5540507], [18.3893772, 48.5536609], [18.3909497, 48.5531759], [18.3912273, 48.55269], [18.3909691, 48.552174], [18.3899791, 48.5514737], [18.3871433, 48.5491655], [18.3854667, 48.5479252], [18.3846926, 48.5463772], [18.3846502, 48.5450137], [18.3868847, 48.5435629], [18.3883602, 48.5421412], [18.3907002, 48.541556], [18.3927446, 48.541599], [18.3946728, 48.5417071], [18.3951104, 48.5416599], [18.3952898, 48.5410969], [18.3954162, 48.540101], [18.3958744, 48.5381924], [18.3972784, 48.53648], [18.4001536, 48.5359246], [18.4020275, 48.5364594], [18.4039184, 48.5377114], [18.4049264, 48.5382693], [18.406417, 48.5384243], [18.4076574, 48.5388518], [18.4083091, 48.5388166], [18.4085424, 48.5378267], [18.4090891, 48.5360663], [18.4107519, 48.5340101], [18.4122705, 48.533092], [18.4138961, 48.5321799], [18.4149501, 48.5315224], [18.4150221, 48.5309533], [18.4144155, 48.5306329], [18.4121043, 48.5301455], [18.4091325, 48.5297645], [18.4057774, 48.5290038], [18.400736, 48.5279336], [18.3978547, 48.5268409], [18.3972315, 48.5258031], [18.3951696, 48.5259024], [18.3929207, 48.5257764], [18.3905029, 48.5252826], [18.3872117, 48.5240234], [18.3861061, 48.5233882], [18.3852509, 48.5224805], [18.3853865, 48.5214135], [18.3839688, 48.5206892], [18.3818544, 48.5203555], [18.3805077, 48.5199217], [18.3785275, 48.5193806], [18.3769923, 48.5195809], [18.3753046, 48.5201308], [18.37372, 48.5205068], [18.3726348, 48.5208604], [18.3707863, 48.5212171], [18.3688457, 48.5217528], [18.3679728, 48.5220722], [18.3676846, 48.5227009], [18.3674746, 48.5243475], [18.3668351, 48.5255553], [18.3656716, 48.5276089], [18.3636933, 48.5295244], [18.3623709, 48.5306477], [18.3610904, 48.530898], [18.3601146, 48.5309352], [18.3583801, 48.5314824], [18.3571171, 48.5315955], [18.3562908, 48.5315489], [18.3553266, 48.5314945], [18.3530703, 48.5317819], [18.35117, 48.5319972], [18.3500889, 48.5328575], [18.3484964, 48.5339193], [18.3463309, 48.5345803], [18.3441828, 48.535104], [18.3419761, 48.5350025], [18.3412493, 48.5349], [18.3399012, 48.5353153], [18.3397919, 48.5361691], [18.3389928, 48.5373524], [18.3368905, 48.5393221], [18.3360698, 48.5399514], [18.3354348, 48.539854], [18.3339791, 48.540386], [18.3334944, 48.54128], [18.333086, 48.5423012], [18.3323707, 48.5435507], [18.3295351, 48.5447417], [18.3282081, 48.5457109], [18.3280907, 48.5466257], [18.3291203, 48.5479739], [18.3296438, 48.549662], [18.3295165, 48.5513747], [18.3290218, 48.5530667], [18.32848, 48.5551245], [18.3281476, 48.5562728], [18.3276392, 48.5573497], [18.3264663, 48.5578362], [18.3250178, 48.5583071], [18.3232253, 48.5585742], [18.3222148, 48.558517], [18.3211437, 48.5582107], [18.3207549, 48.5576358], [18.320896, 48.5565381], [18.3210898, 48.5557506], [18.3206562, 48.5548046], [18.3195561, 48.5540052], [18.3192222, 48.5530034], [18.318857, 48.5522456], [18.3182062, 48.5522702], [18.3170569, 48.5525736], [18.3163567, 48.5537011], [18.3158268, 48.5542239], [18.3147929, 48.5543496], [18.3137063, 48.5541651], [18.3130397, 48.5543116], [18.3127932, 48.5547891], [18.3126912, 48.5555818], [18.3120066, 48.5565873], [18.3103138, 48.5567984], [18.3094007, 48.5574223], [18.3080313, 48.5594332], [18.3069767, 48.5611547], [18.3051187, 48.5626464], [18.3035859, 48.5630508], [18.3022603, 48.5632827], [18.3013416, 48.5632305], [18.3001787, 48.5629188], [18.2987585, 48.5617324], [18.2975614, 48.5602515], [18.297081, 48.5596714], [18.2965795, 48.5585371], [18.2957317, 48.5579361], [18.2942304, 48.5580964], [18.2929496, 48.5586993], [18.2914247, 48.5590426], [18.290674, 48.5591227], [18.2886846, 48.5587638], [18.2868315, 48.5587812], [18.2850125, 48.5599676], [18.2833562, 48.5606104], [18.2818627, 48.5607096], [18.2792668, 48.560746], [18.2763271, 48.5605784], [18.274306, 48.5604631], [18.2733192, 48.5602225], [18.2726001, 48.5600586], [18.2715343, 48.5604278], [18.271151, 48.5605288], [18.2701326, 48.5605321], [18.2682667, 48.5599342], [18.2646347, 48.5586824], [18.2633043, 48.5582378], [18.2631759, 48.5578005], [18.2632471, 48.5572517], [18.2631108, 48.5568753], [18.2624155, 48.5565284], [18.2618565, 48.5565579], [18.2603709, 48.5565959], [18.2587175, 48.5565013], [18.2578623, 48.555961], [18.2575978, 48.5551473], [18.2572524, 48.5535303], [18.2569119, 48.5525894], [18.2566316, 48.5518976], [18.2550258, 48.5514372], [18.2527851, 48.5508789], [18.252006, 48.5504657], [18.2520932, 48.549795], [18.253189, 48.5477691], [18.2554105, 48.5456233], [18.2584012, 48.5425386], [18.2596693, 48.541321], [18.2603468, 48.5403769], [18.2605366, 48.5389134], [18.2593934, 48.5377423], [18.2582582, 48.5365102], [18.2566609, 48.5359888], [18.2521571, 48.5350553], [18.2487426, 48.5335696], [18.2466817, 48.5323458], [18.2433561, 48.5316022], [18.2398662, 48.5299891], [18.2362178, 48.5295954], [18.2329888, 48.5295329], [18.2299875, 48.5298519], [18.2270216, 48.52919], [18.2257558, 48.5282571], [18.2249252, 48.5275336], [18.2248927, 48.5263645], [18.223914, 48.5246496], [18.22187, 48.5233033], [18.2203493, 48.5229086], [18.2191358, 48.5222859], [18.2182173, 48.52082], [18.218073, 48.5190916], [18.2188905, 48.5177872], [18.2202066, 48.5162042], [18.2220256, 48.5150189], [18.2225639, 48.5144355], [18.2222763, 48.5138046], [18.2207241, 48.5136539], [18.2203209, 48.5132006], [18.2198657, 48.5124372], [18.2198174, 48.5113901], [18.2195855, 48.5103324], [18.2186758, 48.5102186], [18.2170722, 48.5111706], [18.2148703, 48.5124567], [18.2116868, 48.5141776], [18.208447, 48.5149123], [18.2055662, 48.5157291], [18.203224, 48.5159626], [18.2013206, 48.5156684], [18.2002193, 48.5156048], [18.1986591, 48.5155147], [18.1977374, 48.5147857], [18.197857, 48.5138711], [18.1972545, 48.5135291], [18.1964286, 48.5134814], [18.195056, 48.5126649], [18.1937394, 48.5114215], [18.1920797, 48.509974], [18.1887006, 48.5082427], [18.1854893, 48.5066439], [18.1830918, 48.5058907], [18.1815164, 48.5045093], [18.1808388, 48.502627], [18.1819045, 48.5008457], [18.1836043, 48.4991625], [18.1856827, 48.4981156], [18.1881121, 48.4972118], [18.190015, 48.4960932], [18.1914111, 48.4953139], [18.1916584, 48.4948367], [18.1917782, 48.4939221], [18.1903104, 48.4938372], [18.186952, 48.4940729], [18.1840763, 48.4941521], [18.1806821, 48.4939555], [18.1788954, 48.4934834], [18.178154, 48.4920888], [18.1773333, 48.489891], [18.1779284, 48.4874681], [18.1799431, 48.4854961], [18.1827948, 48.4841868], [18.1848924, 48.483694], [18.1868904, 48.4832568], [18.1880309, 48.4830156], [18.1883581, 48.4819287], [18.1877761, 48.4807278], [18.187645, 48.4782014], [18.1879523, 48.4765604], [18.1881679, 48.4749141], [18.1886426, 48.4734057], [18.1887624, 48.4724912], [18.1884237, 48.47155], [18.1878297, 48.471147], [18.1854616, 48.470887], [18.1841295, 48.4708115], [18.1829355, 48.4709508], [18.1814088, 48.4707144], [18.1791958, 48.4697723], [18.1764071, 48.4681308], [18.1746893, 48.4659596], [18.1750213, 48.4642771], [18.1753147, 48.4628884], [18.1754785, 48.4616402], [18.1753155, 48.4611868], [18.1744515, 48.4609887], [18.1722531, 48.4607871], [18.1698865, 48.4610196], [18.168312, 48.4611501], [18.1664448, 48.4609677], [18.1650964, 48.4602234], [18.1630965, 48.4576656], [18.1629347, 48.4555106], [18.1625468, 48.4542302], [18.1600562, 48.4537155], [18.1560493, 48.4528904], [18.1534678, 48.4522222], [18.1514672, 48.4513659], [18.1501539, 48.4495136], [18.1489527, 48.4459662], [18.1477847, 48.4430126], [18.1471475, 48.4419396], [18.1472499, 48.4403178], [18.1482874, 48.4391945], [18.1503872, 48.4359134], [18.1536328, 48.4332169], [18.1566926, 48.4321003], [18.1603916, 48.4318716], [18.1650022, 48.4314739], [18.1711286, 48.4313861], [18.1741891, 48.4317858], [18.176367, 48.4321342], [18.1791255, 48.4322943], [18.1802577, 48.432138], [18.1803251, 48.431624], [18.1784737, 48.4304808], [18.1765365, 48.4282967], [18.1734051, 48.4258953], [18.1704219, 48.4249082], [18.1682453, 48.422858], [18.1652389, 48.4212035], [18.1647987, 48.4194762], [18.1636485, 48.4180775], [18.1631271, 48.4161235], [18.1633681, 48.4142878], [18.1622084, 48.4129626], [18.1598783, 48.4120871], [18.1568728, 48.4104323], [18.1554584, 48.4102019], [18.152595, 48.410849], [18.1494626, 48.4118502], [18.1466707, 48.4127972], [18.1442482, 48.4134697], [18.1426267, 48.413967], [18.1408988, 48.415272], [18.139674, 48.4169762], [18.1384393, 48.4187539], [18.1373014, 48.4197972], [18.1356216, 48.420735], [18.1335489, 48.4212798], [18.131722, 48.4208031], [18.1311049, 48.4195832], [18.1310684, 48.4181752], [18.1297798, 48.41699], [18.1289361, 48.4166447], [18.1261787, 48.4164834], [18.1233727, 48.4166892], [18.1220297, 48.4167586], [18.1204529, 48.4160743], [18.1196446, 48.4146212], [18.1204519, 48.4135586], [18.1229027, 48.4101505], [18.1256973, 48.4075024], [18.1284067, 48.4038134], [18.13051, 48.4013468], [18.1317386, 48.4004568], [18.1327331, 48.3988132], [18.1333252, 48.3968501], [18.1344955, 48.3964005], [18.136898, 48.395875], [18.1380876, 48.3952787], [18.1391011, 48.3934881], [18.1397646, 48.3918251], [18.1399966, 48.3900629], [18.1399695, 48.3885816], [18.1402577, 48.3880805], [18.1411163, 48.3874647], [18.1416113, 48.3868693], [18.1417913, 48.3865629], [18.1416609, 48.3861428], [18.1380668, 48.3848548], [18.1349122, 48.383315], [18.1327338, 48.3805446], [18.1310462, 48.3786838], [18.1299343, 48.3763146], [18.1298886, 48.3743465], [18.129152, 48.3737613], [18.1275724, 48.3733977], [18.1262424, 48.3734554], [18.1244288, 48.3740947], [18.1235114, 48.3741087], [18.1219052, 48.3739469], [18.1194794, 48.3730592], [18.1167476, 48.3714081], [18.1156309, 48.3698516], [18.115681, 48.3687024], [18.1149059, 48.3676404], [18.1134186, 48.3673498], [18.1122995, 48.3673519], [18.1105335, 48.3684004], [18.1085478, 48.3695715], [18.1084855, 48.3700423], [18.1078919, 48.3706852], [18.1066451, 48.370883], [18.1060306, 48.3709147], [18.1037686, 48.3718662], [18.102409, 48.373684], [18.1021033, 48.3752248], [18.1014502, 48.3770841], [18.1017353, 48.3795407], [18.1031458, 48.3811823], [18.1060025, 48.3841966], [18.1073568, 48.385496], [18.1075084, 48.386657], [18.1070364, 48.387917], [18.1048955, 48.3894856], [18.1035413, 48.3904905], [18.1023594, 48.3909632], [18.1011566, 48.3908248], [18.1002241, 48.3894145], [18.0999776, 48.3874346], [18.0998974, 48.3857356], [18.0991937, 48.3841354], [18.0982554, 48.3835381], [18.0967024, 48.3829724], [18.0960314, 48.3826618], [18.0949565, 48.3823275], [18.0938253, 48.381651], [18.0929317, 48.3807174], [18.0929912, 48.379501], [18.0936475, 48.3783874], [18.0946898, 48.3774321], [18.0954351, 48.3756461], [18.0955956, 48.3744356], [18.0943221, 48.3725308], [18.0927282, 48.3707426], [18.091256, 48.3695716], [18.0883145, 48.3679752], [18.0865006, 48.3686139], [18.0852654, 48.3694899], [18.083689, 48.3698715], [18.0821751, 48.3697823], [18.079091, 48.3692616], [18.0776396, 48.3687015], [18.0766545, 48.3676946], [18.0760348, 48.3662347], [18.0757, 48.3649272], [18.074356, 48.3635602], [18.0722164, 48.3628239], [18.0699873, 48.3627601], [18.0679537, 48.363521], [18.06557, 48.3638546], [18.0627891, 48.3633514], [18.0601337, 48.3619066], [18.0582027, 48.3603691], [18.0576039, 48.3595203], [18.0563638, 48.3589047], [18.0549758, 48.3578737], [18.0540474, 48.3572087], [18.0538905, 48.3568605], [18.0544213, 48.3559295], [18.0575356, 48.3546905], [18.0595535, 48.3548099], [18.0621117, 48.3546901], [18.0632371, 48.3538756], [18.065918, 48.3520686], [18.0720801, 48.3493149], [18.0750033, 48.348742], [18.0782531, 48.3472394], [18.0800548, 48.3459224], [18.081717, 48.3441228], [18.0819607, 48.3430527], [18.0816464, 48.3423565], [18.0808367, 48.3415632], [18.0797896, 48.341027], [18.0774785, 48.3408228], [18.076369, 48.3407573], [18.0750219, 48.3409489], [18.073574, 48.3411345], [18.0719511, 48.3411064], [18.0702453, 48.3409379], [18.069483, 48.340554], [18.0699976, 48.3382122], [18.0715502, 48.336474], [18.0744789, 48.3350881], [18.0777332, 48.3350769], [18.0807842, 48.3349023], [18.0834475, 48.3345233], [18.0854542, 48.3330334], [18.0857187, 48.3310386], [18.0855844, 48.3290203], [18.0855789, 48.3275458], [18.0858273, 48.3256823], [18.0871224, 48.3249562], [18.090384, 48.3246137], [18.0929267, 48.3238219], [18.096199, 48.3233439], [18.0980122, 48.3233011], [18.0993981, 48.3229788], [18.100694, 48.322673], [18.1034329, 48.3232362], [18.1051924, 48.3236077], [18.1069695, 48.3238462], [18.1105238, 48.3243231], [18.1130108, 48.3252733], [18.1166004, 48.325484], [18.1189232, 48.3261564], [18.119997, 48.3271575], [18.1211474, 48.3291012], [18.1208141, 48.331628], [18.1210025, 48.3332473], [18.1215547, 48.3351559], [18.123374, 48.3366028], [18.1259737, 48.3382293], [18.1277931, 48.3396761], [18.1289024, 48.3404112], [18.1300292, 48.3410132], [18.1312261, 48.3410833], [18.132857, 48.3409107], [18.1347506, 48.3387432], [18.1360525, 48.3380153], [18.1373963, 48.338496], [18.1391204, 48.3397677], [18.1411379, 48.3398857], [18.1442828, 48.3399339], [18.1482774, 48.3412516], [18.1501133, 48.3435274], [18.1510463, 48.3449373], [18.1510096, 48.3467649], [18.1505303, 48.3480923], [18.1504507, 48.3486976], [18.1509148, 48.349809], [18.1529365, 48.3506724], [18.1546202, 48.3517872], [18.1549658, 48.3530272], [18.1563205, 48.354326], [18.1588079, 48.3547421], [18.1623394, 48.3541754], [18.1662757, 48.3528459], [18.1684917, 48.3522295], [18.1718913, 48.3534438], [18.1728604, 48.3545845], [18.1734306, 48.3548887], [18.1769801, 48.3549596], [18.1796742, 48.354574], [18.1829783, 48.3534106], [18.1843168, 48.3517264], [18.1837821, 48.3495945], [18.1817821, 48.3477842], [18.1779269, 48.3453916], [18.1750545, 48.3432593], [18.1736563, 48.3407383], [18.1732278, 48.3377994], [18.1740226, 48.3356093], [18.1775056, 48.3338466], [18.1805933, 48.3335517], [18.1822729, 48.3339204], [18.1835269, 48.335213], [18.1853511, 48.3368099], [18.1859869, 48.3373889], [18.1879036, 48.3375002], [18.1897721, 48.3372021], [18.1915835, 48.3381204], [18.1918114, 48.3394889], [18.1921754, 48.3405943], [18.1938509, 48.3417758], [18.1973601, 48.3444866], [18.2006502, 48.3457615], [18.2024049, 48.3463375], [18.2023964, 48.3479634], [18.2018439, 48.350642], [18.2018573, 48.3528791], [18.2025506, 48.3538002], [18.2021386, 48.3569613], [18.2017263, 48.3585638], [18.2007215, 48.359251], [18.1985012, 48.3591224], [18.1969611, 48.3592365], [18.1950435, 48.3591254], [18.1937886, 48.3593914], [18.1937271, 48.3598622], [18.194043, 48.3605582], [18.1947363, 48.3614794], [18.194631, 48.3622865], [18.1932311, 48.362883], [18.1911028, 48.3628273], [18.1891282, 48.362374], [18.1881146, 48.3615697], [18.1874524, 48.3596338], [18.1864874, 48.3576803], [18.1857592, 48.3570282], [18.1846491, 48.3569637], [18.1826919, 48.3579344], [18.1815989, 48.359294], [18.1814054, 48.3607736], [18.1816684, 48.3618732], [18.1830633, 48.3636484], [18.184169, 48.3645258], [18.1840983, 48.3666224], [18.1838432, 48.3685729], [18.1823463, 48.3699091], [18.1799496, 48.3711253], [18.1774254, 48.3725373], [18.1737202, 48.3744227], [18.172354, 48.375066], [18.172311, 48.3750862], [18.1705067, 48.375659], [18.1692512, 48.3759248], [18.1673066, 48.376015], [18.1643046, 48.3756369], [18.1618729, 48.3755631], [18.1591237, 48.3764736], [18.1580445, 48.376831], [18.1546461, 48.3779206], [18.1536669, 48.3784056], [18.1535343, 48.3794144], [18.1536163, 48.3811134], [18.1529489, 48.3830973], [18.1537557, 48.3850282], [18.1545897, 48.3855515], [18.1576554, 48.3874751], [18.1598258, 48.3887113], [18.161321, 48.3891683], [18.1630849, 48.389271], [18.1666854, 48.3880748], [18.1696524, 48.3883214], [18.1740096, 48.3881308], [18.1799916, 48.3882563], [18.1849718, 48.3883974], [18.1868698, 48.3891734], [18.1888973, 48.3898089], [18.190551, 48.3899047], [18.1942516, 48.3887875], [18.1966675, 48.3872998], [18.1979472, 48.3851543], [18.2002477, 48.3828461], [18.2020545, 48.3817669], [18.2045658, 48.3812464], [18.2091618, 48.3809203], [18.2108249, 48.3809425], [18.2116831, 48.3820278], [18.2118703, 48.3831484], [18.212633, 48.3849681], [18.2131127, 48.3864015], [18.2126386, 48.3874838], [18.2100842, 48.3891858], [18.2084883, 48.3903513], [18.2066813, 48.3914305], [18.205042, 48.3920756], [18.2044957, 48.3928578], [18.2052199, 48.3949712], [18.206994, 48.3967015], [18.2078141, 48.3980806], [18.2100965, 48.3993222], [18.2124122, 48.399456], [18.2155859, 48.3989735], [18.21782, 48.3988805], [18.2195601, 48.3983151], [18.2223924, 48.3961851], [18.2229281, 48.3937745], [18.2237329, 48.3927112], [18.225741, 48.3917913], [18.2299254, 48.3912187], [18.2335067, 48.3918689], [18.2363163, 48.3924745], [18.2377965, 48.3935659], [18.2404483, 48.3945323], [18.241336, 48.3953971], [18.2417104, 48.3959365], [18.2439538, 48.3957696], [18.245661, 48.3963116], [18.2457142, 48.3967586], [18.2474746, 48.3977475], [18.2501459, 48.3985668], [18.2522696, 48.3984668], [18.2542166, 48.3988745], [18.2543436, 48.3990724], [18.2563948, 48.3996368], [18.2613935, 48.3996797], [18.2630271, 48.400261], [18.2654359, 48.4014557], [18.2686134, 48.4023692], [18.2715696, 48.4031074], [18.2734212, 48.4030503], [18.2777908, 48.4031382], [18.2809063, 48.4045355], [18.2817472, 48.4065341], [18.2823182, 48.4077859], [18.2833465, 48.4083323], [18.2866183, 48.4085192], [18.2890143, 48.4079245], [18.2902884, 48.4075096], [18.2917184, 48.4078362], [18.2947292, 48.409731], [18.2971949, 48.4107354], [18.2981684, 48.4121346], [18.2979233, 48.4140402], [18.2977395, 48.4154695], [18.2975517, 48.4180502], [18.2985865, 48.418973], [18.2999322, 48.4197216], [18.3019691, 48.4207014], [18.3041248, 48.42188], [18.3067382, 48.4217408], [18.3117032, 48.4212555], [18.3133232, 48.4221154], [18.3160152, 48.4236121], [18.3216649, 48.4256607], [18.3245493, 48.4267842], [18.3269555, 48.4282644], [18.3281098, 48.4293856], [18.3288469, 48.4303872], [18.3298003, 48.4308252], [18.3335687, 48.4318066], [18.3346898, 48.4320621], [18.3373007, 48.4330738], [18.3392536, 48.43472], [18.339665, 48.4371426], [18.3405183, 48.4394943], [18.3403965, 48.4404472], [18.3396288, 48.4419393], [18.3388244, 48.4437173], [18.3395375, 48.4449094], [18.3406711, 48.4450695], [18.3426762, 48.445183], [18.3436695, 48.4441834], [18.3443183, 48.4424926], [18.3464235, 48.4406922], [18.3488366, 48.4398688], [18.3506983, 48.4399741], [18.3524601, 48.4419931], [18.3532897, 48.4445353], [18.3537289, 48.4456158], [18.3538573, 48.4468707], [18.3565396, 48.4484617], [18.3608463, 48.4497604], [18.3644249, 48.4511139], [18.3664886, 48.4519021], [18.3691618, 48.4524366], [18.3712378, 48.4531293], [18.3732653, 48.4542032], [18.3746957, 48.4554354], [18.375985, 48.4555079], [18.3788502, 48.4556691], [18.3820019, 48.4558464], [18.3861182, 48.4575173], [18.3890421, 48.4583533], [18.3912135, 48.4594349], [18.3918314, 48.461389], [18.392439, 48.4622868], [18.3938355, 48.4626531], [18.3959485, 48.4630595], [18.3975004, 48.4633385], [18.3989799, 48.4641892], [18.4007461, 48.4650559], [18.4025002, 48.4660179], [18.402749, 48.4674714], [18.4028063, 48.469298], [18.4053345, 48.4721267], [18.407279, 48.4738671], [18.4100489, 48.4747898], [18.4124009, 48.4755932], [18.4126781, 48.4734014], [18.4128589, 48.471972], [18.4131348, 48.4709318], [18.4131778, 48.4692222], [18.4139432, 48.4682823], [18.4155789, 48.4682509], [18.4164543, 48.4691188], [18.4191847, 48.4699265], [18.4248193, 48.4711421], [18.4273669, 48.471448], [18.4305867, 48.4722828], [18.4330216, 48.4734832], [18.4359254, 48.4748734], [18.4375966, 48.475294], [18.4414494, 48.4750173], [18.4442322, 48.4744352], [18.4457315, 48.4723076], [18.4457325, 48.4703423], [18.4462119, 48.4694682], [18.4469563, 48.4684451], [18.4457344, 48.4664118], [18.4465095, 48.4651447], [18.4484868, 48.4641082], [18.4491902, 48.4634104], [18.4504747, 48.4620078], [18.4508623, 48.4608829], [18.4505675, 48.4593106], [18.4487441, 48.4581447], [18.4446696, 48.4562801], [18.4413084, 48.4546189], [18.4395161, 48.4532089], [18.4385195, 48.4503691], [18.4389995, 48.4485124], [18.4385515, 48.4481598], [18.4391633, 48.4472112], [18.4404982, 48.4463848], [18.4420065, 48.4451586], [18.4451753, 48.4434517], [18.4467038, 48.4420627], [18.4491384, 48.4412975], [18.4509616, 48.4414808], [18.4522345, 48.4421248], [18.4524578, 48.4442663], [18.4527428, 48.4449373], [18.4539549, 48.4450866], [18.4561959, 48.4448836], [18.4576828, 48.4457851], [18.45918, 48.4466053], [18.4608403, 48.4471069], [18.4628266, 48.4479542], [18.4634377, 48.4489708], [18.4641099, 48.4494994], [18.4653324, 48.4495673], [18.4674208, 48.4486186], [18.4686942, 48.4472972], [18.4709352, 48.4461113], [18.4724835, 48.445542], [18.4739503, 48.4456233], [18.4761709, 48.4455826], [18.4771414, 48.4454255], [18.4762623, 48.4444213], [18.4752238, 48.4426312], [18.4750826, 48.4413634], [18.474658, 48.4397124], [18.473365, 48.4374358], [18.4721112, 48.4361062], [18.4695974, 48.4347593], [18.4674363, 48.4337469], [18.4662807, 48.4328953], [18.4661959, 48.4323131], [18.4669859, 48.4316744], [18.4676845, 48.4311357], [18.4666074, 48.4302884], [18.4647795, 48.4285069], [18.4635328, 48.4271252], [18.4633109, 48.4263779], [18.4634742, 48.4257044], [18.4623972, 48.4248571], [18.4606151, 48.4246006], [18.4591529, 48.4243093], [18.4571295, 48.4234619], [18.4553086, 48.4222581], [18.4523388, 48.4214104], [18.4482988, 48.420293], [18.4451726, 48.4194364], [18.4434694, 48.418554], [18.4422428, 48.4176456], [18.4419627, 48.4167375], [18.4417612, 48.4152037], [18.4415984, 48.4145541], [18.4418206, 48.4140415], [18.441625, 48.4137156], [18.4409136, 48.4137284], [18.4399345, 48.4139888], [18.4389098, 48.4139842], [18.4384948, 48.4136564], [18.438068, 48.4133154], [18.4378779, 48.4123963], [18.4378003, 48.411132], [18.4380101, 48.4094636], [18.4384414, 48.4085426], [18.4382527, 48.4075346], [18.438378, 48.405284], [18.4381442, 48.4033809], [18.4380211, 48.4018515], [18.4386154, 48.4008871], [18.4386875, 48.4003136], [18.438127, 48.3991273], [18.437874, 48.3967507], [18.4370598, 48.3944477], [18.4366437, 48.3921144], [18.4374207, 48.3909502], [18.4378452, 48.3900813], [18.4372456, 48.3892079], [18.4353149, 48.3888902], [18.4340362, 48.3890288], [18.4329666, 48.3887592], [18.4324781, 48.3876293], [18.432956, 48.3850834], [18.4344182, 48.383485], [18.4356257, 48.3832846], [18.4363567, 48.3824853], [18.4366054, 48.3811342], [18.4386999, 48.3795184], [18.4408723, 48.378537], [18.4434752, 48.3772646], [18.4445842, 48.3765913], [18.4453022, 48.3752663], [18.4472986, 48.3731725], [18.4485315, 48.3721386], [18.449321, 48.3708701], [18.4495431, 48.3697274], [18.4518454, 48.368333], [18.4546233, 48.3681726], [18.4588748, 48.3675691], [18.46147, 48.3676084], [18.4639739, 48.3677475], [18.4654215, 48.3681429], [18.4665952, 48.3682081], [18.467945, 48.3681256], [18.4708727, 48.3673956], [18.4750913, 48.3664221], [18.4776735, 48.3665653], [18.479558, 48.3672472], [18.4820363, 48.3688545], [18.4849907, 48.3704356], [18.4869671, 48.3716475], [18.4884477, 48.372412], [18.490972, 48.3736541], [18.4934707, 48.3757347], [18.4936211, 48.3764255], [18.4938692, 48.3769642], [18.494874, 48.3777547], [18.4955793, 48.3795577], [18.4959779, 48.3807872], [18.4969369, 48.3813126], [18.4987372, 48.3814121], [18.5002118, 48.3822285], [18.5010342, 48.3832189], [18.5014126, 48.3833448], [18.5020384, 48.3827493], [18.5031277, 48.382862], [18.5042111, 48.3836567], [18.5046483, 48.3839434], [18.5055482, 48.383678], [18.5092845, 48.3821517], [18.5113249, 48.3809517], [18.5124985, 48.3803865], [18.5148201, 48.3800944], [18.516229, 48.380172], [18.5172271, 48.3803845], [18.5188708, 48.380475], [18.5212836, 48.3800829], [18.5253918, 48.3793639], [18.5275697, 48.3789588], [18.5297483, 48.3791835], [18.5306746, 48.3793394], [18.5315743, 48.3790739], [18.5326169, 48.3782912], [18.5333051, 48.3759142], [18.5342814, 48.3743929], [18.5357869, 48.3736882], [18.5373949, 48.373556], [18.5389408, 48.3737984], [18.5399582, 48.3738542], [18.5410216, 48.374175], [18.5416615, 48.3747351], [18.5422812, 48.3748216], [18.5428677, 48.3745388], [18.5440536, 48.3738689], [18.5462515, 48.3739369], [18.5475819, 48.3740099], [18.5488535, 48.3739221], [18.5500715, 48.3729914], [18.5500372, 48.3719921], [18.5485998, 48.3702335], [18.5478077, 48.3683527], [18.5473813, 48.366702], [18.5475873, 48.3650334], [18.5483336, 48.362817], [18.5488729, 48.3616392], [18.5484613, 48.3611442], [18.547561, 48.3607798], [18.5462492, 48.3599205], [18.5459021, 48.358904], [18.5459333, 48.3580133], [18.5461661, 48.3567662], [18.5466142, 48.3556883], [18.5474213, 48.3548927], [18.5482487, 48.3545706], [18.5491811, 48.3546742], [18.5501789, 48.3548864], [18.5507458, 48.35476], [18.5520094, 48.3540943], [18.5535526, 48.3530764], [18.5544775, 48.3526021], [18.5557549, 48.3524621], [18.5565168, 48.3520314], [18.5570365, 48.3510099], [18.5569806, 48.3489071], [18.5569912, 48.3475428], [18.5574134, 48.3466735], [18.5580252, 48.346182], [18.5591985, 48.3462463], [18.5591812, 48.3452408], [18.5589649, 48.3449708], [18.5575305, 48.341371], [18.5567916, 48.340366], [18.5570115, 48.3391589], [18.5572158, 48.3348799], [18.555561, 48.3321677], [18.5534475, 48.3315874], [18.551498, 48.331308], [18.5485996, 48.3303539], [18.5443095, 48.3286562], [18.54096, 48.3278113], [18.5389159, 48.3276487], [18.5367223, 48.3268878], [18.5344825, 48.3252336], [18.5332145, 48.3237787], [18.5309061, 48.3226286], [18.5274624, 48.3219003], [18.5243465, 48.3199296], [18.523145, 48.3189519], [18.5227771, 48.3173378], [18.5223461, 48.3151868], [18.5226019, 48.3135861], [18.5229382, 48.3121656], [18.5229986, 48.3109175], [18.523059, 48.3096695], [18.523082, 48.3091941], [18.5234096, 48.3070298], [18.523582, 48.3053082], [18.5232688, 48.3044091], [18.5225246, 48.3032033], [18.5223091, 48.3021278], [18.5222747, 48.3009968], [18.5227057, 48.2994593], [18.523605, 48.297456], [18.5239354, 48.2961543], [18.5239785, 48.2952629], [18.5234183, 48.293942], [18.5224904, 48.2928512], [18.5215538, 48.2919387], [18.5210511, 48.2912734], [18.5204301, 48.290694], [18.5192471, 48.2907884], [18.5168253, 48.2910931], [18.5159525, 48.2911846], [18.5149437, 48.2912904], [18.5111543, 48.2922199], [18.5083473, 48.293111], [18.5053187, 48.2948896], [18.5021205, 48.296486], [18.4993848, 48.2977353], [18.4961262, 48.2987353], [18.4910087, 48.2994567], [18.4863772, 48.2993556], [18.4856583, 48.2993399], [18.4829036, 48.2992797], [18.4796972, 48.2992095], [18.4769654, 48.2985548], [18.4738892, 48.2976544], [18.4709168, 48.2964588], [18.4697257, 48.2953023], [18.4694732, 48.2949993], [18.4683948, 48.2906624], [18.4679339, 48.289165], [18.4680162, 48.2875011], [18.4681043, 48.2857183], [18.4688127, 48.2840086], [18.4693723, 48.2817008], [18.4684448, 48.2788248], [18.4673814, 48.2768977], [18.4658465, 48.2754956], [18.4612559, 48.2719142], [18.4602377, 48.2708804], [18.4603407, 48.2688004], [18.4604261, 48.2670771], [18.4600723, 48.265225], [18.4572389, 48.264865], [18.4551499, 48.263867], [18.4533011, 48.2616249], [18.4513781, 48.2590837], [18.4490016, 48.2567108], [18.4469368, 48.2552372], [18.444442, 48.2534566], [18.4431635, 48.2522978], [18.4403946, 48.2479826], [18.4402018, 48.2464911], [18.4417825, 48.2451579], [18.4429064, 48.2440526], [18.4456198, 48.2432205], [18.4478824, 48.2424973], [18.4497684, 48.2421822], [18.452485, 48.2430753], [18.4549825, 48.2447963], [18.4573494, 48.2455625], [18.4604663, 48.2455719], [18.46197, 48.2457835], [18.4633583, 48.246528], [18.4636672, 48.2474867], [18.4651159, 48.2483824], [18.4661712, 48.2490887], [18.4675538, 48.249952], [18.4691447, 48.2520097], [18.4691575, 48.2535568], [18.4699682, 48.2551809], [18.4729528, 48.2560793], [18.4770464, 48.2561692], [18.4774024, 48.256177], [18.4806892, 48.256368], [18.4836501, 48.2586637], [18.4862954, 48.2610417], [18.4902952, 48.2648769], [18.4944118, 48.2663349], [18.4964842, 48.2676888], [18.4975572, 48.2694374], [18.499598, 48.271445], [18.5019059, 48.2734583], [18.5031761, 48.2742713], [18.5038927, 48.2747508], [18.5078815, 48.2751942], [18.5116894, 48.275693], [18.5149489, 48.2764773], [18.5186018, 48.2783409], [18.5205547, 48.2794241], [18.5234958, 48.2812721], [18.524165, 48.2821789], [18.5245844, 48.2827234], [18.5247697, 48.2834085], [18.525222, 48.2833617], [18.5264371, 48.2840422], [18.5295567, 48.285894], [18.5372128, 48.289806], [18.5395808, 48.2924742], [18.5401528, 48.2935573], [18.540498, 48.2944995], [18.5411148, 48.2963201], [18.5431014, 48.2962081], [18.545653, 48.296917], [18.5484719, 48.2976315], [18.5519455, 48.2977054], [18.5554475, 48.297185], [18.5599787, 48.2975191], [18.563082, 48.2978823], [18.5670449, 48.298918], [18.5722466, 48.3001582], [18.5763019, 48.301136], [18.5792743, 48.3023884], [18.5894791, 48.3100686], [18.5945934, 48.3113059], [18.5979066, 48.3110182], [18.5999224, 48.3098704], [18.6048781, 48.3087838], [18.6080993, 48.3085534], [18.612835, 48.3083542], [18.6152432, 48.3083447], [18.6188207, 48.3081213], [18.6225845, 48.3077232], [18.623503, 48.3071473], [18.6248532, 48.3068777], [18.6289887, 48.3042264], [18.6316327, 48.3029721], [18.6349287, 48.3030398], [18.6389046, 48.3038354], [18.6405917, 48.3039889], [18.6428736, 48.3028459], [18.6448716, 48.3020539], [18.6465997, 48.3013159], [18.6492939, 48.300895], [18.6506302, 48.3009223], [18.6536426, 48.3013407], [18.6557479, 48.3020975], [18.6576023, 48.3024922], [18.6610684, 48.3027412], [18.6633358, 48.303858], [18.664456, 48.3043956], [18.6652551, 48.3047893], [18.6660352, 48.3052811], [18.6747904, 48.3117939], [18.6785166, 48.3141893], [18.6822486, 48.3164656], [18.6872742, 48.3177565], [18.6904393, 48.3187719], [18.6932454, 48.3198395], [18.6954528, 48.3223227], [18.6969954, 48.3237219], [18.7001796, 48.3292883], [18.7037076, 48.3301916], [18.7059452, 48.3320209], [18.7060954, 48.3346414], [18.7070799, 48.3365647], [18.7094828, 48.3386947], [18.7119751, 48.3408264], [18.7129213, 48.3416185], [18.7149108, 48.3430263], [18.7153714, 48.3447012], [18.714325, 48.3471492], [18.7153567, 48.3500252], [18.7167585, 48.352611], [18.7190496, 48.355274], [18.7221832, 48.3570612], [18.7246169, 48.3585371], [18.7252616, 48.3600965], [18.7269687, 48.3618554], [18.7289515, 48.3634413], [18.7312647, 48.3656285], [18.7336806, 48.3675202], [18.7356114, 48.3682721], [18.7405846, 48.3678641], [18.7411486, 48.3692434], [18.7412089, 48.369899], [18.7436988, 48.3701263], [18.7451996, 48.3705126], [18.7467581, 48.3716139], [18.7492824, 48.373091], [18.7512663, 48.3746765], [18.753266, 48.3759053], [18.7551635, 48.3774296], [18.7564339, 48.379001], [18.7606756, 48.3820581], [18.7625189, 48.3848304], [18.765396, 48.386433], [18.7679059, 48.3882663], [18.7701691, 48.3896189], [18.7734141, 48.3909905], [18.7755534, 48.3910913], [18.7764304, 48.3911654], [18.7762816, 48.3887258], [18.7763152, 48.3879531], [18.7762118, 48.3862259], [18.7767304, 48.3845703], [18.7767925, 48.3831437], [18.7761388, 48.3807218], [18.7752169, 48.3793358], [18.7751975, 48.3777292], [18.7749027, 48.3762958], [18.7737314, 48.3744884], [18.7725471, 48.3729783], [18.7706389, 48.3716921], [18.7682899, 48.3702784], [18.7664528, 48.3694099], [18.7646003, 48.368898], [18.7631176, 48.3680959], [18.7614878, 48.366577], [18.7598503, 48.3652364], [18.758302, 48.3638975], [18.7570267, 48.3624449], [18.7564519, 48.3613034], [18.7562182, 48.3605255], [18.754834, 48.3585056], [18.7538917, 48.3555723], [18.7514858, 48.3514206], [18.7513254, 48.3489784], [18.7517575, 48.345239], [18.7530289, 48.3427058], [18.7534926, 48.3402758], [18.7566896, 48.3375719], [18.7573079, 48.3356803], [18.7590037, 48.3336312], [18.7612029, 48.3323057], [18.7633207, 48.3308002], [18.7657846, 48.3295392], [18.7683478, 48.3280422], [18.7680276, 48.3272032], [18.7668922, 48.3266458], [18.7651588, 48.3254818], [18.7647599, 48.3244033], [18.7658259, 48.3224608], [18.765427, 48.3213823], [18.7625093, 48.3207902], [18.7589549, 48.3204831], [18.7562312, 48.3195377], [18.7548756, 48.317905], [18.7549095, 48.3171323], [18.7559211, 48.3164382], [18.7572968, 48.3155727], [18.7615536, 48.3130677], [18.7635503, 48.3122737], [18.7641317, 48.3112142], [18.7641784, 48.3101443], [18.7649638, 48.3084938], [18.7666272, 48.3071579], [18.7681911, 48.3060579], [18.7705594, 48.304914], [18.7723594, 48.3045324], [18.7735744, 48.3032472], [18.7750722, 48.3016104], [18.7760069, 48.3006172], [18.7763232, 48.299493], [18.77638, 48.2981853], [18.776034, 48.2979407], [18.7750063, 48.296969], [18.7746861, 48.2961299], [18.7739263, 48.2941223], [18.7735197, 48.2932221], [18.7725102, 48.2918343], [18.7724038, 48.2903044], [18.7723308, 48.2898082], [18.7724767, 48.2885023], [18.7730705, 48.2871455], [18.7740915, 48.2862134], [18.7750235, 48.2852796], [18.775852, 48.2826186], [18.7763643, 48.2810818], [18.7773748, 48.2803874], [18.7787647, 48.279165], [18.7800732, 48.2777624], [18.7807119, 48.2774178], [18.7823971, 48.2755466], [18.7837507, 48.2751563], [18.7875653, 48.2724634], [18.7895017, 48.2709539], [18.7911837, 48.269142], [18.7924026, 48.2677376], [18.7939421, 48.2650901], [18.794446, 48.2637315], [18.7965727, 48.2619281], [18.7988575, 48.2596611], [18.7996354, 48.2590717], [18.8013166, 48.2572596], [18.8041676, 48.2551724], [18.8044804, 48.2541076], [18.8062428, 48.2535166], [18.8079999, 48.2520033], [18.8089484, 48.2506531], [18.809345, 48.2497088], [18.8112162, 48.2476028], [18.8130646, 48.2460317], [18.8145189, 48.2453455], [18.8162224, 48.2450803], [18.8191207, 48.2439455], [18.8215588, 48.2431588], [18.8238952, 48.2426676], [18.8263105, 48.2424158], [18.8277343, 48.2424427], [18.8310833, 48.2432792], [18.8322865, 48.2443132], [18.8371875, 48.2463686], [18.8388473, 48.2492553], [18.8413684, 48.2507303], [18.84273, 48.2522431], [18.8432781, 48.254038], [18.8435252, 48.2545186], [18.8450009, 48.2554386], [18.8489035, 48.2569096], [18.8527853, 48.2578149], [18.8568802, 48.2578912], [18.8593156, 48.2593048], [18.8621123, 48.2606061], [18.8648126, 48.2620839], [18.8670927, 48.2629591], [18.8689723, 48.2648975], [18.8744455, 48.266129], [18.8793674, 48.2677665], [18.8827933, 48.2689599], [18.8856058, 48.2699039], [18.8890875, 48.2705134], [18.89178, 48.2714449], [18.8942366, 48.2723822], [18.9013846, 48.2773611], [18.9024475, 48.2797005], [18.9053185, 48.2814185], [18.9087531, 48.2824328], [18.9121806, 48.2836253], [18.9152447, 48.2849896], [18.9191949, 48.2864888], [18.9211881, 48.287893], [18.9232488, 48.2898339], [18.9245176, 48.2915224], [18.9264052, 48.2933411], [18.9286589, 48.2949284], [18.9350303, 48.2972142], [18.9366148, 48.2977185], [18.9396272, 48.2981889], [18.9414838, 48.298579], [18.942763, 48.3000296], [18.9437677, 48.3016538], [18.9443151, 48.3035672], [18.9444965, 48.305712], [18.9454028, 48.3075723], [18.9463449, 48.308541], [18.9479227, 48.3092235], [18.9493652, 48.3088327], [18.9507423, 48.307846], [18.9515609, 48.3074441], [18.952635, 48.3073442], [18.9547855, 48.307085], [18.9573862, 48.3067148], [18.960039, 48.3050366], [18.9614134, 48.3041091], [18.9636063, 48.3027797], [18.9649877, 48.3016739], [18.9677946, 48.3005931], [18.9691523, 48.3000817], [18.9704053, 48.3010854], [18.9732565, 48.3011356], [18.9751582, 48.3003957], [18.9772356, 48.2997184], [18.9799507, 48.2986952], [18.9821288, 48.2977221], [18.983212, 48.2973842], [18.9843983, 48.2966911], [18.9852939, 48.2965878], [18.9858401, 48.2962999], [18.98633, 48.296187], [18.9861846, 48.294684], [18.9886036, 48.2921088], [18.9905298, 48.2884542], [18.9929599, 48.2855816], [18.9933125, 48.2811261], [18.9938858, 48.2778642], [18.9936574, 48.2745884], [18.9936707, 48.2719711], [18.9934253, 48.2702714], [18.994394, 48.2660051], [18.9940209, 48.2641544], [18.9922279, 48.2621601], [18.9890879, 48.2604396], [18.9855944, 48.2586533], [18.981321, 48.2563179], [18.97992, 48.2556984], [18.9781255, 48.2537633], [18.9770385, 48.2519595], [18.9761344, 48.25004], [18.974729, 48.2495393], [18.9737804, 48.2487493], [18.9708514, 48.2473592], [18.9681303, 48.2440988], [18.9669412, 48.2403895], [18.9653563, 48.2376845], [18.9637298, 48.2337889], [18.961579, 48.2296461], [18.9599853, 48.2271788], [18.9587192, 48.2254312], [18.9569447, 48.2219196], [18.9560489, 48.2198215], [18.9540133, 48.2172868], [18.9516921, 48.2152229], [18.9499724, 48.213705], [18.9479765, 48.2124202], [18.9465167, 48.2110854], [18.9457598, 48.2107182], [18.9445043, 48.2102166], [18.94292, 48.2097719], [18.9409634, 48.2097369], [18.9394514, 48.2097098], [18.9376726, 48.209678], [18.9361606, 48.2096509], [18.9350044, 48.2096301], [18.9333815, 48.2079353], [18.9319222, 48.2066003], [18.9321068, 48.204224], [18.9320609, 48.2031524], [18.9322024, 48.2018462], [18.9314138, 48.200434], [18.9292434, 48.1990862], [18.9292961, 48.1977784], [18.929344, 48.1965895], [18.9281327, 48.1957348], [18.9268493, 48.1944624], [18.925924, 48.193137], [18.9250083, 48.1915737], [18.9243427, 48.1904314], [18.9225261, 48.1891494], [18.9203348, 48.1883364], [18.917985, 48.1870446], [18.9164089, 48.1864212], [18.9142659, 48.1844192], [18.9136127, 48.1829796], [18.9129787, 48.1810645], [18.9117008, 48.179673], [18.9099043, 48.1779152], [18.9093087, 48.17725], [18.9041902, 48.175164], [18.9032683, 48.1737789], [18.9018253, 48.1720869], [18.900716, 48.1709364], [18.9006061, 48.1692686], [18.8994178, 48.1678787], [18.8976988, 48.1664195], [18.8959653, 48.165317], [18.8948441, 48.1644637], [18.8939993, 48.1633774], [18.8936706, 48.162717], [18.8929342, 48.1611568], [18.8917365, 48.1600045], [18.8908845, 48.1590966], [18.8901141, 48.1583685], [18.8903241, 48.1564985], [18.8925804, 48.1535058], [18.8956981, 48.1511833], [18.8984626, 48.1487947], [18.9012261, 48.1486072], [18.9034517, 48.1485288], [18.9050652, 48.1482013], [18.9085706, 48.1472537], [18.9126402, 48.1455429], [18.9168632, 48.1433291], [18.9205458, 48.1423844], [18.9241609, 48.1409029], [18.9265396, 48.1392206], [18.9285676, 48.1374129], [18.9330435, 48.1343999], [18.9359616, 48.1325487], [18.9380421, 48.1316341], [18.9421559, 48.1296946], [18.9442668, 48.1293064], [18.9465058, 48.1288705], [18.950124, 48.1272693], [18.9523117, 48.125869], [18.9528611, 48.1254738], [18.9549694, 48.1238456], [18.9696919, 48.1166404], [18.972318, 48.1153779], [18.974229, 48.1142218], [18.9742664, 48.1132706], [18.9725329, 48.1121692], [18.9710752, 48.1108348], [18.9698045, 48.1092656], [18.9683493, 48.1078716], [18.9665556, 48.1060552], [18.9653715, 48.1045471], [18.9641805, 48.1032172], [18.9637766, 48.1021987], [18.9624993, 48.1008078], [18.9619761, 48.1005606], [18.9613051, 48.0984368], [18.9596365, 48.0934696], [18.9582196, 48.0911243], [18.957216, 48.0895597], [18.9558951, 48.0870377], [18.9548453, 48.0844015], [18.9532915, 48.0810424], [18.952844, 48.0788928], [18.9528959, 48.0775849], [18.9533054, 48.0765567], [18.9554966, 48.071055], [18.9559712, 48.0706817], [18.9578785, 48.0688321], [18.9589984, 48.0654], [18.9597064, 48.0629206], [18.9610435, 48.059175], [18.9614877, 48.0579399], [18.9614464, 48.0576642], [18.958958, 48.057635], [18.9544758, 48.0573455], [18.9492105, 48.0578305], [18.9435927, 48.0583558], [18.939868, 48.0582795], [18.9372846, 48.0580885], [18.9327496, 48.0575044], [18.9277169, 48.0567196], [18.9238577, 48.055002], [18.9203307, 48.0537356], [18.9133135, 48.0521571], [18.9105864, 48.0513897], [18.908677, 48.0509624], [18.8937908, 48.0547514], [18.8928864, 48.0532598], [18.8869741, 48.0582052], [18.8863496, 48.0576799], [18.8863748, 48.0553504], [18.8857203, 48.05466], [18.8842642, 48.0534351], [18.8842379, 48.0524087], [18.8851918, 48.0510907], [18.8852096, 48.0503102], [18.8828762, 48.050335], [18.8806167, 48.049094], [18.8780946, 48.0488653], [18.8772042, 48.048379], [18.875951, 48.0485086], [18.8741104, 48.0468011], [18.8670245, 48.048237], [18.8602168, 48.0497851], [18.8574683, 48.0483714], [18.8548576, 48.0476493], [18.8539767, 48.0483349], [18.8475319, 48.0517575], [18.845293, 48.0524586], [18.8408903, 48.0506271], [18.8390393, 48.0465255], [18.8332841, 48.0477857], [18.8290228, 48.0412611], [18.8270727, 48.0417448], [18.8229557, 48.0426994], [18.8204402, 48.0399303], [18.8211275, 48.0390384], [18.8212186, 48.0382325], [18.8211321, 48.0363029], [18.8213052, 48.0355904], [18.8227586, 48.0354268], [18.8251435, 48.035733], [18.8269587, 48.036309], [18.8280088, 48.0357633], [18.8278184, 48.0350925], [18.8269293, 48.0342641], [18.8255463, 48.0307631], [18.8274663, 48.0304437], [18.8285916, 48.0300226], [18.8290999, 48.0295081], [18.8283539, 48.0289873], [18.8251957, 48.0284002], [18.8236033, 48.0266924], [18.821125, 48.0256595], [18.8199828, 48.0246983], [18.8202383, 48.0240498], [18.8215222, 48.023035], [18.8213459, 48.0222442], [18.8207855, 48.0216733], [18.8190461, 48.0212218], [18.8180314, 48.0214682], [18.8176261, 48.0218674], [18.8184324, 48.0226317], [18.8183552, 48.0232896], [18.8176427, 48.023252], [18.816658, 48.0224783], [18.8166129, 48.0213336], [18.8163101, 48.0193328], [18.8163679, 48.018074], [18.8172141, 48.0169752], [18.8180739, 48.0104068], [18.8193838, 48.0099346], [18.8204893, 48.0089115], [18.8217259, 48.0075334], [18.8219199, 48.0066415], [18.8210384, 48.0057537], [18.8193487, 48.004883], [18.8199619, 48.003472], [18.8181852, 48.0018152], [18.8197971, 48.0010579], [18.8194357, 48.0003171], [18.817352, 47.9982235], [18.8166337, 47.9972101], [18.818039, 47.9969562], [18.8184135, 47.9964099], [18.8182589, 47.9958368], [18.8161486, 47.9934023], [18.8144822, 47.9936119], [18.814224, 47.9950575], [18.8142874, 47.9967873], [18.8135098, 47.9969853], [18.8124013, 47.9954675], [18.8111363, 47.99415], [18.8095113, 47.9928721], [18.8092489, 47.9920846], [18.8096143, 47.9912401], [18.8106156, 47.9910247], [18.8116923, 47.9916771], [18.813143, 47.992171], [18.8138996, 47.9921512], [18.8141824, 47.9916305], [18.8142819, 47.9911588], [18.8126911, 47.9899729], [18.8085125, 47.9873996], [18.8061884, 47.9864128], [18.8047175, 47.986097], [18.8021095, 47.9848865], [18.800476, 47.9844424], [18.7985467, 47.9842511], [18.7950511, 47.9849296], [18.7922667, 47.9859728], [18.7906183, 47.9860342], [18.7884521, 47.9867233], [18.7865057, 47.9866797], [18.7840076, 47.9871729], [18.7832986, 47.9869774], [18.7831527, 47.985957], [18.781879, 47.985472], [18.7802353, 47.9851163], [18.7779421, 47.98425], [18.7753309, 47.9842002], [18.7741669, 47.9842883], [18.7739583, 47.9849313], [18.7743333, 47.9862616], [18.7739941, 47.9872563], [18.7733209, 47.9876975], [18.7723789, 47.9874094], [18.7705014, 47.9860284], [18.7689912, 47.9852927], [18.7662598, 47.9847604], [18.7659666, 47.9842384], [18.7678541, 47.9836533], [18.7688605, 47.9830224], [18.7687947, 47.9824528], [18.7683762, 47.9818655], [18.7668836, 47.9809819], [18.7650409, 47.980436], [18.7642034, 47.9803914], [18.7636024, 47.9805984], [18.7630847, 47.9810377], [18.7622797, 47.9822161], [18.7617922, 47.9829649], [18.7607812, 47.9821362], [18.7601521, 47.9807031], [18.7589645, 47.9791207], [18.7583027, 47.9783411], [18.7571722, 47.9777744], [18.7567947, 47.9772174], [18.7568074, 47.9756099], [18.7565319, 47.97494], [18.7558001, 47.9747521], [18.754952, 47.974797], [18.7536143, 47.9750098], [18.7533997, 47.9736845], [18.7538951, 47.9726317], [18.7557019, 47.9719816], [18.7567919, 47.9711263], [18.7571839, 47.9699033], [18.7573206, 47.968749], [18.7578604, 47.9683628], [18.7592596, 47.9680225], [18.7608753, 47.9679429], [18.7624714, 47.9680281], [18.7642195, 47.9678721], [18.7650245, 47.9673342], [18.7654513, 47.9668596], [18.7656714, 47.9660413], [18.7657785, 47.9651347], [18.7662638, 47.9641648], [18.7682673, 47.9639389], [18.770109, 47.964037], [18.7710267, 47.9635885], [18.7719249, 47.9633048], [18.7721936, 47.9620741], [18.7725173, 47.9614271], [18.7733415, 47.9607244], [18.7737681, 47.9602498], [18.77414, 47.9591904], [18.7745024, 47.9582139], [18.7758467, 47.9572897], [18.7771715, 47.9565302], [18.7773723, 47.9558778], [18.7770624, 47.9553628], [18.776536, 47.9545882], [18.7768239, 47.9531928], [18.7769503, 47.9521214], [18.7763952, 47.9515934], [18.7756587, 47.9515542], [18.7747605, 47.9518391], [18.7737589, 47.9519515], [18.7725121, 47.9520509], [18.77154, 47.9519168], [18.7707101, 47.9516234], [18.7704392, 47.9507789], [18.7706299, 47.9502083], [18.7715221, 47.9489285], [18.7720851, 47.9472985], [18.7725054, 47.9458277], [18.7725512, 47.9447667], [18.7733176, 47.9431329], [18.7735668, 47.9420669], [18.7739291, 47.9410904], [18.7741878, 47.9399426], [18.7744272, 47.9389596], [18.7736166, 47.938586], [18.7745147, 47.9382177], [18.7738113, 47.9368529], [18.7735891, 47.9355961], [18.7732696, 47.935164], [18.7723854, 47.9342881], [18.7723212, 47.9337862], [18.7736551, 47.9329449], [18.7729224, 47.9318267], [18.7720091, 47.9311972], [18.7715768, 47.9306768], [18.771041, 47.9299841], [18.7704959, 47.9293742], [18.7697539, 47.9283389], [18.7674652, 47.9268072], [18.7650393, 47.9243535], [18.7628253, 47.9232396], [18.7616668, 47.922597], [18.7601305, 47.9220176], [18.7589333, 47.9211812], [18.7570388, 47.9204992], [18.7569938, 47.9198337], [18.7573368, 47.919022], [18.7575373, 47.9183684], [18.7576153, 47.9177095], [18.7575804, 47.9169611], [18.7578845, 47.9164789], [18.7583105, 47.9160043], [18.7587915, 47.9153849], [18.7588066, 47.9153654], [18.7593903, 47.9148423], [18.7598026, 47.9145358], [18.7598497, 47.9144953], [18.7602782, 47.914067], [18.7614279, 47.9126026], [18.761697, 47.911372], [18.7623531, 47.9099962], [18.7624115, 47.909502], [18.7616407, 47.9087142], [18.7600757, 47.9083814], [18.7591527, 47.9078348], [18.7589857, 47.9071616], [18.7588865, 47.9059113], [18.7587482, 47.9049916], [18.7588164, 47.9044144], [18.7600078, 47.9037315], [18.7615923, 47.9038985], [18.7622348, 47.9036847], [18.7623029, 47.9031075], [18.7614929, 47.9026493], [18.7606541, 47.9024387], [18.7600644, 47.9011622], [18.7589747, 47.8999424], [18.7582333, 47.898907], [18.7568499, 47.8980865], [18.7565698, 47.8973249], [18.7568831, 47.8967598], [18.7570644, 47.8962721], [18.7579713, 47.8959056], [18.7594812, 47.8956547], [18.7601432, 47.8952751], [18.7604471, 47.8947929], [18.7609216, 47.8939059], [18.7609256, 47.892828], [18.7611748, 47.891762], [18.7611094, 47.891326], [18.7610369, 47.8908423], [18.7614794, 47.8900957], [18.761576, 47.8899328], [18.7643547, 47.8883389], [18.765997, 47.8880116], [18.7664135, 47.8876188], [18.7667756, 47.8866423], [18.7670148, 47.8856593], [18.7674895, 47.8847723], [18.7679156, 47.8842977], [18.7680421, 47.8832252], [18.7667814, 47.8824114], [18.7650205, 47.8816532], [18.7634659, 47.8812386], [18.7630536, 47.8805523], [18.7625476, 47.879613], [18.7626654, 47.8780292], [18.7632198, 47.8765803], [18.7634686, 47.8749449], [18.7630136, 47.873609], [18.7627071, 47.8724311], [18.7629436, 47.8718437], [18.7637708, 47.8714391], [18.7651968, 47.8716269], [18.7670692, 47.8718024], [18.768351, 47.8717953], [18.7686296, 47.871323], [18.7689806, 47.8707057], [18.768843, 47.8699856], [18.7686144, 47.8695618], [18.7685448, 47.8687337], [18.7697086, 47.8683087], [18.7712452, 47.8685034], [18.7725687, 47.8686112], [18.7735185, 47.8685863], [18.774242, 47.8685877], [18.775008, 47.8687041], [18.7757655, 47.8688934], [18.777169, 47.8692681], [18.7778972, 47.8692325], [18.7783881, 47.8688459], [18.7793304, 47.868409], [18.7799581, 47.8678064], [18.7806079, 47.8670167], [18.7809549, 47.8664352], [18.7809915, 47.86565], [18.7815333, 47.8653045], [18.78233, 47.8651597], [18.7835383, 47.8652985], [18.7848445, 47.8655563], [18.7860314, 47.8658812], [18.787023, 47.8659711], [18.7879811, 47.8658721], [18.7896295, 47.8655854], [18.7912404, 47.8651467], [18.7925229, 47.8646533], [18.7931638, 47.8639375], [18.7937116, 47.8630678], [18.7942286, 47.8610339], [18.794552, 47.8597024], [18.7947862, 47.8591466], [18.7950148, 47.8586038], [18.7938126, 47.8582197], [18.78992, 47.8585975], [18.7890209, 47.8577977], [18.7879301, 47.8575726], [18.7859563, 47.8574675], [18.784239, 47.8572926], [18.7833302, 47.8565758], [18.7825155, 47.8561147], [18.7814345, 47.8558065], [18.7806296, 47.8552623], [18.7791493, 47.8551834], [18.777299, 47.8550848], [18.7766077, 47.8546302], [18.7750688, 47.8550494], [18.7739097, 47.8554053], [18.7725235, 47.855582], [18.7704264, 47.8554701], [18.7685859, 47.8552883], [18.7668393, 47.8553621], [18.7643233, 47.8556455], [18.7616936, 47.8558391], [18.7586195, 47.8555912], [18.7558314, 47.8550244], [18.7537736, 47.8545801], [18.7520019, 47.8538168], [18.7517496, 47.8528008], [18.7514875, 47.8518677], [18.7518126, 47.8512167], [18.7515211, 47.8505328], [18.7500508, 47.8503705], [18.7486493, 47.849627], [18.7479681, 47.8490892], [18.7463015, 47.8488716], [18.7436333, 47.8489434], [18.7405001, 47.8493482], [18.7388002, 47.8493287], [18.7368085, 47.8490785], [18.7350872, 47.8483416], [18.7340975, 47.8477156], [18.7331714, 47.847451], [18.7313276, 47.8468506], [18.7293529, 47.8464581], [18.7285112, 47.8454818], [18.7286041, 47.8446991], [18.7287391, 47.8435605], [18.727369, 47.8425559], [18.7261384, 47.8412723], [18.7249629, 47.8404213], [18.7240454, 47.8400855], [18.7229885, 47.8400286], [18.7219907, 47.8394736], [18.7217581, 47.838745], [18.7224809, 47.8371368], [18.7239096, 47.835853], [18.7251438, 47.8344155], [18.7263908, 47.8337664], [18.7279632, 47.8330632], [18.7292017, 47.8324853], [18.7307065, 47.8323514], [18.7314885, 47.8320353], [18.7326434, 47.8307384], [18.7341844, 47.8290292], [18.7365975, 47.8275117], [18.7391459, 47.826646], [18.7411574, 47.825823], [18.7428182, 47.8252676], [18.7450242, 47.8245982], [18.7507038, 47.8233272], [18.7574868, 47.8226162], [18.7620807, 47.8224323], [18.7685045, 47.8220596], [18.7733818, 47.8221768], [18.7756008, 47.8222953], [18.7771243, 47.8223788], [18.7775447, 47.8220409], [18.7779761, 47.8214757], [18.8999169, 47.7730223], [18.9260094, 47.7647151], [18.9548486, 47.7707149], [18.9706414, 47.7997809], [19.0090936, 47.8140772], [19.0612786, 47.8149994], [19.1195767, 47.79379], [19.1271945, 47.791018], [19.2035043, 47.7458163], [19.2301937, 47.7305492], [19.2823788, 47.7250067], [19.2906186, 47.7014445], [19.2854687, 47.6753288], [19.2669293, 47.6683933], [19.2343136, 47.6688557], [19.2157742, 47.6612256], [19.212341, 47.626992], [19.2367169, 47.6073206], [19.2621228, 47.5853263], [19.2782589, 47.5559088], [19.3290707, 47.5172009], [19.3606564, 47.4947048], [19.4337841, 47.4684857], [19.5239545, 47.4935161], [19.5281979, 47.5920413], [19.4705197, 47.626992], [19.4897433, 47.687581], [19.6140262, 47.6801848], [19.6476718, 47.7284725], [19.7259508, 47.6922022], [19.7554776, 47.7280089], [19.8224255, 47.7173848], [19.8883435, 47.6928948], [19.9360653, 47.7296255], [19.9978634, 47.7125339], [20.0435229, 47.7273177], [20.130386, 47.7250067], [20.2045437, 47.7462497], [20.2258297, 47.7679456], [20.2206799, 47.803701], [20.2440258, 47.8090045], [20.2895573, 47.8387459], [20.3518292, 47.8046234], [20.423927, 47.7734835], [20.4208371, 47.8251424], [20.4819485, 47.802548], [20.5458065, 47.8212237], [20.6443402, 47.8608584], [20.7193071, 47.8842554], [20.8149706, 47.9439476], [20.8369432, 47.9963558], [20.8084484, 48.0429721], [20.8191073, 48.097144], [20.7723985, 48.1532614], [20.7528277, 48.1903542], [20.743558, 48.2178123], [20.7895657, 48.2107187], [20.8177157, 48.2255893], [20.8472439, 48.1896659], [20.8745982, 48.1392462], [20.9035489, 48.1491378], [20.9045788, 48.2022529], [20.9152208, 48.2173538], [21.0003648, 48.1972191], [21.0450059, 48.186467], [21.1023327, 48.1608187], [21.1370083, 48.1452436], [21.1730572, 48.154406], [21.2069286, 48.144884], [21.2354777, 48.1638349], [21.30558, 48.1547494], [21.3402551, 48.110641], [21.3739007, 48.0987194], [21.4164727, 48.1138502], [21.4157861, 48.1376836], [21.3677209, 48.1715813], [21.3931247, 48.1953892], [21.3923644, 48.230277], [21.4623555, 48.2865957], [21.5319281, 48.309118], [21.5922533, 48.3626374], [21.683368, 48.390273], [21.6866627, 48.3908001], [21.6921092, 48.3918904], [21.6967322, 48.3925814], [21.7000015, 48.3922937], [21.7028474, 48.3919945], [21.7058113, 48.392075], [21.7088761, 48.3928173], [21.7116416, 48.3938339], [21.7123071, 48.394511], [21.7140731, 48.3956887], [21.7154557, 48.3970037], [21.7176857, 48.396728], [21.7204859, 48.3971804], [21.722773, 48.3967714], [21.7270076, 48.3968857], [21.7344376, 48.3979332], [21.7365207, 48.3985542], [21.7387793, 48.3986149], [21.7440809, 48.3997929], [21.7456337, 48.3998345], [21.7483329, 48.3996244], [21.7508909, 48.3994104], [21.752167, 48.3993504], [21.7536297, 48.3985422], [21.7556116, 48.398501], [21.7572602, 48.3992982], [21.7570058, 48.4011745], [21.7568081, 48.4021108], [21.7571806, 48.4029681], [21.7588464, 48.4034833], [21.7613141, 48.4047732], [21.7630646, 48.4062321], [21.7657415, 48.4063976], [21.7667919, 48.4053899], [21.7684915, 48.4029871], [21.7702758, 48.4015282], [21.7722522, 48.4015807], [21.7762455, 48.4057353], [21.7792166, 48.4080738], [21.7807816, 48.4102807], [21.7815057, 48.4131791], [21.7814161, 48.4162291], [21.7814955, 48.4172669], [21.78101, 48.4182897], [21.7809819, 48.4187597], [21.7814737, 48.4199967], [21.7837735, 48.4217523], [21.7859209, 48.4236922], [21.7874923, 48.4258051], [21.7887758, 48.4280045], [21.7903306, 48.4303993], [21.7923542, 48.4320533], [21.7950563, 48.4341959], [21.7973683, 48.4357632], [21.7994147, 48.437041], [21.8016415, 48.4376645], [21.8036602, 48.4394123], [21.8048704, 48.4404798], [21.8047699, 48.4421718], [21.8038441, 48.4434656], [21.8012858, 48.4460346], [21.7993819, 48.4471143], [21.7973589, 48.4478143], [21.7945105, 48.4481158], [21.7935158, 48.4481837], [21.7916677, 48.4483233], [21.7903511, 48.4490418], [21.78999, 48.4503504], [21.7886117, 48.4521028], [21.7877413, 48.4524565], [21.7871144, 48.4534756], [21.7870414, 48.4546976], [21.7863695, 48.4564687], [21.7851995, 48.4570968], [21.7823674, 48.4571161], [21.781248, 48.4568982], [21.7798292, 48.4569548], [21.7779469, 48.4576581], [21.7766186, 48.4585644], [21.7754711, 48.4588165], [21.7737751, 48.4587715], [21.772537, 48.4581737], [21.771689, 48.4581512], [21.7707282, 48.4600087], [21.7700048, 48.4626258], [21.7689082, 48.4643855], [21.7683825, 48.4660663], [21.7673252, 48.467168], [21.7660474, 48.4672282], [21.764713, 48.4658746], [21.7622649, 48.4642088], [21.7608008, 48.4626634], [21.759738, 48.4615052], [21.7596363, 48.4608435], [21.7563856, 48.4607568], [21.7552096, 48.4614786], [21.7542764, 48.462866], [21.7542197, 48.463806], [21.7540103, 48.4649302], [21.754683, 48.4655131], [21.7572272, 48.465581], [21.7581373, 48.4669234], [21.7600143, 48.4686682], [21.76162, 48.4702174], [21.7626207, 48.4724095], [21.7615349, 48.4739812], [21.7595441, 48.4764703], [21.7587409, 48.4780494], [21.7579433, 48.4795346], [21.7557374, 48.4808881], [21.7536784, 48.4821513], [21.7527676, 48.4831626], [21.7511441, 48.4842491], [21.7493279, 48.4861777], [21.7481056, 48.4876515], [21.7471946, 48.4886628], [21.7452149, 48.4886098], [21.7445648, 48.4876509], [21.7447859, 48.4863387], [21.7447242, 48.4850189], [21.7439726, 48.4833982], [21.742163, 48.482879], [21.7399006, 48.4828183], [21.7373613, 48.4826561], [21.734262, 48.4823845], [21.7322883, 48.4822374], [21.7304502, 48.4821879], [21.728912, 48.4818641], [21.7274867, 48.482014], [21.7267167, 48.483029], [21.7260996, 48.4838598], [21.7249283, 48.4844873], [21.7249952, 48.4857131], [21.725022, 48.4875969], [21.7250603, 48.4892927], [21.7257215, 48.4900637], [21.7262298, 48.4910189], [21.7268739, 48.492072], [21.7274167, 48.4924632], [21.7287736, 48.4934412], [21.729435, 48.4942122], [21.7296263, 48.4957238], [21.7306604, 48.4973523], [21.7305689, 48.4988562], [21.7283271, 48.5007732], [21.7267368, 48.5012953], [21.7250395, 48.5012496], [21.7229465, 48.5007224], [21.722031, 48.4994738], [21.7212512, 48.4983229], [21.7197127, 48.4979989], [21.718004, 48.4981411], [21.7165896, 48.4981029], [21.7150683, 48.4974969], [21.7128169, 48.4972478], [21.711345, 48.4981495], [21.7102135, 48.4981189], [21.7085163, 48.4980729], [21.7078987, 48.4989036], [21.7083838, 48.5002349], [21.7091979, 48.5008218], [21.7093771, 48.5025215], [21.709409, 48.5043113], [21.7093514, 48.5052512], [21.7088637, 48.5062737], [21.7075214, 48.5073672], [21.7057835, 48.5079792], [21.7041986, 48.5084071], [21.702732, 48.5092147], [21.7021026, 48.5102333], [21.6995878, 48.511954], [21.6974599, 48.5119904], [21.6956497, 48.5114704], [21.6929246, 48.5097015], [21.6914264, 48.5087192], [21.689446, 48.5086653], [21.686801, 48.5101938], [21.683931, 48.5107746], [21.6806191, 48.5116258], [21.6764699, 48.5122656], [21.6738943, 48.5126659], [21.6713303, 48.5128782], [21.6689311, 48.5127183], [21.6669972, 48.511912], [21.6652516, 48.5103576], [21.662952, 48.5085997], [21.6621149, 48.5083884], [21.6595979, 48.5078484], [21.6584419, 48.5059335], [21.6572324, 48.5026047], [21.6563946, 48.5001336], [21.6562172, 48.4984339], [21.6572122, 48.4961074], [21.6576473, 48.4936713], [21.6583067, 48.4921829], [21.6591308, 48.4903224], [21.6596838, 48.4882662], [21.6590353, 48.4873068], [21.658577, 48.4865555], [21.6583927, 48.4862534], [21.6588812, 48.4852311], [21.659517, 48.4841187], [21.6601762, 48.4826303], [21.6608646, 48.480672], [21.662331, 48.4798649], [21.6644167, 48.4804871], [21.6653246, 48.4818303], [21.6655081, 48.483436], [21.6674642, 48.4838663], [21.6691609, 48.4839128], [21.6703853, 48.4824399], [21.6710325, 48.4811395], [21.6713138, 48.4788874], [21.6718603, 48.4769251], [21.6728717, 48.4743165], [21.6741896, 48.4730479], [21.6746787, 48.472577], [21.6764623, 48.4712135], [21.6760906, 48.4703559], [21.6744642, 48.4691815], [21.6722026, 48.4691195], [21.6705063, 48.469073], [21.6684866, 48.4696767], [21.6661724, 48.4704606], [21.6630626, 48.4703752], [21.6594167, 48.4698041], [21.6563128, 48.4696245], [21.6539802, 48.4684303], [21.6530611, 48.4672751], [21.6531314, 48.4661471], [21.653227, 48.4653552], [21.6508459, 48.4642009], [21.6490848, 48.4629283], [21.6472827, 48.4623135], [21.6418414, 48.4610332], [21.6386086, 48.4606612], [21.6345337, 48.4601716], [21.630544, 48.4588669], [21.6301541, 48.4591936], [21.6298409, 48.4593999], [21.6269685, 48.4609954], [21.6260153, 48.4614606], [21.625527, 48.461878], [21.6250331, 48.4623864], [21.6246448, 48.4626827], [21.6228877, 48.4645399], [21.6216198, 48.4663331], [21.6209284, 48.4674052], [21.6205362, 48.4681313], [21.6197101, 48.4695069], [21.6196351, 48.4699662], [21.6197817, 48.4709379], [21.6201131, 48.4711778], [21.6208089, 48.4715044], [21.6213209, 48.4718112], [21.6224911, 48.472673], [21.6227668, 48.4730655], [21.6228793, 48.4734827], [21.6227922, 48.4752322], [21.6224638, 48.4771449], [21.622325, 48.4789841], [21.6219859, 48.4806962], [21.6217115, 48.4824867], [21.6215715, 48.4843427], [21.6212526, 48.4861004], [21.6209551, 48.4878902], [21.6207226, 48.4897436], [21.6205172, 48.491536], [21.6202188, 48.4926033], [21.6196869, 48.4933413], [21.6188596, 48.4943635], [21.6184652, 48.4951211], [21.618052, 48.4969076], [21.6177932, 48.4969769], [21.6149239, 48.4973886], [21.6137065, 48.4976315], [21.6136617, 48.5009034], [21.6135224, 48.5027437], [21.613723, 48.5046543], [21.6136145, 48.5063717], [21.6138032, 48.5076225], [21.6138101, 48.5089279], [21.6137666, 48.5093216], [21.6112212, 48.5103387], [21.6105748, 48.5106762], [21.6096911, 48.5105334], [21.6085663, 48.5099675], [21.6069516, 48.5086768], [21.6059122, 48.508174], [21.6049358, 48.5080871], [21.6038176, 48.5088265], [21.6025915, 48.50986], [21.6016514, 48.5106045], [21.5997272, 48.5113821], [21.5984569, 48.5117021], [21.5977993, 48.512217], [21.5971342, 48.512851], [21.5959303, 48.5135295], [21.5952915, 48.513749], [21.5931446, 48.5138091], [21.5912065, 48.513398], [21.58876, 48.5125585], [21.5868144, 48.5122664], [21.5861322, 48.5121077], [21.5852744, 48.5112149], [21.583722, 48.5120419], [21.5816454, 48.5131266], [21.5786856, 48.5145675], [21.5769619, 48.5146141], [21.5755123, 48.514859], [21.5729756, 48.516407], [21.5710478, 48.5174005], [21.5685656, 48.5180924], [21.5641493, 48.5198728], [21.5619471, 48.5206679], [21.5592273, 48.5205908], [21.5582497, 48.520182], [21.5566053, 48.5189921], [21.5556828, 48.5177274], [21.555065, 48.5161855], [21.5544166, 48.5151191], [21.5535639, 48.5149996], [21.552239, 48.5155336], [21.549853, 48.5191813], [21.5462764, 48.5212707], [21.5439307, 48.5220613], [21.541137, 48.5231249], [21.5400919, 48.523762], [21.5400181, 48.5249031], [21.5402307, 48.5260524], [21.540077, 48.5284298], [21.5399786, 48.5299513], [21.540142, 48.5318614], [21.5408087, 48.5326425], [21.5441265, 48.532356], [21.5451288, 48.5323846], [21.5464174, 48.5324213], [21.547974, 48.5327514], [21.5488843, 48.5342063], [21.5490603, 48.5359262], [21.549316, 48.5364098], [21.5509279, 48.535884], [21.5529449, 48.5357508], [21.5546571, 48.5358947], [21.5576727, 48.5380762], [21.5582542, 48.5401886], [21.5577328, 48.5416028], [21.5557793, 48.5429764], [21.5557059, 48.5441176], [21.5546812, 48.5466608], [21.5532391, 48.5490015], [21.5504893, 48.5515909], [21.5467979, 48.5532008], [21.542347, 48.5554558], [21.5380698, 48.5572393], [21.5348689, 48.5579101], [21.5319792, 48.5582086], [21.5289709, 48.5581226], [21.5269777, 48.5578751], [21.5269024, 48.5568249], [21.5263726, 48.5561429], [21.5253514, 48.5563994], [21.522811, 48.5579463], [21.5194048, 48.5595635], [21.5169013, 48.5605396], [21.5151326, 48.561251], [21.5144976, 48.5621855], [21.5148406, 48.5635291], [21.5177872, 48.5645664], [21.5222853, 48.5660292], [21.5251014, 48.566872], [21.5277804, 48.5676156], [21.5312513, 48.5694297], [21.5330031, 48.5711946], [21.5337903, 48.5745515], [21.5339598, 48.5763664], [21.5359923, 48.5782346], [21.5389095, 48.5797468], [21.5402688, 48.5809287], [21.5414725, 48.5822968], [21.5419781, 48.5833592], [21.5432066, 48.5843468], [21.5453319, 48.5847884], [21.5481494, 48.5856306], [21.5483255, 48.5873505], [21.5479774, 48.5882933], [21.5456164, 48.5892741], [21.5430301, 48.5892958], [21.5417523, 48.5890689], [21.5408351, 48.587709], [21.5392522, 48.5877591], [21.5359185, 48.5882357], [21.5333076, 48.5886375], [21.532691, 48.5892868], [21.532785, 48.5900517], [21.5348242, 48.5918247], [21.5349059, 48.5927797], [21.5364334, 48.5935855], [21.5391325, 48.5940435], [21.539034, 48.595565], [21.5383312, 48.5975456], [21.5362255, 48.5990098], [21.5335955, 48.599697], [21.5311397, 48.5999127], [21.5299618, 48.6003554], [21.5280053, 48.6017285], [21.5262415, 48.6023449], [21.5230315, 48.6031105], [21.5215668, 48.6035449], [21.5194098, 48.6035784], [21.5181132, 48.6036365], [21.5176273, 48.60448], [21.5165492, 48.6055923], [21.5144549, 48.606866], [21.5127845, 48.6082471], [21.5120557, 48.6106079], [21.5109587, 48.6120054], [21.5100423, 48.6128365], [21.5085523, 48.6136511], [21.5073615, 48.6142838], [21.5054101, 48.6155614], [21.5039199, 48.616376], [21.5031405, 48.6173062], [21.5023487, 48.6184267], [21.501825, 48.6198406], [21.5013033, 48.6215721], [21.5009385, 48.6222047], [21.4996897, 48.623169], [21.4978469, 48.6233302], [21.4961678, 48.6226387], [21.4955785, 48.6217643], [21.4942457, 48.6207255], [21.4932637, 48.6192681], [21.4924121, 48.6184845], [21.4910388, 48.6180164], [21.4893383, 48.6179845], [21.4875197, 48.6187434], [21.4852506, 48.6193356], [21.4835286, 48.6194349], [21.4803314, 48.6191299], [21.4776093, 48.6191161], [21.4752414, 48.619486], [21.4740319, 48.6195193], [21.4735687, 48.619999], [21.4735172, 48.6202474], [21.4737746, 48.6206329], [21.4756731, 48.6212596], [21.4770292, 48.6219421], [21.4780484, 48.6228291], [21.4778749, 48.6238244], [21.4744553, 48.6250113], [21.4723359, 48.626093], [21.4710487, 48.6276276], [21.4694434, 48.6290815], [21.4679598, 48.6303245], [21.4659429, 48.6314805], [21.4644035, 48.6319359], [21.4621441, 48.6318701], [21.4614844, 48.6320652], [21.4614323, 48.6328497], [21.4620861, 48.6343693], [21.464069, 48.6353559], [21.4657623, 48.6358339], [21.467011, 48.6365134], [21.4679794, 48.6365415], [21.4690743, 48.6362876], [21.4701881, 48.6357483], [21.4723401, 48.6358108], [21.4730367, 48.6366885], [21.4732511, 48.6383382], [21.4726612, 48.639107], [21.4712245, 48.6396369], [21.4699285, 48.6396707], [21.4688524, 48.6396394], [21.4680661, 48.6401167], [21.468337, 48.6409106], [21.4694971, 48.6413016], [21.4710877, 48.6417051], [21.4723602, 48.6420279], [21.4729729, 48.6425458], [21.4735714, 48.6432778], [21.4749139, 48.6441742], [21.4767293, 48.6444412], [21.4794709, 48.6453781], [21.481628, 48.6453692], [21.4833547, 48.6453477], [21.4846226, 48.6457417], [21.4856566, 48.6464147], [21.4857356, 48.6484891], [21.4856134, 48.6503433], [21.48522, 48.6514037], [21.486577, 48.6520861], [21.4870866, 48.6541729], [21.4866791, 48.6554473], [21.4865245, 48.6561573], [21.4869923, 48.6572427], [21.4883113, 48.6575931], [21.4885835, 48.6576459], [21.4908441, 48.6577112], [21.4931282, 48.6574199], [21.4948599, 48.6573269], [21.4953982, 48.6573425], [21.4986276, 48.6574355], [21.5009725, 48.6578603], [21.5024235, 48.6587595], [21.5034732, 48.6599937], [21.5037648, 48.6614571], [21.5033388, 48.662044], [21.5015782, 48.6632772], [21.4978775, 48.6645401], [21.4952476, 48.6652346], [21.4938793, 48.6663934], [21.4927408, 48.6679868], [21.4917021, 48.6686749], [21.4920675, 48.6703639], [21.4924039, 48.671144], [21.4944339, 48.6717161], [21.4951292, 48.6729344], [21.4954825, 48.6734581], [21.4974734, 48.6746282], [21.4973892, 48.6759096], [21.4975799, 48.6769422], [21.499083, 48.6776702], [21.5004982, 48.6773452], [21.5015345, 48.6768987], [21.5033762, 48.6773327], [21.5050058, 48.6788086], [21.505549, 48.6793006], [21.5061359, 48.6791269], [21.5062106, 48.6779858], [21.5064227, 48.676944], [21.5069095, 48.6761005], [21.5079271, 48.6759392], [21.5097937, 48.6759928], [21.5117222, 48.6757944], [21.5119661, 48.6757693], [21.5138078, 48.6762032], [21.51535, 48.676819], [21.5160369, 48.677315], [21.5176164, 48.6773603], [21.517635, 48.677075], [21.5191702, 48.6755947], [21.5217857, 48.6751932], [21.5248133, 48.6750892], [21.5285774, 48.6747203], [21.5322673, 48.6754924], [21.5338097, 48.676108], [21.5363881, 48.6762767], [21.538704, 48.6760568], [21.5388722, 48.6756805], [21.5394898, 48.6750312], [21.5397567, 48.6731335], [21.5383562, 48.6703309], [21.5364804, 48.6659905], [21.5343564, 48.6632625], [21.5327868, 48.6586449], [21.5322235, 48.6562472], [21.532273, 48.6554864], [21.5336327, 48.6544773], [21.5354476, 48.6531], [21.5358411, 48.6536828], [21.5369214, 48.6547615], [21.5380573, 48.6549844], [21.5395357, 48.6543596], [21.5397409, 48.6534128], [21.5392901, 48.6514946], [21.5393949, 48.649878], [21.5413961, 48.6478391], [21.543641, 48.6464739], [21.5451561, 48.6452785], [21.5467592, 48.644943], [21.5491802, 48.6452975], [21.5504472, 48.6457145], [21.5533675, 48.6464523], [21.5534178, 48.6464656], [21.5564645, 48.6482667], [21.5573894, 48.6495313], [21.5574287, 48.651152], [21.5566191, 48.6525581], [21.555547, 48.6535756], [21.5541755, 48.6547753], [21.553989, 48.6554368], [21.5552623, 48.6557587], [21.5577514, 48.655067], [21.5590493, 48.6550085], [21.559654, 48.6545493], [21.5606587, 48.6545777], [21.5617457, 48.6555611], [21.5629518, 48.6569289], [21.5636784, 48.6590452], [21.5648752, 48.6627944], [21.5647651, 48.6645061], [21.5645938, 48.6671687], [21.564502, 48.6685951], [21.5644347, 48.6696411], [21.5657909, 48.6709178], [21.5677337, 48.6720206], [21.5686593, 48.6732851], [21.5691236, 48.675013], [21.5678526, 48.6768824], [21.5669238, 48.6779042], [21.5680633, 48.6803179], [21.5679349, 48.6823149], [21.5676873, 48.6839274], [21.5673634, 48.6844899], [21.5678523, 48.6858373], [21.5707124, 48.6861085], [21.5730286, 48.6858879], [21.5735327, 48.6847589], [21.5749534, 48.6827983], [21.5769395, 48.6832352], [21.5794636, 48.6842588], [21.5816944, 48.6853694], [21.5824587, 48.6869151], [21.5819487, 48.6881392], [21.5804515, 48.6890498], [21.5782605, 48.6895598], [21.57702, 48.6909539], [21.5758621, 48.693303], [21.5753641, 48.6943369], [21.5753213, 48.6950025], [21.5763146, 48.695221], [21.5776379, 48.6947819], [21.5794931, 48.6950245], [21.5804011, 48.6965743], [21.5805056, 48.6994351], [21.5795767, 48.7004569], [21.579473, 48.7020735], [21.5810168, 48.7026884], [21.5815305, 48.7036555], [21.5814453, 48.7049868], [21.5808315, 48.7078275], [21.5801505, 48.7117142], [21.5797168, 48.7139883], [21.5784148, 48.7163334], [21.576611, 48.7175211], [21.5744554, 48.7174605], [21.5715874, 48.7172846], [21.5698446, 48.7175213], [21.5683341, 48.7186219], [21.5668419, 48.7194373], [21.5657196, 48.7212157], [21.565386, 48.7241595], [21.5652574, 48.7261564], [21.564034, 48.727265], [21.5631594, 48.7274309], [21.5616151, 48.7268157], [21.560814, 48.7258405], [21.560169, 48.7246791], [21.5584565, 48.7244402], [21.5569517, 48.7254456], [21.5568781, 48.7265867], [21.5579113, 48.7284259], [21.558963, 48.7299799], [21.5606204, 48.7310746], [21.5605284, 48.7325009], [21.5596437, 48.73385], [21.5580536, 48.734321], [21.5567285, 48.7347134], [21.5560355, 48.7353816], [21.5561209, 48.7360718], [21.55659, 48.7368589], [21.5572964, 48.7379965], [21.5562828, 48.7396014], [21.5545128, 48.740841], [21.5518976, 48.7430884], [21.5505965, 48.745115], [21.5484146, 48.7466868], [21.5457766, 48.7492773], [21.5448421, 48.7516581], [21.5452611, 48.7532176], [21.5469038, 48.753952], [21.5483834, 48.7551975], [21.5491975, 48.7566822], [21.5509813, 48.7572485], [21.553616, 48.7567212], [21.5549695, 48.7558997], [21.555878, 48.7559254], [21.557024, 48.7563017], [21.5583108, 48.75651], [21.5602578, 48.7565649], [21.561528, 48.7570306], [21.5617212, 48.7580678], [21.5609393, 48.7601091], [21.5609005, 48.7607099], [21.5617205, 48.7621086], [21.5625794, 48.7629066], [21.5640073, 48.7629469], [21.5661119, 48.7625763], [21.5677884, 48.7627954], [21.5691887, 48.7632647], [21.5709674, 48.7639166], [21.5721302, 48.7640352], [21.5733262, 48.763639], [21.5748203, 48.7626493], [21.5771734, 48.7624574], [21.57951, 48.762523], [21.5822251, 48.762771], [21.5841393, 48.7633405], [21.5861558, 48.7643427], [21.5870041, 48.7653121], [21.5876477, 48.7654161], [21.5887027, 48.7651877], [21.5903045, 48.7645447], [21.5927984, 48.7641845], [21.5959141, 48.7642715], [21.5979911, 48.7643295], [21.5991431, 48.7646195], [21.6002676, 48.7653386], [21.6014579, 48.7650279], [21.6021562, 48.7642736], [21.603341, 48.7640487], [21.6052882, 48.7641029], [21.6074951, 48.7641642], [21.6091828, 48.7642112], [21.610914, 48.7635715], [21.6120453, 48.7621414], [21.6130085, 48.7613084], [21.6144854, 48.7605756], [21.6157944, 48.76044], [21.6174819, 48.7604868], [21.6191585, 48.7607052], [21.6197858, 48.7610664], [21.6204675, 48.7605695], [21.6210683, 48.7592965], [21.6212742, 48.7580986], [21.6232756, 48.7572943], [21.624541, 48.7578452], [21.6243889, 48.7602482], [21.6250103, 48.7627585], [21.6249935, 48.7650793], [21.624371, 48.7666956], [21.6244085, 48.7681581], [21.6261338, 48.7696674], [21.6273074, 48.7716772], [21.6266849, 48.7732934], [21.626203, 48.7747416], [21.625456, 48.7762685], [21.6243466, 48.7773554], [21.623367, 48.778446], [21.6241782, 48.7800159], [21.6253894, 48.7834882], [21.6258867, 48.7859092], [21.6272606, 48.7888702], [21.6271791, 48.7901575], [21.6271086, 48.7912732], [21.6246945, 48.7924101], [21.6240233, 48.7927354], [21.622989, 48.7946841], [21.6221063, 48.7962932], [21.6218676, 48.798006], [21.6214289, 48.7987676], [21.6204488, 48.7998581], [21.6185974, 48.8003227], [21.6177962, 48.8006444], [21.6170921, 48.8014846], [21.6159874, 48.8024857], [21.6151752, 48.802979], [21.6143521, 48.803644], [21.6142812, 48.8047596], [21.6141503, 48.8068193], [21.6132235, 48.8091148], [21.6113815, 48.811471], [21.6088198, 48.8128614], [21.6063509, 48.8127928], [21.6047916, 48.8127495], [21.6027987, 48.8133818], [21.6001341, 48.8143393], [21.597925, 48.8142778], [21.5953261, 48.8142054], [21.5945306, 48.8144712], [21.5932086, 48.8147481], [21.5917078, 48.8158239], [21.5907212, 48.8169999], [21.5895387, 48.8192022], [21.5899541, 48.8208473], [21.5900016, 48.8221382], [21.5911109, 48.8231149], [21.5939702, 48.8231946], [21.5972249, 48.8231994], [21.5997217, 48.8228391], [21.6017847, 48.8231544], [21.6025098, 48.8240343], [21.6022922, 48.8254038], [21.6015876, 48.8262439], [21.6009965, 48.8273451], [21.6009691, 48.8277742], [21.6013261, 48.8282999], [21.6024796, 48.8285899], [21.6032102, 48.829384], [21.6031814, 48.8318764], [21.6036945, 48.8340399], [21.6044184, 48.8369831], [21.6040489, 48.8386922], [21.6028022, 48.8398612], [21.6021138, 48.8404438], [21.601929, 48.8412984], [21.6012847, 48.842364], [21.6005743, 48.84329], [21.5996039, 48.8442086], [21.5987909, 48.8447018], [21.5986389, 48.8450415], [21.5992561, 48.8455745], [21.6007836, 48.8461328], [21.602452, 48.8465231], [21.6044134, 48.8464057], [21.6053838, 48.845487], [21.6076653, 48.8444327], [21.609502, 48.8442257], [21.6107859, 48.8445193], [21.6116578, 48.8451452], [21.6115704, 48.8465183], [21.6101882, 48.8477696], [21.608454, 48.8484092], [21.6069854, 48.8489703], [21.6059013, 48.8496279], [21.605863, 48.8502287], [21.6065557, 48.8516234], [21.6068747, 48.8527499], [21.606679, 48.8537761], [21.6053074, 48.8548557], [21.6034757, 48.8549767], [21.6003436, 48.8550616], [21.5990869, 48.8543388], [21.5977058, 48.8535267], [21.5965409, 48.8534083], [21.5950774, 48.8538833], [21.5939711, 48.8548841], [21.5928593, 48.8559708], [21.5918665, 48.8572327], [21.5908901, 48.8582371], [21.5902874, 48.8595098], [21.5902324, 48.860368], [21.5904265, 48.8614051], [21.5913095, 48.8618596], [21.5929894, 48.8620784], [21.5943762, 48.8628048], [21.5950852, 48.8639422], [21.5950029, 48.8652294], [21.594173, 48.86598], [21.5938634, 48.8667452], [21.5939055, 48.8681219], [21.5931617, 48.8695626], [21.5923317, 48.8703133], [21.5919029, 48.8709031], [21.5915713, 48.8720115], [21.5892992, 48.8728938], [21.585726, 48.8737397], [21.5842619, 48.8742146], [21.5831549, 48.8752154], [21.5823357, 48.8757943], [21.5817436, 48.8768953], [21.5815859, 48.8773208], [21.5815252, 48.8782648], [21.5818328, 48.8795629], [21.5824338, 48.8803535], [21.583414, 48.8813265], [21.5833865, 48.8817556], [21.5826752, 48.8826814], [21.5816011, 48.8831672], [21.5814158, 48.8840218], [21.5813386, 48.8852232], [21.580442, 48.8870035], [21.5795894, 48.8880973], [21.5775435, 48.8895016], [21.5772224, 48.8904382], [21.5759848, 48.8914352], [21.574091, 48.8924998], [21.5740523, 48.8931005], [21.5724075, 48.894344], [21.5705633, 48.8946362], [21.5683507, 48.8945741], [21.5671849, 48.8944554], [21.5647564, 48.8936994], [21.5639009, 48.8928156], [21.5632446, 48.8928832], [21.5622725, 48.8938015], [21.5611536, 48.8949737], [21.5590379, 48.89543], [21.5556984, 48.8946481], [21.5536439, 48.8941604], [21.5523869, 48.8934371], [21.5523848, 48.8914597], [21.5524516, 48.8904299], [21.5523994, 48.8892248], [21.5524662, 48.8881951], [21.5511928, 48.8877293], [21.5496312, 48.8876852], [21.5474822, 48.8886562], [21.5459615, 48.8899888], [21.5444128, 48.8917504], [21.5429886, 48.8936015], [21.5415866, 48.8951094], [21.5405749, 48.8966282], [21.5387767, 48.8982108], [21.5375046, 48.8997223], [21.5360057, 48.9007115], [21.5337649, 48.9010778], [21.5300811, 48.9015751], [21.5283721, 48.9017845], [21.5262839, 48.9018111], [21.5248857, 48.9012555], [21.5249531, 48.9002257], [21.5260449, 48.899483], [21.5271255, 48.8989119], [21.5260046, 48.8981063], [21.5243125, 48.8980582], [21.5226542, 48.8974951], [21.5214772, 48.8975476], [21.5190613, 48.8985965], [21.5189882, 48.899712], [21.5194189, 48.9010999], [21.5185479, 48.9024507], [21.5180673, 48.9038125], [21.51714, 48.9060214], [21.5159747, 48.9078796], [21.5143111, 48.9093797], [21.5136264, 48.909876], [21.5140217, 48.9102837], [21.5158395, 48.9099391], [21.5200842, 48.9088565], [21.5237406, 48.9087886], [21.5256541, 48.9094448], [21.5270356, 48.9102578], [21.5276304, 48.9111345], [21.528434, 48.9108134], [21.5299502, 48.9095669], [21.5312913, 48.9090031], [21.5330915, 48.9093981], [21.5341847, 48.9106327], [21.5342197, 48.9120952], [21.5354601, 48.9130761], [21.5374817, 48.9140791], [21.5392541, 48.914903], [21.5416944, 48.9154879], [21.5445365, 48.9159121], [21.5468913, 48.9158067], [21.5479832, 48.9150638], [21.5484518, 48.9138734], [21.5492199, 48.9120897], [21.5501647, 48.9116005], [21.5522756, 48.9112302], [21.5551176, 48.9116542], [21.5572062, 48.911627], [21.5590456, 48.9114209], [21.5601483, 48.9105062], [21.5626774, 48.9097176], [21.5635887, 48.9097433], [21.5647549, 48.909862], [21.5657021, 48.9113501], [21.5667463, 48.9133568], [21.5668958, 48.9150804], [21.5660092, 48.9166889], [21.5627788, 48.9182316], [21.5605318, 48.9186843], [21.5572098, 48.9196225], [21.554866, 48.9195565], [21.5529072, 48.9195873], [21.5519957, 48.9195616], [21.5504053, 48.9199466], [21.5501003, 48.9206257], [21.5509505, 48.9215954], [21.5506809, 48.9237371], [21.549816, 48.9250023], [21.5472524, 48.9263055], [21.5456394, 48.9270337], [21.5436245, 48.9279224], [21.54371, 48.9286126], [21.5444747, 48.9288921], [21.5460096, 48.9293653], [21.5479185, 48.930107], [21.548927, 48.9306513], [21.5493755, 48.9317816], [21.5488453, 48.9339159], [21.5477662, 48.9364646], [21.5473363, 48.9370543], [21.5452875, 48.9384579], [21.5438044, 48.9391898], [21.5433968, 48.9394362], [21.5419192, 48.9400822], [21.5421574, 48.9404328], [21.5439755, 48.9405701], [21.5453414, 48.9416404], [21.5456764, 48.9425096], [21.5451106, 48.9431813], [21.5436329, 48.9438274], [21.5420696, 48.9437832], [21.540376, 48.9437353], [21.5382413, 48.9444487], [21.5364973, 48.945173], [21.5345039, 48.9457184], [21.5328957, 48.9463606], [21.5311403, 48.9472565], [21.5308686, 48.9474207], [21.5302857, 48.9483499], [21.5289379, 48.9489994], [21.5280123, 48.9492549], [21.5266781, 48.9496231], [21.523869, 48.9506609], [21.5206182, 48.9524599], [21.5173502, 48.9545162], [21.5149372, 48.9554791], [21.513844, 48.9562217], [21.5118499, 48.9567666], [21.5102241, 48.957666], [21.5081848, 48.9588974], [21.5065984, 48.9591959], [21.5054256, 48.9591624], [21.5046833, 48.9585394], [21.5043094, 48.9582708], [21.5032612, 48.9583268], [21.5025814, 48.9587372], [21.5015332, 48.9587932], [21.4999209, 48.9584808], [21.4993149, 48.9586207], [21.4993667, 48.9596438], [21.4992942, 48.960742], [21.4982221, 48.9607113], [21.4965491, 48.960742], [21.4962798, 48.9612058], [21.49672, 48.9617686], [21.496777, 48.9627133], [21.4955959, 48.9643298], [21.4936016, 48.9656087], [21.4912653, 48.966642], [21.4891156, 48.9666589], [21.4873234, 48.966686], [21.4859868, 48.9670406], [21.4858469, 48.9673509], [21.4856758, 48.9681319], [21.4848054, 48.968657], [21.4853751, 48.9690663], [21.4860275, 48.9700282], [21.4875864, 48.9717233], [21.4884149, 48.9736333], [21.488373, 48.9760684], [21.4876784, 48.9775417], [21.4849319, 48.979349], [21.4829055, 48.9810983], [21.4797289, 48.9821858], [21.4776664, 48.9826765], [21.4749202, 48.982676], [21.4718582, 48.9820376], [21.4692416, 48.9818835], [21.4657344, 48.9807605], [21.4640817, 48.9804769], [21.4629778, 48.9809165], [21.4618372, 48.9819052], [21.460707, 48.982737], [21.4599447, 48.9834223], [21.4582853, 48.9850246], [21.4571917, 48.9853073], [21.4561506, 48.9848056], [21.4550375, 48.9835945], [21.4542348, 48.9830996], [21.4525663, 48.9830513], [21.4525138, 48.9838356], [21.4515955, 48.9850665], [21.4499988, 48.9857274], [21.4486458, 48.9863169], [21.4471735, 48.9869029], [21.4450176, 48.9869974], [21.4427268, 48.9873237], [21.4418609, 48.9877701], [21.4409475, 48.9889224], [21.4384794, 48.990108], [21.4366018, 48.9913893], [21.4343823, 48.9924249], [21.432356, 48.9923658], [21.4308992, 48.9927162], [21.4305921, 48.993729], [21.428767, 48.9942258], [21.4272227, 48.9941021], [21.4249897, 48.9935653], [21.4236786, 48.9935269], [21.4225581, 48.9942015], [21.4218825, 48.9953606], [21.4218083, 48.9964587], [21.4197896, 48.99805], [21.4184861, 48.9996623], [21.4183085, 49.0005216], [21.4180831, 49.0020869], [21.4174522, 49.0043476], [21.4177264, 49.0056467], [21.4167961, 49.0062863], [21.4149976, 49.0066503], [21.4124234, 49.0072417], [21.4108382, 49.0081954], [21.4090813, 49.0098109], [21.4083587, 49.0111234], [21.4072518, 49.0128927], [21.4046141, 49.0140142], [21.4026661, 49.0147071], [21.4001367, 49.0146326], [21.3967502, 49.0141161], [21.3934223, 49.0146014], [21.3893468, 49.0148979], [21.3871853, 49.0150008], [21.3844598, 49.0140866], [21.3820158, 49.0127639], [21.3799285, 49.0117852], [21.3787037, 49.0111654], [21.3766746, 49.0111886], [21.3746341, 49.0113781], [21.3727029, 49.011821], [21.3705473, 49.0118403], [21.3690355, 49.0117121], [21.3677937, 49.0113417], [21.3665634, 49.010805], [21.3645108, 49.0093268], [21.3639592, 49.0099773], [21.3632697, 49.0107904], [21.3617927, 49.0119968], [21.3601201, 49.0123637], [21.3571655, 49.0129425], [21.3529635, 49.013234], [21.3500031, 49.0138958], [21.3458928, 49.0146899], [21.3428058, 49.0153477], [21.339207, 49.0160735], [21.3339177, 49.0174154], [21.3315257, 49.0190107], [21.3294725, 49.0211998], [21.3284252, 49.0235024], [21.3279814, 49.0262399], [21.3286646, 49.0291781], [21.3292328, 49.031946], [21.3309109, 49.0351641], [21.3319971, 49.0377808], [21.3334288, 49.0390742], [21.3349298, 49.0393693], [21.3365459, 49.0398345], [21.3369885, 49.0407648], [21.3372989, 49.0417744], [21.3381155, 49.0427991], [21.340002, 49.0430224], [21.341388, 49.0449811], [21.340548, 49.046123], [21.3391788, 49.0475825], [21.3356234, 49.0494765], [21.3324421, 49.0496312], [21.3296406, 49.0497972], [21.3271094, 49.0497211], [21.327277, 49.0504052], [21.3276811, 49.0511349], [21.3286835, 49.0524208], [21.3291535, 49.0535113], [21.3297061, 49.0547239], [21.3312617, 49.0559068], [21.3326357, 49.0570842], [21.3345712, 49.0580392], [21.3353097, 49.0591975], [21.3352559, 49.0599733], [21.3346365, 49.0610311], [21.3329439, 49.0618175], [21.3296125, 49.0626145], [21.3274206, 49.0627281], [21.3261451, 49.0627496], [21.3258104, 49.0636365], [21.3258638, 49.0641763], [21.3259832, 49.0650769], [21.3252192, 49.0655921], [21.3228082, 49.0662372], [21.3209669, 49.0665406], [21.3192073, 49.0682816], [21.3176626, 49.0695507], [21.3173768, 49.071037], [21.3162161, 49.0720187], [21.3143537, 49.0726203], [21.3130822, 49.072582], [21.3099074, 49.0724264], [21.3063275, 49.0728565], [21.3049651, 49.0728153], [21.3036977, 49.0727172], [21.3028396, 49.0719736], [21.3028073, 49.0711355], [21.30306, 49.0701265], [21.3037053, 49.0687108], [21.3037148, 49.0672759], [21.3031209, 49.06666], [21.3017222, 49.0658402], [21.3002733, 49.0657366], [21.2988161, 49.0657523], [21.2968797, 49.0661122], [21.2943327, 49.0660948], [21.2930361, 49.0664143], [21.2919212, 49.0667393], [21.2902907, 49.06663], [21.2896676, 49.0664316], [21.2888628, 49.0662278], [21.2884045, 49.0662737], [21.2879825, 49.0670981], [21.2876513, 49.0679252], [21.2866019, 49.0686109], [21.2851319, 49.0688055], [21.2823905, 49.0689613], [21.2807348, 49.0692099], [21.2788931, 49.0695126], [21.2758581, 49.0699584], [21.273309, 49.0712561], [21.2710659, 49.0720846], [21.2688672, 49.0735723], [21.266079, 49.0743842], [21.2609438, 49.0762006], [21.2586265, 49.0767874], [21.254691, 49.0770854], [21.252006, 49.0777207], [21.2509644, 49.0782868], [21.2488938, 49.0792398], [21.2477316, 49.0802208], [21.2461193, 49.0811281], [21.2458399, 49.0824949], [21.2458033, 49.0842878], [21.245714, 49.0855409], [21.2458165, 49.0879361], [21.2439968, 49.0891958], [21.2422025, 49.0900975], [21.2403811, 49.0901013], [21.2389019, 49.0904145], [21.2374709, 49.0913273], [21.236152, 49.0919445], [21.2347635, 49.0922605], [21.2330372, 49.0922073], [21.2316914, 49.0919266], [21.2302236, 49.0908049], [21.2293578, 49.0901801], [21.2281072, 49.0898425], [21.2262986, 49.089667], [21.2238156, 49.0900089], [21.222629, 49.09038], [21.2219387, 49.0907881], [21.221325, 49.091726], [21.2206034, 49.0928997], [21.219653, 49.0947242], [21.2191044, 49.0960228], [21.2191491, 49.0979379], [21.2185234, 49.1003106], [21.2171578, 49.1028398], [21.2153814, 49.1060141], [21.213158, 49.1077991], [21.2123974, 49.1095098], [21.2113597, 49.1112717], [21.2112173, 49.1119849], [21.2123431, 49.1127972], [21.2123739, 49.1136354], [21.2120368, 49.114522], [21.2103885, 49.1159062], [21.2092812, 49.1173669], [21.2086241, 49.1189013], [21.2085467, 49.1199754], [21.2094623, 49.1218091], [21.2104128, 49.1216841], [21.2120041, 49.1209146], [21.2105994, 49.123343], [21.2090801, 49.1264629], [21.2076161, 49.1288121], [21.2059393, 49.1308457], [21.2035855, 49.1324721], [21.2013712, 49.1337937], [21.1989274, 49.1350309], [21.1977194, 49.1354568], [21.1975908, 49.1356073], [21.1980105, 49.1363156], [21.1992637, 49.1368952], [21.2025526, 49.1369975], [21.2070052, 49.1372902], [21.2097855, 49.1379172], [21.2127398, 49.1393991], [21.2138258, 49.1406687], [21.2151849, 49.1420703], [21.2155218, 49.1439346], [21.2180234, 49.1451707], [21.2183936, 49.1465725], [21.2185289, 49.1479671], [21.219654, 49.1486971], [21.2211925, 49.1485902], [21.2229548, 49.1486446], [21.2246841, 49.1491615], [21.2261839, 49.149594], [21.2270851, 49.1501625], [21.2285905, 49.1505179], [21.2306724, 49.1510455], [21.2332921, 49.1522849], [21.2348655, 49.1533375], [21.2359799, 49.1542215], [21.2365233, 49.1548561], [21.2381905, 49.1545984], [21.2402267, 49.1541203], [21.2425713, 49.1542696], [21.2442844, 49.1550174], [21.2457186, 49.1563746], [21.2471089, 49.1583483], [21.2488057, 49.1593272], [21.2506037, 49.160541], [21.251735, 49.1611936], [21.2518166, 49.1618962], [21.2518712, 49.1625881], [21.2513353, 49.1634986], [21.249826, 49.1648427], [21.249167, 49.1658267], [21.2487177, 49.1669107], [21.2478769, 49.1678955], [21.24703, 49.1689644], [21.2453677, 49.1699409], [21.2432571, 49.1707184], [21.2429467, 49.1714668], [21.2422459, 49.1722875], [21.2420577, 49.1731239], [21.2413208, 49.1744488], [21.2404377, 49.1760219], [21.2403416, 49.1773664], [21.2392561, 49.1781753], [21.238537, 49.1792481], [21.2383307, 49.1803366], [21.2373372, 49.1816536], [21.2363136, 49.1833907], [21.2352099, 49.1844516], [21.2337395, 49.1852486], [21.232794, 49.1858933], [21.2330082, 49.1864894], [21.2342181, 49.1875373], [21.2334868, 49.1887781], [21.231944, 49.1905835], [21.2311085, 49.1914842], [21.2310362, 49.1924926], [21.2306641, 49.1940981], [21.2297923, 49.195503], [21.2284438, 49.1963879], [21.2286219, 49.1974883], [21.2274634, 49.1993054], [21.2266457, 49.199954], [21.2255836, 49.2004266], [21.225383, 49.201431], [21.2249258, 49.2024276], [21.2239255, 49.2038285], [21.2230715, 49.2049812], [21.2216185, 49.2055259], [21.2205683, 49.2058304], [21.2207523, 49.2068467], [21.2213211, 49.2078749], [21.2212305, 49.2091354], [21.2211459, 49.2103119], [21.2197545, 49.2117849], [21.2187599, 49.2131017], [21.2175087, 49.2144106], [21.2172776, 49.2158352], [21.2169363, 49.2170037], [21.2161001, 49.2179043], [21.2152275, 49.2193091], [21.2150569, 49.2198934], [21.2155034, 49.2208336], [21.2154308, 49.221842], [21.2162562, 49.2228781], [21.2161655, 49.2241386], [21.2160505, 49.2257353], [21.2160142, 49.2262394], [21.2149333, 49.226964], [21.2136799, 49.2276546], [21.2121701, 49.2286186], [21.2108996, 49.2291183], [21.2098933, 49.2302326], [21.2096395, 49.2308985], [21.2091658, 49.2317597], [21.2075928, 49.2335975], [21.2066259, 49.2355889], [21.2058198, 49.2367767], [21.2053266, 49.2379068], [21.2049166, 49.239309], [21.2048486, 49.2402501], [21.2049859, 49.2411977], [21.2040576, 49.2426512], [21.2022198, 49.2438743], [21.2009195, 49.2447773], [21.199849, 49.2453505], [21.1989886, 49.2458628], [21.1992528, 49.2464774], [21.1993901, 49.2474249], [21.1993317, 49.2482316], [21.1982026, 49.2496115], [21.1972492, 49.2499861], [21.1955964, 49.2500696], [21.1955526, 49.2506746], [21.1956946, 49.2515549], [21.194668, 49.2529379], [21.1944188, 49.2535365], [21.1948884, 49.2541575], [21.1952359, 49.2550442], [21.1950796, 49.2557805], [21.1938768, 49.2567538], [21.1931286, 49.2571348], [21.1923901, 49.2573813], [21.1915051, 49.2582297], [21.1907081, 49.259283], [21.1900333, 49.2600705], [21.1887617, 49.2605699], [21.1875194, 49.2606661], [21.1866782, 49.2609094], [21.1852451, 49.2607974], [21.1847854, 49.2614568], [21.1838267, 49.2618986], [21.1833817, 49.2623564], [21.1838512, 49.2629774], [21.1838953, 49.2637873], [21.1838464, 49.2644595], [21.1833818, 49.2651862], [21.182829, 49.265708], [21.1815915, 49.2657368], [21.1796398, 49.265676], [21.1785147, 49.2655735], [21.177781, 49.2657528], [21.1776391, 49.2662873], [21.1771743, 49.267014], [21.1759269, 49.2671772], [21.1740387, 49.2676572], [21.171147, 49.2680205], [21.1696948, 49.2679258], [21.1683985, 49.2676292], [21.1668822, 49.2672449], [21.1652779, 49.2666557], [21.1637371, 49.2666074], [21.162387, 49.2667673], [21.1608751, 49.2677306], [21.1601849, 49.2687196], [21.159945, 49.2691837], [21.1589762, 49.2697597], [21.1583204, 49.2702782], [21.1569652, 49.2705052], [21.1556002, 49.2708666], [21.1541077, 49.2715609], [21.1524393, 49.2718454], [21.1520185, 49.271967], [21.1513627, 49.2724854], [21.1498701, 49.2731796], [21.1490088, 49.2736916], [21.1484556, 49.2742132], [21.1485188, 49.2747542], [21.1469916, 49.275919], [21.1455335, 49.2761426], [21.1449022, 49.2763249], [21.1440012, 49.2773746], [21.1418425, 49.2787215], [21.1404523, 49.2794189], [21.1388814, 49.2797737], [21.1380693, 49.2796133], [21.1373501, 49.2795906], [21.1360825, 49.2800223], [21.135128, 49.2803965], [21.134868, 49.2811294], [21.1356305, 49.281962], [21.135475, 49.2829543], [21.1334186, 49.2843043], [21.1326249, 49.28529], [21.1325604, 49.2861638], [21.132486, 49.2871721], [21.1320154, 49.2879658], [21.13153, 49.2889612], [21.1319063, 49.2894447], [21.1320672, 49.2900562], [21.1316895, 49.2909875], [21.13162, 49.2919286], [21.1313252, 49.2931321], [21.1305745, 49.2949276], [21.1298685, 49.2961181], [21.1297062, 49.2969215], [21.1299401, 49.2979396], [21.1300513, 49.2992232], [21.1299719, 49.3002988], [21.1288944, 49.3009385], [21.1285512, 49.3013993], [21.12786, 49.3023881], [21.1272814, 49.3032458], [21.1272268, 49.3039852], [21.127333, 49.3053361], [21.1267196, 49.3066643], [21.1254645, 49.308309], [21.1252772, 49.3094485], [21.1247964, 49.3103766], [21.1233803, 49.3114099], [21.1224002, 49.31212], [21.1214053, 49.3130318], [21.1202245, 49.3136682], [21.1181084, 49.3144097], [21.1163306, 49.3147577], [21.1153753, 49.3151317], [21.1144001, 49.3157745], [21.1142474, 49.3164435], [21.1140698, 49.3174485], [21.1134079, 49.3180339], [21.1114193, 49.3184425], [21.1089994, 49.3191068], [21.1062959, 49.3194252], [21.1035596, 49.3187993], [21.1013325, 49.3182568], [21.099321, 49.3175864], [21.0984257, 49.3171536], [21.0969861, 49.3171077], [21.0945034, 49.3172308], [21.0911729, 49.3176636], [21.0889986, 49.3177964], [21.0875591, 49.3177504], [21.0862525, 49.3173044], [21.0845347, 49.3168452], [21.083108, 49.3152499], [21.0814758, 49.313648], [21.0801673, 49.3118543], [21.0789062, 49.3108032], [21.0779113, 49.3089521], [21.0776511, 49.3069224], [21.0779222, 49.3060551], [21.0792463, 49.3048847], [21.0804224, 49.3043159], [21.0824358, 49.3035718], [21.0831705, 49.3033931], [21.0836269, 49.3028013], [21.083785, 49.3020652], [21.0843391, 49.3015439], [21.0858435, 49.300716], [21.0869165, 49.3001439], [21.0879695, 49.2998407], [21.088318, 49.2993128], [21.0887492, 49.299057], [21.0907724, 49.2981783], [21.0910582, 49.2971093], [21.0901733, 49.2965421], [21.0896068, 49.2958502], [21.0903614, 49.2954026], [21.0915421, 49.2947665], [21.0921161, 49.2939763], [21.0928431, 49.2925171], [21.0935249, 49.2916629], [21.0944021, 49.2909498], [21.0948683, 49.2902234], [21.0946001, 49.2896759], [21.0940036, 49.2893873], [21.0928405, 49.2884069], [21.0915949, 49.2871543], [21.0915573, 49.2862772], [21.0916275, 49.2853361], [21.0916827, 49.2845967], [21.0911514, 49.2834343], [21.0907805, 49.2828834], [21.0908206, 49.2823456], [21.0918732, 49.2820423], [21.0923443, 49.2812488], [21.0918081, 49.2801536], [21.0901641, 49.2801011], [21.0893422, 49.2800749], [21.0889111, 49.2803306], [21.0871768, 49.2814881], [21.0857658, 49.2824537], [21.0847757, 49.2832979], [21.0833121, 49.283588], [21.0823873, 49.2835584], [21.0820388, 49.2840863], [21.0808582, 49.2847223], [21.0794147, 49.2847435], [21.0774623, 49.284681], [21.0753045, 49.2846118], [21.0728837, 49.2839277], [21.072235, 49.2829636], [21.0712428, 49.2824601], [21.0694979, 49.2837517], [21.0680039, 49.2844449], [21.0670993, 49.2841463], [21.0655631, 49.2840296], [21.0634525, 49.2847029], [21.0617832, 49.2849861], [21.0602115, 49.2853398], [21.058527, 49.2858246], [21.0574437, 49.2865309], [21.0563959, 49.2867667], [21.0551628, 49.2867269], [21.0537242, 49.2866806], [21.0523783, 49.2867719], [21.0519318, 49.2872292], [21.0502623, 49.2875122], [21.04755, 49.2879637], [21.0458602, 49.2885156], [21.0456039, 49.2891811], [21.0443466, 49.290825], [21.0441321, 49.2923005], [21.0437324, 49.2935004], [21.0435839, 49.2941021], [21.043292, 49.2952381], [21.0425737, 49.2965625], [21.0403391, 49.297501], [21.0381666, 49.2989805], [21.0351248, 49.2996905], [21.0322266, 49.2998661], [21.0304937, 49.2998908], [21.0287617, 49.2996325], [21.0272097, 49.2997169], [21.0271536, 49.3004563], [21.0265734, 49.3013134], [21.0263117, 49.3020461], [21.0255054, 49.3031654], [21.0254748, 49.3035687], [21.0260149, 49.304597], [21.0261389, 49.3056791], [21.0250343, 49.306654], [21.0240479, 49.3074305], [21.0217097, 49.3083653], [21.0195924, 49.309105], [21.016606, 49.3090753], [21.013342, 49.3086321], [21.0122573, 49.3079903], [21.0105866, 49.3069251], [21.0105966, 49.305443], [21.011727, 49.3041322], [21.0129294, 49.303228], [21.013068, 49.3027609], [21.0125332, 49.3016653], [21.0118134, 49.3002942], [21.0112377, 49.2997364], [21.0102099, 49.2997029], [21.0088122, 49.3004659], [21.0072654, 49.3004828], [21.0053638, 49.2997469], [21.0037193, 49.2996932], [21.00245, 49.3001234], [21.0012989, 49.3003553], [21.0012475, 49.3010275], [21.0002762, 49.3016022], [20.9993357, 49.3017736], [20.9977528, 49.3022609], [20.9945202, 49.3027615], [20.9930554, 49.3030505], [20.992973, 49.3041259], [20.9936977, 49.3040823], [20.9947102, 49.3043176], [20.9947769, 49.3047914], [20.9952909, 49.3048083], [20.9966272, 49.304852], [20.9984774, 49.3049125], [20.9994642, 49.3054839], [21.0000244, 49.3062434], [20.9999628, 49.30705], [20.9999114, 49.3077221], [21.0004973, 49.3081456], [21.0010987, 49.3083674], [21.002836, 49.3085589], [21.0032318, 49.308774], [21.0044346, 49.3092176], [21.0054574, 49.3093183], [21.0068966, 49.3093653], [21.0069687, 49.3097719], [21.0065884, 49.3107029], [21.007154, 49.3113952], [21.0074882, 49.3124168], [21.0075244, 49.313294], [21.007432, 49.3145038], [21.0074528, 49.3155826], [21.0074735, 49.3166614], [21.0081419, 49.3173571], [21.0100852, 49.3175552], [21.0106508, 49.3182475], [21.0110519, 49.3183953], [21.0114478, 49.3186103], [21.0124965, 49.318375], [21.0139871, 49.3177497], [21.0156322, 49.3178033], [21.016532, 49.3181694], [21.0172057, 49.3187978], [21.0177715, 49.31949], [21.0190002, 49.3195974], [21.0200131, 49.3198325], [21.0205738, 49.3205919], [21.0207283, 49.3212707], [21.0211658, 49.3222957], [21.0204619, 49.3234183], [21.0217833, 49.3236634], [21.0235008, 49.3241234], [21.0245758, 49.3248995], [21.0255531, 49.3256051], [21.0258418, 49.3272316], [21.0262692, 49.328391], [21.0271284, 49.3292948], [21.0281314, 49.3296642], [21.0288615, 49.3295532], [21.0297871, 49.3295832], [21.0320496, 49.3296565], [21.033135, 49.3302981], [21.0342103, 49.3310741], [21.0341237, 49.3322168], [21.0354149, 49.332865], [21.0370503, 49.3330527], [21.0384291, 49.3339059], [21.0387693, 49.3348602], [21.0390168, 49.3356767], [21.0400555, 49.3355756], [21.0410372, 49.3348661], [21.0414791, 49.3344761], [21.0423581, 49.3340329], [21.0438286, 49.3336761], [21.0451758, 49.3335848], [21.0462044, 49.333618], [21.0476392, 49.3337317], [21.04873, 49.3343059], [21.0496976, 49.3351457], [21.0506349, 49.3363887], [21.0512331, 49.3380251], [21.0516815, 49.3389155], [21.052587, 49.3392142], [21.0530963, 49.339298], [21.0537287, 49.3391162], [21.0549681, 49.3390888], [21.0559765, 49.3393908], [21.0572783, 49.3399043], [21.0580556, 49.3405357], [21.0582781, 49.3416883], [21.0586238, 49.3425754], [21.0589391, 49.3438657], [21.0590638, 49.3449478], [21.0598312, 49.3457137], [21.0602848, 49.3465368], [21.0612984, 49.3467715], [21.0624301, 49.3468079], [21.0628416, 49.3468211], [21.0636124, 49.3461721], [21.0645838, 49.3455969], [21.0658841, 49.3447627], [21.0680174, 49.3438205], [21.06938, 49.3435273], [21.0709231, 49.3435767], [21.0718964, 49.3443491], [21.072448, 49.3452427], [21.0724248, 49.3469264], [21.0739136, 49.3449528], [21.0751108, 49.3441152], [21.0762474, 49.3440842], [21.0779812, 49.3443418], [21.0788769, 49.3447747], [21.0792834, 49.3448551], [21.079956, 49.3441355], [21.0812711, 49.3430995], [21.0829624, 49.3425471], [21.084356, 49.3423895], [21.0853545, 49.3428257], [21.0858991, 49.3424388], [21.0858515, 49.3416961], [21.0879015, 49.3404814], [21.0894596, 49.3403289], [21.0918206, 49.3404716], [21.0945831, 49.3407618], [21.0951201, 49.3418569], [21.0957951, 49.3424848], [21.0968338, 49.3423832], [21.0986505, 49.3429126], [21.0988112, 49.3435241], [21.0989568, 49.3443373], [21.099692, 49.3441585], [21.1014081, 49.3432698], [21.1021232, 49.34336], [21.1028484, 49.3433156], [21.1030892, 49.3428516], [21.1046973, 49.3420268], [21.1067598, 49.342025], [21.1077536, 49.3425282], [21.1086774, 49.3439724], [21.1085675, 49.3454512], [21.1086204, 49.3461266], [21.1095663, 49.3458872], [21.111553, 49.344131], [21.1127929, 49.3438199], [21.1131784, 49.3437407], [21.1147825, 49.3434113], [21.1168401, 49.3434765], [21.1187748, 49.3438073], [21.1203511, 49.3448004], [21.1210596, 49.3463725], [21.1209899, 49.3473136], [21.1213268, 49.3483349], [21.123051, 49.3487262], [21.1241529, 49.3491653], [21.1249213, 49.3499307], [21.1249197, 49.3513456], [21.1258209, 49.3517109], [21.1284812, 49.3519971], [21.130642, 49.3520652], [21.1326553, 49.3527351], [21.1335218, 49.3535709], [21.1338589, 49.3545922], [21.1329513, 49.355709], [21.1318031, 49.3572898], [21.1318947, 49.3588423], [21.1327712, 49.3595437], [21.1331765, 49.3610387], [21.1328714, 49.3623766], [21.1320914, 49.3631605], [21.1305958, 49.3638545], [21.128071, 49.364516], [21.1260443, 49.3668102], [21.1223157, 49.3697917], [21.1198536, 49.370994], [21.1188856, 49.3729173], [21.1178943, 49.3737618], [21.1161924, 49.3744491], [21.1150931, 49.3753576], [21.1150082, 49.3765003], [21.1141778, 49.3779563], [21.1129954, 49.3785926], [21.1106176, 49.378652], [21.1085536, 49.3786539], [21.1072882, 49.3790181], [21.1065954, 49.3800067], [21.1052515, 49.3817024], [21.1031851, 49.3831191], [21.1026932, 49.3841815], [21.1005889, 49.384721], [21.0993761, 49.3857605], [21.099238, 49.3862277], [21.0998635, 49.3875278], [21.0996075, 49.3881934], [21.0976989, 49.3888738], [21.0960263, 49.3891575], [21.0946676, 49.3893838], [21.0939694, 49.3904396], [21.0934144, 49.3909609], [21.0919024, 49.3918561], [21.0909405, 49.3922971], [21.0895716, 49.3926577], [21.0881876, 49.39322], [21.0870398, 49.3933855], [21.0861707, 49.3939642], [21.0838195, 49.3950346], [21.0802476, 49.3958639], [21.0782859, 49.3958686], [21.0771955, 49.3966422], [21.0760425, 49.3968749], [21.0753115, 49.3969863], [21.0752863, 49.3973223], [21.0754216, 49.3982699], [21.0766999, 49.3991193], [21.0775613, 49.4000228], [21.0778097, 49.4008392], [21.0777542, 49.4015786], [21.0756712, 49.4031964], [21.0740303, 49.4044241], [21.0714572, 49.4056893], [21.0686155, 49.4064068], [21.0664018, 49.4070097], [21.0643214, 49.4072125], [21.0622613, 49.4071464], [21.0606284, 49.4068919], [21.0599023, 49.4069359], [21.0590529, 49.4072455], [21.0580752, 49.4078879], [21.0568305, 49.4093302], [21.0569047, 49.4110844], [21.0567002, 49.4124254], [21.0578755, 49.4132717], [21.0584835, 49.413426], [21.0589276, 49.4143835], [21.0591809, 49.4151328], [21.0600726, 49.4156331], [21.0624421, 49.4157091], [21.0653116, 49.4160032], [21.0685003, 49.4161728], [21.0709002, 49.4158454], [21.0727596, 49.4158375], [21.0742747, 49.4162902], [21.0751464, 49.4170592], [21.0751485, 49.4184068], [21.0741404, 49.4194526], [21.0724989, 49.4206803], [21.0716292, 49.4212588], [21.0710078, 49.4226538], [21.0699024, 49.4236025], [21.0129149, 49.4368232], [20.9757089, 49.4557975], [20.9381164, 49.4762886], [20.9156395, 49.4869496], [20.8990884, 49.5018474], [20.8986743, 49.5021498], [20.8736815, 49.5203954], [20.8726294, 49.5211632], [20.8698765, 49.5231725], [20.8662997, 49.5243818], [20.8649992, 49.5248215], [20.8543491, 49.5284221], [20.8435768, 49.5306678], [20.8237177, 49.5348074], [20.8230926, 49.5349377], [20.8224523, 49.5350712], [20.8140357, 49.5364769], [20.8138645, 49.5365055], [20.8115703, 49.5368886], [20.8046631, 49.5380422], [20.8023144, 49.5384344], [20.8016859, 49.5385394], [20.7985596, 49.5395669], [20.7985075, 49.539584], [20.797849, 49.5398005], [20.7720399, 49.5482823], [20.7527655, 49.5586039], [20.7475718, 49.5613848], [20.7433064, 49.5700793], [20.7375933, 49.5767123], [20.7297492, 49.5878408], [20.7305224, 49.596757], [20.7366919, 49.6072985], [20.7325685, 49.6201567], [20.7247437, 49.6295436], [20.7214671, 49.630796], [20.7210052, 49.6309725], [20.7050356, 49.637076], [20.6928132, 49.6404609], [20.6900821, 49.6412172], [20.6869465, 49.6445815], [20.6910345, 49.6485945], [20.6977038, 49.6533239], [20.6956964, 49.6599998], [20.694788, 49.6630204], [20.6917067, 49.6679829], [20.6841453, 49.67111], [20.6744559, 49.6732115], [20.6565777, 49.6737703], [20.6489694, 49.6756538], [20.6476554, 49.6801958], [20.6515322, 49.6863304], [20.6582958, 49.6909951], [20.6651308, 49.6936686], [20.6659246, 49.699456], [20.6624265, 49.7045057], [20.6471938, 49.7099609], [20.6088611, 49.7164515], [20.5987727, 49.7223048], [20.6003974, 49.7270437], [20.6119817, 49.7330727], [20.6233128, 49.7424371], [20.6338978, 49.7513348], [20.6399986, 49.7579144], [20.63877, 49.7650738], [20.6418777, 49.7700291], [20.6468312, 49.7751962], [20.6447716, 49.7795107], [20.6453897, 49.7829183], [20.6498345, 49.7852357], [20.6519162, 49.7865841], [20.6535809, 49.7876623], [20.6550042, 49.7885842], [20.657163, 49.7912315], [20.6524074, 49.796265], [20.6501233, 49.8004975], [20.6548504, 49.8042986], [20.6609214, 49.8070388], [20.668525, 49.8075247], [20.675225, 49.8084695], [20.680399, 49.8118168], [20.6819637, 49.8140871], [20.6835466, 49.8163836], [20.6835232, 49.8223355], [20.6840009, 49.8294705], [20.6862562, 49.8347941], [20.6898885, 49.8392605], [20.6954484, 49.8433647], [20.7001181, 49.8446716], [20.7166612, 49.8493011], [20.7365023, 49.854853], [20.7557559, 49.8566836], [20.7877724, 49.8597275], [20.8196835, 49.8636946], [20.8313768, 49.8685693], [20.8398625, 49.8737914], [20.8395114, 49.8791889], [20.8395096, 49.8792169], [20.8392812, 49.882728], [20.8308512, 49.8911938], [20.8303274, 49.8920081], [20.8270438, 49.8971128], [20.8252683, 49.8998729], [20.8238893, 49.9020164], [20.8246864, 49.9109313], [20.8255439, 49.9116896], [20.826814, 49.9128127], [20.8389594, 49.923551], [20.8429297, 49.930605], [20.8302098, 49.9355677], [20.8265894, 49.9422849], [20.8320672, 49.9519468], [20.8342439, 49.9557856], [20.8351372, 49.957361], [20.8179756, 49.9593745], [20.8085059, 49.9606533], [20.8034152, 49.9613408], [20.7998003, 49.9618289], [20.7982298, 49.962041], [20.7754279, 49.96512], [20.7597489, 49.9660088], [20.7535461, 49.9663604], [20.7533119, 49.9663684], [20.7378799, 49.9668938], [20.7187174, 49.9664664], [20.716875, 49.9664253], [20.7161138, 49.9664083], [20.7138713, 49.9663583], [20.7126168, 49.9665803], [20.6881956, 49.9709009], [20.6714976, 49.9698618], [20.6713661, 49.9698536], [20.6712754, 49.969848], [20.6679519, 49.9696412], [20.6493575, 49.968484], [20.6492644, 49.9684819], [20.6483502, 49.9684699], [20.6225719, 49.9676716], [20.6181314, 49.9657928], [20.6150844, 49.9645028], [20.6059416, 49.9670103], [20.5989946, 49.9734627], [20.5392669, 49.9738657], [20.469687, 49.9768512], [20.4151542, 49.9739585], [20.3570076, 49.9720067], [20.3363266, 49.9749249], [20.323987, 49.9792323], [20.3190936, 49.9790706], [20.3169863, 49.9763364], [20.3171699, 49.9758245], [20.31913, 49.9703607], [20.3249215, 49.9628556], [20.3258194, 49.9485579], [20.3208715, 49.9328477], [20.3084417, 49.9190273], [20.3080077, 49.9185447], [20.2685833, 49.9078408], [20.2300785, 49.8975432], [20.1783167, 49.8906417], [20.1691718, 49.8934124], [20.16702, 49.8996829], [20.1675883, 49.9041407], [20.1676522, 49.9043016], [20.1705319, 49.9115501], [20.1855288, 49.9218125], [20.2042265, 49.9323322], [20.240887, 49.9417653], [20.2648318, 49.9581703], [20.2799895, 49.9731798], [20.2857861, 49.9829352], [20.2862807, 49.9854952], [20.2863116, 49.9856552], [20.2873924, 49.9912492], [20.2746692, 49.9988287], [20.2517566, 50.005327], [20.212546, 50.0066361], [20.1664522, 50.0097867], [20.0766545, 50.0141939], [20.0609405, 50.0165508], [20.0316392, 50.020941], [20.0310082, 50.0210355], [20.0301648, 50.0211622], [20.0300229, 50.0211856], [20.0009309, 50.0261536], [20.0000885, 50.02629], [19.9988878, 50.0264819], [19.9986621, 50.0266937], [19.9831784, 50.0378344], [19.9618248, 50.0375697], [19.9462946, 50.0305056], [19.9337386, 50.024343], [19.933579, 50.022068], [19.9333803, 50.0192345], [19.9346545, 50.017755], [19.9391607, 50.0125226], [19.9387545, 50.0119323], [19.9386289, 50.0117498], [19.9300392, 49.9992656], [19.9162555, 49.9919959], [19.9047058, 49.9906737], [19.8854812, 49.9896037], [19.8781541, 49.9891959], [19.8705781, 49.9877226], [19.8522196, 49.9841523], [19.8284151, 49.9738508], [19.7691453, 49.9604523], [19.7133246, 49.9604073], [19.664151, 49.9640768], [19.6211133, 49.9683683], [19.5736312, 49.977105], [19.5615323, 49.9816121], [19.5320561, 49.9899954], [19.5054933, 49.9920185], [19.4707586, 49.9893081], [19.4460577, 49.9866511], [19.4393531, 49.968317], [19.4221115, 49.9590973], [19.4142375, 49.9444861], [19.3908576, 49.9270711], [19.3752573, 49.9124829], [19.3633404, 49.9012257], [19.3624489, 49.9003834], [19.350284, 49.8855524], [19.350179, 49.8854243], [19.3483084, 49.8825082], [19.3401215, 49.8697432], [19.3379151, 49.8543957], [19.3168488, 49.8590971], [19.2970242, 49.8687904], [19.282711, 49.8773958], [19.2754581, 49.8794044], [19.2645047, 49.8824377], [19.2639844, 49.8825136], [19.2396557, 49.8860624], [19.2318898, 49.8800081], [19.2175054, 49.8761082], [19.1998395, 49.8797107], [19.1756515, 49.8836776], [19.1408662, 49.8937229], [19.0960933, 49.8926975], [19.0524193, 49.8837988], [19.0310069, 49.8845144], [18.9464236, 49.8626895], [18.9239931, 49.867105], [18.8953501, 49.8739329], [18.8820243, 49.8705015], [18.8678261, 49.862891], [18.8575988, 49.8587566], [18.844157, 49.8564172], [18.8419905, 49.8403235], [18.8484939, 49.8369255], [18.8415457, 49.8344676], [18.8303831, 49.8164425], [18.8221416, 49.8016534], [18.8160248, 49.793362], [18.7981043, 49.795969], [18.791926, 49.8128237], [18.7874163, 49.8308708], [18.7817823, 49.8343497], [18.7758749, 49.835362], [18.7649621, 49.8356676], [18.7556225, 49.8303763], [18.7530122, 49.8290982], [18.7446078, 49.8289091], [18.735132, 49.8218948], [18.7332866, 49.8203383], [18.6969605, 49.8045379], [18.6550415, 49.8029924], [18.6331475, 49.7998661], [18.6325564, 49.7997817], [18.6131127, 49.7970051], [18.6128464, 49.7969671], [18.6084397, 49.7963378], [18.5959863, 49.7945582], [18.4535953, 49.7744485], [18.2723209, 49.7318601], [18.1899234, 49.6607963], [18.1240054, 49.6323417], [17.7971635, 49.5691477], [17.6502214, 49.5272706], [17.6318716, 49.5162476], [17.5582109, 49.4719736], [17.4826799, 49.4130403], [17.5881896, 49.3239068], [17.6000963, 49.2839327], [17.5183862, 49.1749709], [17.5211327, 49.1480298], [17.4765008, 49.1125351], [17.4176216, 49.0094731], [17.4394212, 48.9044497], [17.3164793, 48.8455452], [17.3174668, 48.843809], [17.3176923, 48.8422995], [17.3179028, 48.8408907], [17.3181433, 48.8392807], [17.3188351, 48.8379261], [17.31805, 48.8367469], [17.3172411, 48.8342971], [17.3167838, 48.8330688], [17.3177312, 48.8310153], [17.3179085, 48.8298283], [17.3187308, 48.8286127], [17.3201458, 48.8277178], [17.3216562, 48.8268995], [17.322584, 48.8256908], [17.3217365, 48.8249306], [17.3211437, 48.82461], [17.3192401, 48.8244861], [17.3175481, 48.8243759], [17.3156878, 48.8246778], [17.3134462, 48.8246728], [17.3119657, 48.8245764], [17.3105478, 48.824061], [17.3098911, 48.8234541], [17.3095398, 48.8222326], [17.3100345, 48.8210663], [17.31111, 48.8195853], [17.3113291, 48.8181189], [17.3114961, 48.8170017], [17.3125819, 48.8154509], [17.3149379, 48.8146878], [17.3172847, 48.8146996], [17.3192192, 48.8146141], [17.3209093, 48.8140191], [17.3221661, 48.8134663], [17.3235926, 48.8132066], [17.3250296, 48.8128771], [17.3255879, 48.8119969], [17.3261461, 48.8111166], [17.3276767, 48.8101586], [17.3280667, 48.8096905], [17.3279594, 48.8089784], [17.3280827, 48.8074354], [17.3290621, 48.8058775], [17.3302961, 48.8047591], [17.3323358, 48.8025591], [17.3342733, 48.801704], [17.3365971, 48.80115], [17.3381809, 48.8005478], [17.3382103, 48.7996332], [17.3380699, 48.7984255], [17.3371896, 48.7971698], [17.3373871, 48.7958431], [17.3372554, 48.7938604], [17.3384578, 48.7929515], [17.3396497, 48.7921124], [17.3416559, 48.7915376], [17.3434525, 48.7916543], [17.3456719, 48.7917984], [17.3471411, 48.7919642], [17.3494662, 48.7921151], [17.3510288, 48.7916524], [17.3498955, 48.7906624], [17.3492056, 48.7895601], [17.3484309, 48.7883113], [17.3471156, 48.7863929], [17.3453032, 48.7842307], [17.344423, 48.782975], [17.3435428, 48.7817193], [17.3418711, 48.7807647], [17.3411401, 48.7799417], [17.3411694, 48.779027], [17.34088, 48.7773867], [17.3408868, 48.7759065], [17.3406286, 48.7740567], [17.3397261, 48.7722355], [17.3386228, 48.7703307], [17.3378383, 48.7691516], [17.3362728, 48.7682038], [17.3350779, 48.7676326], [17.3339679, 48.7672079], [17.3328995, 48.7665039], [17.3308372, 48.7653122], [17.3298537, 48.7647546], [17.3295336, 48.7633237], [17.330112, 48.7623038], [17.330668, 48.7607184], [17.3304534, 48.7592944], [17.330715, 48.7582538], [17.3316638, 48.7576105], [17.3323374, 48.7566673], [17.332746, 48.7553543], [17.3344756, 48.7544798], [17.3358796, 48.7543596], [17.3373148, 48.7540299], [17.3383379, 48.7536029], [17.3395515, 48.7533293], [17.3409866, 48.7529995], [17.342813, 48.7529067], [17.3458547, 48.7532453], [17.3484948, 48.7534168], [17.349994, 48.7533731], [17.3522428, 48.7533075], [17.3546821, 48.7533953], [17.3566866, 48.7528203], [17.3592832, 48.7525657], [17.3627557, 48.7521562], [17.3660583, 48.7514537], [17.3681475, 48.751025], [17.3687583, 48.7505005], [17.369516, 48.7497036], [17.3712883, 48.7492543], [17.3719093, 48.74866], [17.3725384, 48.7472907], [17.3737057, 48.7458858], [17.375277, 48.745353], [17.3769974, 48.7452528], [17.3775874, 48.7448679], [17.3777113, 48.7440299], [17.3777606, 48.7429756], [17.3779155, 48.7419281], [17.3784594, 48.7404123], [17.3793923, 48.7384282], [17.3810768, 48.7371271], [17.3834383, 48.7362928], [17.3862348, 48.736121], [17.3883463, 48.7362574], [17.3893298, 48.7368145], [17.3904165, 48.7366732], [17.3917324, 48.7357006], [17.393123, 48.7349444], [17.3953142, 48.7338169], [17.3978453, 48.7332753], [17.4016355, 48.7335902], [17.4031909, 48.734607], [17.4060749, 48.7352864], [17.4089049, 48.7356097], [17.4104063, 48.7357064], [17.4120334, 48.7345636], [17.412165, 48.7318086], [17.4126097, 48.7297226], [17.4129665, 48.7272975], [17.4135128, 48.7235841], [17.4134559, 48.7208264], [17.4121697, 48.7169949], [17.4107468, 48.7133077], [17.4092877, 48.7090825], [17.40815, 48.7050311], [17.4072444, 48.7017596], [17.407272, 48.7000018], [17.4066096, 48.6974345], [17.4048695, 48.6943387], [17.4046124, 48.692945], [17.405497, 48.69086], [17.4062894, 48.688616], [17.4065108, 48.6875109], [17.407225, 48.6862238], [17.4076517, 48.6847708], [17.4079085, 48.683025], [17.4081755, 48.6812092], [17.4071846, 48.6785369], [17.4058699, 48.6766192], [17.4049436, 48.674233], [17.4037113, 48.6717565], [17.4036929, 48.6697109], [17.4041321, 48.6660028], [17.4044532, 48.6645431], [17.4048695, 48.66316], [17.4066692, 48.6612566], [17.4078642, 48.6597559], [17.4077378, 48.6582435], [17.4070996, 48.6561205], [17.4071672, 48.6541883], [17.4086106, 48.6532057], [17.4110713, 48.65193], [17.4112934, 48.6511554], [17.4107961, 48.6501192], [17.4103957, 48.649161], [17.4110334, 48.6477677], [17.4121341, 48.6469064], [17.4129548, 48.64574], [17.4130354, 48.6444543], [17.4130534, 48.6435948], [17.4139395, 48.6427196], [17.4140543, 48.641938], [17.4141378, 48.6413696], [17.4153217, 48.6399399], [17.4174941, 48.6391476], [17.4199598, 48.6393065], [17.4217719, 48.639495], [17.4231655, 48.6395847], [17.4241274, 48.6389295], [17.4249507, 48.6384805], [17.4260718, 48.6374769], [17.4266672, 48.6363677], [17.4265986, 48.6353592], [17.4254893, 48.6340685], [17.4243801, 48.6327779], [17.423914, 48.6315286], [17.4246895, 48.629929], [17.4261497, 48.6280866], [17.4273316, 48.6268179], [17.4281383, 48.6270671], [17.4301747, 48.6271982], [17.4315785, 48.6272169], [17.4332798, 48.6266809], [17.435465, 48.6265346], [17.4380373, 48.6267], [17.4395722, 48.6273007], [17.4414703, 48.6276379], [17.4426493, 48.6277136], [17.4444162, 48.6274686], [17.4456471, 48.627189], [17.4474139, 48.6269439], [17.450339, 48.6269166], [17.4528422, 48.6260732], [17.4552486, 48.6251518], [17.4568286, 48.6239622], [17.4589547, 48.622736], [17.4604205, 48.6223279], [17.4612157, 48.6228092], [17.4619002, 48.6225662], [17.4632138, 48.6217181], [17.4635214, 48.6210923], [17.4626397, 48.6204621], [17.4608143, 48.6196279], [17.4580002, 48.6181566], [17.4545952, 48.6162887], [17.4515464, 48.6149455], [17.4495174, 48.6140264], [17.4487743, 48.6131897], [17.447741, 48.6121193], [17.4462168, 48.6114477], [17.4462205, 48.6099418], [17.4450593, 48.6090066], [17.4435041, 48.6085481], [17.4423917, 48.6065402], [17.4425475, 48.6054744], [17.4429623, 48.6048556], [17.4419293, 48.6037851], [17.44222, 48.6017957], [17.4431224, 48.6000608], [17.4444876, 48.5988576], [17.4446122, 48.598005], [17.4438383, 48.5973815], [17.4424977, 48.5969367], [17.4403936, 48.5957974], [17.4388772, 48.5943372], [17.438933, 48.5924761], [17.4401222, 48.5902576], [17.4423856, 48.5888253], [17.4456231, 48.587384], [17.4488604, 48.5859425], [17.4498105, 48.5853581], [17.4499419, 48.583717], [17.4501389, 48.582367], [17.4498005, 48.5809827], [17.4496141, 48.5800384], [17.4486711, 48.5798343], [17.4453756, 48.5801962], [17.4429679, 48.5804], [17.4424462, 48.5810119], [17.4433302, 48.5823597], [17.4430155, 48.5837738], [17.4419304, 48.5852819], [17.4394083, 48.5862671], [17.4378019, 48.5861637], [17.4366966, 48.5855906], [17.4349487, 48.584976], [17.4343301, 48.58551], [17.4340776, 48.5864978], [17.4331512, 48.5876574], [17.4315063, 48.5885555], [17.4282965, 48.5890659], [17.4268595, 48.588543], [17.4266184, 48.5872365], [17.426474, 48.586008], [17.4258492, 48.5851071], [17.4242429, 48.5850035], [17.4222736, 48.5851634], [17.4219554, 48.5858601], [17.4219822, 48.5871528], [17.4209692, 48.5881633], [17.4192899, 48.588557], [17.4181981, 48.58863], [17.4171955, 48.5895694], [17.4155815, 48.5902541], [17.4136983, 48.5905629], [17.4110209, 48.59039], [17.4100854, 48.5893972], [17.4086174, 48.5890872], [17.4067863, 48.5890406], [17.4057154, 48.5889714], [17.404143, 48.5893718], [17.4030748, 48.59002], [17.4000996, 48.5904014], [17.3985219, 48.5893669], [17.3969677, 48.5889078], [17.3958863, 48.5889095], [17.3924384, 48.5888298], [17.3908634, 48.5885126], [17.3899519, 48.588095], [17.3864622, 48.5882992], [17.3850257, 48.5877758], [17.3837068, 48.5871882], [17.3826359, 48.5871188], [17.3811915, 48.5873837], [17.3799611, 48.5876626], [17.3781407, 48.5875445], [17.3760199, 48.5872634], [17.3738339, 48.5866912], [17.3726537, 48.5858973], [17.37005, 48.5852262], [17.3680679, 48.5847388], [17.3659765, 48.583527], [17.3645509, 48.5829323], [17.362256, 48.5816355], [17.3612587, 48.5810685], [17.3579333, 48.5787004], [17.3566759, 48.5769689], [17.3548728, 48.5752736], [17.352522, 48.572897], [17.3504275, 48.5702502], [17.3494287, 48.5689657], [17.3488456, 48.5670628], [17.3490242, 48.5658551], [17.3495765, 48.5643131], [17.3500972, 48.5629842], [17.3505549, 48.5620816], [17.3512581, 48.5609798], [17.3515437, 48.559779], [17.3512942, 48.5585434], [17.3516218, 48.5570585], [17.3534371, 48.5557422], [17.3555943, 48.5543048], [17.355786, 48.5537523], [17.3559868, 48.553111], [17.3551497, 48.5521957], [17.3546756, 48.5510172], [17.3542835, 48.548553], [17.3540549, 48.5471753], [17.3535809, 48.5459968], [17.3517035, 48.5440813], [17.351626, 48.5431438], [17.3506716, 48.5422926], [17.3483599, 48.541855], [17.34441, 48.5408084], [17.3397851, 48.5392155], [17.3372894, 48.5378332], [17.3350096, 48.5371822], [17.3333507, 48.5367152], [17.3316269, 48.535957], [17.3295489, 48.5346735], [17.3272677, 48.533305], [17.3259598, 48.5319283], [17.3258285, 48.5306286], [17.3249818, 48.5297842], [17.3235897, 48.5289759], [17.3228711, 48.5279964], [17.3229433, 48.5267817], [17.3224175, 48.5259582], [17.3191759, 48.5252439], [17.3176349, 48.5247127], [17.3158139, 48.5231588], [17.3142068, 48.5216189], [17.3139162, 48.5206674], [17.3127279, 48.5199439], [17.3121496, 48.5194756], [17.3107356, 48.5180918], [17.3093202, 48.5159905], [17.3077855, 48.5150073], [17.3062378, 48.5142103], [17.3044201, 48.514091], [17.3008693, 48.5132841], [17.2991257, 48.5126675], [17.2953718, 48.5117753], [17.293929, 48.5120392], [17.2918988, 48.5126231], [17.2886384, 48.5127674], [17.2861899, 48.5125346], [17.2849916, 48.5118819], [17.2835044, 48.510995], [17.2823052, 48.5096249], [17.2822069, 48.508112], [17.2819063, 48.5072314], [17.2810607, 48.5063867], [17.2792434, 48.506267], [17.2776389, 48.505444], [17.2755646, 48.504877], [17.2733197, 48.504729], [17.2716077, 48.5031815], [17.2708039, 48.5013352], [17.2705996, 48.5002404], [17.2705566, 48.5000994], [17.2697969, 48.4994037], [17.2680582, 48.4989325], [17.2674826, 48.4985325], [17.2668348, 48.4980072], [17.2660074, 48.49747], [17.2652876, 48.4968192], [17.2643072, 48.4960909], [17.2640548, 48.4953503], [17.2639101, 48.4944961], [17.263585, 48.4930268], [17.2630171, 48.4913604], [17.2628183, 48.4902614], [17.2625118, 48.4892759], [17.2623481, 48.4873346], [17.2623826, 48.485889], [17.2616631, 48.4852382], [17.2613119, 48.4845514], [17.2616797, 48.4839121], [17.2623349, 48.4831711], [17.2624152, 48.4826334], [17.262322, 48.4825205], [17.2620195, 48.4822453], [17.2612108, 48.4821919], [17.2596653, 48.4822105], [17.2586138, 48.48196], [17.2572838, 48.4817515], [17.25669, 48.4808677], [17.2565902, 48.4797148], [17.2567509, 48.4786395], [17.2566963, 48.4777913], [17.2559775, 48.4777438], [17.2548903, 48.4777323], [17.2535421, 48.4770398], [17.2528854, 48.4759708], [17.2533609, 48.475218], [17.2539531, 48.4742919], [17.255264, 48.4734133], [17.2560815, 48.473407], [17.2564855, 48.473132], [17.2565301, 48.4728333], [17.25573, 48.4721168], [17.2547234, 48.4715677], [17.2536359, 48.4709528], [17.2525032, 48.4700333], [17.2514694, 48.46906], [17.2493577, 48.4680153], [17.2473456, 48.4680846], [17.2460531, 48.4680708], [17.244419, 48.4681778], [17.2414601, 48.4677666], [17.2403167, 48.4667583], [17.2403482, 48.4658278], [17.239878, 48.4653662], [17.2373047, 48.4667022], [17.2357561, 48.4669582], [17.2347518, 48.4664612], [17.2342601, 48.4654243], [17.2346331, 48.4636556], [17.235743, 48.4620075], [17.2365861, 48.4607004], [17.2369696, 48.4588606], [17.2371186, 48.4578662], [17.2376625, 48.4563958], [17.2369894, 48.455849], [17.2352808, 48.4557357], [17.2337971, 48.4570003], [17.2318115, 48.4587338], [17.2305412, 48.4600126], [17.2282028, 48.4612204], [17.2253728, 48.4613913], [17.2226493, 48.4608517], [17.2201182, 48.4604684], [17.2185269, 48.4595735], [17.2174482, 48.4588562], [17.215857, 48.4586787], [17.2145968, 48.4584515], [17.2143905, 48.4584658], [17.2120766, 48.4587143], [17.2103679, 48.4586007], [17.2087661, 48.4584941], [17.2072497, 48.4578193], [17.2035337, 48.456711], [17.2012912, 48.4565617], [17.1991555, 48.4564194], [17.1976605, 48.4563198], [17.1954716, 48.4558152], [17.1920652, 48.4555163], [17.1904852, 48.4545501], [17.1894395, 48.452902], [17.1895576, 48.4514033], [17.1900067, 48.4498549], [17.1885448, 48.4481073], [17.1873817, 48.4465231], [17.1874785, 48.4451665], [17.1873724, 48.4437246], [17.1869139, 48.4424744], [17.1874163, 48.4412883], [17.1887936, 48.4407346], [17.1901285, 48.4397475], [17.1909402, 48.4386538], [17.1922961, 48.4382421], [17.1945805, 48.4381075], [17.197847, 48.4378948], [17.1997723, 48.438085], [17.200537, 48.4379306], [17.2006974, 48.4368652], [17.199929, 48.4362401], [17.1997478, 48.4362181], [17.1973672, 48.4360693], [17.1957449, 48.4353872], [17.1939945, 48.4348401], [17.1924258, 48.4338028], [17.1909, 48.4324814], [17.1899082, 48.4304782], [17.1897804, 48.4298957], [17.1891297, 48.4292066], [17.1873478, 48.428155], [17.1873485, 48.4267202], [17.1874877, 48.4257969], [17.1880751, 48.42476], [17.1882892, 48.4233394], [17.1891221, 48.4221037], [17.1909264, 48.4201436], [17.190628, 48.4192628], [17.189508, 48.4181119], [17.1887507, 48.4174157], [17.1873315, 48.4175361], [17.1868616, 48.4185091], [17.1848335, 48.4198085], [17.1832856, 48.4207813], [17.1809698, 48.4211287], [17.1785473, 48.421469], [17.1764872, 48.4222639], [17.1745439, 48.4237123], [17.1728676, 48.4248198], [17.1710321, 48.4248404], [17.1692287, 48.424648], [17.1680018, 48.4242072], [17.1659756, 48.4226366], [17.1660728, 48.42128], [17.1672365, 48.4207122], [17.1683047, 48.4193489], [17.1695762, 48.4173534], [17.1714668, 48.4148255], [17.1718197, 48.4139164], [17.1722904, 48.4122261], [17.1725263, 48.4106636], [17.1718766, 48.409257], [17.1709814, 48.4080491], [17.1701292, 48.4065572], [17.1703652, 48.4049947], [17.1715831, 48.4026369], [17.1717011, 48.4018557], [17.1713709, 48.4011879], [17.1696321, 48.4012867], [17.1679148, 48.4012434], [17.1665926, 48.4007244], [17.1655581, 48.4004399], [17.1638402, 48.401114], [17.1621214, 48.4025054], [17.1611822, 48.4030164], [17.1594756, 48.402902], [17.1573853, 48.4024748], [17.1568105, 48.4012884], [17.1565872, 48.4006277], [17.1567806, 48.3993493], [17.1577635, 48.3978368], [17.1586183, 48.3964593], [17.158876, 48.3947547], [17.1588131, 48.393746], [17.1577059, 48.3918064], [17.1571535, 48.3897605], [17.1566541, 48.3880769], [17.1563895, 48.3862655], [17.1558909, 48.3838645], [17.1556593, 48.3811227], [17.1554155, 48.3798867], [17.1541592, 48.378224], [17.1514418, 48.3769654], [17.1484075, 48.373533], [17.1469931, 48.3707834], [17.1462389, 48.3686521], [17.1461664, 48.3669971], [17.1461888, 48.3661377], [17.1457947, 48.365896], [17.1448355, 48.3658315], [17.1428319, 48.3655533], [17.1404285, 48.3651652], [17.1386654, 48.3646273], [17.136312, 48.3631058], [17.1350449, 48.3622313], [17.1324236, 48.3617678], [17.1299627, 48.3609564], [17.1289305, 48.3599541], [17.1273439, 48.359058], [17.1258831, 48.3594618], [17.1239205, 48.360334], [17.1226201, 48.3603898], [17.1200948, 48.3600042], [17.1192651, 48.3590873], [17.117127, 48.3568623], [17.1167358, 48.3551857], [17.1160236, 48.3542049], [17.1144468, 48.353955], [17.1127541, 48.3530515], [17.1121148, 48.3530083], [17.1093567, 48.3520328], [17.1087203, 48.3505548], [17.1092869, 48.3496604], [17.1104617, 48.3483048], [17.1113277, 48.3468566], [17.1116609, 48.3453723], [17.1111405, 48.344548], [17.1098203, 48.3440283], [17.1075644, 48.3425844], [17.1052238, 48.3409912], [17.1031148, 48.3407051], [17.1002618, 48.3396511], [17.0985374, 48.3389604], [17.0972392, 48.3382986], [17.0957063, 48.3377643], [17.0945362, 48.3369676], [17.093655, 48.3356882], [17.0933587, 48.3348071], [17.0925191, 48.333961], [17.0908474, 48.3336325], [17.0889519, 48.3333606], [17.0866412, 48.3329888], [17.0855455, 48.3324122], [17.084567, 48.3317719], [17.0821084, 48.3309594], [17.0800416, 48.3311062], [17.0778771, 48.3318921], [17.0753086, 48.333386], [17.0734551, 48.3340136], [17.0713024, 48.3349556], [17.0687919, 48.3349525], [17.0666771, 48.3356459], [17.0636062, 48.3360232], [17.0597059, 48.3352557], [17.0568172, 48.3343027], [17.0568572, 48.3334253], [17.0575027, 48.3329035], [17.0588394, 48.3321772], [17.0593745, 48.331145], [17.0591726, 48.3299997], [17.0583995, 48.3295071], [17.0574666, 48.3294436], [17.0556006, 48.3293166], [17.0542297, 48.3290347], [17.0531768, 48.328523], [17.051846, 48.3273637], [17.0507019, 48.3262171], [17.0500433, 48.3249779], [17.0493105, 48.3236079], [17.0484083, 48.3227292], [17.0471976, 48.3220181], [17.045511, 48.3213373], [17.0441976, 48.320682], [17.0429203, 48.3204064], [17.0404473, 48.320552], [17.0380866, 48.3205796], [17.0357928, 48.3201716], [17.0342401, 48.3186197], [17.033936, 48.3175303], [17.0341174, 48.3163483], [17.0348298, 48.3153911], [17.0370557, 48.3137828], [17.0408711, 48.3110257], [17.0425848, 48.3090681], [17.0434568, 48.3076817], [17.0441826, 48.3054053], [17.0445808, 48.3034208], [17.0451104, 48.3011939], [17.0453603, 48.2989478], [17.0456577, 48.2963907], [17.045293, 48.2938513], [17.0437926, 48.2907316], [17.0418528, 48.2880218], [17.040769, 48.2858734], [17.0400848, 48.2841922], [17.0388942, 48.2833566], [17.0377513, 48.2822099], [17.0369527, 48.2812753], [17.0360779, 48.2808383], [17.0346629, 48.2802388], [17.034591, 48.2794795], [17.0347796, 48.2788637], [17.0356205, 48.2782926], [17.0366935, 48.2780515], [17.0375344, 48.2774803], [17.0376393, 48.276796], [17.0377442, 48.2761116], [17.0376076, 48.2751594], [17.0374138, 48.2745804], [17.0380514, 48.2734924], [17.0395298, 48.2718331], [17.0412856, 48.2708215], [17.0425733, 48.2704065], [17.0429005, 48.2701145], [17.0438058, 48.2697362], [17.0446731, 48.2696068], [17.0447493, 48.2691091], [17.0444242, 48.2687726], [17.0439603, 48.2681123], [17.0440195, 48.2671106], [17.0440978, 48.2659844], [17.0438108, 48.265399], [17.0427022, 48.2652605], [17.0413977, 48.2651714], [17.0404394, 48.264666], [17.0397797, 48.2640551], [17.0393065, 48.2634571], [17.0390576, 48.2626228], [17.0395638, 48.2617773], [17.0407125, 48.2610385], [17.0421026, 48.2605677], [17.0432588, 48.2603952], [17.0448277, 48.2593707], [17.0469822, 48.2588262], [17.0497166, 48.2575669], [17.0519735, 48.2569665], [17.05339, 48.2569374], [17.055647, 48.2563369], [17.0575026, 48.2558976], [17.0598697, 48.2558074], [17.0619479, 48.2557603], [17.0637103, 48.2553146], [17.0639726, 48.2548296], [17.0637691, 48.2543128], [17.0636321, 48.2533606], [17.0636624, 48.2525454], [17.0636832, 48.2517925], [17.0625767, 48.2510257], [17.0617116, 48.2505267], [17.0616108, 48.2499541], [17.0614472, 48.24856], [17.0615802, 48.247689], [17.0617607, 48.246507], [17.0618385, 48.2453807], [17.0620285, 48.2441365], [17.062095, 48.243701], [17.0614546, 48.242928], [17.0610551, 48.2424986], [17.0593425, 48.2420048], [17.0584681, 48.241568], [17.056765, 48.2410119], [17.0554631, 48.2402945], [17.0548701, 48.2392483], [17.0551172, 48.2376307], [17.0544768, 48.2368956], [17.0536501, 48.2361477], [17.0530818, 48.2361718], [17.051377, 48.2362441], [17.0498699, 48.2356384], [17.0478708, 48.234559], [17.0467003, 48.2335991], [17.0462482, 48.2322481], [17.0463169, 48.2311841], [17.0466649, 48.2301392], [17.0474499, 48.2293127], [17.0483415, 48.2271734], [17.0480832, 48.2264014], [17.0475435, 48.2262389], [17.0473118, 48.2259087], [17.0474069, 48.2252866], [17.0474184, 48.2245959], [17.046115, 48.2245069], [17.0452485, 48.2246363], [17.0433388, 48.2248202], [17.0424268, 48.2246322], [17.0418248, 48.2236481], [17.0415666, 48.2228761], [17.0413465, 48.2218553], [17.0406059, 48.2205474], [17.0402092, 48.2194516], [17.040352, 48.2185184], [17.0408671, 48.2176107], [17.0418477, 48.2167348], [17.0420455, 48.2160568], [17.0416657, 48.2154651], [17.0418921, 48.2146004], [17.0425933, 48.2137054], [17.0430058, 48.2128535], [17.0431961, 48.2116093], [17.0441575, 48.2108577], [17.0444673, 48.2100617], [17.0434551, 48.209301], [17.0427791, 48.2081862], [17.0426046, 48.2074828], [17.0431651, 48.2068924], [17.0441264, 48.2061409], [17.0458418, 48.205378], [17.0471087, 48.2050874], [17.0489531, 48.2047104], [17.0507139, 48.2042649], [17.0514695, 48.203737], [17.0518156, 48.2032086], [17.0514908, 48.2028721], [17.050319, 48.2025407], [17.0490276, 48.201761], [17.0472805, 48.2008873], [17.045858, 48.2003501], [17.0443997, 48.1994333], [17.0418702, 48.1987575], [17.039954, 48.1983751], [17.0375346, 48.1982096], [17.0359051, 48.1984125], [17.0327485, 48.1987623], [17.0299546, 48.1991997], [17.0289478, 48.1996337], [17.0277043, 48.2011061], [17.0264621, 48.2023552], [17.0254266, 48.2029758], [17.0237587, 48.2034273], [17.0227445, 48.203295], [17.0223197, 48.2023858], [17.0226775, 48.2012787], [17.0228397, 48.2002211], [17.0229923, 48.1992258], [17.0223074, 48.198173], [17.0212385, 48.1977854], [17.0206634, 48.1972431], [17.021038, 48.1966401], [17.0205869, 48.1952891], [17.0204676, 48.1948408], [17.0197805, 48.1944165], [17.0182536, 48.1945633], [17.0168579, 48.1944676], [17.0163855, 48.1938694], [17.0152428, 48.193351], [17.0143505, 48.1930383], [17.0138924, 48.1935727], [17.01389, 48.1942012], [17.0137015, 48.1948169], [17.0130955, 48.1950896], [17.0123773, 48.1954804], [17.0117642, 48.1951869], [17.0108624, 48.1949364], [17.0096814, 48.1946667], [17.009085, 48.1948772], [17.0083763, 48.1952058], [17.0082164, 48.1956349], [17.00814, 48.1961325], [17.008147, 48.1966988], [17.0080298, 48.1980738], [17.0072638, 48.1987756], [17.0070561, 48.1995157], [17.007464, 48.1999209], [17.0080007, 48.2007122], [17.0079982, 48.2013406], [17.0077165, 48.20195], [17.0072583, 48.2024843], [17.0072558, 48.2031128], [17.007215, 48.2039901], [17.0068594, 48.2044686], [17.0061688, 48.2047841], [17.0050051, 48.2049071], [17.0037858, 48.2048862], [17.0024829, 48.2047967], [17.0008843, 48.2041839], [16.9999371, 48.2036159], [16.9983195, 48.2031276], [16.9974724, 48.2031322], [16.9962435, 48.2031734], [16.9938979, 48.2031379], [16.9928195, 48.2028122], [16.9927291, 48.2021774], [16.9921612, 48.2022012], [16.9916193, 48.2026668], [16.9909392, 48.2028086], [16.9898293, 48.2032981], [16.9887869, 48.2038079], [16.9875518, 48.2041944], [16.9863286, 48.2045031], [16.9852013, 48.2041897], [16.9849362, 48.2036214], [16.9849038, 48.2030691], [16.9853246, 48.2026265], [16.9860824, 48.2022858], [16.9858857, 48.2020365], [16.9854205, 48.2020045], [16.9843017, 48.2023989], [16.9833711, 48.2023348], [16.9825449, 48.2023565], [16.981823, 48.202464], [16.9807042, 48.2028584], [16.9795291, 48.202856], [16.9787832, 48.203119], [16.977572, 48.2033498], [16.9768261, 48.2036128], [16.9761965, 48.2038837], [16.9760886, 48.2045835], [16.9754913, 48.2054068], [16.9743724, 48.2058012], [16.9723949, 48.2056648], [16.9715723, 48.2049008], [16.9709322, 48.2038204], [16.9710944, 48.2028739], [16.9711341, 48.201855], [16.9714185, 48.2007744], [16.9717818, 48.1996525], [16.9729335, 48.1979494], [16.9740075, 48.196109], [16.975176, 48.1949352], [16.9758932, 48.1941265], [16.9767314, 48.1925338], [16.9769934, 48.1908354], [16.9769592, 48.1897767], [16.9770731, 48.1883982], [16.9770632, 48.1883735], [16.977106, 48.188281], [16.9770265, 48.1878107], [16.9769304, 48.1867436], [16.9770346, 48.186068], [16.9772567, 48.1854732], [16.9775594, 48.184637], [16.9777593, 48.184186], [16.9777978, 48.1840632], [16.9787108, 48.1828996], [16.9796635, 48.181843], [16.9805113, 48.180185], [16.9806624, 48.1792052], [16.9815273, 48.1780765], [16.9828201, 48.1773734], [16.9837726, 48.1763167], [16.9838057, 48.1754608], [16.9834281, 48.1747086], [16.9830677, 48.1744857], [16.9822461, 48.1746931], [16.9813369, 48.1748285], [16.9801922, 48.1752117], [16.9789225, 48.1751241], [16.9783366, 48.1750837], [16.9770367, 48.1751921], [16.9754825, 48.1750349], [16.9754918, 48.1749228], [16.975601, 48.174527], [16.976016, 48.1729659], [16.9760721, 48.1727521], [16.9761998, 48.1722736], [16.9762313, 48.1721643], [16.9761964, 48.1718951], [16.9761413, 48.1719191], [16.974422, 48.172664], [16.972834, 48.173034], [16.970319, 48.173331], [16.967141, 48.173144], [16.963421, 48.172423], [16.9590062, 48.1704812], [16.958632, 48.170259], [16.954927, 48.167405], [16.9541306, 48.166665], [16.9480146, 48.1584945], [16.946321, 48.156422], [16.943315, 48.152542], [16.9502734, 48.1510274], [16.9472694, 48.1448998], [16.9396304, 48.1422653], [16.9305324, 48.1391724], [16.9282149, 48.1350483], [16.9173144, 48.1394015], [16.9128512, 48.1390579], [16.9113063, 48.1309812], [16.9207477, 48.12657], [16.9291591, 48.1263981], [16.9303607, 48.120153], [16.9482992, 48.1243929], [16.9651221, 48.120726], [16.9666455, 48.1111565], [16.9634054, 48.101929], [16.9428588, 48.1040485], [16.9422911, 48.1041071], [16.9389009, 48.1003527], [16.9405745, 48.0961969], [16.9732761, 48.0944197], [16.9834899, 48.0910947], [16.9852065, 48.0952223], [16.9770526, 48.0988337], [16.9799708, 48.1054826], [17.0024585, 48.1061704], [17.022457, 48.1086921], [17.0399665, 48.1045082], [17.0450305, 48.1061704], [17.0287227, 48.1248512], [17.0212554, 48.1297782], [17.0074367, 48.1338454], [16.9983386, 48.129549], [16.9768809, 48.1332726], [16.9603156, 48.139287], [16.9495868, 48.1384278], [16.952505, 48.1453579], [16.9677829, 48.1513137], [16.9673537, 48.1599597], [16.9691991, 48.1651695], [16.9760227, 48.1680032], [16.983726, 48.1683287], [16.9841498, 48.1680747], [16.9852334, 48.1673913], [16.9868696, 48.1661963], [16.989364, 48.1643966], [16.9908678, 48.1633933], [16.9919443, 48.1627221], [16.9965736, 48.1609192], [17.0097369, 48.1534641], [17.0211781, 48.1455722], [17.0259018, 48.1419151], [17.0273988, 48.1414607], [17.0331727, 48.1402642], [17.0353482, 48.1401533], [17.0359535, 48.140136], [17.0362884, 48.1401872], [17.0370123, 48.1402232], [17.0375898, 48.1402334], [17.0380402, 48.1402359], [17.0387238, 48.1402534], [17.0392334, 48.1402882], [17.0401891, 48.1403424], [17.041019, 48.1403969], [17.0415639, 48.1404771], [17.0422483, 48.1404946], [17.0428292, 48.1406213], [17.0431736, 48.1406155], [17.0438419, 48.1407336], [17.0444718, 48.1408207], [17.045209, 48.1409129], [17.0456071, 48.1409537], [17.0458983, 48.1410313], [17.0460535, 48.140999], [17.0465074, 48.141117], [17.0470784, 48.1411696], [17.0482541, 48.141337], [17.0487617, 48.1413853], [17.0493947, 48.1414579], [17.0496188, 48.1414439], [17.0496495, 48.1414753], [17.0498278, 48.1414299], [17.0507851, 48.141623], [17.0519355, 48.141818], [17.0524082, 48.1419509], [17.05279, 48.141977], [17.0535263, 48.1422137], [17.0540229, 48.1423335], [17.0546826, 48.1425085], [17.0557941, 48.1428477], [17.056607, 48.1431134], [17.0571889, 48.1431775], [17.0571495, 48.1433627], [17.0571997, 48.1437267], [17.0569574, 48.144016], [17.0569853, 48.1446218], [17.0571785, 48.1457221], [17.0575747, 48.1466751], [17.0576818, 48.1470907], [17.0582465, 48.1472597], [17.0598642, 48.1482943], [17.0606234, 48.1491382], [17.0609442, 48.1496222], [17.0617351, 48.1496102], [17.0631317, 48.1495074], [17.0643629, 48.1491954], [17.0657993, 48.1488313], [17.067431, 48.1484805], [17.0698734, 48.1479869], [17.0737322, 48.1472598], [17.0752941, 48.1473662], [17.0761628, 48.1474914], [17.077384, 48.1472445], [17.0800728, 48.1457774], [17.0813833, 48.1449425], [17.0834663, 48.1435661], [17.0855957, 48.1431829], [17.0883503, 48.1425782], [17.0925352, 48.1421043], [17.0971914, 48.141198], [17.1005135, 48.1408361], [17.1018774, 48.1409969], [17.1027901, 48.1411771], [17.1034773, 48.1415001], [17.1038063, 48.1421102], [17.103638, 48.1432209], [17.1032844, 48.144253], [17.101789, 48.1450095], [17.1004704, 48.14525], [17.0992989, 48.1451705], [17.0987498, 48.1453432], [17.0982633, 48.1454962], [17.0978911, 48.1459989], [17.0977227, 48.1471096], [17.0986862, 48.1485612], [17.0998266, 48.1494967], [17.1014467, 48.1498707], [17.1035338, 48.1510684], [17.1046828, 48.1525985], [17.1045032, 48.1544345], [17.1037887, 48.1552441], [17.1035213, 48.1570081], [17.1037125, 48.1590012], [17.1045121, 48.1595835], [17.1065628, 48.1597226], [17.1087507, 48.159607], [17.1118841, 48.1604135], [17.1146073, 48.1613241], [17.1162452, 48.1628871], [17.1167694, 48.1646387], [17.1168531, 48.1656071], [17.1166329, 48.1670086], [17.1163621, 48.1675559], [17.1165658, 48.1680726], [17.1184155, 48.1688893], [17.120237, 48.1698926], [17.1207646, 48.171374], [17.1203161, 48.172475], [17.1192636, 48.1732209], [17.1180249, 48.1739542], [17.1168981, 48.1745693], [17.1155581, 48.17473], [17.1139673, 48.1746851], [17.1131959, 48.1749339], [17.1126167, 48.1755365], [17.1126061, 48.1762272], [17.1130794, 48.1768249], [17.1133114, 48.1771549], [17.1151719, 48.177281], [17.1164731, 48.1779977], [17.1182395, 48.1787458], [17.1198199, 48.1794814], [17.1215126, 48.1805903], [17.1223003, 48.1817235], [17.1220932, 48.1830923], [17.1207519, 48.1838815], [17.1194388, 48.1844841], [17.1181811, 48.1853418], [17.1167384, 48.1855584], [17.1159929, 48.1861365], [17.1165025, 48.1869942], [17.1163724, 48.1880389], [17.1148178, 48.1882952], [17.1136254, 48.1887788], [17.1129341, 48.1895751], [17.1128869, 48.1898862], [17.1137892, 48.1901358], [17.1170554, 48.1902941], [17.1201166, 48.1905642], [17.1207209, 48.1909193], [17.1217717, 48.1914304], [17.1236421, 48.1914941], [17.1252241, 48.1916011], [17.1265917, 48.1918821], [17.1282186, 48.1929349], [17.1286076, 48.1940926], [17.1284101, 48.1953992], [17.1281289, 48.1966373], [17.1274283, 48.1981614], [17.1265792, 48.199424], [17.125591, 48.2003629], [17.1244083, 48.2007229], [17.1233845, 48.2006537], [17.1236438, 48.2014255], [17.1222456, 48.202588], [17.1215281, 48.2029795], [17.1214057, 48.2037884], [17.1246351, 48.2041953], [17.1260961, 48.2044827], [17.1265981, 48.2048937], [17.1276953, 48.2057221], [17.1283186, 48.2059528], [17.129036, 48.2055613], [17.1295024, 48.2049643], [17.1312061, 48.2048908], [17.1329746, 48.2050103], [17.1350966, 48.2052793], [17.1373015, 48.2062452], [17.1394782, 48.2073978], [17.1420906, 48.2100254], [17.1427961, 48.2115814], [17.1436323, 48.2128949], [17.1441337, 48.2139344], [17.1440398, 48.2145566], [17.1439459, 48.2151788], [17.1445882, 48.215285], [17.1463571, 48.2154042], [17.1472967, 48.2160333], [17.1483107, 48.216793], [17.1497808, 48.2176463], [17.1503286, 48.2190031], [17.1513152, 48.219321], [17.1535679, 48.2199755], [17.1565568, 48.2201139], [17.158419, 48.2202392], [17.1596757, 48.220638], [17.1616117, 48.2215225], [17.1625335, 48.2216473], [17.1641346, 48.2222578], [17.1655308, 48.2229802], [17.1664983, 48.2240509], [17.1671116, 48.2256006], [17.1670825, 48.2270442], [17.1669794, 48.2277287], [17.1681526, 48.2280589], [17.1694189, 48.2283954], [17.1708809, 48.2286822], [17.1726784, 48.2286143], [17.1743547, 48.2287269], [17.1764971, 48.2282422], [17.1788814, 48.2280251], [17.1803719, 48.2274966], [17.1825699, 48.2272669], [17.1850563, 48.2276221], [17.1866765, 48.2281079], [17.1887531, 48.228687], [17.1900194, 48.2296517], [17.1899166, 48.2303362], [17.1905777, 48.2309462], [17.1914248, 48.2321971], [17.1922906, 48.2333235], [17.1938084, 48.2344936], [17.1940316, 48.2355142], [17.1937333, 48.2362484], [17.1930717, 48.2368955], [17.1920282, 48.2375798], [17.1916554, 48.2381834], [17.1918786, 48.2392039], [17.1926142, 48.2399445], [17.1934526, 48.2400007], [17.1945239, 48.2397581], [17.1949061, 48.2390924], [17.1964618, 48.2387565], [17.1982597, 48.2386883], [17.1998432, 48.2387942], [17.2006441, 48.2397277], [17.2008486, 48.2421297], [17.2008017, 48.2436978], [17.2005965, 48.2450668], [17.2004006, 48.2463736], [17.2007825, 48.2469648], [17.2028321, 48.2471018], [17.2069314, 48.2480043], [17.2083196, 48.2487884], [17.209037, 48.2502819], [17.2087947, 48.2518998], [17.208543, 48.2535799], [17.2079466, 48.2550485], [17.2076856, 48.2561623], [17.208077, 48.2573198], [17.2084683, 48.2578487], [17.2097357, 48.2581847], [17.2111987, 48.2578425], [17.2116833, 48.2571207], [17.2133513, 48.2566664], [17.2161841, 48.256604], [17.217703, 48.2565168], [17.2192591, 48.2561807], [17.2210947, 48.2558632], [17.2226882, 48.2559066], [17.2248314, 48.2560494], [17.2278508, 48.2566277], [17.23019, 48.2573492], [17.2306469, 48.258071], [17.2305447, 48.2587555], [17.2316818, 48.259334], [17.2338726, 48.261051], [17.2347026, 48.2624261], [17.2348992, 48.2642617], [17.2349466, 48.2658361], [17.2346769, 48.2670122], [17.2341368, 48.2681076], [17.2331582, 48.2683567], [17.23245, 48.2686866], [17.2330095, 48.2693523], [17.2339512, 48.2699806], [17.2356105, 48.2702167], [17.2374001, 48.2702101], [17.2399261, 48.2703153], [17.2420979, 48.2702711], [17.2440651, 48.2709675], [17.2438234, 48.271957], [17.2424074, 48.2732455], [17.2406927, 48.2740114], [17.2385397, 48.2745595], [17.2366756, 48.275064], [17.2360512, 48.2754624], [17.2359304, 48.2762714], [17.2352596, 48.2769809], [17.2337964, 48.277952], [17.2324076, 48.2784252], [17.2308695, 48.2786371], [17.2286601, 48.2789299], [17.2278304, 48.2788118], [17.2269074, 48.2786875], [17.2263573, 48.278588], [17.226255, 48.2792725], [17.2266281, 48.2799258], [17.2266564, 48.2809961], [17.2259949, 48.2822719], [17.2244475, 48.2831744], [17.2230677, 48.2835853], [17.2201962, 48.2838967], [17.2189876, 48.2838161], [17.2184247, 48.2837786], [17.2163735, 48.2836418], [17.2156276, 48.283592], [17.2153759, 48.2840152], [17.2159541, 48.285185], [17.2161781, 48.2868341], [17.2160943, 48.2880226], [17.2158892, 48.2887631], [17.215134, 48.2894041], [17.2136328, 48.2899953], [17.2129335, 48.2902629], [17.2133717, 48.2904807], [17.2139592, 48.2909598], [17.2142017, 48.2918559], [17.2150597, 48.2924159], [17.215843, 48.2928452], [17.2174656, 48.2933305], [17.2193214, 48.2935171], [17.2216154, 48.2932929], [17.2237881, 48.2932491], [17.2263153, 48.2933546], [17.2277608, 48.293765], [17.2287401, 48.2941445], [17.2294955, 48.2941319], [17.2290569, 48.2932857], [17.2292525, 48.2926074], [17.2303434, 48.2922401], [17.2317047, 48.2919536], [17.2336069, 48.2918287], [17.2357239, 48.2921581], [17.2373188, 48.2928298], [17.2394544, 48.2930346], [17.2413566, 48.2929097], [17.2417022, 48.2937497], [17.2415721, 48.2946209], [17.2407239, 48.2952558], [17.2400715, 48.2958409], [17.2399693, 48.2965255], [17.2406321, 48.2977636], [17.2414626, 48.2985101], [17.2421716, 48.2988086], [17.2438318, 48.2990446], [17.2449421, 48.2998097], [17.2453718, 48.3007181], [17.2453258, 48.3016577], [17.2448877, 48.3020686], [17.244156, 48.3028171], [17.2442137, 48.3030792], [17.2448558, 48.3033156], [17.2455461, 48.3038779], [17.2457572, 48.3044084], [17.2472523, 48.3047659], [17.2488622, 48.3050019], [17.2491883, 48.305411], [17.24939, 48.3060054], [17.2499078, 48.3064271], [17.2509714, 48.3064332], [17.2525608, 48.30486], [17.253978, 48.3037919], [17.2562867, 48.3032348], [17.2580781, 48.3029017], [17.2594197, 48.3029906], [17.2598518, 48.3039877], [17.2594894, 48.3057714], [17.2588389, 48.3068904], [17.2577377, 48.3077858], [17.2570389, 48.3085788], [17.2568103, 48.3101131], [17.254776, 48.3118755], [17.2545325, 48.3132724], [17.2542095, 48.313928], [17.2533721, 48.3144918], [17.2537009, 48.3160403], [17.2537306, 48.3171398], [17.2537976, 48.317444], [17.2539038, 48.317926], [17.2542978, 48.3191788], [17.2559957, 48.3207763], [17.2562553, 48.3216328], [17.2562183, 48.3231799], [17.2569197, 48.3249695], [17.2575336, 48.3253976], [17.2589239, 48.3258125], [17.259567, 48.3266944], [17.2594825, 48.3285611], [17.2587454, 48.3296098], [17.2586888, 48.330639], [17.2589777, 48.3319494], [17.2598025, 48.3322623], [17.2610394, 48.3324088], [17.2623524, 48.3320438], [17.2637512, 48.3311035], [17.2645175, 48.3305086], [17.2640565, 48.3297033], [17.2641802, 48.3288722], [17.2646875, 48.3280665], [17.2659045, 48.3276952], [17.2675526, 48.3270295], [17.2682515, 48.3262365], [17.2686145, 48.3250984], [17.2702427, 48.323915], [17.2710176, 48.3226105], [17.2730956, 48.3210048], [17.2741199, 48.319975], [17.2752496, 48.3188876], [17.2761296, 48.3175255], [17.2772496, 48.316502], [17.2794041, 48.3150304], [17.2825074, 48.3136861], [17.2854966, 48.3131088], [17.2879886, 48.3132734], [17.2894747, 48.3136943], [17.2907217, 48.3144221], [17.2908955, 48.3152083], [17.2909829, 48.3159242], [17.2926808, 48.3168755], [17.2931137, 48.3178725], [17.2932612, 48.3201417], [17.2940312, 48.3221293], [17.2954903, 48.3233876], [17.2972644, 48.3238273], [17.2987899, 48.324638], [17.3004113, 48.325455], [17.3017641, 48.3261252], [17.3018233, 48.3270329], [17.3017002, 48.327864], [17.3013095, 48.329194], [17.3000843, 48.3302753], [17.2991657, 48.3312477], [17.2985346, 48.3322391], [17.2970596, 48.3330457], [17.2960639, 48.3338839], [17.2951546, 48.3347923], [17.2951557, 48.335438], [17.2949755, 48.3366527], [17.2938754, 48.3381941], [17.2930335, 48.3393007], [17.292593, 48.339659], [17.2925171, 48.3401704], [17.2934476, 48.3404255], [17.2947807, 48.3405779], [17.2955395, 48.3413381], [17.2968157, 48.3418741], [17.299109, 48.3427354], [17.2999448, 48.3436297], [17.300358, 48.3441088], [17.3008008, 48.3450418], [17.3021435, 48.3451302], [17.3026893, 48.3447143], [17.3038592, 48.3446622], [17.3052019, 48.3447506], [17.3049035, 48.3441499], [17.3048632, 48.3431143], [17.3054942, 48.3421229], [17.3064142, 48.3417961], [17.3073542, 48.3419871], [17.3083618, 48.3423762], [17.3098572, 48.3420873], [17.3111134, 48.3421053], [17.3119765, 48.3421621], [17.3124857, 48.3426475], [17.312287, 48.3439901], [17.3120789, 48.3453967], [17.3112939, 48.3461198], [17.3117653, 48.3468609], [17.3118436, 48.3476407], [17.3107438, 48.3491823], [17.3098155, 48.3502188], [17.3094344, 48.3514848], [17.3092059, 48.3523736], [17.3080964, 48.3539791], [17.3079733, 48.3548103], [17.3065653, 48.3558151], [17.3055018, 48.3564553], [17.3052626, 48.3567623], [17.3057138, 48.3569857], [17.306846, 48.3571893], [17.3075188, 48.3578791], [17.3073092, 48.35864], [17.3073105, 48.3592857], [17.3078008, 48.359899], [17.3085589, 48.3600134], [17.309671, 48.3596992], [17.3104467, 48.3590401], [17.3119425, 48.3587511], [17.3127194, 48.3587376], [17.3134193, 48.3585899], [17.3137058, 48.3579632], [17.3140113, 48.3572086], [17.3146531, 48.3567989], [17.3158137, 48.3568106], [17.3182796, 48.3571663], [17.319047, 48.3572167], [17.3202753, 48.3574265], [17.3208333, 48.3582378], [17.3208565, 48.3600469], [17.3214822, 48.3610564], [17.3229322, 48.3617326], [17.3248336, 48.3626321], [17.3262757, 48.3640178], [17.3273922, 48.3656404], [17.3273857, 48.3669957], [17.3283279, 48.3678321], [17.329808, 48.3689621], [17.3307502, 48.3697986], [17.3311639, 48.3702776], [17.3326898, 48.3704422], [17.3352036, 48.3704778], [17.3383404, 48.3702314], [17.3399811, 48.3702743], [17.3410367, 48.3703435], [17.3418343, 48.3708476], [17.3419054, 48.372337], [17.3417073, 48.3736797], [17.3428313, 48.3778847], [17.3433651, 48.3801791], [17.344264, 48.3826264], [17.3442674, 48.3839178], [17.3435877, 48.3845834], [17.3442031, 48.385011], [17.3457106, 48.3853033], [17.3475061, 48.3856144], [17.3516862, 48.3875015], [17.3532182, 48.3896028], [17.3527813, 48.3912527], [17.3524498, 48.3928449], [17.352252, 48.3941876], [17.3523421, 48.3955491], [17.3524889, 48.396527], [17.3522327, 48.3976077], [17.3511595, 48.3983122], [17.351583, 48.3987272], [17.3526091, 48.3983424], [17.3538573, 48.3984239], [17.3546668, 48.3995097], [17.3553709, 48.4006531], [17.3552973, 48.4018102], [17.3550394, 48.4022453], [17.3556644, 48.4026088], [17.3572969, 48.4027154], [17.3582624, 48.4034982], [17.3585094, 48.4036984], [17.3598764, 48.4049495], [17.361684, 48.4058421], [17.3638665, 48.4068237], [17.3645332, 48.4082228], [17.365793, 48.408886], [17.3674861, 48.4099001], [17.3690946, 48.4114897], [17.3704996, 48.412485], [17.3720217, 48.4140043], [17.373265, 48.4154409], [17.3731146, 48.4164639], [17.3723409, 48.4177691], [17.3714503, 48.4185503], [17.3706933, 48.4190819], [17.3704374, 48.4201627], [17.3707484, 48.4213449], [17.3707759, 48.4219194], [17.3713853, 48.4222901], [17.3722895, 48.4227363], [17.3726456, 48.4229532], [17.3732408, 48.4228628], [17.3739884, 48.4223951], [17.3752936, 48.4220928], [17.3767325, 48.4215409], [17.378471, 48.4215895], [17.3799235, 48.422265], [17.3815306, 48.4232087], [17.3832995, 48.4237111], [17.3844639, 48.4243678], [17.3862517, 48.4247422], [17.3879738, 48.4255642], [17.3890704, 48.4260228], [17.3900522, 48.426603], [17.3907176, 48.4273563], [17.3921142, 48.4284153], [17.3939115, 48.4287257], [17.3956526, 48.4294197], [17.3962315, 48.4301027], [17.3983875, 48.4312755], [17.3999859, 48.4322829], [17.4021702, 48.4332637], [17.4034898, 48.4341885], [17.405011, 48.4350617], [17.4056275, 48.435489], [17.4061504, 48.4365557], [17.4080866, 48.4379076], [17.40913, 48.4393953], [17.409653, 48.440462], [17.4112613, 48.4414053], [17.4128883, 48.4422207], [17.4152655, 48.4432137], [17.4171529, 48.4442395], [17.4170901, 48.4453328], [17.4170153, 48.4458444], [17.4155856, 48.4463328], [17.4165587, 48.4469767], [17.4180498, 48.4473959], [17.4201977, 48.4486322], [17.4211149, 48.4496597], [17.4212351, 48.4508294], [17.422378, 48.4529688], [17.423059, 48.4549493], [17.4250739, 48.4564351], [17.4260127, 48.4579803], [17.4265642, 48.4588551], [17.427941, 48.4593959], [17.4288931, 48.4595219], [17.4302605, 48.4601266], [17.4315318, 48.4607251], [17.4319594, 48.4617854], [17.4324738, 48.462916], [17.4341448, 48.4647666], [17.4347927, 48.4656475], [17.4360578, 48.4669556], [17.4368608, 48.4681047], [17.4373445, 48.4687813], [17.4372512, 48.4694208], [17.436779, 48.4700932], [17.436497, 48.4705985], [17.4359564, 48.4711391], [17.4350117, 48.4720035], [17.4340511, 48.4729758], [17.4333339, 48.4739638], [17.4327812, 48.4755067], [17.4322915, 48.4766182], [17.4312993, 48.4778062], [17.4301685, 48.4788219], [17.4300583, 48.4795769], [17.4303693, 48.4802502], [17.4302433, 48.481113], [17.4293613, 48.481546], [17.4283564, 48.4816988], [17.4264254, 48.4814653], [17.4243615, 48.480461], [17.4225094, 48.4796881], [17.420707, 48.4791361], [17.4192527, 48.4784433], [17.4179786, 48.4781977], [17.4165187, 48.4781032], [17.4147106, 48.4781496], [17.4133893, 48.4782274], [17.4120578, 48.4778147], [17.4110924, 48.4776977], [17.4098026, 48.4775598], [17.4075496, 48.4778494], [17.4067069, 48.4780126], [17.4061176, 48.4786821], [17.4062424, 48.4795068], [17.406482, 48.4806654], [17.4067296, 48.4817702], [17.4084788, 48.4832444], [17.4094981, 48.4846713], [17.4094097, 48.4869519], [17.409228, 48.4881921], [17.4089394, 48.4890444], [17.4080513, 48.4900757], [17.4074281, 48.4904164], [17.4073491, 48.4909556], [17.4072068, 48.4919263], [17.4074624, 48.4929771], [17.4081277, 48.4935573], [17.4093621, 48.4934267], [17.4114794, 48.4935093], [17.4130051, 48.4937169], [17.4144519, 48.4944637], [17.4150659, 48.4958643], [17.4158794, 48.4964612], [17.4168136, 48.4967938], [17.4185197, 48.4974484], [17.4200162, 48.4984161], [17.4215444, 48.4991681], [17.4225046, 48.4998833], [17.4223863, 48.5006922], [17.4209359, 48.5010885], [17.4203802, 48.5020868], [17.4207747, 48.5033099], [17.4228395, 48.5043142], [17.4247815, 48.5050384], [17.4255717, 48.5057971], [17.4263832, 48.5058495], [17.427268, 48.5059611], [17.4285137, 48.5069668], [17.4303534, 48.508392], [17.430827, 48.5090758], [17.4317212, 48.5102517], [17.4325383, 48.5113085], [17.4337799, 48.5116754], [17.4349147, 48.5120354], [17.4362147, 48.5134819], [17.4366249, 48.514369], [17.4361692, 48.515272], [17.4355962, 48.5162391], [17.4356991, 48.5177518], [17.4383067, 48.5198563], [17.4394793, 48.5207857], [17.4401417, 48.5213372], [17.4425461, 48.5233567], [17.4435224, 48.524065], [17.4439017, 48.5251652], [17.4431907, 48.5263386], [17.4423933, 48.5273631], [17.4433659, 48.5295773], [17.4438212, 48.5308975], [17.4447147, 48.5321742], [17.4445592, 48.53324], [17.4434856, 48.534677], [17.4417078, 48.5364989], [17.4405238, 48.5372116], [17.4397438, 48.5373765], [17.4390636, 48.5383368], [17.4382062, 48.5390806], [17.4373648, 48.5398571], [17.4363257, 48.540814], [17.4374197, 48.5414583], [17.4391213, 48.5416396], [17.4416892, 48.5418049], [17.4439881, 48.5415943], [17.4454102, 48.5414706], [17.4491966, 48.5414273], [17.4509086, 48.5415374], [17.4514954, 48.5412165], [17.4517682, 48.5400866], [17.4519807, 48.5386619], [17.4522791, 48.5373224], [17.4535699, 48.5366165], [17.4553888, 48.5367334], [17.4577771, 48.5373889], [17.4598963, 48.5376684], [17.4638204, 48.5374183], [17.466899, 48.5370421], [17.4701398, 48.5370349], [17.4734012, 48.5368854], [17.4746504, 48.5364634], [17.4759099, 48.5359704], [17.4776424, 48.535938], [17.4795129, 48.5356992], [17.480762, 48.5352772], [17.4823875, 48.5352379], [17.4874677, 48.5352044], [17.4919202, 48.535776], [17.495558, 48.5360086], [17.496846, 48.536808], [17.4966258, 48.5375828], [17.4952531, 48.5388576], [17.4935039, 48.5397498], [17.4916477, 48.5406352], [17.4911269, 48.5412473], [17.4924768, 48.5416205], [17.4947239, 48.5417641], [17.495687, 48.5418256], [17.4981647, 48.5411234], [17.500667, 48.5409963], [17.5024861, 48.5411125], [17.5034286, 48.541316], [17.5045131, 48.5420307], [17.5056798, 48.5418952], [17.5057303, 48.541546], [17.5057262, 48.5408409], [17.5063532, 48.540176], [17.5071257, 48.5392384], [17.5093303, 48.5386741], [17.5130822, 48.53842], [17.5162274, 48.5386909], [17.5191522, 48.5390182], [17.5214662, 48.5391656], [17.5244414, 48.5391435], [17.5269412, 48.5387387], [17.5287293, 48.5388524], [17.5299511, 48.5392121], [17.5311529, 48.5397114], [17.532941, 48.5398251], [17.5344941, 48.5393599], [17.5363078, 48.5385589], [17.5377053, 48.5384362], [17.5404053, 48.5381143], [17.5428345, 48.538198], [17.5463255, 48.5382786], [17.5481638, 48.5380428], [17.5524615, 48.537681], [17.5549858, 48.537841], [17.5581212, 48.5381807], [17.5594834, 48.5390423], [17.5608757, 48.5396943], [17.5622432, 48.5397809], [17.5643019, 48.5394883], [17.5650281, 48.5396048], [17.5664607, 48.5399774], [17.5672069, 48.5414343], [17.5676877, 48.5425219], [17.5676877, 48.5440021], [17.567377, 48.5461675], [17.5664199, 48.5491377], [17.5650069, 48.5515858], [17.565122, 48.5530027], [17.5658334, 48.553964], [17.5675169, 48.5540705], [17.5692705, 48.553688], [17.571961, 48.5534352], [17.5730984, 48.5536481], [17.5736442, 48.554452], [17.5742459, 48.5552712], [17.5748021, 48.5565751], [17.5758343, 48.5567812], [17.5773675, 48.5564552], [17.5801883, 48.5552941], [17.5824828, 48.5540998], [17.5863754, 48.5528653], [17.5903231, 48.5519865], [17.5955432, 48.5511173], [17.5986498, 48.5516654], [17.5996774, 48.5526464], [17.5994425, 48.5535478], [17.5988873, 48.5552044], [17.5984119, 48.5563022], [17.5989734, 48.5568309], [17.6009727, 48.5569568], [17.6033431, 48.5574584], [17.6057135, 48.5579599], [17.6088106, 48.5585776], [17.6101044, 48.5599276], [17.6103914, 48.5616372], [17.6107837, 48.5633533], [17.6113211, 48.5647967], [17.6104504, 48.5664335], [17.6082369, 48.5685497], [17.6067201, 48.5709917], [17.6060043, 48.5722858], [17.6062957, 48.5732204], [17.6074236, 48.5735027], [17.6081306, 48.5737586], [17.6096641, 48.5734321], [17.6119344, 48.5731519], [17.614566, 48.5733172], [17.6171976, 48.5734825], [17.620741, 48.5732115], [17.6224252, 48.5733172], [17.6250568, 48.5734823], [17.6273072, 48.5733415], [17.6285902, 48.573281], [17.631361, 48.5724679], [17.6333611, 48.5725932], [17.6347652, 48.5731745], [17.6358695, 48.5743713], [17.6371545, 48.5757909], [17.6376074, 48.5770878], [17.6375339, 48.5783518], [17.6372757, 48.5801681], [17.6359149, 48.5822677], [17.6361771, 48.5834118], [17.6372399, 48.5834078], [17.6386026, 48.5827884], [17.6406567, 48.5817892], [17.6430066, 48.5809496], [17.646191, 48.5817125], [17.6498363, 48.5822223], [17.6534718, 48.5828018], [17.6572325, 48.583248], [17.6598611, 48.5841873], [17.6630523, 48.5856549], [17.6658063, 48.5864609], [17.6674317, 48.5869851], [17.6689385, 48.5883475], [17.6705145, 48.589221], [17.6740683, 48.5911337], [17.677665, 48.594247], [17.6783791, 48.5952076], [17.6794355, 48.5967533], [17.6811634, 48.5980588], [17.6831415, 48.599098], [17.6849749, 48.60041], [17.6883028, 48.6016739], [17.6928555, 48.6032956], [17.69756, 48.6053494], [17.7018661, 48.6064622], [17.7049448, 48.607992], [17.7067791, 48.6093036], [17.7073394, 48.6106068], [17.7086766, 48.6116763], [17.7093817, 48.6127065], [17.7104984, 48.6138328], [17.7108945, 48.6155486], [17.7114353, 48.6169915], [17.711594, 48.6181289], [17.7121279, 48.6188666], [17.7131226, 48.619351], [17.7142058, 48.6192066], [17.7156366, 48.618939], [17.7170116, 48.6196621], [17.7175329, 48.6212447], [17.7175542, 48.6233601], [17.7170752, 48.6260084], [17.7159934, 48.628408], [17.7144308, 48.6312006], [17.7118633, 48.6335788], [17.70972, 48.6352079]]], [[[17.4462863, 49.2767666], [17.317197, 49.3340736], [17.1606418, 49.3269139], [16.7925998, 49.1727277], [16.72119, 49.1134344], [16.6003404, 49.0504711], [16.6140733, 48.9414462], [16.9532762, 48.8312785], [17.0109544, 48.8421255], [17.0658861, 48.9351316], [17.1153246, 48.9648931], [17.2045885, 48.983823], [17.2814928, 48.9757111], [17.4600206, 49.1161311], [17.5053392, 49.1448862], [17.5176988, 49.1879876], [17.4462863, 49.2767666]]]]}, "properties": {"id": "71ecb364-0105-39c6-bcdb-6e52f1ab0131", "names": {"primary": "Western Carpathians", "common": [["cs", "Z\u00e1padn\u00ed Karpaty"], ["de", "Westkarpaten"], ["en", "Western Carpathians"], ["hu", "\u00c9szaknyugati-K\u00e1rp\u00e1tok"], ["pl", "Karpaty Zachodnie"], ["ro", "Carpa\u021bii de Vest"], ["sk", "Z\u00e1padn\u00e9 Karpaty"]], "rules": null}, "subtype": "physical", "class": "mountain_range", "surface": null}}]}