{"type": "FeatureCollection", "features": [{"type": "Feature", "geometry": {"type": "Polygon", "coordinates": [[[16.8233795, 48.8341333], [16.823548, 48.8333087], [16.8237922, 48.8327181], [16.8240887, 48.8321553], [16.8250853, 48.8304224], [16.825759, 48.8292794], [16.8263964, 48.8281483], [16.8270747, 48.8269923], [16.8277183, 48.8258534], [16.8283702, 48.8247415], [16.8290358, 48.8235841], [16.8296906, 48.8224255], [16.8303682, 48.8212655], [16.8310513, 48.8200701], [16.8317495, 48.8188228], [16.8318279, 48.8187432], [16.8320534, 48.8183172], [16.8323754, 48.8177957], [16.8324482, 48.8178073], [16.8322512, 48.8180937], [16.8322193, 48.8181187], [16.8321854, 48.8181733], [16.8321688, 48.8182703], [16.8291605, 48.8235709], [16.8278564, 48.8258186], [16.8268015, 48.8276731], [16.8258232, 48.8293645], [16.8253412, 48.8302176], [16.8245606, 48.831544], [16.8240439, 48.8324801], [16.8237209, 48.8331678], [16.8234603, 48.8343468], [16.8234333, 48.834716], [16.8234365, 48.8351627], [16.8235411, 48.8357656], [16.8236038, 48.8360726], [16.8236599, 48.8362125], [16.823874, 48.836795], [16.8238217, 48.836786], [16.8236713, 48.8364475], [16.8235772, 48.8362059], [16.8234367, 48.8357812], [16.8233786, 48.8354423], [16.8233693, 48.8352063], [16.8233374, 48.8351871], [16.8233218, 48.834797], [16.8233345, 48.8344175], [16.8233795, 48.8341333]]]}, "properties": {"id": "52b9844e-eebb-3bfe-aea4-2772afbd827b", "names": null, "subtype": "agriculture", "class": "meadow", "surface": null}}, {"type": "Feature", "geometry": {"type": "Polygon", "coordinates": [[[16.8235942, 48.8342063], [16.823799, 48.8332474], [16.8240901, 48.8325536], [16.8243564, 48.8320877], [16.8247721, 48.831335], [16.825195, 48.8306073], [16.8259878, 48.82921], [16.8262271, 48.8288462], [16.8264085, 48.8285037], [16.8268123, 48.8277872], [16.8271151, 48.8272711], [16.8278525, 48.8259845], [16.828143, 48.8255055], [16.8284071, 48.8250294], [16.8290245, 48.8239499], [16.8298298, 48.8225237], [16.8306269, 48.8211706], [16.8314291, 48.8197613], [16.8320836, 48.8186294], [16.8325462, 48.8178119], [16.8326485, 48.8178289], [16.8325489, 48.8180447], [16.8325665, 48.8180914], [16.8324794, 48.8182169], [16.8321748, 48.818735], [16.8309686, 48.8208139], [16.8303429, 48.8219173], [16.8290557, 48.824128], [16.8284315, 48.8252453], [16.8277932, 48.8263504], [16.825918, 48.8296602], [16.8252849, 48.830741], [16.8246321, 48.8318207], [16.8243163, 48.8323857], [16.8241461, 48.8327482], [16.8239648, 48.8331562], [16.8238451, 48.8335537], [16.8237712, 48.8339281], [16.8237398, 48.8342558], [16.8237019, 48.834576], [16.8236844, 48.8348996], [16.8236931, 48.8352355], [16.8237169, 48.835513], [16.8237725, 48.8357948], [16.8238877, 48.8362491], [16.8240426, 48.8367175], [16.8240178, 48.8367577], [16.823977, 48.8367241], [16.8238603, 48.8364475], [16.8237553, 48.8361226], [16.8236784, 48.8358296], [16.8235755, 48.8351829], [16.823559, 48.8348449], [16.8235645, 48.8345347], [16.8235942, 48.8342063]]]}, "properties": {"id": "b376e34d-dff0-3d98-8271-25034cdbcc6a", "names": null, "subtype": "agriculture", "class": "meadow", "surface": null}}, {"type": "Feature", "geometry": {"type": "Polygon", "coordinates": [[[16.8210617, 48.8316816], [16.8209932, 48.8315783], [16.820957, 48.8314962], [16.8209415, 48.8313613], [16.8208906, 48.8312601], [16.8204916, 48.8310058], [16.820202, 48.8308713], [16.8201434, 48.830766], [16.8201652, 48.8306554], [16.8202076, 48.8305869], [16.8204322, 48.8305012], [16.8205974, 48.8305045], [16.8207405, 48.8305414], [16.8211187, 48.8307576], [16.8215362, 48.831068], [16.8215936, 48.8312493], [16.8215769, 48.8314379], [16.8216125, 48.8315655], [16.8217053, 48.8316414], [16.8218706, 48.8316575], [16.8220225, 48.8316264], [16.8221256, 48.8315502], [16.8222072, 48.8313891], [16.8222401, 48.8312709], [16.8221869, 48.8311653], [16.8220144, 48.830931], [16.8218541, 48.8307402], [16.8217486, 48.8306379], [16.8216017, 48.8305364], [16.82133, 48.8304451], [16.8208479, 48.8303167], [16.8206895, 48.8302704], [16.820651, 48.8302026], [16.8206649, 48.8301412], [16.8207599, 48.8300266], [16.8207989, 48.829919], [16.8208145, 48.8298433], [16.8208295, 48.8297014], [16.82089, 48.8296315], [16.8209502, 48.8295886], [16.8210471, 48.8295483], [16.8214618, 48.8293954], [16.8214874, 48.8293203], [16.821426, 48.8292247], [16.8209895, 48.8290072], [16.8207416, 48.8288444], [16.8207882, 48.8288305], [16.8215483, 48.8286038], [16.8216942, 48.8285046], [16.8218309, 48.8283775], [16.8219114, 48.8282674], [16.8219756, 48.8280883], [16.822052, 48.8279181], [16.8221615, 48.8277983], [16.8222844, 48.8276974], [16.8224984, 48.8275404], [16.8226504, 48.827438], [16.8228886, 48.827318], [16.8230554, 48.8272853], [16.8232881, 48.8272092], [16.8235752, 48.827126], [16.8239027, 48.8270475], [16.8247455, 48.82689], [16.8251928, 48.8267818], [16.8254125, 48.826675], [16.8254944, 48.8265559], [16.8254847, 48.8264195], [16.825383, 48.8262669], [16.8252226, 48.8261219], [16.8248428, 48.8258496], [16.824683, 48.8258123], [16.8243965, 48.8257797], [16.824129, 48.8257909], [16.8239522, 48.8257488], [16.8238789, 48.8256759], [16.8238759, 48.8255744], [16.8239512, 48.8254115], [16.8243544, 48.8250298], [16.8246402, 48.8247829], [16.8248673, 48.8246558], [16.8253373, 48.8244995], [16.8259818, 48.8242531], [16.8261179, 48.8242155], [16.8263736, 48.8242179], [16.8266673, 48.8241795], [16.8269288, 48.8241199], [16.8273195, 48.8239717], [16.8273577, 48.8238792], [16.8273656, 48.8238627], [16.8276773, 48.8237882], [16.8280818, 48.8237515], [16.8282133, 48.823785], [16.8282205, 48.8237951], [16.8282604, 48.8238507], [16.8282809, 48.8239505], [16.8281658, 48.8241462], [16.8279814, 48.8245014], [16.8277729, 48.8248821], [16.8274507, 48.8254348], [16.8270156, 48.8262229], [16.8266242, 48.8268749], [16.8262462, 48.8275277], [16.8257203, 48.8284904], [16.8254117, 48.8289916], [16.8250292, 48.8296731], [16.8246169, 48.8303181], [16.8242778, 48.8308905], [16.8239975, 48.8314371], [16.8237552, 48.8318723], [16.8233449, 48.8325754], [16.8231809, 48.8329257], [16.8230813, 48.8332154], [16.8230486, 48.8334202], [16.8230012, 48.8335715], [16.8229379, 48.8336812], [16.8229227, 48.8336802], [16.8228318, 48.8335777], [16.8228222, 48.8335175], [16.8227756, 48.8334401], [16.8227072, 48.8333024], [16.8225939, 48.8330535], [16.8224975, 48.8328244], [16.822316, 48.8325584], [16.8222578, 48.832461], [16.8223363, 48.8323896], [16.8224722, 48.8324135], [16.8225842, 48.8324159], [16.8226919, 48.8323845], [16.822772, 48.8322942], [16.8228385, 48.8321695], [16.8228843, 48.832028], [16.8229047, 48.8319001], [16.8229784, 48.8317985], [16.8230763, 48.8316914], [16.8231961, 48.8316617], [16.8233254, 48.8316409], [16.8236162, 48.83169], [16.8237033, 48.831659], [16.8236538, 48.8315913], [16.823498, 48.8315036], [16.8232552, 48.8314714], [16.823036, 48.8315059], [16.822961, 48.8315468], [16.8228702, 48.8316092], [16.8227759, 48.831694], [16.8227278, 48.8317811], [16.8226977, 48.8319698], [16.8226906, 48.8320832], [16.822606, 48.8321841], [16.8224247, 48.8322278], [16.8222921, 48.8321816], [16.8220661, 48.8320639], [16.8217111, 48.8318868], [16.8213058, 48.8317311], [16.8210617, 48.8316816]], [[16.8261815, 48.8243836], [16.8261904, 48.8244394], [16.8262329, 48.8245637], [16.8263874, 48.8246728], [16.8265811, 48.824755], [16.8266818, 48.8248732], [16.8267889, 48.8249638], [16.826884, 48.8250475], [16.8270037, 48.8252582], [16.827049, 48.8253255], [16.8271154, 48.8253588], [16.827228, 48.8253452], [16.8273287, 48.8252807], [16.8273056, 48.8251679], [16.8272462, 48.8250761], [16.8271702, 48.8249605], [16.8270972, 48.8248514], [16.827001, 48.8247942], [16.8269118, 48.8247599], [16.8268096, 48.8246967], [16.8267287, 48.8246197], [16.8265508, 48.824493], [16.8264902, 48.8243117], [16.8263679, 48.8242779], [16.8262785, 48.8242819], [16.8261944, 48.8243248], [16.8261815, 48.8243836]], [[16.8228892, 48.8286328], [16.8230192, 48.8287757], [16.8232424, 48.8289019], [16.8238535, 48.828995], [16.8241643, 48.8290071], [16.8244614, 48.828922], [16.8247207, 48.8288333], [16.8248917, 48.8287484], [16.8251249, 48.828402], [16.8250831, 48.8280546], [16.8248572, 48.8278219], [16.8245452, 48.8276483], [16.8240177, 48.8275642], [16.8234152, 48.8276573], [16.8231924, 48.8278265], [16.822996, 48.828019], [16.8228939, 48.8282217], [16.8228466, 48.828419], [16.8228892, 48.8286328]], [[16.8213179, 48.8287937], [16.8211799, 48.8288258], [16.8212483, 48.8289231], [16.821308, 48.8289875], [16.8214215, 48.8290649], [16.8215067, 48.8290569], [16.8215231, 48.8289978], [16.8214434, 48.8289274], [16.8213659, 48.8288433], [16.8213179, 48.8287937]]]}, "properties": {"id": "5b368c47-e5ed-393b-8af1-7315e24e60e2", "names": null, "subtype": "agriculture", "class": "meadow", "surface": null}}, {"type": "Feature", "geometry": {"type": "Polygon", "coordinates": [[[16.8302724, 48.8225947], [16.8306758, 48.8219129], [16.8311411, 48.8210982], [16.8313227, 48.8207608], [16.8335491, 48.8212662], [16.834615, 48.8215193], [16.8335023, 48.8234386], [16.8331114, 48.8233149], [16.8326575, 48.8232499], [16.8323346, 48.8232108], [16.832302, 48.8232069], [16.8302724, 48.8225947]]]}, "properties": {"id": "826f7a8c-87df-34b6-a4b1-d5692d08a8fa", "names": null, "subtype": "agriculture", "class": "farmland", "surface": null}}, {"type": "Feature", "geometry": {"type": "Polygon", "coordinates": [[[16.832302, 48.8232069], [16.8323346, 48.8232108], [16.8312234, 48.8251271], [16.8301547, 48.82693], [16.8284244, 48.8264871], [16.8281046, 48.8264095], [16.8295106, 48.8238952], [16.8302724, 48.8225947], [16.832302, 48.8232069]]]}, "properties": {"id": "e37aa95a-667c-3a9b-ad81-e9e98b3eda17", "names": null, "subtype": "agriculture", "class": "farmland", "surface": null}}, {"type": "Feature", "geometry": {"type": "Polygon", "coordinates": [[[16.8270992, 48.8290102], [16.8271731, 48.8289674], [16.8281108, 48.828867], [16.8287453, 48.8290802], [16.8288253, 48.8291879], [16.8289001, 48.8292519], [16.8289509, 48.8292165], [16.8289684, 48.8291623], [16.8289686, 48.8291109], [16.8292545, 48.828589], [16.8297497, 48.8278066], [16.8302799, 48.8269358], [16.8309063, 48.8259309], [16.8311404, 48.8256189], [16.8313093, 48.8253589], [16.8314951, 48.8249907], [16.8316488, 48.8247623], [16.831707, 48.8247039], [16.8318415, 48.8246788], [16.8318793, 48.8246664], [16.8319321, 48.824642], [16.8320421, 48.8245454], [16.8326113, 48.8235848], [16.832676, 48.8234971], [16.8327425, 48.8234402], [16.8328546, 48.8234588], [16.8331166, 48.8235421], [16.8335955, 48.8236821], [16.8339152, 48.8237558], [16.8343847, 48.8238345], [16.8347, 48.8237723], [16.8350999, 48.823635], [16.8351274, 48.8236256], [16.8347669, 48.8241528], [16.8311061, 48.8303554], [16.831074, 48.8303452], [16.8270339, 48.8290598], [16.8270992, 48.8290102]]]}, "properties": {"id": "e61a8be6-57ae-38f0-a962-46f2d5dbcac4", "names": null, "subtype": "agriculture", "class": "farmland", "surface": null}}, {"type": "Feature", "geometry": {"type": "Polygon", "coordinates": [[[16.8317372, 48.8317381], [16.8315867, 48.8316913], [16.8313902, 48.8315867], [16.830883, 48.8312254], [16.8306254, 48.8310647], [16.8306977, 48.8309599], [16.831054, 48.8304436], [16.831074, 48.8303452], [16.8311061, 48.8303554], [16.8347669, 48.8241528], [16.8351274, 48.8236256], [16.8350999, 48.823635], [16.8352025, 48.8235806], [16.8353202, 48.8234919], [16.8356752, 48.823257], [16.8357837, 48.8231746], [16.8358167, 48.8231725], [16.8358327, 48.8232034], [16.8361114, 48.8239408], [16.8362494, 48.8243346], [16.8363424, 48.8245836], [16.8364059, 48.8247846], [16.8364527, 48.8248861], [16.8366666, 48.825407], [16.8369218, 48.8260786], [16.8370821, 48.8265397], [16.8371009, 48.8266336], [16.8371311, 48.8268871], [16.8371041, 48.8269607], [16.8370058, 48.8270931], [16.8368736, 48.8272362], [16.8368691, 48.827243], [16.8367646, 48.8273384], [16.8367113, 48.8274136], [16.8366016, 48.8276314], [16.8365172, 48.827759], [16.8364214, 48.8278759], [16.8363588, 48.827962], [16.8363144, 48.8280701], [16.8363031, 48.8281697], [16.836234, 48.8283674], [16.836179, 48.828558], [16.8360867, 48.8288283], [16.835952, 48.8291726], [16.835842, 48.8293788], [16.8357569, 48.8295172], [16.8356226, 48.8296913], [16.8352348, 48.8303516], [16.8350301, 48.8310385], [16.8349502, 48.8315038], [16.8348707, 48.8317775], [16.8347798, 48.8318824], [16.8345858, 48.832397], [16.8345127, 48.8325517], [16.8344542, 48.8325822], [16.8343671, 48.832601], [16.8342621, 48.832587], [16.8335596, 48.8324741], [16.83314, 48.8323962], [16.8328332, 48.8323204], [16.8325456, 48.8322602], [16.832421, 48.8322143], [16.8323937, 48.8321397], [16.8322644, 48.8320321], [16.8320163, 48.8318608], [16.8318823, 48.8317922], [16.8318078, 48.8317644], [16.8317372, 48.8317381]], [[16.8350036, 48.826122], [16.8350086, 48.826151], [16.8350653, 48.8260832], [16.8350366, 48.8260509], [16.8350096, 48.8260841], [16.8350036, 48.826122]], [[16.8346362, 48.8278239], [16.8346133, 48.8278765], [16.8346157, 48.827907], [16.8346787, 48.8278603], [16.834657, 48.8278141], [16.8346362, 48.8278239]], [[16.8344744, 48.8293563], [16.8344563, 48.8293512], [16.834448, 48.8293583], [16.8344247, 48.8293949], [16.8344187, 48.8294146], [16.8344552, 48.8293951], [16.8344744, 48.8293563]]]}, "properties": {"id": "d9cd468e-6250-3043-aa46-f1db748ba08c", "names": null, "subtype": "agriculture", "class": "farmland", "surface": null}}, {"type": "Feature", "geometry": {"type": "Polygon", "coordinates": [[[16.8365697, 48.8248551], [16.8364616, 48.8245558], [16.8363378, 48.8242517], [16.8362264, 48.8239617], [16.8358554, 48.8229682], [16.8358442, 48.8229136], [16.8358479, 48.8228672], [16.8358958, 48.8228384], [16.838018, 48.823042], [16.8402867, 48.8232597], [16.8402192, 48.824594], [16.840209, 48.8246023], [16.8399646, 48.8247294], [16.8399027, 48.8247993], [16.8398751, 48.8248703], [16.8398404, 48.8249328], [16.8397968, 48.8250001], [16.8396377, 48.8251673], [16.8390461, 48.825724], [16.8386726, 48.825999], [16.8381527, 48.8259519], [16.8369477, 48.8258364], [16.8365697, 48.8248551]], [[16.8378096, 48.8232154], [16.8378063, 48.8232172], [16.837804, 48.8232195], [16.8378029, 48.8232222], [16.837803, 48.823225], [16.8378046, 48.8232276], [16.8378073, 48.8232298], [16.8378108, 48.8232314], [16.837815, 48.8232321], [16.8378192, 48.823232], [16.8378231, 48.823231], [16.8378264, 48.8232292], [16.8378288, 48.8232268], [16.8378299, 48.8232241], [16.8378296, 48.8232213], [16.8378281, 48.8232187], [16.8378254, 48.8232165], [16.8378219, 48.823215], [16.8378178, 48.8232143], [16.8378136, 48.8232144], [16.8378096, 48.8232154]], [[16.8389097, 48.8234873], [16.8389084, 48.8235123], [16.8389425, 48.82352], [16.8389384, 48.8234946], [16.8389082, 48.823462], [16.8389097, 48.8234873]], [[16.8398481, 48.8241557], [16.8398442, 48.8241567], [16.8398408, 48.8241584], [16.8398385, 48.8241608], [16.8398374, 48.8241635], [16.8398377, 48.8241663], [16.8398392, 48.8241689], [16.8398418, 48.8241711], [16.8398454, 48.8241726], [16.8398495, 48.8241733], [16.8398538, 48.8241732], [16.8398577, 48.8241722], [16.839861, 48.8241704], [16.8398634, 48.8241681], [16.8398644, 48.8241653], [16.8398642, 48.8241625], [16.8398627, 48.8241599], [16.83986, 48.8241578], [16.8398565, 48.8241562], [16.8398524, 48.8241555], [16.8398481, 48.8241557]], [[16.8395888, 48.8244677], [16.8395856, 48.8244696], [16.8395832, 48.824472], [16.8395821, 48.8244746], [16.8395824, 48.8244774], [16.8395839, 48.8244801], [16.8395866, 48.8244822], [16.8395902, 48.8244838], [16.8395942, 48.8244845], [16.8395984, 48.8244844], [16.8396025, 48.8244834], [16.8396057, 48.8244816], [16.8396081, 48.8244792], [16.8396092, 48.8244765], [16.839609, 48.8244737], [16.8396075, 48.8244711], [16.8396048, 48.8244689], [16.8396012, 48.8244674], [16.8395971, 48.8244667], [16.8395929, 48.8244668], [16.8395888, 48.8244677]]]}, "properties": {"id": "18313604-72ba-3602-9971-38d9212a411c", "names": null, "subtype": "agriculture", "class": "farmland", "surface": null}}, {"type": "Feature", "geometry": {"type": "Polygon", "coordinates": [[[16.8358479, 48.8218147], [16.8358397, 48.8218784], [16.8356984, 48.8224151], [16.8355017, 48.8230359], [16.8354201, 48.823197], [16.8353258, 48.8233062], [16.8351875, 48.8233846], [16.834708, 48.8236292], [16.8345158, 48.8236946], [16.834353, 48.8237065], [16.8341537, 48.8236322], [16.8337526, 48.8235194], [16.8335023, 48.8234386], [16.834615, 48.8215193], [16.8358479, 48.8218147]]]}, "properties": {"id": "f5b9794e-113a-3571-97c4-dc9fbd9cb68d", "names": null, "subtype": "agriculture", "class": "farmland", "surface": null}}, {"type": "Feature", "geometry": {"type": "Polygon", "coordinates": [[[16.8389361, 48.8230938], [16.8358831, 48.8228008], [16.8358473, 48.8227717], [16.8358271, 48.8227253], [16.8358265, 48.8226659], [16.8359012, 48.8222678], [16.8360111, 48.8219731], [16.836052, 48.8218313], [16.8374384, 48.8219643], [16.8374542, 48.8219658], [16.8375463, 48.8221203], [16.8376373, 48.822234], [16.8377783, 48.82231], [16.8379639, 48.8223461], [16.8389817, 48.8223628], [16.8391371, 48.8224079], [16.8396968, 48.8226818], [16.8402171, 48.8230455], [16.8403459, 48.8232398], [16.8389361, 48.8230938]]]}, "properties": {"id": "3baa4016-eb4d-338d-a290-1466ff117658", "names": null, "subtype": "agriculture", "class": "farmland", "surface": null}}, {"type": "Feature", "geometry": {"type": "Polygon", "coordinates": [[[16.8333611, 48.8211864], [16.8331327, 48.8211375], [16.8345787, 48.81862], [16.83477, 48.8187441], [16.8351478, 48.8187222], [16.8352963, 48.8187804], [16.8353336, 48.8187905], [16.8359568, 48.819039], [16.8364537, 48.8192208], [16.8364481, 48.8193437], [16.8363563, 48.8198642], [16.8363348, 48.8200648], [16.8362472, 48.8203205], [16.8359826, 48.8212354], [16.8359263, 48.821529], [16.8358054, 48.821781], [16.8351839, 48.8216372], [16.8351856, 48.8216337], [16.8333611, 48.8211864]]]}, "properties": {"id": "91ef5d34-fa16-3f7f-a4f1-58685382cc08", "names": null, "subtype": "agriculture", "class": "farmland", "surface": null}}, {"type": "Feature", "geometry": {"type": "Polygon", "coordinates": [[[16.8326102, 48.8210058], [16.8336569, 48.8191563], [16.8341327, 48.818337], [16.8345534, 48.8184625], [16.8346009, 48.8184968], [16.8346082, 48.8185312], [16.8346012, 48.8185805], [16.8345787, 48.81862], [16.8331327, 48.8211375], [16.8326102, 48.8210058]]]}, "properties": {"id": "255fac3e-16c2-369c-9dcd-936e050a81d2", "names": null, "subtype": "agriculture", "class": "farmland", "surface": null}}, {"type": "Feature", "geometry": {"type": "Polygon", "coordinates": [[[16.8336569, 48.8191563], [16.8326102, 48.8210058], [16.8322054, 48.8209108], [16.8320447, 48.8208798], [16.8313962, 48.8207087], [16.8319818, 48.8196992], [16.8321181, 48.8194637], [16.8327652, 48.8196228], [16.8327785, 48.8195976], [16.8327748, 48.8195991], [16.8321366, 48.8194424], [16.83214, 48.8194239], [16.8322286, 48.819284], [16.8326932, 48.8184745], [16.8328838, 48.8183186], [16.8330157, 48.8182328], [16.8331664, 48.8181877], [16.8332336, 48.8181763], [16.8333554, 48.8181724], [16.8335412, 48.8181835], [16.8337098, 48.8182144], [16.8341327, 48.818337], [16.8336569, 48.8191563]], [[16.8328088, 48.8186155], [16.832816, 48.8186284], [16.8328322, 48.8186318], [16.8328461, 48.8186245], [16.8328586, 48.8186056], [16.8328609, 48.8185909], [16.8328541, 48.8185821], [16.8328399, 48.8185795], [16.8328179, 48.8185868], [16.8328123, 48.8186012], [16.8328088, 48.8186155]], [[16.8327615, 48.8190522], [16.8327575, 48.8190532], [16.8327542, 48.8190549], [16.8327519, 48.8190573], [16.8327508, 48.81906], [16.832751, 48.8190628], [16.8327526, 48.8190654], [16.8327552, 48.8190677], [16.8327588, 48.8190692], [16.8327629, 48.8190699], [16.8327672, 48.8190698], [16.8327711, 48.8190688], [16.8327744, 48.819067], [16.8327767, 48.8190647], [16.8327778, 48.8190619], [16.8327776, 48.8190591], [16.8327761, 48.8190565], [16.8327734, 48.8190543], [16.8327698, 48.8190528], [16.8327658, 48.819052], [16.8327615, 48.8190522]]]}, "properties": {"id": "75c7752c-e66a-328a-bd32-0d8b2020eb66", "names": null, "subtype": "agriculture", "class": "farmland", "surface": null}}, {"type": "Feature", "geometry": {"type": "Polygon", "coordinates": [[[16.829801, 48.8186153], [16.8295764, 48.8186413], [16.8294298, 48.8186673], [16.829203, 48.8187591], [16.8290528, 48.8188509], [16.8288135, 48.8189862], [16.828637, 48.8190625], [16.8284736, 48.8191172], [16.8282487, 48.8191793], [16.8280854, 48.8192159], [16.8278401, 48.8191998], [16.8275664, 48.8191473], [16.8272966, 48.8191132], [16.8271014, 48.8191177], [16.8268717, 48.8191931], [16.8268191, 48.8192482], [16.8267401, 48.8193748], [16.8266906, 48.8195133], [16.8266472, 48.8196143], [16.8266045, 48.8196583], [16.82646, 48.81968], [16.826342, 48.8196302], [16.8263231, 48.8195511], [16.8263336, 48.8194424], [16.8263206, 48.8193691], [16.8263299, 48.8192676], [16.8263946, 48.8191537], [16.8264633, 48.819058], [16.8265498, 48.81897], [16.8265862, 48.8188794], [16.8266652, 48.818784], [16.8269282, 48.8184433], [16.8271002, 48.8182371], [16.8274176, 48.8179634], [16.8292126, 48.8178892], [16.8298105, 48.8179386], [16.830107, 48.8180039], [16.8304002, 48.8181019], [16.8305433, 48.8181421], [16.8306876, 48.8181745], [16.8311067, 48.8181805], [16.8311457, 48.8182379], [16.831214, 48.8183098], [16.8311842, 48.8184472], [16.8310826, 48.8185417], [16.8310203, 48.8186235], [16.8310161, 48.81865], [16.8310418, 48.8186709], [16.8311397, 48.8187294], [16.8309127, 48.8190894], [16.8307108, 48.8194302], [16.8300804, 48.8205825], [16.8292266, 48.8219284], [16.8290148, 48.8219598], [16.828779, 48.8220131], [16.8286398, 48.8220269], [16.8284974, 48.822027], [16.8284034, 48.8219554], [16.828337, 48.8218305], [16.8283445, 48.8216972], [16.8283903, 48.8215132], [16.8286039, 48.8212751], [16.8287585, 48.8210526], [16.8287948, 48.8208246], [16.8288509, 48.8205493], [16.8289505, 48.8204396], [16.8289804, 48.8203034], [16.8289998, 48.8201556], [16.8290045, 48.820023], [16.8290667, 48.8199162], [16.8291456, 48.8198078], [16.8294345, 48.8195919], [16.8295725, 48.8195109], [16.829656, 48.8194689], [16.8297408, 48.8194478], [16.8299075, 48.8194323], [16.8300785, 48.8194414], [16.8302737, 48.8194279], [16.8305106, 48.8193011], [16.8305646, 48.8192461], [16.8305237, 48.8192017], [16.8304113, 48.8191685], [16.830241, 48.819154], [16.8300196, 48.8191432], [16.8298193, 48.8191627], [16.8296646, 48.8191881], [16.8294965, 48.8192289], [16.8293041, 48.8193105], [16.8291822, 48.8193798], [16.8290358, 48.8194564], [16.8288983, 48.8195373], [16.8287714, 48.8196379], [16.8286727, 48.8197929], [16.8285882, 48.8199625], [16.8284933, 48.8202661], [16.8284098, 48.8205668], [16.8282937, 48.8209521], [16.8282609, 48.8210204], [16.8281643, 48.8208971], [16.8280277, 48.8207739], [16.8279342, 48.8206976], [16.8278453, 48.8206354], [16.8276837, 48.8205499], [16.8276612, 48.8204507], [16.8274993, 48.8202803], [16.8273816, 48.8202197], [16.8272352, 48.8201589], [16.8271384, 48.8201282], [16.8270578, 48.8200963], [16.826966, 48.820095], [16.8268469, 48.8201067], [16.8266722, 48.8201342], [16.8265123, 48.8200725], [16.8263809, 48.8199856], [16.8263848, 48.8198665], [16.826421, 48.8197858], [16.8266279, 48.8197927], [16.8267548, 48.8197713], [16.8268642, 48.8196973], [16.8269047, 48.8196435], [16.8269169, 48.8195715], [16.8269216, 48.8193955], [16.8269586, 48.8193095], [16.827038, 48.819258], [16.8271797, 48.8192371], [16.8273622, 48.8192516], [16.8275307, 48.8192769], [16.82769, 48.8193087], [16.828009, 48.8193345], [16.8281976, 48.8193114], [16.8283554, 48.8192745], [16.8285865, 48.8192082], [16.8288193, 48.8191132], [16.8292328, 48.8189158], [16.8294738, 48.8188123], [16.8296369, 48.8187775], [16.8298959, 48.8187674], [16.8300995, 48.818796], [16.830395, 48.8188663], [16.8305102, 48.8188824], [16.8305984, 48.8188443], [16.8306076, 48.818787], [16.8304901, 48.8187246], [16.8302968, 48.8186832], [16.8300756, 48.818628], [16.829801, 48.8186153]], [[16.8282559, 48.8182879], [16.8282541, 48.8183377], [16.8283163, 48.8183841], [16.8284122, 48.8184287], [16.828481, 48.8184715], [16.8285707, 48.8185357], [16.8286551, 48.8185576], [16.828769, 48.8185655], [16.8288769, 48.8185529], [16.8289594, 48.8185107], [16.8290765, 48.8184408], [16.8291869, 48.8184125], [16.8292286, 48.8183794], [16.8292634, 48.8183318], [16.829467, 48.81829], [16.82966, 48.8183134], [16.8299349, 48.8183745], [16.830424, 48.8184604], [16.8307163, 48.8184887], [16.8309448, 48.8184606], [16.8310759, 48.8183977], [16.8311142, 48.8183284], [16.8310837, 48.8182723], [16.8310127, 48.8182433], [16.8308907, 48.8182488], [16.8307333, 48.8182479], [16.8305539, 48.8182335], [16.8303035, 48.8181901], [16.8301172, 48.8181431], [16.8298873, 48.8180652], [16.829669, 48.8180101], [16.829534, 48.8179827], [16.8292486, 48.8179489], [16.8289261, 48.8179585], [16.8286719, 48.8179768], [16.8284463, 48.8180051], [16.8283794, 48.8180645], [16.8283101, 48.8181756], [16.8282559, 48.8182879]]]}, "properties": {"id": "d0d0833a-3fca-3d0a-9fed-7a1c0732cc0e", "names": null, "subtype": "agriculture", "class": "meadow", "surface": null}}, {"type": "Feature", "geometry": {"type": "Polygon", "coordinates": [[[16.8306656, 48.8136018], [16.8307111, 48.8135813], [16.8307377, 48.8135734], [16.8307675, 48.8135713], [16.8307901, 48.8135756], [16.8310017, 48.8136642], [16.8311105, 48.8137233], [16.8312696, 48.8138235], [16.8313223, 48.8138509], [16.8314218, 48.8138884], [16.8314914, 48.8139016], [16.8316113, 48.8139169], [16.8316744, 48.8139185], [16.8321231, 48.8138918], [16.8314616, 48.8144068], [16.8306366, 48.8137712], [16.8306096, 48.8137415], [16.8306044, 48.8137216], [16.8306061, 48.8136841], [16.8306202, 48.8136488], [16.8306656, 48.8136018]]]}, "properties": {"id": "001d80da-74e3-3066-a678-85a0f5ab0075", "names": null, "subtype": "agriculture", "class": "meadow", "surface": null}}, {"type": "Feature", "geometry": {"type": "Polygon", "coordinates": [[[16.8341611, 48.8169367], [16.8340911, 48.8169189], [16.834038, 48.8168908], [16.8340054, 48.8168634], [16.8339946, 48.8168354], [16.8339989, 48.8167603], [16.8340894, 48.8165074], [16.8342066, 48.8162221], [16.8342519, 48.8161417], [16.8343371, 48.8160625], [16.8343991, 48.8160216], [16.8344511, 48.8159886], [16.834565, 48.8159419], [16.8348881, 48.8158373], [16.8350354, 48.8157962], [16.835178, 48.815766], [16.8352703, 48.8157769], [16.8352995, 48.8157968], [16.8353205, 48.8158109], [16.8353329, 48.8158362], [16.8353467, 48.8158615], [16.8353979, 48.8159781], [16.8354339, 48.8160997], [16.8354835, 48.8162944], [16.8355628, 48.8164996], [16.8356981, 48.8167186], [16.8358566, 48.8169422], [16.8360192, 48.8170991], [16.8361228, 48.8171795], [16.8362425, 48.8172538], [16.8363431, 48.8173097], [16.8364247, 48.8173479], [16.836501, 48.8173758], [16.8367871, 48.8174453], [16.8371291, 48.8175251], [16.8376325, 48.8176143], [16.83794, 48.8177297], [16.8380903, 48.8178182], [16.83818, 48.8178894], [16.8382186, 48.8179483], [16.8382353, 48.8180268], [16.8381915, 48.8181187], [16.8381591, 48.8181551], [16.8380481, 48.8182381], [16.8373196, 48.8187154], [16.8369292, 48.8189782], [16.8368242, 48.8189336], [16.8366678, 48.8188667], [16.8364093, 48.818784], [16.8358762, 48.8185889], [16.8357587, 48.8185393], [16.8356415, 48.8184767], [16.8355264, 48.8184142], [16.8354222, 48.8183589], [16.8353701, 48.8183036], [16.8352691, 48.8181595], [16.8352381, 48.8181358], [16.835196, 48.8181207], [16.8351486, 48.8181181], [16.8351011, 48.8181227], [16.8349065, 48.818191], [16.8348088, 48.8182244], [16.8347287, 48.8182306], [16.8347174, 48.8182291], [16.8346638, 48.8182148], [16.8345666, 48.8181905], [16.8344031, 48.8181141], [16.8340556, 48.817974], [16.8337032, 48.8178173], [16.8336324, 48.8177742], [16.8336105, 48.8177446], [16.8335918, 48.817674], [16.8336112, 48.8175867], [16.8336356, 48.8175278], [16.8336942, 48.8174523], [16.8337577, 48.8173889], [16.8341642, 48.8171657], [16.8344578, 48.8170419], [16.8346655, 48.8169184], [16.834676, 48.8169117], [16.8347881, 48.8168511], [16.8348161, 48.8168232], [16.8348334, 48.8168052], [16.8348429, 48.8167742], [16.8348251, 48.8167436], [16.8347917, 48.8167144], [16.8346502, 48.8166418], [16.8346168, 48.8166353], [16.834589, 48.8166447], [16.8345295, 48.8166831], [16.8344705, 48.8167456], [16.8343884, 48.8168143], [16.8343631, 48.8168354], [16.8343051, 48.8168864], [16.834288, 48.8168986], [16.834258, 48.8169149], [16.8342398, 48.8169213], [16.8342098, 48.8169336], [16.8341831, 48.8169359], [16.8341611, 48.8169367]]]}, "properties": {"id": "dae95b08-a1dc-3d6f-8d1d-27e7cd9f67d8", "names": null, "subtype": "agriculture", "class": "farmland", "surface": null}}, {"type": "Feature", "geometry": {"type": "Polygon", "coordinates": [[[16.8406936, 48.8073368], [16.8391305, 48.8080976], [16.8386546, 48.8084177], [16.8383012, 48.8086993], [16.8379923, 48.8089883], [16.8373467, 48.8097768], [16.8366385, 48.8107022], [16.8363277, 48.8112011], [16.8360967, 48.8116019], [16.8354632, 48.8126081], [16.8346493, 48.8138684], [16.8344084, 48.8143155], [16.834268, 48.8146272], [16.8342296, 48.8147578], [16.834215, 48.814877], [16.8342006, 48.815078], [16.8342184, 48.8154264], [16.8342026, 48.8155582], [16.8341394, 48.8158012], [16.8340568, 48.815948], [16.8339392, 48.8160078], [16.8339681, 48.8155744], [16.8340217, 48.8149303], [16.8340812, 48.8146202], [16.83418, 48.8143182], [16.8345564, 48.8136963], [16.8354729, 48.8122762], [16.83591, 48.8115642], [16.8369923, 48.809906], [16.8373531, 48.8094667], [16.8377344, 48.80903], [16.8381533, 48.8086209], [16.8386864, 48.8081848], [16.8392448, 48.8078321], [16.8399699, 48.8074545], [16.8402883, 48.8073158], [16.8409377, 48.8070834], [16.8415478, 48.8069012], [16.8421072, 48.8067642], [16.8428067, 48.8066254], [16.84373, 48.8064763], [16.844523, 48.8063636], [16.8449317, 48.8063165], [16.8449303, 48.8064237], [16.8423967, 48.8068183], [16.8412194, 48.8071443], [16.8406936, 48.8073368]]]}, "properties": {"id": "9083c554-4015-3427-9b1f-f8e589a2ed49", "names": null, "subtype": "agriculture", "class": "meadow", "surface": null}}, {"type": "Feature", "geometry": {"type": "Polygon", "coordinates": [[[16.8330373, 48.8173678], [16.8329176, 48.8173032], [16.8330312, 48.8170774], [16.8331771, 48.8167874], [16.8332769, 48.8165475], [16.8333528, 48.8163555], [16.8334355, 48.8160806], [16.8335487, 48.8154283], [16.8335632, 48.8152239], [16.8335437, 48.8147348], [16.8335401, 48.8143917], [16.8335731, 48.8142653], [16.8336019, 48.8142015], [16.8336742, 48.8139854], [16.8336796, 48.8139693], [16.834613, 48.8125404], [16.836231, 48.8100632], [16.8365468, 48.809638], [16.8367623, 48.8093707], [16.8373002, 48.8087782], [16.8379322, 48.8082014], [16.8382145, 48.8079761], [16.8390884, 48.8074361], [16.8404693, 48.8068723], [16.8422988, 48.8063314], [16.8443015, 48.8060106], [16.8449366, 48.8059382], [16.8449342, 48.8061295], [16.8444633, 48.8061816], [16.843688, 48.8062882], [16.8427463, 48.8064485], [16.8420277, 48.8065795], [16.8414377, 48.8067293], [16.8407872, 48.8069251], [16.8401601, 48.8071535], [16.8397832, 48.8073052], [16.8390697, 48.8076847], [16.8384572, 48.8080669], [16.837939, 48.8084896], [16.8374518, 48.8089599], [16.8367016, 48.8098219], [16.8363691, 48.8102932], [16.836057, 48.8107751], [16.8351862, 48.8121952], [16.8347367, 48.8128875], [16.8338632, 48.8142774], [16.8337693, 48.8145814], [16.8337214, 48.8148883], [16.8336889, 48.8155414], [16.8335934, 48.8160583], [16.8333938, 48.8165845], [16.8331558, 48.8171074], [16.8330373, 48.8173678]]]}, "properties": {"id": "a9a92359-2768-3762-a651-b275cc4a1cd6", "names": null, "subtype": "agriculture", "class": "meadow", "surface": null}}, {"type": "Feature", "geometry": {"type": "Polygon", "coordinates": [[[16.8368347, 48.8109706], [16.8374115, 48.8111208], [16.8379755, 48.8113736], [16.8384181, 48.8116086], [16.8388539, 48.8118853], [16.8389816, 48.812021], [16.8389028, 48.8121141], [16.8382845, 48.8125149], [16.8376774, 48.8129799], [16.8370359, 48.8133931], [16.8361407, 48.813993], [16.8355213, 48.8144008], [16.8350385, 48.8146208], [16.8347032, 48.8147173], [16.8345239, 48.8147049], [16.8344556, 48.8146649], [16.8344594, 48.8145736], [16.8345194, 48.8144651], [16.8345898, 48.8143573], [16.8347779, 48.8140464], [16.8348983, 48.8137589], [16.8351064, 48.8134564], [16.8353738, 48.812982], [16.8356833, 48.8125105], [16.8360851, 48.8118623], [16.8364945, 48.8111653], [16.8366332, 48.8109636], [16.8367009, 48.8109402], [16.8368464, 48.8109643], [16.8368347, 48.8109706]]]}, "properties": {"id": "09456a95-270b-3dbc-abde-644a661846f9", "names": null, "subtype": "agriculture", "class": "farmland", "surface": null}}, {"type": "Feature", "geometry": {"type": "Polygon", "coordinates": [[[16.838146, 48.8068945], [16.8377859, 48.8070886], [16.8376549, 48.8070529], [16.8369864, 48.8068709], [16.8367078, 48.8068379], [16.836536, 48.8068757], [16.8366614, 48.8070144], [16.8368919, 48.8071028], [16.8369018, 48.8073313], [16.8371869, 48.8074427], [16.8372142, 48.8074534], [16.8368113, 48.8077813], [16.8367911, 48.8077978], [16.8353882, 48.8073701], [16.8352258, 48.8073206], [16.8351842, 48.8070279], [16.8351739, 48.8066395], [16.8351721, 48.806573], [16.8351888, 48.8065583], [16.8353126, 48.8064496], [16.835303, 48.8063507], [16.8352218, 48.805877], [16.8351907, 48.8057995], [16.8352342, 48.8057307], [16.835422, 48.8057114], [16.8359408, 48.8058659], [16.8365297, 48.8060575], [16.8368742, 48.8062142], [16.8373732, 48.8064246], [16.8377208, 48.8065277], [16.8379975, 48.8067012], [16.838146, 48.8068945]]]}, "properties": {"id": "eb801f5a-1a1b-322f-9460-30f689269312", "names": null, "subtype": "agriculture", "class": "meadow", "surface": null}}, {"type": "Feature", "geometry": {"type": "Polygon", "coordinates": [[[16.8335493, 48.8051642], [16.8335216, 48.8051481], [16.8335089, 48.8051285], [16.8335111, 48.8051049], [16.8335218, 48.8050848], [16.8335425, 48.8050696], [16.8335729, 48.8050626], [16.8336079, 48.8050606], [16.8336365, 48.8050688], [16.8338483, 48.8051763], [16.8338375, 48.8051842], [16.8336248, 48.805178], [16.8335817, 48.8051739], [16.8335493, 48.8051642]]]}, "properties": {"id": "40047852-1c29-3bf0-a83b-77834d3a7854", "names": null, "subtype": "managed", "class": "grass", "surface": null}}, {"type": "Feature", "geometry": {"type": "Polygon", "coordinates": [[[16.832177, 48.8049587], [16.8326175, 48.8048101], [16.8327838, 48.8047925], [16.8330896, 48.8047995], [16.8329153, 48.8048665], [16.8328593, 48.8049142], [16.8328406, 48.8049711], [16.8328383, 48.805028], [16.8328733, 48.8050711], [16.8329363, 48.8051095], [16.8330625, 48.8051651], [16.8331218, 48.8051955], [16.8331954, 48.8052153], [16.8332422, 48.8052231], [16.8332811, 48.8052276], [16.8333082, 48.8052227], [16.8333497, 48.8051539], [16.8334451, 48.8052281], [16.8334863, 48.8052443], [16.8335444, 48.8052509], [16.8338869, 48.8052632], [16.8339369, 48.8052601], [16.8342352, 48.8053569], [16.834823, 48.8055386], [16.8350402, 48.805577], [16.8351172, 48.8061537], [16.8351256, 48.806345], [16.8349448, 48.8062948], [16.8337868, 48.8059732], [16.8328352, 48.8057999], [16.832875, 48.8054976], [16.8326761, 48.8053888], [16.8325384, 48.8052679], [16.832177, 48.8049587]]]}, "properties": {"id": "e8a9bcfa-0358-3af6-b707-8b308a7e1b64", "names": null, "subtype": "agriculture", "class": "meadow", "surface": null}}, {"type": "Feature", "geometry": {"type": "Polygon", "coordinates": [[[16.8296708, 48.8065889], [16.8286066, 48.8062559], [16.8284509, 48.8061953], [16.8285606, 48.806158], [16.8286255, 48.8061035], [16.828663, 48.8060275], [16.8286979, 48.8059039], [16.8287274, 48.8057996], [16.8286577, 48.8055559], [16.8286389, 48.8054799], [16.8286603, 48.8054304], [16.8287542, 48.8053509], [16.8288937, 48.8051743], [16.8290734, 48.8050277], [16.8292477, 48.8049641], [16.8293202, 48.8049252], [16.8294194, 48.8048422], [16.8295321, 48.804692], [16.829575, 48.8046902], [16.8297708, 48.8047468], [16.829819, 48.804722], [16.8298164, 48.8046814], [16.8297171, 48.804639], [16.8295589, 48.8046178], [16.8295636, 48.8045836], [16.8299397, 48.8044641], [16.8302537, 48.8042981], [16.8305636, 48.8041825], [16.8303571, 48.8047393], [16.8302733, 48.8049134], [16.8301946, 48.8049084], [16.8298488, 48.8048864], [16.8298218, 48.8050061], [16.8298491, 48.8052118], [16.8297521, 48.8060729], [16.83014, 48.8061024], [16.8301925, 48.8061774], [16.8301918, 48.8063283], [16.8301773, 48.8063933], [16.8301567, 48.8064501], [16.8301136, 48.8065182], [16.8300249, 48.8066025], [16.8299403, 48.8066521], [16.8296708, 48.8065889]]]}, "properties": {"id": "e980db04-05a9-3513-8bcf-9246c10c87a4", "names": null, "subtype": "agriculture", "class": "meadow", "surface": null}}, {"type": "Feature", "geometry": {"type": "Polygon", "coordinates": [[[16.8325919, 48.8113103], [16.8327183, 48.8113206], [16.8328391, 48.8113051], [16.8329708, 48.8112664], [16.8331966, 48.8112592], [16.833436, 48.8112222], [16.8338289, 48.811125], [16.8339106, 48.8110972], [16.8339611, 48.8110528], [16.8340267, 48.8109567], [16.8340568, 48.810876], [16.8340617, 48.8107998], [16.8340432, 48.8107491], [16.8338743, 48.8105], [16.8337887, 48.8104205], [16.8337086, 48.8103461], [16.8335884, 48.8102837], [16.8334377, 48.8101839], [16.8333693, 48.8101584], [16.8332678, 48.8101434], [16.8331206, 48.8100821], [16.8328867, 48.8099128], [16.8328519, 48.8098737], [16.8328317, 48.8098037], [16.832828, 48.8097508], [16.8328115, 48.8096875], [16.832769, 48.8096207], [16.8326187, 48.8094572], [16.8325713, 48.8093151], [16.8325644, 48.8092221], [16.8324444, 48.8091935], [16.8322256, 48.8091953], [16.8321758, 48.809037], [16.8321692, 48.809016], [16.8322231, 48.8089299], [16.8322618, 48.808868], [16.8324277, 48.8086356], [16.8324627, 48.8085866], [16.8324673, 48.8085884], [16.8328105, 48.8087237], [16.8327472, 48.8088898], [16.8327715, 48.8090465], [16.8327216, 48.8091961], [16.8327103, 48.8092853], [16.8328112, 48.8092885], [16.832878, 48.809251], [16.8329249, 48.8091876], [16.833008, 48.8093634], [16.8329876, 48.809473], [16.8330403, 48.8095609], [16.8331326, 48.8095998], [16.8332075, 48.8097486], [16.8333856, 48.809849], [16.8336174, 48.8098861], [16.8341945, 48.8098286], [16.8345299, 48.8097341], [16.8349883, 48.8098343], [16.8350196, 48.8098457], [16.8342362, 48.8110568], [16.8331905, 48.8127268], [16.8330941, 48.8127392], [16.8330047, 48.8127348], [16.8329349, 48.8125258], [16.8327655, 48.8121011], [16.832729, 48.8120423], [16.8326749, 48.8119905], [16.832535, 48.8118805], [16.8325003, 48.8118558], [16.8323887, 48.8117926], [16.8322996, 48.8117206], [16.8322425, 48.811686], [16.8321195, 48.8116389], [16.8320007, 48.811608], [16.8319547, 48.81161], [16.8318789, 48.811629], [16.8318517, 48.8116271], [16.8318195, 48.8116135], [16.8318084, 48.8115969], [16.8317203, 48.8115034], [16.8315997, 48.8113975], [16.8315715, 48.8113639], [16.8315691, 48.8113334], [16.8316154, 48.8112552], [16.8316605, 48.8111994], [16.831715, 48.8111601], [16.8317984, 48.8111372], [16.8319373, 48.8111596], [16.8320786, 48.8112124], [16.8321754, 48.8112415], [16.8322408, 48.8112556], [16.8324583, 48.8112851], [16.8325919, 48.8113103]], [[16.8331807, 48.812007], [16.8333569, 48.8120753], [16.8334176, 48.8120715], [16.8334449, 48.8120405], [16.8334965, 48.8119965], [16.8335381, 48.8119404], [16.8334217, 48.8118518], [16.8333333, 48.8118026], [16.8332555, 48.8117847], [16.8331436, 48.8118075], [16.8330899, 48.8118537], [16.8330836, 48.8119343], [16.8331807, 48.812007]]]}, "properties": {"id": "7700891c-c2b0-34dd-83aa-0c94742c7ef5", "names": null, "subtype": "agriculture", "class": "meadow", "surface": null}}, {"type": "Feature", "geometry": {"type": "Polygon", "coordinates": [[[16.8303879, 48.8127288], [16.8304617, 48.8129431], [16.8303614, 48.8130318], [16.8303415, 48.8130495], [16.8300829, 48.8129603], [16.8299135, 48.8128409], [16.8298188, 48.8128439], [16.8298183, 48.8129156], [16.8298494, 48.8129704], [16.8299515, 48.8131042], [16.8299326, 48.8131434], [16.82987, 48.8132733], [16.8296671, 48.8132281], [16.8294633, 48.8131241], [16.8289052, 48.8129168], [16.8286815, 48.8128199], [16.8281583, 48.8127], [16.8280986, 48.8126863], [16.8281027, 48.812678], [16.828171, 48.8125383], [16.8281995, 48.8124802], [16.8283, 48.8124893], [16.828428, 48.8125009], [16.8285544, 48.8124809], [16.8286368, 48.8124412], [16.8286291, 48.8123753], [16.82862, 48.8122965], [16.8281445, 48.8120849], [16.8281036, 48.8119947], [16.827963, 48.8116848], [16.8280481, 48.811711], [16.8292291, 48.8120741], [16.8293026, 48.812134], [16.8294812, 48.8122797], [16.8297019, 48.8124144], [16.8297723, 48.8124476], [16.8297799, 48.8124512], [16.829864, 48.8124236], [16.8299605, 48.8123531], [16.8303321, 48.812669], [16.8303879, 48.8127288]]]}, "properties": {"id": "2f35584d-e20b-3309-8f87-18bf645efe11", "names": null, "subtype": "agriculture", "class": "meadow", "surface": null}}, {"type": "Feature", "geometry": {"type": "Polygon", "coordinates": [[[16.8249244, 48.8131504], [16.8251768, 48.8132652], [16.8252679, 48.8133124], [16.8253705, 48.8132626], [16.8252634, 48.8131564], [16.8251621, 48.8130389], [16.8251025, 48.8128451], [16.8250985, 48.8126356], [16.8250725, 48.812484], [16.8252038, 48.8123231], [16.825281, 48.8122502], [16.8257674, 48.8119886], [16.8259306, 48.8118826], [16.8262672, 48.8114305], [16.8264644, 48.8112634], [16.8266721, 48.8112919], [16.8266937, 48.811297], [16.8267018, 48.8115244], [16.8267025, 48.8115828], [16.826789, 48.8116003], [16.8278296, 48.8118038], [16.8278334, 48.8121647], [16.8279374, 48.812223], [16.8279455, 48.8125038], [16.8279458, 48.8126615], [16.8267273, 48.8134079], [16.8261941, 48.8134865], [16.8259665, 48.8134882], [16.8255963, 48.8134102], [16.8254974, 48.8133675], [16.8254052, 48.8132999], [16.8253275, 48.8133444], [16.8252206, 48.8134998], [16.8251773, 48.8135275], [16.8251199, 48.813567], [16.8247786, 48.8138323], [16.8247978, 48.8139169], [16.8247978, 48.8139217], [16.8248387, 48.8141073], [16.8248408, 48.8141217], [16.8248628, 48.8141464], [16.8249841, 48.8142895], [16.8244667, 48.8146636], [16.824337, 48.8147226], [16.8242987, 48.8147308], [16.8242583, 48.8147237], [16.8241833, 48.8146821], [16.8241623, 48.814659], [16.824163, 48.8146292], [16.8243, 48.8144122], [16.8243157, 48.8143509], [16.8244085, 48.8142103], [16.8244885, 48.8141722], [16.8245715, 48.8139751], [16.8244975, 48.8137765], [16.8245703, 48.8136709], [16.8245222, 48.813538], [16.8245755, 48.8134655], [16.8245886, 48.8134456], [16.8245218, 48.8133412], [16.8245541, 48.8132503], [16.8249244, 48.8131504]]]}, "properties": {"id": "8f333efb-d238-374b-ad32-5abc3fe59bef", "names": null, "subtype": "agriculture", "class": "meadow", "surface": null}}, {"type": "Feature", "geometry": {"type": "Polygon", "coordinates": [[[16.8077652, 48.8177232], [16.8074795, 48.8176125], [16.8075304, 48.8175807], [16.8083167, 48.8173779], [16.8092587, 48.817168], [16.8102382, 48.8170112], [16.8112479, 48.8169007], [16.8125069, 48.8168302], [16.8136555, 48.8168116], [16.814796, 48.8167797], [16.8160516, 48.8167657], [16.8186584, 48.8167168], [16.8240375, 48.8166341], [16.8242689, 48.8166783], [16.8243018, 48.816617], [16.825088, 48.8165838], [16.8260113, 48.8164924], [16.8267694, 48.8164036], [16.8274686, 48.8162997], [16.8282787, 48.8161459], [16.8289334, 48.8159535], [16.8294092, 48.8158061], [16.8300604, 48.8155735], [16.830514, 48.8153585], [16.8310891, 48.8150746], [16.8315997, 48.8147631], [16.8320602, 48.8144217], [16.8324941, 48.8140415], [16.8328852, 48.8136618], [16.8332074, 48.8133243], [16.8334022, 48.813042], [16.83413, 48.8118445], [16.8344983, 48.8112568], [16.8349665, 48.8105231], [16.8354315, 48.809836], [16.8358423, 48.8092723], [16.8362672, 48.8087752], [16.8368413, 48.8081894], [16.8371829, 48.8078656], [16.8376277, 48.8075228], [16.8380601, 48.8072309], [16.838458, 48.8070081], [16.8391815, 48.8066574], [16.8392882, 48.8066649], [16.8393725, 48.8066143], [16.8395082, 48.8065011], [16.8397489, 48.8063968], [16.8399594, 48.8065618], [16.8394153, 48.8067523], [16.838701, 48.8070977], [16.8383199, 48.8073152], [16.8379199, 48.8075864], [16.8374002, 48.8079807], [16.8372761, 48.8080906], [16.8370686, 48.8082742], [16.8366992, 48.8086526], [16.8362558, 48.809141], [16.8360884, 48.8093569], [16.8356184, 48.8099779], [16.8353097, 48.8104851], [16.8337456, 48.8129531], [16.8336692, 48.8130604], [16.8336072, 48.8131476], [16.833455, 48.8133615], [16.833341, 48.8135064], [16.833171, 48.8136856], [16.8329548, 48.8139135], [16.8327958, 48.8140664], [16.8327015, 48.814157], [16.8322558, 48.8145431], [16.8321629, 48.8146142], [16.8319783, 48.8147557], [16.8314718, 48.8150842], [16.8310151, 48.815347], [16.8306878, 48.8154948], [16.8300938, 48.8157467], [16.8296313, 48.8159237], [16.8291197, 48.8160795], [16.8287626, 48.8161882], [16.8283509, 48.8163001], [16.8276532, 48.8164359], [16.8271244, 48.816519], [16.8267684, 48.816575], [16.8261157, 48.8166537], [16.8251078, 48.8167536], [16.8249099, 48.8167719], [16.8248262, 48.8167796], [16.8202827, 48.8168727], [16.8195337, 48.8168886], [16.8189899, 48.8168936], [16.8156673, 48.8169353], [16.8148781, 48.8169585], [16.8146744, 48.8169645], [16.8130327, 48.8169845], [16.8122488, 48.8170149], [16.8113375, 48.8170694], [16.8107632, 48.8171445], [16.8098166, 48.8172684], [16.8095794, 48.8172994], [16.8094296, 48.8173253], [16.8089427, 48.8174097], [16.8088802, 48.8174205], [16.8087418, 48.8174569], [16.8081071, 48.8176237], [16.8077652, 48.8177232]]]}, "properties": {"id": "df1871a4-3b6d-39d5-b1f2-ad8b52a90454", "names": null, "subtype": "agriculture", "class": "meadow", "surface": null}}, {"type": "Feature", "geometry": {"type": "Polygon", "coordinates": [[[16.8257893, 48.8086071], [16.8258444, 48.8085806], [16.8269273, 48.8080588], [16.8270175, 48.8081083], [16.8271153, 48.8081231], [16.8272581, 48.8081231], [16.8273709, 48.8080885], [16.8275137, 48.808034], [16.8277618, 48.8079202], [16.8278745, 48.8078806], [16.8280249, 48.8078558], [16.8290397, 48.8078409], [16.8293178, 48.8078855], [16.8294231, 48.8079449], [16.8290547, 48.8079944], [16.8285736, 48.808133], [16.8281978, 48.8083113], [16.8278219, 48.8085737], [16.8275889, 48.8087073], [16.8273182, 48.8087766], [16.8268897, 48.808841], [16.8262813, 48.8089876], [16.8262106, 48.8089335], [16.8264505, 48.8088318], [16.8265156, 48.8087889], [16.8265562, 48.80873], [16.8265521, 48.8086738], [16.8264993, 48.8086122], [16.8264424, 48.808572], [16.8263489, 48.8085372], [16.8262066, 48.8085292], [16.8261009, 48.8085372], [16.8259667, 48.8085828], [16.8258326, 48.8086524], [16.8257893, 48.8086071]]]}, "properties": {"id": "6c797912-8757-3642-acce-1d3908b27e7c", "names": null, "subtype": "agriculture", "class": "meadow", "surface": null}}, {"type": "Feature", "geometry": {"type": "Polygon", "coordinates": [[[16.8245303, 48.8055811], [16.8245692, 48.8055041], [16.8247234, 48.8053999], [16.8251635, 48.8051993], [16.8254916, 48.8051551], [16.8256639, 48.8051654], [16.8260447, 48.8052302], [16.8264183, 48.8053104], [16.8267972, 48.805418], [16.8271403, 48.8055679], [16.8273943, 48.8057323], [16.8277797, 48.8059505], [16.8280744, 48.8061623], [16.8284178, 48.8063714], [16.8290722, 48.806595], [16.8295268, 48.8067324], [16.8296193, 48.8068024], [16.829637, 48.8069041], [16.8296177, 48.806949], [16.8294436, 48.8069975], [16.8292782, 48.8070351], [16.8290447, 48.8070751], [16.8288354, 48.8071307], [16.8286098, 48.8071382], [16.828261, 48.8070829], [16.8280045, 48.8070714], [16.8276785, 48.807107], [16.8274598, 48.8071054], [16.8272958, 48.8070707], [16.8270571, 48.8069717], [16.8270312, 48.8069065], [16.8269947, 48.8068513], [16.8267355, 48.8067735], [16.8262482, 48.8066033], [16.825979, 48.80652], [16.8255496, 48.8064411], [16.8254587, 48.8064324], [16.8253789, 48.8064328], [16.8252756, 48.8064675], [16.8250949, 48.8062057], [16.8245749, 48.8057565], [16.824515, 48.805647], [16.8245303, 48.8055811]]]}, "properties": {"id": "1b523e2c-998c-3e34-9bb8-063108c3d9ec", "names": null, "subtype": "agriculture", "class": "meadow", "surface": null}}, {"type": "Feature", "geometry": {"type": "Polygon", "coordinates": [[[16.8295636, 48.8045836], [16.8295589, 48.8046178], [16.8294822, 48.8046363], [16.8294409, 48.8046955], [16.8293711, 48.8047945], [16.8292772, 48.8048669], [16.8292048, 48.804904], [16.829097, 48.8049177], [16.8287289, 48.8051525], [16.8285334, 48.8053745], [16.8284569, 48.8055782], [16.8285689, 48.8058558], [16.8285271, 48.805993], [16.8284898, 48.8060671], [16.8284013, 48.8061114], [16.8282987, 48.8061161], [16.8278598, 48.805848], [16.8271595, 48.8054246], [16.8265129, 48.8051929], [16.8258286, 48.8051063], [16.8258654, 48.8050302], [16.8261094, 48.8049767], [16.8263045, 48.8049445], [16.8266094, 48.8048963], [16.8267354, 48.804899], [16.8272056, 48.8051099], [16.8274022, 48.8051507], [16.8275799, 48.8051495], [16.8276664, 48.8050998], [16.8277305, 48.8050379], [16.8281962, 48.8050015], [16.829536, 48.804479], [16.8295578, 48.8045523], [16.8295636, 48.8045836]]]}, "properties": {"id": "43c8e12e-1104-3cfd-8aed-8e1d2b68f46b", "names": null, "subtype": "agriculture", "class": "meadow", "surface": null}}, {"type": "Feature", "geometry": {"type": "Polygon", "coordinates": [[[16.824567, 48.8073713], [16.8245417, 48.8073665], [16.8242502, 48.8072913], [16.8240415, 48.8072375], [16.8238345, 48.8073194], [16.823815, 48.8073271], [16.8235842, 48.8072022], [16.8236348, 48.8071583], [16.8235464, 48.8071069], [16.8234841, 48.8071458], [16.8233765, 48.8070876], [16.8230681, 48.8068889], [16.8232606, 48.8067535], [16.8233825, 48.8066972], [16.8234296, 48.8066868], [16.8235921, 48.8066509], [16.8237218, 48.8066545], [16.8237616, 48.8066556], [16.8238492, 48.8066581], [16.8240131, 48.8067191], [16.8241889, 48.8068027], [16.8244139, 48.8069097], [16.8245767, 48.8069396], [16.824702, 48.806906], [16.8248842, 48.8067882], [16.8250082, 48.8067927], [16.8252153, 48.8069136], [16.8253654, 48.8070487], [16.8253442, 48.8072137], [16.8253228, 48.8073806], [16.8251292, 48.8074413], [16.8247118, 48.8073814], [16.824567, 48.8073713]]]}, "properties": {"id": "1f1ab7de-73a3-32de-96f0-24d91d818de6", "names": null, "subtype": "agriculture", "class": "farmland", "surface": null}}, {"type": "Feature", "geometry": {"type": "Polygon", "coordinates": [[[16.8198001, 48.805588], [16.8197572, 48.8053937], [16.8199074, 48.8051959], [16.8201059, 48.8049309], [16.8201864, 48.8048284], [16.8204224, 48.8048143], [16.8210018, 48.8050828], [16.8214913, 48.805245], [16.8217635, 48.8054432], [16.8215114, 48.8058354], [16.8213648, 48.8060999], [16.8200778, 48.805781], [16.8198001, 48.805588]]]}, "properties": {"id": "894ffc3b-d240-38dc-b6c1-116e31a79a67", "names": null, "subtype": "agriculture", "class": "meadow", "surface": null}}, {"type": "Feature", "geometry": {"type": "Polygon", "coordinates": [[[16.8132286, 48.8090826], [16.8130593, 48.8089768], [16.8128955, 48.8088284], [16.8127651, 48.808658], [16.8127118, 48.8084983], [16.8127537, 48.8080381], [16.8127776, 48.8073947], [16.8128408, 48.8068009], [16.8128798, 48.8066059], [16.8128905, 48.8065506], [16.8128743, 48.8064636], [16.8125449, 48.8063059], [16.8123442, 48.8059935], [16.8123132, 48.8058015], [16.8123722, 48.8057233], [16.8126745, 48.8057335], [16.8129621, 48.8057842], [16.8132297, 48.8058188], [16.8134957, 48.8058377], [16.8138976, 48.8058412], [16.8143732, 48.8058291], [16.8149158, 48.8058777], [16.8155602, 48.8060437], [16.8159908, 48.8061677], [16.8164803, 48.8062488], [16.8171107, 48.8062872], [16.8177729, 48.8061958], [16.8178492, 48.8063096], [16.8180196, 48.8063052], [16.8181513, 48.8063207], [16.8184178, 48.8064351], [16.81844, 48.8064593], [16.8184746, 48.806534], [16.818631, 48.8065838], [16.8188121, 48.8065638], [16.8189044, 48.8065006], [16.8189669, 48.8065132], [16.8191628, 48.8065574], [16.8189151, 48.8069857], [16.8190647, 48.8071198], [16.8191917, 48.8072006], [16.8193237, 48.8072508], [16.8194144, 48.8072674], [16.8195948, 48.8074031], [16.8197081, 48.8074727], [16.8198538, 48.8075341], [16.8199873, 48.807548], [16.8200867, 48.8075603], [16.820216, 48.8076335], [16.8208102, 48.8083605], [16.8203902, 48.8085572], [16.8200196, 48.8087368], [16.8196781, 48.8089287], [16.8193989, 48.8092173], [16.8192055, 48.8093579], [16.818796, 48.8095862], [16.8183266, 48.8098], [16.8180506, 48.8100682], [16.8176201, 48.8103656], [16.817438, 48.810498], [16.8172833, 48.81059], [16.8171013, 48.8106594], [16.8169281, 48.8107705], [16.8168196, 48.8108658], [16.8167735, 48.8108665], [16.816712, 48.8108487], [16.8166655, 48.8108138], [16.8165729, 48.8107594], [16.8164962, 48.8107595], [16.8163878, 48.8108125], [16.8163145, 48.8109114], [16.8163547, 48.8109947], [16.8163567, 48.8110389], [16.816198, 48.8110587], [16.8159642, 48.8110629], [16.8156875, 48.8110436], [16.8156518, 48.811072], [16.8156404, 48.8111431], [16.8155984, 48.811212], [16.8155352, 48.8112179], [16.8154632, 48.8111821], [16.8154268, 48.8111179], [16.8153305, 48.8110394], [16.8152585, 48.8110036], [16.8151848, 48.8109779], [16.815099, 48.8109309], [16.8150149, 48.8108736], [16.8149679, 48.810778], [16.8149195, 48.8106924], [16.8148296, 48.8105733], [16.8148191, 48.8105418], [16.8147705, 48.8104562], [16.8148689, 48.810318], [16.8151121, 48.8102644], [16.815253, 48.8101612], [16.8153792, 48.8101494], [16.8155321, 48.8102628], [16.8156268, 48.8103514], [16.8157215, 48.8104402], [16.8157613, 48.8103367], [16.8158, 48.8102403], [16.8157329, 48.810174], [16.8158801, 48.8100302], [16.8160631, 48.8098581], [16.8161715, 48.809763], [16.8163649, 48.8096225], [16.8166061, 48.8094749], [16.816806, 48.8092938], [16.8170301, 48.8091553], [16.8172191, 48.8088448], [16.8171451, 48.8087592], [16.8168786, 48.8085589], [16.8167114, 48.8084225], [16.8165539, 48.8083545], [16.8162442, 48.8082616], [16.8160999, 48.8082307], [16.8158751, 48.8081902], [16.8157856, 48.8081157], [16.8157019, 48.808005], [16.8155084, 48.8077419], [16.8151631, 48.8076411], [16.8149413, 48.8073661], [16.815122, 48.8073145], [16.8152532, 48.807282], [16.8153215, 48.8071882], [16.8152161, 48.8070597], [16.8149984, 48.8068881], [16.8147779, 48.8067082], [16.8146094, 48.8066576], [16.814388, 48.806681], [16.8142573, 48.8068221], [16.813973, 48.8069355], [16.8136348, 48.8069053], [16.813305, 48.8067929], [16.8132158, 48.8068373], [16.8132539, 48.8069331], [16.8133844, 48.807076], [16.8136033, 48.8071557], [16.8136205, 48.807443], [16.8134921, 48.8077045], [16.8133232, 48.807776], [16.8132285, 48.8078267], [16.8132593, 48.8078808], [16.8132785, 48.8080751], [16.8133335, 48.8081847], [16.8132825, 48.80841], [16.8132198, 48.808622], [16.8130919, 48.8087328], [16.8131639, 48.8089135], [16.8133465, 48.8089638], [16.8133678, 48.8090254], [16.813304, 48.8090652], [16.8132286, 48.8090826]], [[16.8179443, 48.8085913], [16.8179996, 48.8086079], [16.8182056, 48.8086477], [16.818575, 48.8086001], [16.8188093, 48.8085526], [16.8188998, 48.8083487], [16.8188644, 48.8080561], [16.8188588, 48.8078168], [16.8185653, 48.8077229], [16.8183643, 48.8077727], [16.8181636, 48.8079724], [16.8179935, 48.8082219], [16.8178373, 48.8084149], [16.8178564, 48.8085374], [16.8179443, 48.8085913]], [[16.8170253, 48.8085146], [16.8172184, 48.8086046], [16.8174603, 48.8085704], [16.8175668, 48.8084756], [16.8175965, 48.8083216], [16.8175288, 48.808199], [16.8174417, 48.8081097], [16.817308, 48.8081068], [16.8172182, 48.8081204], [16.81713, 48.8081586], [16.8170635, 48.8082145], [16.8169598, 48.8082901], [16.8169276, 48.8083708], [16.8169336, 48.8083935], [16.8169526, 48.8084555], [16.8170253, 48.8085146]], [[16.8175589, 48.8102659], [16.8176232, 48.8102677], [16.8176267, 48.81022], [16.8175772, 48.8101766], [16.8175103, 48.8101666], [16.8174861, 48.8101916], [16.8174775, 48.8102203], [16.8174766, 48.8102256], [16.8174865, 48.8102396], [16.8175589, 48.8102659]], [[16.8161269, 48.808006], [16.8161763, 48.8080285], [16.8163256, 48.8081217], [16.8165734, 48.8081709], [16.8168405, 48.8081608], [16.817064, 48.8080902], [16.8171275, 48.8079641], [16.8171565, 48.807813], [16.8171411, 48.8077542], [16.816966, 48.8077104], [16.8165478, 48.8077261], [16.8163708, 48.8077774], [16.8161866, 48.8078125], [16.8160854, 48.807933], [16.8161269, 48.808006]], [[16.8152815, 48.8106162], [16.8152958, 48.8105772], [16.8152485, 48.8105446], [16.8151958, 48.8105462], [16.815169, 48.810563], [16.8151484, 48.8105909], [16.8151521, 48.8106178], [16.8152131, 48.8106406], [16.8152815, 48.8106162]], [[16.8150565, 48.8107629], [16.8150829, 48.8107994], [16.8151146, 48.8108283], [16.815277, 48.810922], [16.8153752, 48.810913], [16.8153709, 48.8108647], [16.8152869, 48.8107843], [16.8151589, 48.8107275], [16.8150899, 48.8107306], [16.8150565, 48.8107629]]]}, "properties": {"id": "0d026aef-450e-3d44-9132-5ab4e9496806", "names": null, "subtype": "agriculture", "class": "meadow", "surface": null}}, {"type": "Feature", "geometry": {"type": "Polygon", "coordinates": [[[16.8189698, 48.8100607], [16.8189958, 48.8100406], [16.8191404, 48.809931], [16.8195657, 48.8101874], [16.8205069, 48.8107548], [16.8213693, 48.8112747], [16.8218789, 48.8112691], [16.8220008, 48.8114718], [16.8224469, 48.8119193], [16.8228745, 48.8121682], [16.8232194, 48.812277], [16.8233644, 48.8123009], [16.8231941, 48.8124373], [16.8245541, 48.8132503], [16.8245218, 48.8133412], [16.8245886, 48.8134456], [16.8245755, 48.8134655], [16.8232289, 48.8126669], [16.8230005, 48.8125604], [16.8230801, 48.812505], [16.8231438, 48.8124414], [16.8231677, 48.8123694], [16.8230911, 48.8123088], [16.82273, 48.8121724], [16.8226909, 48.8122739], [16.822036, 48.811793], [16.8212364, 48.8113413], [16.8200911, 48.8106942], [16.8189698, 48.8100607]]]}, "properties": {"id": "2ad8c0c3-b215-3dee-94bf-e931516e1a9d", "names": null, "subtype": "agriculture", "class": "meadow", "surface": null}}, {"type": "Feature", "geometry": {"type": "Polygon", "coordinates": [[[16.8209606, 48.8164733], [16.8208874, 48.8163662], [16.820708, 48.816187], [16.820112, 48.8157303], [16.8213848, 48.8157847], [16.821619, 48.8158253], [16.8218962, 48.8158983], [16.8230362, 48.8163122], [16.8233913, 48.8164175], [16.8236618, 48.8164682], [16.8223778, 48.8164563], [16.8209606, 48.8164733]]]}, "properties": {"id": "651b35fe-7cc4-3787-b335-a913c3c2f01d", "names": null, "subtype": "agriculture", "class": "meadow", "surface": null}}, {"type": "Feature", "geometry": {"type": "Polygon", "coordinates": [[[16.8298258, 48.8165444], [16.8297332, 48.8165572], [16.8296019, 48.8165828], [16.8294661, 48.8166176], [16.828601, 48.8167757], [16.8285692, 48.8168606], [16.8285374, 48.8169454], [16.8284882, 48.8170497], [16.8284873, 48.8171224], [16.8285403, 48.8171777], [16.8286007, 48.8172057], [16.8286506, 48.8172811], [16.828632, 48.81733], [16.828618, 48.8173457], [16.8286138, 48.8173504], [16.8286099, 48.8173548], [16.8285695, 48.8173807], [16.8284915, 48.817416], [16.8284387, 48.8174291], [16.8283789, 48.8174177], [16.8283031, 48.8173933], [16.8282236, 48.8173878], [16.8281597, 48.8173834], [16.8279847, 48.8173903], [16.8278193, 48.8174052], [16.8277496, 48.8174333], [16.8276877, 48.8174582], [16.8276528, 48.817518], [16.8276258, 48.8175281], [16.8249049, 48.8176224], [16.8210012, 48.81778], [16.8195319, 48.817821], [16.8179905, 48.8178714], [16.8173432, 48.8179071], [16.8166309, 48.8179251], [16.8157686, 48.8179678], [16.8155962, 48.8179539], [16.8154486, 48.817942], [16.815335, 48.8179666], [16.8151115, 48.818015], [16.812954, 48.8180904], [16.8126371, 48.8180977], [16.8119389, 48.8181163], [16.810863, 48.8181315], [16.810382, 48.8181184], [16.8103073, 48.8181007], [16.8102144, 48.8180787], [16.810183, 48.8180551], [16.8101156, 48.8180043], [16.8100948, 48.8179511], [16.8100394, 48.8179025], [16.8097944, 48.8179014], [16.8097718, 48.8179041], [16.8091597, 48.8179313], [16.8089524, 48.8179505], [16.8087505, 48.8179874], [16.8086215, 48.8179329], [16.8087266, 48.8178993], [16.8088992, 48.8178442], [16.8096531, 48.8176898], [16.8101376, 48.8176356], [16.8103534, 48.8176033], [16.8110851, 48.8174969], [16.8114626, 48.8174655], [16.8123505, 48.8174169], [16.8132314, 48.8173834], [16.8135614, 48.8173757], [16.8147618, 48.8173507], [16.8159719, 48.8173537], [16.816607, 48.8173331], [16.8170495, 48.817331], [16.8173138, 48.8173297], [16.8179577, 48.8173124], [16.8190375, 48.8172928], [16.8233958, 48.8172183], [16.8247269, 48.8171881], [16.8254244, 48.8171202], [16.8256913, 48.8170942], [16.8261579, 48.8170413], [16.8270057, 48.8169453], [16.8278044, 48.8167989], [16.828417, 48.8166866], [16.828495, 48.816666], [16.8293742, 48.8164157], [16.8302961, 48.8161272], [16.8307983, 48.8159112], [16.8313059, 48.8157204], [16.8317953, 48.8154781], [16.8323062, 48.8151356], [16.832795, 48.8147683], [16.8332244, 48.814398], [16.8333425, 48.8142672], [16.8333818, 48.814449], [16.8333541, 48.814623], [16.8333622, 48.815187], [16.8333254, 48.8154177], [16.8333173, 48.8156396], [16.8332116, 48.8160306], [16.8330926, 48.8164028], [16.8329055, 48.8168687], [16.8326031, 48.816702], [16.8324388, 48.8166114], [16.8323741, 48.8165758], [16.832129, 48.8162897], [16.8319964, 48.8161283], [16.831984, 48.8161133], [16.8318308, 48.815983], [16.831769, 48.8159554], [16.8316652, 48.8159091], [16.8314584, 48.8158458], [16.8313876, 48.8158716], [16.8312687, 48.8159148], [16.8310134, 48.8160588], [16.8302493, 48.8165594], [16.8301404, 48.8165554], [16.8298258, 48.8165444]]]}, "properties": {"id": "872dbbe8-0e0c-36b8-b1fc-69a4ca127687", "names": null, "subtype": "agriculture", "class": "meadow", "surface": null}}, {"type": "Feature", "geometry": {"type": "Polygon", "coordinates": [[[16.8167975, 48.8151144], [16.8166806, 48.8151227], [16.8166158, 48.8151214], [16.8162839, 48.8151703], [16.8161311, 48.8151512], [16.8160619, 48.8150969], [16.8164716, 48.8145458], [16.8165471, 48.8145112], [16.8167264, 48.8144992], [16.8168304, 48.8144683], [16.8168789, 48.8144226], [16.816909, 48.8143375], [16.8168068, 48.8142541], [16.8166931, 48.814204], [16.8169219, 48.8138772], [16.8171629, 48.8137827], [16.8173188, 48.8137887], [16.8176963, 48.8138031], [16.8182312, 48.8138236], [16.818711, 48.813837], [16.8189, 48.8135708], [16.8190026, 48.8134109], [16.8189967, 48.813237], [16.818972, 48.8130973], [16.8189022, 48.8129456], [16.8187806, 48.8127815], [16.8186221, 48.8127611], [16.818544, 48.812751], [16.8184858, 48.8127279], [16.8184551, 48.8126876], [16.8184299, 48.8125527], [16.8184195, 48.8124971], [16.8182956, 48.812285], [16.8181408, 48.8121186], [16.8179894, 48.8120146], [16.8179098, 48.8119668], [16.8177441, 48.8119108], [16.8175703, 48.8118631], [16.8175461, 48.8117906], [16.8177375, 48.8115478], [16.8178569, 48.8113681], [16.8180333, 48.8111919], [16.8180629, 48.8111744], [16.818146, 48.8111593], [16.8182948, 48.8111833], [16.81838, 48.8112437], [16.8183587, 48.8112995], [16.8184002, 48.811418], [16.8184186, 48.8114897], [16.8184955, 48.8117895], [16.818558, 48.8118606], [16.8186318, 48.8118613], [16.8186613, 48.8118474], [16.8187552, 48.8118031], [16.8188372, 48.8117142], [16.818887, 48.8117122], [16.8189457, 48.8117326], [16.8189786, 48.811792], [16.8190163, 48.8118925], [16.819077, 48.8119542], [16.8192417, 48.8121217], [16.8194103, 48.8122739], [16.8195845, 48.8124609], [16.8197823, 48.8125919], [16.8201836, 48.8128279], [16.8204685, 48.812972], [16.8206327, 48.8130025], [16.8207789, 48.8130116], [16.8212565, 48.8129647], [16.8217572, 48.8128572], [16.8221637, 48.8127337], [16.8224326, 48.8126056], [16.8226383, 48.8124108], [16.8226456, 48.8123918], [16.8226909, 48.8122739], [16.82273, 48.8121724], [16.8230911, 48.8123088], [16.8231677, 48.8123694], [16.8231438, 48.8124414], [16.8230801, 48.812505], [16.8230005, 48.8125604], [16.8229403, 48.8126316], [16.8228458, 48.8127099], [16.8227685, 48.8128158], [16.8227083, 48.8129406], [16.8221181, 48.8133859], [16.8217003, 48.813741], [16.8212267, 48.8141435], [16.820848, 48.8144568], [16.8201182, 48.8150604], [16.8198796, 48.8152636], [16.8199013, 48.8152866], [16.819937, 48.8152891], [16.8203791, 48.8148993], [16.8206632, 48.814665], [16.8210631, 48.8143353], [16.8215495, 48.8139341], [16.8221266, 48.8134462], [16.8224151, 48.8132249], [16.8227303, 48.8130133], [16.8228107, 48.813099], [16.8229512, 48.8131444], [16.8231201, 48.8132228], [16.8231659, 48.8132723], [16.8231355, 48.8133369], [16.8230103, 48.8134667], [16.8229907, 48.813487], [16.82289, 48.813529], [16.822655, 48.813655], [16.8224926, 48.8138306], [16.8223336, 48.8140634], [16.8222736, 48.8141513], [16.8222032, 48.8143822], [16.8222056, 48.8144453], [16.8222088, 48.8145279], [16.8222136, 48.8146543], [16.8222659, 48.8150851], [16.8223258, 48.8154674], [16.8223705, 48.815693], [16.8224706, 48.8159658], [16.8224777, 48.8159896], [16.8221788, 48.8158843], [16.82176, 48.8157306], [16.8215286, 48.8156656], [16.8214325, 48.8155521], [16.8213402, 48.8155413], [16.8210032, 48.8155642], [16.8205394, 48.8155958], [16.8201111, 48.8156249], [16.8200196, 48.8156096], [16.8199803, 48.8155736], [16.8199286, 48.8155898], [16.8198933, 48.8156009], [16.8198468, 48.8155976], [16.8197846, 48.8155666], [16.8197231, 48.8154467], [16.8196974, 48.8154127], [16.8194957, 48.8151461], [16.8190864, 48.8148062], [16.8189986, 48.8147613], [16.8188778, 48.8146996], [16.8187704, 48.8146565], [16.8187355, 48.814623], [16.8187827, 48.8145373], [16.8188255, 48.8144788], [16.8188601, 48.8144314], [16.8188142, 48.8144054], [16.8187402, 48.8143635], [16.8187128, 48.814348], [16.8184355, 48.8142339], [16.8183866, 48.8142218], [16.8182836, 48.8141964], [16.8181905, 48.8141734], [16.8179232, 48.8141989], [16.8178999, 48.8142011], [16.8176255, 48.8142734], [16.8175067, 48.8143923], [16.8170234, 48.8150615], [16.8169513, 48.8150721], [16.8169212, 48.8151178], [16.8167975, 48.8151144]], [[16.8189343, 48.8128298], [16.8189788, 48.8127838], [16.8189482, 48.812679], [16.8188715, 48.8126513], [16.8188754, 48.8125421], [16.8190339, 48.8124594], [16.8191367, 48.812366], [16.8191945, 48.8123008], [16.8192598, 48.8122942], [16.8192615, 48.8122407], [16.8191735, 48.8122413], [16.8191628, 48.8122875], [16.8189762, 48.8123124], [16.8188391, 48.8124302], [16.8187099, 48.812477], [16.8187057, 48.8125884], [16.8187835, 48.8126519], [16.8188425, 48.8126426], [16.8188109, 48.8127342], [16.8188574, 48.8128245], [16.8189343, 48.8128298]], [[16.8193738, 48.812512], [16.8193217, 48.8124571], [16.819245, 48.8124718], [16.8191665, 48.81254], [16.8190463, 48.8125942], [16.8190264, 48.8126554], [16.8190331, 48.8126982], [16.8190737, 48.8127189], [16.8191515, 48.8126976], [16.8192751, 48.8126012], [16.8193509, 48.8125707], [16.8193738, 48.812512]], [[16.8196285, 48.8127173], [16.8195389, 48.8126642], [16.8193877, 48.8127006], [16.819308, 48.8127978], [16.8192939, 48.8128861], [16.8193419, 48.8129028], [16.8193976, 48.8128933], [16.8195063, 48.8128473], [16.8195894, 48.8127928], [16.8196285, 48.8127173]], [[16.818594, 48.8122501], [16.8186672, 48.8122999], [16.8187541, 48.8122635], [16.8188432, 48.812129], [16.8188712, 48.8120595], [16.8190612, 48.8121821], [16.8191843, 48.8121527], [16.8191139, 48.8120429], [16.8189914, 48.8119629], [16.8188777, 48.8119974], [16.8188201, 48.8120828], [16.8187774, 48.8120329], [16.8187061, 48.8120346], [16.8185792, 48.8121732], [16.818594, 48.8122501]], [[16.8186843, 48.8139678], [16.8186967, 48.8139351], [16.8187033, 48.8138935], [16.818633, 48.8138618], [16.8185676, 48.8138544], [16.8184921, 48.8138549], [16.8184402, 48.8138896], [16.8184291, 48.8139596], [16.8184672, 48.8140206], [16.8185248, 48.8140409], [16.8185825, 48.8140516], [16.8186383, 48.8140287], [16.8186545, 48.8139906], [16.8186843, 48.8139678]], [[16.8183837, 48.8139172], [16.8183317, 48.8138887], [16.8182742, 48.8138675], [16.8182133, 48.8138585], [16.8181597, 48.8138767], [16.8180837, 48.8139901], [16.8181039, 48.8140451], [16.8181301, 48.8140718], [16.8182112, 48.8141081], [16.8183026, 48.8140714], [16.8183481, 48.8140315], [16.8183546, 48.813963], [16.8183837, 48.8139172]], [[16.8176311, 48.8139535], [16.8175885, 48.8138817], [16.817471, 48.8138429], [16.8173429, 48.8138467], [16.8172165, 48.813912], [16.81715, 48.813966], [16.8171186, 48.8140659], [16.8171204, 48.8141273], [16.8171312, 48.8141561], [16.8172014, 48.8142248], [16.817443, 48.8142365], [16.8176359, 48.8140687], [16.8176311, 48.8139535]]]}, "properties": {"id": "678a59cc-2b28-3d4d-97bd-0abc4c8f650a", "names": null, "subtype": "agriculture", "class": "meadow", "surface": null}}, {"type": "Feature", "geometry": {"type": "Polygon", "coordinates": [[[16.8286287, 48.8157584], [16.828337, 48.8158399], [16.8267543, 48.8148014], [16.824975, 48.813702], [16.8251199, 48.813567], [16.8251773, 48.8135275], [16.8286287, 48.8157584]]]}, "properties": {"id": "85f5a04c-6e90-3625-b09d-c252d2aaf433", "names": null, "subtype": "agriculture", "class": "meadow", "surface": null}}, {"type": "Feature", "geometry": {"type": "Polygon", "coordinates": [[[16.8247871, 48.8163819], [16.8267543, 48.8148014], [16.828337, 48.8158399], [16.827254, 48.816073], [16.8262843, 48.8162361], [16.8255127, 48.8162967], [16.8247871, 48.8163819]]]}, "properties": {"id": "27e76f13-6180-3d58-90d8-36beddfa2725", "names": null, "subtype": "agriculture", "class": "meadow", "surface": null}}, {"type": "Feature", "geometry": {"type": "Polygon", "coordinates": [[[16.8270157, 48.8179757], [16.826832, 48.8182012], [16.8266851, 48.818342], [16.8266217, 48.8183971], [16.8265742, 48.818464], [16.8264903, 48.8186201], [16.8262949, 48.818938], [16.8261301, 48.8192308], [16.8261106, 48.8193014], [16.8261188, 48.8193574], [16.8261411, 48.8193956], [16.8261107, 48.8194314], [16.8260756, 48.8194028], [16.8258691, 48.8191171], [16.8256471, 48.819027], [16.8254865, 48.818984], [16.8254169, 48.8189591], [16.8252374, 48.8189081], [16.8248155, 48.8189458], [16.8245828, 48.8189744], [16.8243528, 48.8190688], [16.8241822, 48.8190822], [16.8241011, 48.8190837], [16.8240107, 48.8190623], [16.823838, 48.8190319], [16.8235608, 48.8189947], [16.8234489, 48.818949], [16.8230889, 48.818716], [16.8230368, 48.8186654], [16.8230601, 48.8186046], [16.8231854, 48.8184713], [16.8232972, 48.8183715], [16.8233712, 48.8183197], [16.8234424, 48.8182665], [16.8239253, 48.8181278], [16.8250151, 48.8180658], [16.8253975, 48.8180566], [16.8256115, 48.8181153], [16.8257477, 48.8181617], [16.8260056, 48.8181924], [16.8261269, 48.8181961], [16.8264602, 48.8181255], [16.826541, 48.8180641], [16.8265934, 48.8179959], [16.8270157, 48.8179757]]]}, "properties": {"id": "598dff92-1f7f-30f1-8433-2dcf19e38f27", "names": null, "subtype": "agriculture", "class": "meadow", "surface": null}}, {"type": "Feature", "geometry": {"type": "Polygon", "coordinates": [[[16.8211765, 48.8180578], [16.8215568, 48.8180173], [16.8224309, 48.8179885], [16.8262235, 48.8178189], [16.8274913, 48.817767], [16.8275095, 48.8177663], [16.8277567, 48.8177445], [16.828922, 48.8176925], [16.8293139, 48.8176989], [16.8297565, 48.8177062], [16.8305489, 48.8177259], [16.8310109, 48.8177481], [16.831372, 48.8177939], [16.8312891, 48.8181164], [16.8307289, 48.8181092], [16.8302996, 48.8179844], [16.8299978, 48.8178676], [16.829591, 48.8178077], [16.8277188, 48.8178794], [16.8263255, 48.8179526], [16.8254271, 48.8179878], [16.8242198, 48.818045], [16.8228845, 48.818124], [16.8224931, 48.8180968], [16.8212174, 48.8181366], [16.8211765, 48.8180578]]]}, "properties": {"id": "65c09c05-782f-3818-83ce-126883e95f2f", "names": null, "subtype": "agriculture", "class": "meadow", "surface": null}}, {"type": "Feature", "geometry": {"type": "Polygon", "coordinates": [[[16.8040091, 48.8211187], [16.8040114, 48.8210185], [16.8041094, 48.8209348], [16.8041446, 48.8209048], [16.8044194, 48.8207187], [16.8051276, 48.8202544], [16.8056517, 48.8199481], [16.8061653, 48.8196647], [16.8067836, 48.8193605], [16.807467, 48.8190509], [16.8079108, 48.8188874], [16.8084265, 48.818728], [16.8086495, 48.8186865], [16.8089727, 48.818652], [16.8094119, 48.8186112], [16.8097084, 48.8185984], [16.8103624, 48.8186529], [16.8109803, 48.8186679], [16.8115648, 48.8186607], [16.8117126, 48.818723], [16.8114477, 48.8191716], [16.8109474, 48.8199551], [16.8106673, 48.8202259], [16.8098745, 48.8207657], [16.8096252, 48.8210151], [16.8095515, 48.8211511], [16.809573, 48.8213334], [16.80964, 48.8214801], [16.8096843, 48.8215627], [16.8097337, 48.8216222], [16.8097698, 48.821651], [16.8094915, 48.8218097], [16.8092797, 48.8219614], [16.809284, 48.8220286], [16.8097575, 48.8223139], [16.8098929, 48.8223233], [16.8103841, 48.8220003], [16.8108654, 48.821739], [16.810998, 48.8217148], [16.8112921, 48.8215878], [16.8115107, 48.8214882], [16.8117031, 48.8212782], [16.8117878, 48.8211078], [16.8123318, 48.8207369], [16.8135238, 48.8198487], [16.8138382, 48.8195947], [16.8140495, 48.8194376], [16.8150373, 48.8190741], [16.8154909, 48.8187629], [16.8156534, 48.8186974], [16.8158172, 48.8187088], [16.8162071, 48.8187883], [16.8167496, 48.8188215], [16.8170758, 48.8188108], [16.8174972, 48.8187876], [16.8175838, 48.8187936], [16.8176486, 48.8189971], [16.8176463, 48.8192094], [16.8177045, 48.8194106], [16.8177944, 48.8195769], [16.8177919, 48.8196617], [16.8177438, 48.819757], [16.8175811, 48.8199871], [16.8174116, 48.8202086], [16.8171221, 48.8204869], [16.8170212, 48.8205784], [16.8169417, 48.8206308], [16.8168344, 48.8207364], [16.8167239, 48.8208715], [16.816675, 48.8209631], [16.8166535, 48.8210638], [16.8166638, 48.8211278], [16.8166845, 48.8211961], [16.8167159, 48.8212996], [16.8168148, 48.8215208], [16.8169374, 48.8217138], [16.816916, 48.8218142], [16.8169104, 48.8218403], [16.8165729, 48.8220068], [16.8161443, 48.8222301], [16.8157039, 48.8224672], [16.8153269, 48.822658], [16.8144893, 48.8230925], [16.8138712, 48.8234049], [16.8132427, 48.823713], [16.8128277, 48.8239364], [16.8125925, 48.8240801], [16.8124182, 48.8241512], [16.8123315, 48.824137], [16.8121629, 48.8240542], [16.811426, 48.8236924], [16.8086306, 48.8223041], [16.8078289, 48.8218959], [16.8077276, 48.8218443], [16.8073771, 48.821904], [16.8071519, 48.821882], [16.8070004, 48.8218271], [16.8066277, 48.8217089], [16.8063368, 48.8216353], [16.8058766, 48.8215327], [16.805279, 48.8214161], [16.8049414, 48.8213405], [16.8047395, 48.8212953], [16.8042677, 48.8212398], [16.8040996, 48.8211865], [16.8040091, 48.8211187]]]}, "properties": {"id": "54fd3304-2024-37d0-95d2-4dcf32fc8aff", "names": null, "subtype": "agriculture", "class": "farmland", "surface": null}}, {"type": "Feature", "geometry": {"type": "Polygon", "coordinates": [[[16.8048575, 48.8185199], [16.8040577, 48.8189519], [16.8034174, 48.8193433], [16.8032663, 48.8194484], [16.8033203, 48.8192787], [16.8033582, 48.8191256], [16.8034141, 48.8187335], [16.803646, 48.8179546], [16.8037819, 48.8172299], [16.8039346, 48.8164842], [16.8041197, 48.8157883], [16.8042211, 48.8152793], [16.8042901, 48.8151417], [16.8046346, 48.8158865], [16.8050373, 48.8164351], [16.8052579, 48.8166435], [16.8057426, 48.8170154], [16.8062587, 48.8174429], [16.8065058, 48.8176203], [16.8065571, 48.8176773], [16.8064847, 48.8177523], [16.8057788, 48.8180502], [16.8053423, 48.81826], [16.8048575, 48.8185199]]]}, "properties": {"id": "a8b34da0-3857-3744-bf0d-dc77c1d426d5", "names": null, "subtype": "agriculture", "class": "farmland", "surface": null}}, {"type": "Feature", "geometry": {"type": "Polygon", "coordinates": [[[16.8071814, 48.8175293], [16.8062771, 48.8170877], [16.8058462, 48.8167478], [16.8053705, 48.8162793], [16.8051307, 48.8159527], [16.8049111, 48.815594], [16.8047334, 48.81523], [16.8045696, 48.8147373], [16.8045504, 48.8143745], [16.8046967, 48.8143731], [16.8047147, 48.8146615], [16.8047774, 48.8149418], [16.8048384, 48.8151907], [16.804948, 48.8154297], [16.8053382, 48.8160148], [16.8055708, 48.8163247], [16.8057755, 48.816557], [16.8060285, 48.8167392], [16.8064266, 48.8169805], [16.8066315, 48.8171149], [16.8068975, 48.817258], [16.8073304, 48.8174603], [16.8071814, 48.8175293]]]}, "properties": {"id": "2c8fe3a2-3894-34c9-b48c-7599494c0f80", "names": null, "subtype": "managed", "class": "grass", "surface": null}}, {"type": "Feature", "geometry": {"type": "Polygon", "coordinates": [[[16.805599, 48.8143948], [16.8056619, 48.8141364], [16.8066046, 48.8141702], [16.8081291, 48.8142014], [16.8090989, 48.8144322], [16.8096948, 48.8146823], [16.8109073, 48.8155375], [16.8107325, 48.8156995], [16.805599, 48.8143948]]]}, "properties": {"id": "ab96bd73-8aa8-3ab0-b55a-c62f3f8958de", "names": null, "subtype": "agriculture", "class": "meadow", "surface": null}}, {"type": "Feature", "geometry": {"type": "Polygon", "coordinates": [[[16.8132038, 48.8151431], [16.8130752, 48.8152027], [16.8129611, 48.8152201], [16.8128642, 48.8152261], [16.8127972, 48.8151885], [16.8127029, 48.8150577], [16.8126371, 48.8150214], [16.8125979, 48.8150104], [16.8125559, 48.815017], [16.8124839, 48.8150348], [16.8123998, 48.815105], [16.812353, 48.8151575], [16.8123025, 48.815184], [16.8121881, 48.8152199], [16.8120851, 48.815222], [16.8119886, 48.8152086], [16.8119047, 48.8151789], [16.8118853, 48.8151616], [16.8118806, 48.8151348], [16.8118123, 48.8149374], [16.8117644, 48.8148474], [16.8116797, 48.8147724], [16.8116635, 48.8147354], [16.8116191, 48.8146857], [16.8115411, 48.8146125], [16.8114227, 48.814579], [16.8111689, 48.8144922], [16.8109438, 48.8143848], [16.8105519, 48.8141913], [16.8099687, 48.8139728], [16.8090465, 48.8135361], [16.8089574, 48.8135383], [16.8088593, 48.8135775], [16.8086663, 48.8136759], [16.8085967, 48.813683], [16.808527, 48.8136736], [16.8084523, 48.8136454], [16.8084181, 48.8136294], [16.8083987, 48.813604], [16.8083849, 48.8135726], [16.8084349, 48.813349], [16.8084008, 48.8133211], [16.8083598, 48.813301], [16.808269, 48.8132852], [16.8080875, 48.8132705], [16.8078818, 48.8132687], [16.8077064, 48.8132892], [16.8076093, 48.8133083], [16.8075386, 48.8133934], [16.8074525, 48.813536], [16.807421, 48.8135453], [16.8073809, 48.8135478], [16.8073336, 48.8135466], [16.8073051, 48.8135399], [16.8072753, 48.8135126], [16.8072293, 48.8134451], [16.8072279, 48.8133948], [16.8072045, 48.8133429], [16.8071629, 48.8132856], [16.8071113, 48.8132318], [16.8069899, 48.8131982], [16.8068414, 48.8131753], [16.8066058, 48.8131163], [16.8065099, 48.8131123], [16.8064045, 48.8131169], [16.8063443, 48.8131407], [16.8062693, 48.8131567], [16.806143, 48.8131532], [16.8060024, 48.8131767], [16.8058562, 48.8131881], [16.8056784, 48.813315], [16.8055968, 48.8133598], [16.8055322, 48.8133859], [16.8054034, 48.8133891], [16.8052871, 48.8133433], [16.805189, 48.8132633], [16.8051627, 48.8132166], [16.8051466, 48.8131662], [16.8051481, 48.8131223], [16.805178, 48.8130701], [16.8054012, 48.8129323], [16.8055229, 48.8126607], [16.8056527, 48.8124677], [16.8057315, 48.8122274], [16.8057347, 48.8121809], [16.8057248, 48.8121306], [16.805621, 48.8119855], [16.8056728, 48.8118621], [16.8057927, 48.8120937], [16.805986, 48.8121783], [16.8078311, 48.8128239], [16.8081111, 48.8129451], [16.8087504, 48.813285], [16.8100705, 48.8139567], [16.8103254, 48.814043], [16.8105811, 48.814124], [16.8109351, 48.8142558], [16.8111702, 48.8143495], [16.8114879, 48.8144571], [16.8116558, 48.8144383], [16.8119353, 48.8144794], [16.8122135, 48.814372], [16.812478, 48.8145425], [16.8126958, 48.8146693], [16.8128073, 48.8146922], [16.8129862, 48.8147021], [16.8130793, 48.8146959], [16.8131339, 48.8146668], [16.8133179, 48.8145477], [16.8134788, 48.8143815], [16.8135088, 48.8140971], [16.8134405, 48.8138515], [16.8138628, 48.8135867], [16.8141194, 48.8133257], [16.8146445, 48.8126574], [16.8146071, 48.8125306], [16.8147814, 48.8124117], [16.8147195, 48.812115], [16.8144999, 48.8120718], [16.8144997, 48.8118081], [16.8147924, 48.8116815], [16.8150109, 48.8115395], [16.815122, 48.8113723], [16.8152924, 48.8113586], [16.8156929, 48.8115235], [16.8161025, 48.8116027], [16.8159572, 48.8117194], [16.8159838, 48.8118176], [16.8160813, 48.8119765], [16.8160463, 48.8120755], [16.815886, 48.8121176], [16.8158017, 48.8122131], [16.8157224, 48.8124459], [16.8155435, 48.8127732], [16.8154599, 48.8132009], [16.8155394, 48.8133282], [16.8155564, 48.813342], [16.8155428, 48.8133791], [16.8155008, 48.8134015], [16.8153671, 48.8134455], [16.8152608, 48.8135344], [16.8151078, 48.8138505], [16.8152502, 48.8140585], [16.8152612, 48.81411], [16.8151988, 48.8142121], [16.8150771, 48.8142772], [16.8150068, 48.814285], [16.8148677, 48.8143868], [16.8147931, 48.8144932], [16.8148137, 48.8145327], [16.8148179, 48.8145786], [16.8147387, 48.8146415], [16.8145767, 48.8146708], [16.8142343, 48.8147003], [16.8132038, 48.8151431]]]}, "properties": {"id": "289348cb-2603-3568-b091-6ae81fb73ec1", "names": null, "subtype": "agriculture", "class": "meadow", "surface": null}}, {"type": "Feature", "geometry": {"type": "Polygon", "coordinates": [[[16.8072173, 48.8148898], [16.8086728, 48.8152659], [16.8099229, 48.8155778], [16.8106588, 48.8157732], [16.8112523, 48.8159245], [16.8117564, 48.8160369], [16.8123032, 48.8161266], [16.8131834, 48.8161413], [16.8137424, 48.816057], [16.8140941, 48.8159272], [16.8145311, 48.8158], [16.8147533, 48.8157728], [16.8150554, 48.8157316], [16.8155157, 48.8156968], [16.8163931, 48.8156461], [16.8168527, 48.8156519], [16.8179477, 48.8156946], [16.8179215, 48.8158594], [16.8178828, 48.8161028], [16.8178526, 48.8162923], [16.81783, 48.8164707], [16.8178193, 48.8165358], [16.8174921, 48.8165284], [16.8137879, 48.8165747], [16.8125003, 48.8165949], [16.8114539, 48.816671], [16.8108268, 48.8167276], [16.8102695, 48.8167689], [16.8100845, 48.8168169], [16.8095767, 48.8168839], [16.8090529, 48.8169676], [16.8084448, 48.8171166], [16.8073304, 48.8174603], [16.8068975, 48.817258], [16.8066315, 48.8171149], [16.8064266, 48.8169805], [16.8060285, 48.8167392], [16.8057755, 48.816557], [16.8055708, 48.8163247], [16.8053382, 48.8160148], [16.804948, 48.8154297], [16.8048384, 48.8151907], [16.8047774, 48.8149418], [16.8047147, 48.8146615], [16.8046967, 48.8143731], [16.8049773, 48.8143718], [16.8052476, 48.8143945], [16.8062071, 48.8146221], [16.8072173, 48.8148898]]]}, "properties": {"id": "4f0c23e0-c1b6-3f94-b0e0-b73c978d169e", "names": null, "subtype": "agriculture", "class": "farmland", "surface": null}}, {"type": "Feature", "geometry": {"type": "Polygon", "coordinates": [[[16.8156543, 48.8014873], [16.8159737, 48.8019317], [16.8191687, 48.8055055], [16.8195766, 48.8065031], [16.8204238, 48.8077279], [16.8208377, 48.8083263], [16.8190998, 48.8095331], [16.8187902, 48.8096674], [16.8184781, 48.8099326], [16.81802, 48.8102293], [16.8177126, 48.8104732], [16.8172431, 48.8109768], [16.817082, 48.8111518], [16.8170029, 48.8112693], [16.8169161, 48.8113961], [16.8168729, 48.8114594], [16.8168426, 48.8115045], [16.8166381, 48.811696], [16.8166316, 48.8117872], [16.8164721, 48.8119432], [16.8163412, 48.8124023], [16.8162279, 48.8126642], [16.8160744, 48.8133156], [16.8159863, 48.8135294], [16.815868, 48.8137233], [16.8156365, 48.8138244], [16.8155484, 48.813909], [16.815347, 48.8141609], [16.815269, 48.814373], [16.8153289, 48.8145719], [16.8153093, 48.8147161], [16.8151482, 48.8149465], [16.8149141, 48.8151636], [16.8146876, 48.8152299], [16.8146045, 48.8151868], [16.8142306, 48.8152658], [16.8140709, 48.8152995], [16.8138645, 48.8152299], [16.8136279, 48.8152796], [16.8135121, 48.8153559], [16.8134467, 48.8154852], [16.8133334, 48.8155631], [16.8131799, 48.8156078], [16.8130062, 48.8156045], [16.8126111, 48.8155664], [16.8121983, 48.8154802], [16.8119944, 48.8154106], [16.8116395, 48.81521], [16.8115313, 48.815099], [16.8104314, 48.8143018], [16.8097795, 48.8140333], [16.8091553, 48.8138526], [16.8085008, 48.8137979], [16.8071618, 48.8135493], [16.8068296, 48.8135443], [16.804653, 48.8135726], [16.8047128, 48.8129045], [16.8047757, 48.811973], [16.8048754, 48.8112931], [16.8049293, 48.8106918], [16.8049821, 48.8101017], [16.8049116, 48.8092381], [16.8048235, 48.8088005], [16.8043201, 48.8073069], [16.8042472, 48.8070649], [16.8045138, 48.8070561], [16.8045893, 48.8070329], [16.804639, 48.806625], [16.8045915, 48.8062888], [16.8045868, 48.8062522], [16.8044332, 48.8062207], [16.8048259, 48.8052973], [16.8048712, 48.8050835], [16.8048687, 48.8048845], [16.8048058, 48.8045596], [16.8047881, 48.8044618], [16.8047151, 48.8040639], [16.8047252, 48.8040126], [16.8045364, 48.8038833], [16.8044309, 48.8036441], [16.8046445, 48.8030679], [16.8044594, 48.8029282], [16.8043992, 48.8028277], [16.8048745, 48.8027104], [16.8049323, 48.802811], [16.8052881, 48.8027229], [16.8050123, 48.8021325], [16.80556, 48.8019766], [16.8057536, 48.8019382], [16.8061107, 48.8018452], [16.8062816, 48.8018131], [16.8063004, 48.8018107], [16.8063085, 48.8018301], [16.8063406, 48.8018415], [16.8063701, 48.8018329], [16.8063741, 48.8018424], [16.8064363, 48.8018402], [16.8064937, 48.8018184], [16.8064917, 48.8018034], [16.8065196, 48.8017981], [16.8065298, 48.8017806], [16.8065234, 48.8017617], [16.8065394, 48.8017578], [16.8065288, 48.8017314], [16.8065386, 48.8017167], [16.8065313, 48.8017017], [16.8065095, 48.8016945], [16.8064922, 48.8016543], [16.807676, 48.8013909], [16.8082106, 48.8012666], [16.808328, 48.8010929], [16.8083456, 48.8010668], [16.8083979, 48.8009894], [16.8104235, 48.8005305], [16.8110287, 48.8004201], [16.8113276, 48.8002334], [16.8114926, 48.8002789], [16.8115959, 48.8003955], [16.8117083, 48.8005489], [16.8134361, 48.8002207], [16.8136325, 48.8001737], [16.813705, 48.800148], [16.8138456, 48.8000647], [16.8139621, 48.7999525], [16.8140226, 48.7998392], [16.8140769, 48.7998464], [16.8142827, 48.7998772], [16.8144292, 48.7998991], [16.8147413, 48.8002681], [16.8150208, 48.8006872], [16.8152099, 48.8009518], [16.8156144, 48.8014465], [16.8156543, 48.8014873]]]}, "properties": {"id": "5c819874-3f0f-3e33-b046-bcb73e6f9430", "names": {"primary": "Z\u00e1meck\u00fd park", "common": [["de", "Schlosspark"]], "rules": null}, "subtype": "park", "class": "park", "surface": null}}, {"type": "Feature", "geometry": {"type": "Polygon", "coordinates": [[[16.806413, 48.806106], [16.806136, 48.806094], [16.805953, 48.805958], [16.805845, 48.805798], [16.805806, 48.805599], [16.805974, 48.805558], [16.805961, 48.805433], [16.805814, 48.805415], [16.805701, 48.805254], [16.805733, 48.805083], [16.806115, 48.804989], [16.806114, 48.804765], [16.806353, 48.804756], [16.806471, 48.805526], [16.806673, 48.80562], [16.806648, 48.805755], [16.806588, 48.805903], [16.806413, 48.806106]]]}, "properties": {"id": "f09a5d0e-9100-366a-80d9-434997bb4e7e", "names": null, "subtype": "agriculture", "class": "meadow", "surface": null}}, {"type": "Feature", "geometry": {"type": "Polygon", "coordinates": [[[16.8005385, 48.8144173], [16.8005322, 48.8142543], [16.8005952, 48.8139714], [16.8006504, 48.8137169], [16.80075, 48.8134558], [16.800812, 48.8132496], [16.8008829, 48.8131684], [16.8009056, 48.8130265], [16.8009728, 48.812878], [16.8011226, 48.8127169], [16.8013063, 48.8126046], [16.8014934, 48.8125219], [16.8016119, 48.8124153], [16.8016919, 48.8122774], [16.8016414, 48.8121398], [16.8014876, 48.8120143], [16.801367, 48.8118623], [16.8012319, 48.8117094], [16.8011687, 48.8115614], [16.8011899, 48.8114289], [16.8012382, 48.8113078], [16.8013196, 48.8111604], [16.8014427, 48.8110255], [16.8015597, 48.8109283], [16.8016961, 48.8108899], [16.802439, 48.811047], [16.8027241, 48.8110764], [16.8029422, 48.8110725], [16.8030364, 48.8111173], [16.8032137, 48.8111871], [16.8034286, 48.8112021], [16.8036058, 48.8112718], [16.8037016, 48.811489], [16.8036705, 48.811774], [16.8036902, 48.8118328], [16.8037029, 48.8120251], [16.80373, 48.8122184], [16.8037601, 48.8123928], [16.8036808, 48.8126169], [16.8037087, 48.8127146], [16.8037396, 48.8127933], [16.803683, 48.8128755], [16.8036807, 48.8129806], [16.8037289, 48.8130414], [16.803658, 48.8131226], [16.8035222, 48.8132471], [16.8034814, 48.8133208], [16.8035169, 48.8133711], [16.8035493, 48.8134404], [16.8035454, 48.8135549], [16.8034369, 48.8136909], [16.8033726, 48.8137533], [16.8033388, 48.8138278], [16.8033017, 48.8139016], [16.8031973, 48.8139852], [16.803049, 48.8140563], [16.8027386, 48.8141395], [16.8022523, 48.814235], [16.8017743, 48.8143219], [16.8014429, 48.8143992], [16.8011419, 48.8144497], [16.8007157, 48.8144871], [16.8005385, 48.8144173]]]}, "properties": {"id": "55222706-3d15-3e20-aad8-0e02dd8925de", "names": null, "subtype": "agriculture", "class": "meadow", "surface": null}}, {"type": "Feature", "geometry": {"type": "Polygon", "coordinates": [[[16.8038268, 48.8077705], [16.8040358, 48.8077587], [16.8040633, 48.8078668], [16.8039191, 48.8078576], [16.8041388, 48.8083574], [16.8044359, 48.8091956], [16.8045105, 48.8098004], [16.8045273, 48.8101165], [16.8044758, 48.8104477], [16.8044081, 48.8106263], [16.8043775, 48.8107864], [16.8043049, 48.8108964], [16.8037242, 48.8112981], [16.8035912, 48.8116905], [16.8036044, 48.8117803], [16.8038183, 48.8121723], [16.8038845, 48.812361], [16.8035221, 48.8135773], [16.8034094, 48.813689], [16.8032387, 48.8140023], [16.8032772, 48.8141379], [16.7991991, 48.8149033], [16.7990415, 48.8149329], [16.7990036, 48.81494], [16.7986667, 48.8152108], [16.7986474, 48.8153512], [16.7987698, 48.8159431], [16.7988148, 48.8164267], [16.7987952, 48.8165687], [16.7987308, 48.8166619], [16.7986374, 48.8167333], [16.7984593, 48.8167956], [16.7976732, 48.8169326], [16.7976808, 48.8175214], [16.7977839, 48.8182107], [16.797767, 48.8182739], [16.7976198, 48.8182996], [16.7964137, 48.8182405], [16.7959082, 48.818259], [16.7956294, 48.8173676], [16.7959373, 48.8169786], [16.7956184, 48.8168216], [16.7951937, 48.8167819], [16.7947753, 48.8168173], [16.7947034, 48.8168083], [16.7947359, 48.8167581], [16.7948702, 48.8166527], [16.7950152, 48.8165979], [16.7949266, 48.816557], [16.7950039, 48.8165232], [16.7949074, 48.8165076], [16.7947593, 48.8164205], [16.7943787, 48.8160286], [16.7958942, 48.81546], [16.7950473, 48.8145813], [16.7947728, 48.8140615], [16.7943087, 48.8134276], [16.7941105, 48.8132522], [16.7936272, 48.8128915], [16.7933455, 48.8127224], [16.7924376, 48.8124552], [16.7921885, 48.8124075], [16.7917987, 48.8117868], [16.7930356, 48.8117742], [16.7932281, 48.8117847], [16.7934254, 48.8117449], [16.7935451, 48.8116462], [16.7936929, 48.8114102], [16.7938986, 48.8112328], [16.7941646, 48.8109647], [16.7942208, 48.8108233], [16.7941968, 48.810763], [16.7939893, 48.8106274], [16.7938956, 48.8105442], [16.7938419, 48.8104597], [16.7938627, 48.810151], [16.7938023, 48.8097322], [16.7938129, 48.8095512], [16.7938481, 48.8094649], [16.7946456, 48.8090844], [16.7953343, 48.8087146], [16.7960884, 48.8082659], [16.7961941, 48.80807], [16.796355, 48.8079511], [16.7967643, 48.8078993], [16.7969439, 48.8078936], [16.7973957, 48.807913], [16.7983164, 48.8080901], [16.7984961, 48.8081021], [16.7986041, 48.8080982], [16.7985175, 48.8080362], [16.7992185, 48.8080104], [16.7993318, 48.80799], [16.8007083, 48.8079427], [16.8020372, 48.8078334], [16.8025038, 48.8078397], [16.80302, 48.8078232], [16.8038268, 48.8077705]]]}, "properties": {"id": "e1cadc6e-d2ef-3f12-97c1-c44aacaea7b7", "names": {"primary": "n\u00e1rodn\u00ed p\u0159\u00edrodn\u00ed pam\u00e1tka Pastvisko u Lednice", "common": null, "rules": [{"variant": "short", "language": null, "perspectives": null, "value": "NPP Pastvisko u Lednice", "between": null, "side": null}]}, "subtype": "protected", "class": "natural_monument", "surface": null}}, {"type": "Feature", "geometry": {"type": "Polygon", "coordinates": [[[16.799235, 48.8088021], [16.799117, 48.8085842], [16.7991152, 48.8084625], [16.7990306, 48.8083315], [16.7990305, 48.8082636], [16.7994008, 48.8081799], [16.799569, 48.8081311], [16.7998015, 48.8081095], [16.8000833, 48.8081367], [16.8003397, 48.8081092], [16.800534, 48.8080395], [16.8009662, 48.8079865], [16.8015069, 48.8079712], [16.8018074, 48.8079543], [16.8020046, 48.8079378], [16.8021835, 48.808015], [16.802403, 48.8079697], [16.8025477, 48.8079076], [16.802748, 48.8079442], [16.8030008, 48.8079392], [16.8036887, 48.8079341], [16.8039104, 48.8079608], [16.8040116, 48.8083499], [16.8041897, 48.8087406], [16.8043106, 48.8092028], [16.8044403, 48.8099682], [16.8044025, 48.8104194], [16.8042958, 48.8107297], [16.8041711, 48.8108648], [16.8038134, 48.8109533], [16.803377, 48.8109607], [16.8029985, 48.8109645], [16.8029198, 48.8110271], [16.8028608, 48.8110382], [16.8022534, 48.8109543], [16.8019358, 48.8108942], [16.8015886, 48.8108285], [16.8012938, 48.8107494], [16.8009271, 48.8106764], [16.8005864, 48.8106052], [16.8004302, 48.8105686], [16.8004004, 48.8105584], [16.8003755, 48.8105412], [16.8003649, 48.8105081], [16.8003441, 48.8104824], [16.8002328, 48.8103941], [16.8001511, 48.8102652], [16.7999824, 48.8100436], [16.7997835, 48.809809], [16.7995891, 48.8095818], [16.7995547, 48.8095327], [16.7995253, 48.8094893], [16.7994038, 48.8091939], [16.7993149, 48.8089889], [16.799235, 48.8088021]], [[16.7995939, 48.8082462], [16.7996111, 48.8082814], [16.7996806, 48.8083128], [16.799801, 48.8083477], [16.7999148, 48.8083518], [16.7999664, 48.8083517], [16.800026, 48.8083369], [16.8000746, 48.8082835], [16.8000481, 48.8081985], [16.8000162, 48.8081471], [16.799953, 48.8081844], [16.7999111, 48.8081965], [16.7998106, 48.8081442], [16.7997271, 48.8081647], [16.7996419, 48.8081967], [16.7995939, 48.8082462]]]}, "properties": {"id": "df85ebd5-0615-3a5e-a38a-57ac9e3cdcc0", "names": null, "subtype": "agriculture", "class": "meadow", "surface": null}}, {"type": "Feature", "geometry": {"type": "LineString", "coordinates": [[16.8003514, 48.8060562], [16.8005902, 48.8060579], [16.8007672, 48.8060933], [16.8009415, 48.8061604], [16.8010408, 48.8062434], [16.8011346, 48.8064059], [16.8011427, 48.8071779], [16.8010837, 48.8073281], [16.8009335, 48.8074517], [16.8007725, 48.8075259], [16.8005928, 48.807563], [16.8003997, 48.8075542], [16.8002012, 48.8075171], [16.8000647, 48.8074497], [16.8000403, 48.8074376], [16.8000108, 48.8074058], [16.7998686, 48.807404], [16.7998177, 48.8063565], [16.799866, 48.8062522], [16.7999947, 48.8061692], [16.8001189, 48.8061134], [16.8001637, 48.8060933], [16.8003514, 48.8060562]]}, "properties": {"id": "7491edd8-791d-3987-a258-0d6abb11179a", "names": null, "subtype": "recreation", "class": "track", "surface": "recreation_grass"}}, {"type": "Feature", "geometry": {"type": "Polygon", "coordinates": [[[16.799535, 48.805559], [16.7997249, 48.8050183], [16.7998752, 48.8049485], [16.7999933, 48.8049978], [16.8003642, 48.8049858], [16.8005306, 48.8049122], [16.8005995, 48.8051456], [16.8005424, 48.8054748], [16.8004125, 48.8057496], [16.8002122, 48.805741], [16.7999716, 48.8055448], [16.7996644, 48.8055583], [16.799535, 48.805559]]]}, "properties": {"id": "650c97b2-4bee-37db-9428-fd160a5b8c43", "names": null, "subtype": "agriculture", "class": "meadow", "surface": null}}, {"type": "Feature", "geometry": {"type": "Polygon", "coordinates": [[[16.7932373, 48.8165969], [16.7931694, 48.8165815], [16.7929863, 48.8163819], [16.7928784, 48.8162586], [16.7927639, 48.8161751], [16.7925686, 48.8159699], [16.7925319, 48.8159051], [16.7924791, 48.8158569], [16.7924404, 48.8158052], [16.7924405, 48.8157207], [16.7924052, 48.815647], [16.7923563, 48.8156169], [16.7922794, 48.8155937], [16.7922497, 48.8155694], [16.7922096, 48.8155265], [16.7921722, 48.8154661], [16.7921425, 48.8154418], [16.7920656, 48.8154186], [16.7919097, 48.8153855], [16.7915916, 48.8153373], [16.7914408, 48.8152951], [16.7914045, 48.8152826], [16.7914009, 48.8152534], [16.7914285, 48.8152264], [16.7915387, 48.8151283], [16.7916888, 48.8150203], [16.7917714, 48.8149917], [16.7919147, 48.814961], [16.7921624, 48.8149105], [16.7923027, 48.8148633], [16.7923631, 48.8148286], [16.7924268, 48.8147984], [16.7924905, 48.8147361], [16.7925832, 48.8147025], [16.7926783, 48.8146958], [16.7928507, 48.8146736], [16.7929791, 48.8146634], [16.7930476, 48.8146548], [16.7931448, 48.8147195], [16.7936047, 48.8152456], [16.7939901, 48.8157171], [16.7940862, 48.8158269], [16.7944293, 48.8162644], [16.794523, 48.8165603], [16.7945568, 48.8167273], [16.7945207, 48.8168271], [16.7944766, 48.8168508], [16.7944462, 48.8168308], [16.7944526, 48.8167067], [16.7944034, 48.8166365], [16.7942182, 48.8165252], [16.7940919, 48.8164757], [16.7939423, 48.816453], [16.7937815, 48.8164507], [16.7934236, 48.8165459], [16.7932373, 48.8165969]]]}, "properties": {"id": "1f0e9f05-4150-3f4b-aecf-acec98e25ab1", "names": null, "subtype": "agriculture", "class": "meadow", "surface": null}}, {"type": "Feature", "geometry": {"type": "Polygon", "coordinates": [[[16.7977829, 48.8172141], [16.7978923, 48.8170292], [16.7979084, 48.8170127], [16.7979808, 48.8169386], [16.7985024, 48.8168022], [16.7987106, 48.8167245], [16.7988208, 48.8166517], [16.7990256, 48.8163902], [16.7991867, 48.8162558], [16.7994467, 48.8161112], [16.7996651, 48.8159699], [16.7998622, 48.8158164], [16.7998091, 48.8156345], [16.7996697, 48.8153327], [16.7997201, 48.8151635], [16.7993614, 48.8152145], [16.7991625, 48.8151735], [16.7991428, 48.8150916], [16.7992249, 48.8149888], [16.8001949, 48.8147544], [16.8012172, 48.814541], [16.801633, 48.8144187], [16.8021876, 48.8143106], [16.8024691, 48.8142723], [16.8028213, 48.8142123], [16.8031593, 48.8141769], [16.80324, 48.8142181], [16.8031309, 48.8143129], [16.8022256, 48.8150219], [16.8014875, 48.8156094], [16.7997972, 48.8169379], [16.7986273, 48.8178458], [16.7983115, 48.8180773], [16.7983027, 48.8180884], [16.7982915, 48.8181026], [16.7982399, 48.8181679], [16.7981461, 48.8182089], [16.7979913, 48.818209], [16.7979169, 48.8181604], [16.7978875, 48.8180368], [16.7978069, 48.8176981], [16.7978006, 48.8175703], [16.7977829, 48.8172141]]]}, "properties": {"id": "83447d19-7233-324a-b9e9-0fa217a417b1", "names": null, "subtype": "agriculture", "class": "meadow", "surface": null}}, {"type": "Feature", "geometry": {"type": "Polygon", "coordinates": [[[16.7982915, 48.8181026], [16.7983027, 48.8180884], [16.7986273, 48.8178458], [16.7997972, 48.8169379], [16.8014875, 48.8156094], [16.8022256, 48.8150219], [16.8031309, 48.8143129], [16.80324, 48.8142181], [16.8032883, 48.8142315], [16.8033302, 48.8143056], [16.8033169, 48.8143892], [16.8032299, 48.8146813], [16.8031124, 48.815207], [16.8029129, 48.8159458], [16.8028983, 48.816037], [16.802895, 48.8161091], [16.8029221, 48.8162566], [16.803023, 48.8165937], [16.8030691, 48.8168103], [16.8030775, 48.8171265], [16.803071, 48.8172617], [16.8030327, 48.8173558], [16.8028788, 48.817426], [16.8026577, 48.8175486], [16.802325, 48.8177389], [16.8019698, 48.8179561], [16.8016036, 48.8181041], [16.801448, 48.8180987], [16.8013923, 48.8180662], [16.8011825, 48.8178626], [16.8008222, 48.8175897], [16.8006266, 48.8175281], [16.8004713, 48.8175318], [16.8003234, 48.8175405], [16.7999011, 48.8177329], [16.7996521, 48.8178623], [16.7993806, 48.8179636], [16.798941, 48.8180664], [16.7987874, 48.8180779], [16.7987568, 48.8180758], [16.7985461, 48.8180803], [16.7983879, 48.818101], [16.7982915, 48.8181026]]]}, "properties": {"id": "e4ada01c-6c79-3232-84b6-d6f2377ed052", "names": null, "subtype": "agriculture", "class": "farmland", "surface": null}}, {"type": "Feature", "geometry": {"type": "Polygon", "coordinates": [[[16.8001451, 48.8184397], [16.8001501, 48.8183378], [16.8003355, 48.8183118], [16.8004669, 48.818354], [16.8006916, 48.8185018], [16.8009964, 48.8186547], [16.8011583, 48.8187117], [16.801257, 48.8187398], [16.8014187, 48.8187691], [16.8016237, 48.8187944], [16.8017774, 48.818803], [16.8020996, 48.8188641], [16.8024078, 48.8189351], [16.8028976, 48.8190478], [16.8031526, 48.8190984], [16.8031171, 48.8193321], [16.8030741, 48.8195428], [16.8000562, 48.8190522], [16.8001108, 48.8187916], [16.8001451, 48.8184397]]]}, "properties": {"id": "d11f168b-b9d5-38bc-93c9-f15852db4906", "names": null, "subtype": "agriculture", "class": "farmland", "surface": null}}, {"type": "Feature", "geometry": {"type": "Polygon", "coordinates": [[[16.8000758, 48.8194322], [16.7999687, 48.8194084], [16.7999936, 48.8193508], [16.8000562, 48.8190522], [16.8030741, 48.8195428], [16.8030653, 48.8195859], [16.8028265, 48.8197604], [16.8009645, 48.8194579], [16.8004553, 48.8193709], [16.8003128, 48.81938], [16.8001949, 48.819398], [16.8000758, 48.8194322]]]}, "properties": {"id": "c45e4d11-140f-33b5-9926-86e811710e74", "names": null, "subtype": "agriculture", "class": "farmland", "surface": null}}, {"type": "Feature", "geometry": {"type": "Polygon", "coordinates": [[[16.7947374, 48.8205518], [16.7943034, 48.8202053], [16.7941615, 48.8200561], [16.7941167, 48.8199942], [16.794105, 48.8199473], [16.7941101, 48.8198898], [16.7941561, 48.8197237], [16.7942128, 48.8196739], [16.79422, 48.8196676], [16.7945775, 48.8195959], [16.7950086, 48.8195292], [16.7954682, 48.819498], [16.7958026, 48.8194993], [16.7959693, 48.8194867], [16.7960134, 48.8194628], [16.7960957, 48.8193591], [16.7961614, 48.8188579], [16.7962104, 48.818659], [16.7962574, 48.8185104], [16.7963247, 48.8184089], [16.7963331, 48.8184002], [16.7963905, 48.8183408], [16.7964532, 48.8183224], [16.7965591, 48.8183162], [16.7973937, 48.8183623], [16.797631, 48.8183638], [16.7980319, 48.8183664], [16.7988312, 48.818414], [16.7992651, 48.8184985], [16.7993895, 48.8185424], [16.7994275, 48.8185768], [16.7994424, 48.8186655], [16.7994492, 48.8187842], [16.7993587, 48.819044], [16.799166, 48.8193841], [16.7990417, 48.8196161], [16.7989662, 48.8199743], [16.7989028, 48.8205999], [16.7988185, 48.8210527], [16.798767, 48.8211351], [16.7987152, 48.8211676], [16.7986543, 48.8211887], [16.7983763, 48.8212661], [16.798277, 48.8213044], [16.798179, 48.8213491], [16.7981103, 48.8214049], [16.7980552, 48.8214671], [16.7979333, 48.8216729], [16.797893, 48.8217108], [16.7978418, 48.8217397], [16.7977775, 48.8217561], [16.7977006, 48.8217579], [16.796928, 48.8217421], [16.7960465, 48.8217394], [16.7956453, 48.8217419], [16.7954909, 48.8217313], [16.795466, 48.8217296], [16.7953978, 48.8217195], [16.795326, 48.8216891], [16.7951898, 48.8215729], [16.7950111, 48.8213584], [16.7949002, 48.8211657], [16.7948467, 48.8208987], [16.7948124, 48.8206785], [16.7947947, 48.8206266], [16.7947374, 48.8205518]]]}, "properties": {"id": "603a14db-46de-395a-a0c9-e907c722b745", "names": null, "subtype": "agriculture", "class": "farmland", "surface": null}}, {"type": "Feature", "geometry": {"type": "Polygon", "coordinates": [[[16.7904574, 48.8214313], [16.7905462, 48.8215966], [16.7905567, 48.8216161], [16.7908128, 48.8217265], [16.7911285, 48.8217802], [16.7912971, 48.821825], [16.7914328, 48.8218932], [16.7919123, 48.8222513], [16.7924053, 48.8226963], [16.7926323, 48.8229138], [16.7927347, 48.8230389], [16.7928496, 48.8232694], [16.7929309, 48.8234975], [16.7932714, 48.8241564], [16.7933842, 48.8243979], [16.7927782, 48.8245047], [16.7926114, 48.8243534], [16.7924442, 48.8240618], [16.7922886, 48.8237997], [16.7922848, 48.8234792], [16.7919349, 48.8231126], [16.7916624, 48.8229092], [16.7913603, 48.8226733], [16.7911794, 48.8225133], [16.7906495, 48.8221346], [16.7901089, 48.821762], [16.7898368, 48.8215611], [16.7896217, 48.8213924], [16.7896109, 48.8213861], [16.7895623, 48.8213579], [16.7893432, 48.8212303], [16.7892093, 48.8211307], [16.7891393, 48.8210215], [16.7891053, 48.8209683], [16.7893468, 48.8203872], [16.7893581, 48.8203524], [16.7902252, 48.820938], [16.7905531, 48.8212002], [16.7905664, 48.82128], [16.7904574, 48.8214313]]]}, "properties": {"id": "ad06cc7a-fa75-3ba8-8c02-5fb9cbddddce", "names": null, "subtype": "agriculture", "class": "farmland", "surface": null}}, {"type": "Feature", "geometry": {"type": "Polygon", "coordinates": [[[16.7986503, 48.8220276], [16.7986717, 48.821954], [16.7987751, 48.8218352], [16.7993445, 48.8214672], [16.7994247, 48.8214033], [16.7994641, 48.8213319], [16.7995134, 48.8211547], [16.7995854, 48.8204958], [16.8001632, 48.820565], [16.800121, 48.8207348], [16.8001145, 48.820964], [16.8001903, 48.8209693], [16.8003109, 48.8208908], [16.8005542, 48.8208346], [16.8006125, 48.8207953], [16.8006743, 48.8207001], [16.8007281, 48.8206288], [16.801619, 48.820727], [16.8007362, 48.8215994], [16.8003929, 48.8219091], [16.8000963, 48.8221895], [16.7996584, 48.8225666], [16.7990656, 48.8229932], [16.7988983, 48.8230982], [16.7988026, 48.8228534], [16.7987224, 48.8225238], [16.7986637, 48.8223125], [16.7986503, 48.8220276]]]}, "properties": {"id": "d4fe730f-1356-392d-b3f7-16aa8c634cdd", "names": null, "subtype": "agriculture", "class": "farmland", "surface": null}}, {"type": "Feature", "geometry": {"type": "Polygon", "coordinates": [[[16.8027303, 48.8228228], [16.8028284, 48.8224399], [16.8028317, 48.8223506], [16.8027402, 48.8221951], [16.802746, 48.8220961], [16.8027846, 48.8220028], [16.8031427, 48.8216699], [16.8032316, 48.8215963], [16.8032888, 48.8215641], [16.8033326, 48.8215554], [16.8034096, 48.8215501], [16.8034135, 48.8215498], [16.8039827, 48.8215756], [16.8041458, 48.8216055], [16.8042298, 48.8216484], [16.8042694, 48.8217067], [16.8041939, 48.8219934], [16.8041274, 48.822298], [16.804006, 48.8227236], [16.8039725, 48.8229526], [16.8041241, 48.8229706], [16.8042152, 48.8229742], [16.8044224, 48.8229633], [16.804472, 48.8229532], [16.8045198, 48.8229366], [16.8046054, 48.8228811], [16.8046878, 48.8228079], [16.8047487, 48.8227334], [16.8048052, 48.8225984], [16.8048668, 48.8225194], [16.8050372, 48.8224155], [16.8050433, 48.822413], [16.8052974, 48.82231], [16.805565, 48.8221665], [16.8057423, 48.8220631], [16.8058874, 48.8219368], [16.806007, 48.8218565], [16.8060719, 48.8218276], [16.806122, 48.8218139], [16.8061805, 48.821808], [16.8065249, 48.8218293], [16.8068311, 48.8218931], [16.8071731, 48.8219914], [16.8073188, 48.8220202], [16.807527, 48.8220202], [16.8076785, 48.8220064], [16.8077751, 48.821987], [16.8078347, 48.8220055], [16.8089918, 48.8225554], [16.8090807, 48.8226158], [16.8091278, 48.8226643], [16.8091603, 48.8226837], [16.8091876, 48.8226929], [16.8092563, 48.8226995], [16.8092936, 48.8227147], [16.8096137, 48.8228799], [16.8105625, 48.8233447], [16.8119303, 48.8240078], [16.8119527, 48.8240473], [16.8119536, 48.8240643], [16.8119541, 48.8240727], [16.8119321, 48.8240992], [16.8118881, 48.8241179], [16.8117597, 48.8241587], [16.8115932, 48.8241977], [16.8114709, 48.8242344], [16.8106037, 48.8245819], [16.8102057, 48.8247533], [16.8099928, 48.8248116], [16.809812, 48.824846], [16.8094157, 48.8248974], [16.8088358, 48.8249821], [16.8086297, 48.8250465], [16.8084866, 48.8251106], [16.8083843, 48.8251822], [16.8081174, 48.825409], [16.8079105, 48.825566], [16.8077714, 48.8256489], [16.8076596, 48.8256921], [16.8076105, 48.8256992], [16.8075614, 48.8256985], [16.8075163, 48.8256891], [16.807472, 48.8256751], [16.8073891, 48.8256368], [16.807063, 48.8254143], [16.806693, 48.8251416], [16.8063643, 48.8249614], [16.8060228, 48.8247929], [16.805611, 48.8246015], [16.8052283, 48.8244338], [16.8049525, 48.8243259], [16.8046999, 48.8242523], [16.8046734, 48.8242296], [16.8046587, 48.8240902], [16.804659, 48.824082], [16.8046663, 48.8239054], [16.8046533, 48.8238584], [16.8046352, 48.8238345], [16.8046103, 48.8238192], [16.8045777, 48.8238088], [16.8045, 48.8238], [16.8043754, 48.8237802], [16.8041777, 48.8237665], [16.8039383, 48.8237308], [16.8039215, 48.8237242], [16.8039094, 48.8237143], [16.8039068, 48.8236961], [16.8041087, 48.8231097], [16.8041056, 48.8230859], [16.8040919, 48.8230606], [16.8040697, 48.8230455], [16.8040375, 48.8230324], [16.8040059, 48.8230247], [16.8039717, 48.8230242], [16.8039132, 48.8230391], [16.8038939, 48.8230567], [16.8036479, 48.8238496], [16.8035863, 48.8240481], [16.8035243, 48.8240673], [16.8034732, 48.8240701], [16.8034163, 48.8240661], [16.8030135, 48.8240073], [16.8029713, 48.8239971], [16.8029548, 48.8239887], [16.8029359, 48.8239702], [16.8029265, 48.8239434], [16.8029805, 48.8236225], [16.8026242, 48.8235895], [16.8026094, 48.8235794], [16.8025981, 48.8235642], [16.80259, 48.8235464], [16.8025894, 48.8234903], [16.8025932, 48.823449], [16.8026133, 48.823357], [16.8027303, 48.8228228]], [[16.8030264, 48.8225894], [16.8029895, 48.8227776], [16.8029731, 48.8228542], [16.803349, 48.8229103], [16.8033935, 48.8227859], [16.8034972, 48.8224368], [16.8030798, 48.8224177], [16.8030264, 48.8225894]]]}, "properties": {"id": "aa9b51d5-42f4-382c-a00c-effe3f3d26bf", "names": null, "subtype": "agriculture", "class": "farmland", "surface": null}}, {"type": "Feature", "geometry": {"type": "Polygon", "coordinates": [[[16.8132896, 48.8252128], [16.8135727, 48.8250607], [16.814279, 48.8247201], [16.8145925, 48.8245402], [16.8147206, 48.8244587], [16.8149459, 48.8242908], [16.8152602, 48.8241065], [16.8154303, 48.8239945], [16.8159121, 48.8236771], [16.8166545, 48.8234014], [16.8171922, 48.8232245], [16.8173661, 48.823147], [16.8175379, 48.8230921], [16.8170076, 48.8242581], [16.8178533, 48.8250726], [16.8171897, 48.8251034], [16.8157205, 48.8252128], [16.8136797, 48.8253946], [16.813392, 48.8253954], [16.8132715, 48.8252748], [16.8132896, 48.8252128]]]}, "properties": {"id": "46925014-85e5-3477-961f-1a5bb08b47fc", "names": null, "subtype": "agriculture", "class": "farmland", "surface": null}}, {"type": "Feature", "geometry": {"type": "Polygon", "coordinates": [[[16.8023687, 48.8220754], [16.8025518, 48.8218922], [16.8025609, 48.8218844], [16.8038545, 48.8207747], [16.8047127, 48.8202129], [16.8055802, 48.8196684], [16.8065708, 48.8191488], [16.8074166, 48.8187938], [16.8088329, 48.8182555], [16.8088653, 48.8182929], [16.8089209, 48.8183621], [16.8090968, 48.8183209], [16.8100704, 48.8183826], [16.8111801, 48.8183976], [16.8115623, 48.8183888], [16.812017, 48.8183676], [16.8128519, 48.8183332], [16.8139201, 48.8182953], [16.8159079, 48.8182151], [16.8173391, 48.8181562], [16.8188598, 48.8181104], [16.8207871, 48.8180366], [16.8208369, 48.8180935], [16.8208827, 48.8180918], [16.8209301, 48.81809], [16.820995, 48.8180264], [16.8223137, 48.8179713], [16.8274913, 48.817767], [16.8282376, 48.8177401], [16.8293139, 48.8176989], [16.82964, 48.8176996], [16.8314374, 48.8177557], [16.8314837, 48.8177814], [16.8314512, 48.8180185], [16.8314798, 48.8180195], [16.8315162, 48.8180208], [16.8315057, 48.8180995], [16.8317235, 48.8181099], [16.831764, 48.8181006], [16.8317938, 48.8181203], [16.8318536, 48.8181377], [16.8318588, 48.8181851], [16.8318029, 48.8181892], [16.8317659, 48.8182359], [16.8316837, 48.8183667], [16.8315049, 48.8186777], [16.8307033, 48.8200441], [16.8302594, 48.8208102], [16.8295186, 48.8220866], [16.8290033, 48.8229879], [16.8277137, 48.8252312], [16.8269501, 48.8265736], [16.8256609, 48.8288179], [16.8243731, 48.8310534], [16.8241746, 48.831437], [16.8240163, 48.8317021], [16.8239018, 48.831856], [16.8237609, 48.8320951], [16.8235549, 48.8325114], [16.8233447, 48.8329836], [16.8233279, 48.8330413], [16.8231955, 48.8334962], [16.8231015, 48.8339027], [16.8230919, 48.8339785], [16.8230154, 48.834738], [16.8230891, 48.8355627], [16.8230956, 48.8356472], [16.8231168, 48.8357414], [16.8231356, 48.8358158], [16.8231917, 48.835969], [16.8233209, 48.836358], [16.8234511, 48.8367146], [16.8231922, 48.8367597], [16.8231292, 48.8368141], [16.8229544, 48.8369234], [16.818688, 48.8395587], [16.8185507, 48.8396005], [16.8148598, 48.8407534], [16.8121139, 48.8416079], [16.8108645, 48.8419937], [16.8107134, 48.8420352], [16.8086549, 48.842303], [16.8064682, 48.8415211], [16.7992069, 48.8374077], [16.7980924, 48.8375461], [16.7980209, 48.8374684], [16.7976412, 48.8373363], [16.7972591, 48.8370343], [16.7969517, 48.836796], [16.7965068, 48.8362532], [16.7959043, 48.8357841], [16.7953616, 48.8356144], [16.7943407, 48.8356604], [16.7940169, 48.835758], [16.7922992, 48.8351499], [16.7921661, 48.8351202], [16.7920387, 48.8350765], [16.7919263, 48.8350245], [16.7916989, 48.8349079], [16.7904549, 48.8343272], [16.7874326, 48.8329062], [16.7874353, 48.8328666], [16.7874706, 48.8327156], [16.7874339, 48.8319818], [16.787544, 48.8309572], [16.7873244, 48.8308127], [16.7871598, 48.8306411], [16.7880205, 48.8304182], [16.7886535, 48.8302235], [16.7892133, 48.8300223], [16.7896193, 48.8298358], [16.7899807, 48.8296824], [16.7905167, 48.8293784], [16.7910878, 48.8290033], [16.79149, 48.828722], [16.7918831, 48.8283777], [16.7922818, 48.8280268], [16.7927152, 48.8276564], [16.7933194, 48.8271269], [16.7934223, 48.8270465], [16.7939579, 48.8266517], [16.7941171, 48.8265456], [16.794568, 48.8262923], [16.7949268, 48.8260977], [16.7953157, 48.8259304], [16.7957632, 48.8257587], [16.7966848, 48.8253953], [16.797578, 48.8250628], [16.7988933, 48.8245667], [16.7995813, 48.8242547], [16.7997147, 48.824193], [16.7998454, 48.8241155], [16.800155, 48.8239447], [16.8004981, 48.8237361], [16.8008349, 48.8235178], [16.8009872, 48.8233825], [16.8016197, 48.8228213], [16.8020251, 48.8224716], [16.8023687, 48.8220754]]]}, "properties": {"id": "a35a0996-b41d-372b-8669-dcf07c9cef1a", "names": {"primary": "obora Obelisk", "common": null, "rules": null}, "subtype": "agriculture", "class": "animal_keeping", "surface": null}}, {"type": "Feature", "geometry": {"type": "Polygon", "coordinates": [[[16.6065182, 48.9620445], [16.6063725, 48.962213], [16.6059181, 48.9627386], [16.6051939, 48.9635416], [16.604856, 48.9639977], [16.6046541, 48.9644087], [16.6047189, 48.9644282], [16.6046894, 48.9644708], [16.604734, 48.9644843], [16.6049052, 48.9645404], [16.6046101, 48.9649877], [16.6043061, 48.9654099], [16.603944, 48.9657234], [16.6035417, 48.9661407], [16.6030044, 48.9668581], [16.602733, 48.9668028], [16.6024515, 48.9666921], [16.6026744, 48.9662748], [16.602814, 48.9660203], [16.6028095, 48.9659325], [16.6028237, 48.9659028], [16.6029464, 48.9657307], [16.6031354, 48.9654135], [16.6043571, 48.9633637], [16.6048855, 48.9632739], [16.6058747, 48.9622181], [16.6062626, 48.9617977], [16.6072538, 48.9608226], [16.6079574, 48.9602286], [16.6085735, 48.9597571], [16.6095652, 48.9589372], [16.6099504, 48.9586171], [16.6110426, 48.9577091], [16.6114363, 48.9573863], [16.611994, 48.9569357], [16.6129938, 48.9561281], [16.6131586, 48.9559942], [16.6139418, 48.9553579], [16.6149719, 48.9545192], [16.6159662, 48.9537189], [16.6169399, 48.9529247], [16.61791, 48.9521398], [16.6188476, 48.9513833], [16.6189079, 48.9513347], [16.6190167, 48.951247], [16.6194666, 48.9508816], [16.6199965, 48.9504451], [16.6205229, 48.9500215], [16.6215756, 48.9491644], [16.6221488, 48.9486961], [16.6228647, 48.9481219], [16.622962, 48.9480382], [16.6232206, 48.9478283], [16.6238866, 48.9472878], [16.6240524, 48.9471551], [16.6267984, 48.944928], [16.6286623, 48.9434144], [16.6292724, 48.942919], [16.6293836, 48.9428287], [16.6304638, 48.9419538], [16.6310783, 48.9414561], [16.6314383, 48.9411645], [16.6315425, 48.9410801], [16.6321559, 48.9405746], [16.6336137, 48.939392], [16.6352281, 48.9380835], [16.6353914, 48.9379508], [16.6366067, 48.9369626], [16.6366761, 48.9369065], [16.6377033, 48.9360742], [16.6381807, 48.9356845], [16.6386396, 48.9353219], [16.6391984, 48.934905], [16.6396651, 48.9345632], [16.640196, 48.9341999], [16.6407385, 48.933846], [16.641281, 48.9335056], [16.6418714, 48.933154], [16.6423763, 48.9328723], [16.6428067, 48.9326409], [16.6429135, 48.9325835], [16.643034, 48.9325188], [16.643672, 48.9321933], [16.6442575, 48.9319141], [16.6448428, 48.93164], [16.645438, 48.9313821], [16.6460653, 48.9311219], [16.6466803, 48.9308794], [16.6473674, 48.9306211], [16.6479913, 48.9304027], [16.6486501, 48.9301863], [16.6493535, 48.9299622], [16.6500865, 48.9297366], [16.6508289, 48.9295104], [16.6530177, 48.9288433], [16.655781, 48.9279971], [16.6580288, 48.9273142], [16.6608025, 48.9264632], [16.6649539, 48.9251946], [16.6651213, 48.9251433], [16.6662061, 48.9248112], [16.6710254, 48.9233358], [16.6739653, 48.9224374], [16.679739, 48.9206658], [16.6798845, 48.9206217], [16.6815568, 48.9201136], [16.683435, 48.9195344], [16.6836706, 48.9194649], [16.6854255, 48.91893], [16.6855563, 48.9188899], [16.6886215, 48.917949], [16.6944127, 48.9161729], [16.6962697, 48.9156033], [16.6965783, 48.9155086], [16.6967204, 48.9154533], [16.6967671, 48.9154269], [16.6967904, 48.9153937], [16.6968219, 48.9153685], [16.6972045, 48.9152617], [16.6975577, 48.9151527], [16.6983724, 48.914867], [16.7016433, 48.9138486], [16.7067134, 48.9123143], [16.7070753, 48.9122114], [16.7070874, 48.9122227], [16.7072779, 48.9121753], [16.7077282, 48.9120364], [16.7080786, 48.9119286], [16.7080789, 48.911892], [16.7086196, 48.9117815], [16.7086523, 48.9117841], [16.7086859, 48.911796], [16.7087108, 48.9117946], [16.708762, 48.9117773], [16.7106214, 48.9112098], [16.7113258, 48.9109969], [16.7135879, 48.9103032], [16.7142079, 48.9101108], [16.7149529, 48.9098901], [16.7156937, 48.9096755], [16.7163839, 48.9094751], [16.7172533, 48.9092212], [16.7186946, 48.9087869], [16.7227956, 48.9075263], [16.726573, 48.9063713], [16.7310809, 48.9049884], [16.7312158, 48.9049469], [16.7321989, 48.9046443], [16.7346557, 48.9038912], [16.734876, 48.9038237], [16.7354273, 48.9036547], [16.737253, 48.903095], [16.7400337, 48.9022416], [16.742304, 48.9015464], [16.7439297, 48.9010474], [16.7442512, 48.9009445], [16.7450489, 48.9007054], [16.7457978, 48.9004745], [16.7479969, 48.8998024], [16.7502782, 48.8990981], [16.7523748, 48.8984555], [16.7546363, 48.8977593], [16.7588565, 48.8964689], [16.7625495, 48.8953351], [16.7661735, 48.8942224], [16.7682749, 48.8935773], [16.7712918, 48.892651], [16.7744172, 48.8916844], [16.7761499, 48.8911147], [16.7826347, 48.8891118], [16.7824531, 48.8888732], [16.7841509, 48.888353], [16.7846015, 48.8882965], [16.7852345, 48.8882524], [16.7856556, 48.8881872], [16.786176, 48.8880496], [16.787032, 48.8878086], [16.7873892, 48.887708], [16.7888135, 48.8872708], [16.7895266, 48.8870519], [16.7914939, 48.8864446], [16.79222, 48.8862195], [16.7929043, 48.8859982], [16.7935656, 48.885779], [16.7942407, 48.8855466], [16.7948986, 48.8853121], [16.7955733, 48.8850599], [16.7962223, 48.8848132], [16.7968834, 48.8845529], [16.7975172, 48.8842919], [16.7981539, 48.8840226], [16.7987815, 48.8837486], [16.7993806, 48.8834812], [16.8000019, 48.8831953], [16.8006154, 48.8828996], [16.8012552, 48.8825818], [16.8018544, 48.8822739], [16.8024707, 48.8819526], [16.8030643, 48.8816287], [16.8036513, 48.8813021], [16.8042274, 48.8809685], [16.8048072, 48.8806231], [16.8053264, 48.8803071], [16.8059117, 48.8799403], [16.8064667, 48.8795777], [16.8070012, 48.8792218], [16.8075189, 48.8788635], [16.8080146, 48.8785132], [16.8084792, 48.8781756], [16.8089241, 48.8778451], [16.8094076, 48.8774701], [16.8098892, 48.87709], [16.8103368, 48.876724], [16.8107496, 48.8763756], [16.8111759, 48.8759992], [16.8116054, 48.8756279], [16.8124544, 48.8748715], [16.8133083, 48.8741027], [16.8141871, 48.8733057], [16.8151494, 48.8724412], [16.8159743, 48.871697], [16.816184, 48.8715097], [16.8163565, 48.8713525], [16.8169788, 48.8707934], [16.8179016, 48.8699621], [16.8188359, 48.8691184], [16.8197006, 48.8683396], [16.8206382, 48.8674965], [16.8215496, 48.8666712], [16.8215969, 48.8666284], [16.8222389, 48.8660493], [16.822423, 48.8658847], [16.8233243, 48.8650784], [16.8242334, 48.8642562], [16.8251833, 48.8633998], [16.8260624, 48.8626073], [16.8269376, 48.8618174], [16.8278578, 48.8609876], [16.8288113, 48.8601308], [16.829765, 48.8592715], [16.830684, 48.858441], [16.8312368, 48.8579397], [16.8314182, 48.8577769], [16.8321209, 48.8571507], [16.8330543, 48.8563052], [16.8339436, 48.8555078], [16.8348798, 48.8546649], [16.8358476, 48.8537928], [16.8359487, 48.8537017], [16.8361085, 48.8535547], [16.8367798, 48.852954], [16.8376943, 48.8521276], [16.8386445, 48.8512688], [16.8396051, 48.8504036], [16.8405327, 48.8495671], [16.8414281, 48.8487582], [16.8423025, 48.8479638], [16.8430774, 48.8472615], [16.8432112, 48.8471445], [16.8432752, 48.8470863], [16.8434044, 48.846969], [16.8436475, 48.8467482], [16.8441238, 48.8463138], [16.8450806, 48.8454598], [16.8458985, 48.844724], [16.8459838, 48.8446471], [16.846051, 48.8445867], [16.8479883, 48.8428412], [16.8482798, 48.8425659], [16.8493716, 48.8413017], [16.8520128, 48.8389054], [16.8547542, 48.8364629], [16.8558363, 48.8357573], [16.8561443, 48.835477], [16.8580549, 48.8337545], [16.8595, 48.8324511], [16.8598111, 48.8321697], [16.8598643, 48.8321214], [16.8609995, 48.8310942], [16.8620014, 48.8301939], [16.8629752, 48.8293108], [16.8639455, 48.8284345], [16.864961, 48.8275131], [16.8656817, 48.8268594], [16.8657614, 48.8267871], [16.8659194, 48.8266438], [16.8673882, 48.8253116], [16.8697331, 48.8231844], [16.8716312, 48.8214578], [16.8735598, 48.8197098], [16.875503, 48.8179456], [16.8757085, 48.8177576], [16.875799, 48.8176747], [16.8764189, 48.8171075], [16.8778237, 48.815839], [16.879155, 48.8146256], [16.8817385, 48.8122794], [16.8837078, 48.8104882], [16.8851473, 48.8091789], [16.8865552, 48.8079017], [16.8889882, 48.8056862], [16.8914767, 48.8034251], [16.8952841, 48.7999606], [16.8976944, 48.7977622], [16.8986698, 48.7968751], [16.8987503, 48.7968019], [16.899087, 48.7964956], [16.900977, 48.7947766], [16.9015161, 48.7942862], [16.9016144, 48.7941968], [16.9023675, 48.7935118], [16.9028332, 48.7930882], [16.9032691, 48.7926917], [16.9037513, 48.7922531], [16.9042255, 48.7918182], [16.9046993, 48.7913877], [16.9051568, 48.7909689], [16.9056115, 48.7905563], [16.9060676, 48.790136], [16.9065361, 48.7897132], [16.907006, 48.7892824], [16.9075036, 48.7888321], [16.9079708, 48.7884059], [16.9084009, 48.7880131], [16.9088614, 48.7875767], [16.9092967, 48.7871279], [16.909719, 48.7866585], [16.9099164, 48.7864289], [16.9101158, 48.7861886], [16.9102993, 48.7859535], [16.9104809, 48.7857066], [16.9106617, 48.785455], [16.9108261, 48.7852173], [16.9111344, 48.7847348], [16.9114241, 48.7842222], [16.911558, 48.783968], [16.9116888, 48.783702], [16.9118069, 48.7834508], [16.9119233, 48.7831839], [16.912027, 48.7829327], [16.9121259, 48.7826659], [16.9123074, 48.7821341], [16.9124464, 48.7816355], [16.9125454, 48.7811911], [16.912638, 48.780699], [16.9127034, 48.7802031], [16.9127401, 48.7797647], [16.9127606, 48.7792634], [16.9127592, 48.7787729], [16.9127249, 48.7779739], [16.9126829, 48.7773576], [16.9126347, 48.7768696], [16.9125592, 48.7763889], [16.9124436, 48.7759266], [16.912288, 48.7754598], [16.9121032, 48.7750292], [16.9118859, 48.7746075], [16.9115482, 48.7740619], [16.9117339, 48.774003], [16.9118334, 48.7741494], [16.9120781, 48.7745612], [16.9122985, 48.7749891], [16.9124865, 48.775427], [16.9125245, 48.775541], [16.9126446, 48.7759012], [16.9127621, 48.776371], [16.9128385, 48.7768583], [16.9128872, 48.7773502], [16.9129294, 48.777969], [16.9129637, 48.7787709], [16.9129651, 48.7792651], [16.9129444, 48.7797702], [16.9129074, 48.7802126], [16.9128415, 48.7807132], [16.9127481, 48.7812092], [16.9126482, 48.7816575], [16.9125078, 48.7821611], [16.912325, 48.7826967], [16.912225, 48.7829664], [16.9121203, 48.7832202], [16.9120029, 48.7834893], [16.9118838, 48.7837427], [16.9117519, 48.7840108], [16.9116166, 48.7842678], [16.9113245, 48.7847845], [16.9110135, 48.7852714], [16.9108472, 48.7855118], [16.9106653, 48.7857648], [16.9104823, 48.7860137], [16.9102965, 48.7862518], [16.9100951, 48.7864944], [16.909896, 48.7867261], [16.9094709, 48.7871986], [16.9090316, 48.7876515], [16.9085678, 48.788091], [16.9081366, 48.7884848], [16.9076692, 48.7889112], [16.9071718, 48.7893614], [16.9067017, 48.7897923], [16.9062334, 48.7902149], [16.9057775, 48.7906351], [16.9053226, 48.7910478], [16.9048651, 48.7914666], [16.9043913, 48.791897], [16.9039172, 48.7923319], [16.9034347, 48.7927708], [16.9029988, 48.7931673], [16.9025331, 48.7935909], [16.90178, 48.7942759], [16.9016817, 48.7943653], [16.9011426, 48.7948557], [16.8992526, 48.7965746], [16.8989159, 48.796881], [16.8988354, 48.7969542], [16.8978602, 48.7978412], [16.8954499, 48.8000395], [16.8916423, 48.8035042], [16.8891538, 48.8057652], [16.8867208, 48.8079808], [16.8853129, 48.809258], [16.8838734, 48.8105672], [16.8819043, 48.8123582], [16.8793206, 48.8147047], [16.8779892, 48.8159181], [16.8765845, 48.8171865], [16.8759651, 48.8177533], [16.8758745, 48.8178362], [16.8756688, 48.8180245], [16.8737253, 48.8197889], [16.8717968, 48.8215369], [16.8698987, 48.8232635], [16.8675537, 48.8253907], [16.8660849, 48.8267229], [16.8659269, 48.8268662], [16.8658472, 48.8269385], [16.8651266, 48.8275922], [16.864111, 48.8285137], [16.8631407, 48.82939], [16.8621667, 48.8302732], [16.8611647, 48.8311736], [16.8600298, 48.8322005], [16.8599765, 48.8322489], [16.8596653, 48.8325304], [16.8582202, 48.8338338], [16.8563097, 48.8355562], [16.8560021, 48.8358362], [16.8553233, 48.8366113], [16.8547369, 48.8371497], [16.8525537, 48.839109], [16.8499364, 48.8414641], [16.8495163, 48.8418368], [16.8486097, 48.8425085], [16.8481544, 48.8429198], [16.8462161, 48.8446661], [16.846149, 48.8447265], [16.8460636, 48.8448034], [16.8452455, 48.8455395], [16.8442891, 48.8463931], [16.8438133, 48.8468271], [16.8433757, 48.8472244], [16.8432419, 48.8473415], [16.8424681, 48.8480428], [16.8415936, 48.8488373], [16.8406979, 48.8496464], [16.8397703, 48.850483], [16.8388098, 48.8513481], [16.8378596, 48.8522068], [16.8369448, 48.8530334], [16.8362741, 48.8536337], [16.8361145, 48.8537805], [16.8360524, 48.8538365], [16.835045, 48.8547443], [16.8341086, 48.8555874], [16.8332195, 48.8563846], [16.8322859, 48.8572303], [16.831583, 48.8578566], [16.8314021, 48.858019], [16.8308495, 48.8585201], [16.8299303, 48.8593508], [16.8289764, 48.8602102], [16.828023, 48.861067], [16.8271029, 48.8618967], [16.8262276, 48.8626866], [16.8253485, 48.8634791], [16.8243987, 48.8643355], [16.8234894, 48.8651578], [16.8225878, 48.8659644], [16.8224039, 48.8661289], [16.8217622, 48.8667075], [16.8208035, 48.8675758], [16.8198658, 48.868419], [16.8190012, 48.8691977], [16.8180669, 48.8700414], [16.8171439, 48.8708728], [16.816522, 48.8714316], [16.8163493, 48.871589], [16.8161393, 48.8717766], [16.8153146, 48.8725206], [16.8143524, 48.873385], [16.8134736, 48.8741818], [16.8126193, 48.8749511], [16.8117691, 48.8757086], [16.8113393, 48.8760801], [16.8109123, 48.8764571], [16.8104972, 48.8768075], [16.8100474, 48.8771752], [16.8095642, 48.8775566], [16.8090787, 48.8779332], [16.8086316, 48.8782653], [16.8081653, 48.8786042], [16.8076679, 48.8789557], [16.8071481, 48.8793154], [16.8066115, 48.8796727], [16.8060543, 48.8800368], [16.8054664, 48.8804052], [16.8049453, 48.8807223], [16.8043637, 48.8810688], [16.8037849, 48.8814039], [16.8031957, 48.8817318], [16.8025995, 48.8820571], [16.8019809, 48.8823796], [16.8013798, 48.8826885], [16.8007375, 48.8830075], [16.800121, 48.8833047], [16.7994967, 48.8835919], [16.7988955, 48.8838602], [16.7982658, 48.8841352], [16.7976268, 48.8844054], [16.7969903, 48.8846676], [16.796326, 48.8849291], [16.795675, 48.8851766], [16.7949979, 48.8854297], [16.7943369, 48.8856653], [16.7936591, 48.8858987], [16.7929954, 48.8861186], [16.7923087, 48.8863406], [16.791581, 48.8865663], [16.7896133, 48.8871737], [16.7885992, 48.887497], [16.7876427, 48.8878384], [16.7869204, 48.8880962], [16.7865568, 48.8882207], [16.785948, 48.8884482], [16.7849073, 48.8888671], [16.7842582, 48.8891589], [16.7833315, 48.889455], [16.7823082, 48.8897268], [16.7762008, 48.8914763], [16.7757431, 48.8914779], [16.774849, 48.8917214], [16.7713785, 48.8927728], [16.7683614, 48.8936992], [16.76626, 48.8943443], [16.762636, 48.895457], [16.7589429, 48.8965908], [16.7547228, 48.8978812], [16.7526285, 48.8985259], [16.7524859, 48.8985698], [16.7524613, 48.8985774], [16.7503649, 48.8992199], [16.7480834, 48.8999243], [16.7458843, 48.9005964], [16.7451348, 48.9008274], [16.7443384, 48.9010661], [16.7440178, 48.9011688], [16.7423904, 48.9016683], [16.7401202, 48.9023635], [16.7373397, 48.9032168], [16.7361437, 48.9035834], [16.7348871, 48.9039687], [16.7322854, 48.9047662], [16.7313025, 48.9050687], [16.7311676, 48.9051102], [16.7266594, 48.9064932], [16.7228821, 48.9076482], [16.7187805, 48.9089089], [16.7173375, 48.9093437], [16.7164668, 48.909598], [16.7157761, 48.9097985], [16.7150361, 48.9100129], [16.7142936, 48.9102329], [16.7136754, 48.9104248], [16.7125353, 48.9107789], [16.7122892, 48.9108553], [16.7123187, 48.9109699], [16.7116422, 48.9111481], [16.7109479, 48.9113352], [16.7108738, 48.9113573], [16.7103886, 48.911502], [16.7096485, 48.9117226], [16.7086529, 48.9120263], [16.7086543, 48.9120322], [16.7086661, 48.912081], [16.7080973, 48.9122079], [16.7078682, 48.9122715], [16.7077707, 48.9123068], [16.7076327, 48.9123567], [16.7072984, 48.9124578], [16.7072596, 48.9124696], [16.7072647, 48.9124768], [16.7071452, 48.9125131], [16.7063542, 48.9127531], [16.7063612, 48.912763], [16.7061788, 48.9128204], [16.7062646, 48.9129656], [16.7052587, 48.91328], [16.7053303, 48.9133779], [16.704327, 48.9136784], [16.7042653, 48.9136388], [16.7026895, 48.9140583], [16.7018489, 48.914223], [16.7014058, 48.9143099], [16.7009709, 48.914412], [16.6989646, 48.9150276], [16.6978642, 48.9153539], [16.6969483, 48.915576], [16.6965379, 48.915739], [16.6962806, 48.915836], [16.6962424, 48.9158258], [16.6961918, 48.9158086], [16.6961594, 48.9158114], [16.696129, 48.9158169], [16.6887079, 48.9180709], [16.6856429, 48.9190116], [16.6855119, 48.9190519], [16.6837555, 48.9195871], [16.6835204, 48.9196566], [16.6816432, 48.9202355], [16.6799702, 48.9207437], [16.6798252, 48.9207877], [16.6797936, 48.9207974], [16.6790052, 48.9210393], [16.6740517, 48.9225593], [16.6720416, 48.9231735], [16.6711118, 48.9234577], [16.6662925, 48.9249331], [16.6652077, 48.9252651], [16.6650401, 48.9253165], [16.6608889, 48.926585], [16.658115, 48.9274361], [16.6558672, 48.928119], [16.6531039, 48.9289652], [16.6501729, 48.9298584], [16.6494415, 48.9300835], [16.6487404, 48.9303069], [16.6480851, 48.9305221], [16.6474663, 48.9307387], [16.6467837, 48.9309953], [16.6461725, 48.9312364], [16.6455489, 48.931495], [16.6449585, 48.9317508], [16.644377, 48.9320232], [16.6437948, 48.9323008], [16.6431614, 48.9326239], [16.643043, 48.9326875], [16.6429362, 48.9327449], [16.6425073, 48.9329755], [16.6420064, 48.933255], [16.6414204, 48.933604], [16.6408812, 48.9339423], [16.6403419, 48.9342941], [16.6398151, 48.9346546], [16.6393513, 48.9349942], [16.638795, 48.9354092], [16.6383391, 48.9357696], [16.6378624, 48.9361587], [16.6368349, 48.9369911], [16.6367657, 48.9370471], [16.6353871, 48.938168], [16.6337727, 48.9394765], [16.6323149, 48.9406591], [16.6315952, 48.9412443], [16.6314121, 48.9413932], [16.6295429, 48.942913], [16.6293144, 48.9430985], [16.6289378, 48.9434044], [16.6269574, 48.9450125], [16.6268542, 48.9450962], [16.6263771, 48.9454832], [16.6242109, 48.94724], [16.6240451, 48.9473726], [16.6233796, 48.9479128], [16.6231229, 48.9481212], [16.6230251, 48.9482053], [16.6229851, 48.9482374], [16.6223076, 48.9487807], [16.6217349, 48.9492487], [16.6206817, 48.9501061], [16.6201557, 48.9505294], [16.6196261, 48.9509657], [16.6195212, 48.9510509], [16.6191755, 48.9513316], [16.6190774, 48.9514108], [16.6180687, 48.9522246], [16.6170989, 48.9530092], [16.6161251, 48.9538035], [16.6151307, 48.9546038], [16.614101, 48.9554422], [16.6133871, 48.9561569], [16.6131971, 48.956304], [16.6121527, 48.9570205], [16.6115955, 48.9574706], [16.6113992, 48.9576315], [16.6112025, 48.9577928], [16.6101111, 48.9587002], [16.6097262, 48.9590201], [16.6087934, 48.9598434], [16.6084463, 48.9602078], [16.6082867, 48.9603713], [16.6071532, 48.9614027], [16.6065182, 48.9620445]]]}, "properties": {"id": "4dfee25b-93c7-30c8-b0b7-88c66dd7aeaa", "names": null, "subtype": "transportation", "class": "railway", "surface": null}}, {"type": "Feature", "geometry": {"type": "Polygon", "coordinates": [[[16.7767405, 48.8237403], [16.7764848, 48.8239695], [16.7760792, 48.8237811], [16.7749265, 48.8232322], [16.7750471, 48.8231951], [16.7753825, 48.8231399], [16.7755895, 48.8230881], [16.7759951, 48.8231821], [16.7765678, 48.8233427], [16.7770338, 48.8235546], [16.7770982, 48.8236888], [16.777317, 48.8238977], [16.7777326, 48.8241646], [16.7778922, 48.8241128], [16.7783025, 48.8238376], [16.7786644, 48.8238786], [16.7786973, 48.8239004], [16.7787431, 48.8239221], [16.7799656, 48.8245646], [16.780378, 48.8247706], [16.7810128, 48.8253699], [16.7812298, 48.825569], [16.7813636, 48.8257037], [16.7814559, 48.8257922], [16.781477, 48.8258696], [16.7816057, 48.8259966], [16.7816261, 48.8260271], [16.7817799, 48.8261872], [16.7820657, 48.8263635], [16.7823535, 48.8266097], [16.782498, 48.8267975], [16.7825991, 48.8269719], [16.7826644, 48.8271162], [16.7826561, 48.8272002], [16.7826453, 48.8272673], [16.7826191, 48.8273139], [16.7824436, 48.8273737], [16.7819782, 48.8274244], [16.7818228, 48.8273627], [16.7817566, 48.827227], [16.7815353, 48.8267366], [16.7814468, 48.8266346], [16.7810851, 48.8263087], [16.7807744, 48.8260269], [16.7802257, 48.825647], [16.7795438, 48.8252218], [16.7789572, 48.8248372], [16.7788313, 48.8247805], [16.7786951, 48.8247465], [16.7784017, 48.8247475], [16.7781955, 48.8246918], [16.7781279, 48.8246562], [16.7779752, 48.8245492], [16.777833, 48.8244685], [16.7777739, 48.8244349], [16.7775072, 48.8243247], [16.7774208, 48.8242382], [16.7767405, 48.8237403]], [[16.7785085, 48.8240531], [16.7784635, 48.824085], [16.7790351, 48.8245745], [16.7793412, 48.8247332], [16.7795156, 48.8248592], [16.7795645, 48.8249677], [16.7799033, 48.8251987], [16.7801527, 48.8252161], [16.7802204, 48.8251245], [16.7801588, 48.8250121], [16.7800507, 48.8249141], [16.7798854, 48.8248412], [16.7795301, 48.8246033], [16.7792732, 48.8243576], [16.7788531, 48.8241647], [16.7785085, 48.8240531]]]}, "properties": {"id": "73328907-80d1-3cdd-b142-58ef70eff858", "names": null, "subtype": "agriculture", "class": "meadow", "surface": null}}, {"type": "Feature", "geometry": {"type": "Polygon", "coordinates": [[[16.7854716, 48.8214727], [16.7854979, 48.8210825], [16.7856005, 48.8212056], [16.7858124, 48.821362], [16.7866136, 48.8219533], [16.7865678, 48.8219825], [16.7866524, 48.8221895], [16.7867865, 48.8224193], [16.7869335, 48.8226319], [16.7872263, 48.8229932], [16.787331, 48.8230919], [16.7870943, 48.8232017], [16.7868367, 48.8229818], [16.7867448, 48.8228526], [16.7866493, 48.822688], [16.7864298, 48.8223733], [16.7863302, 48.8223634], [16.7862237, 48.8223841], [16.7861523, 48.8224562], [16.786537, 48.8230632], [16.786574, 48.8232802], [16.7866312, 48.8234961], [16.7866081, 48.8236292], [16.7863761, 48.8237983], [16.7863477, 48.823819], [16.7861664, 48.8237887], [16.7857078, 48.8225995], [16.7856087, 48.8222717], [16.7855878, 48.8219357], [16.7855302, 48.8217227], [16.7854716, 48.8214727]]]}, "properties": {"id": "80cef662-4334-31f3-b3da-bed1847640de", "names": null, "subtype": "agriculture", "class": "meadow", "surface": null}}, {"type": "Feature", "geometry": {"type": "Polygon", "coordinates": [[[16.7871536, 48.8246255], [16.7869361, 48.8244208], [16.7867525, 48.8242416], [16.7866509, 48.8241142], [16.786666, 48.824023], [16.7867876, 48.8239004], [16.7869808, 48.8237212], [16.7871917, 48.8234748], [16.7873772, 48.8233432], [16.7876245, 48.8233032], [16.7877601, 48.8233967], [16.7879688, 48.8236075], [16.7881647, 48.8238382], [16.7882563, 48.8239504], [16.788342, 48.823976], [16.7884757, 48.8239314], [16.7886973, 48.8238049], [16.78899, 48.8237045], [16.789269, 48.8236539], [16.7896868, 48.8236035], [16.7899514, 48.8235975], [16.7901846, 48.8235902], [16.7903425, 48.8236476], [16.7906813, 48.8241885], [16.7909041, 48.824506], [16.7909487, 48.8246107], [16.7909731, 48.824693], [16.7909507, 48.8247301], [16.7908377, 48.8247563], [16.7905218, 48.8247614], [16.7902765, 48.8247968], [16.789998, 48.8249537], [16.789813, 48.8250827], [16.78966, 48.8252258], [16.78955, 48.8253827], [16.7894104, 48.8255592], [16.7892308, 48.8256778], [16.7890767, 48.8257424], [16.7886431, 48.8258548], [16.7884136, 48.8259364], [16.7882925, 48.8259913], [16.7881394, 48.8259896], [16.7880002, 48.8259184], [16.7879584, 48.8257256], [16.7878429, 48.8255059], [16.787835, 48.8254104], [16.7878319, 48.8253442], [16.7877928, 48.8252628], [16.7877031, 48.8251815], [16.7875901, 48.8250353], [16.7873803, 48.8248542], [16.7871536, 48.8246255]], [[16.788773, 48.8243501], [16.7888742, 48.8243384], [16.789048, 48.8241397], [16.7888815, 48.8238938], [16.7885276, 48.8240659], [16.7885504, 48.8241003], [16.788773, 48.8243501]]]}, "properties": {"id": "71b87bca-7bb4-3fa8-bcbc-b906427e34bf", "names": null, "subtype": "agriculture", "class": "farmland", "surface": null}}, {"type": "Feature", "geometry": {"type": "Polygon", "coordinates": [[[16.789086, 48.8215123], [16.7891599, 48.8213906], [16.7892708, 48.8213946], [16.7893078, 48.8215894], [16.7892955, 48.8218368], [16.7893078, 48.8219545], [16.7893386, 48.8220194], [16.7893756, 48.8221208], [16.7894064, 48.8221979], [16.7894619, 48.8222912], [16.7895235, 48.8223967], [16.7895789, 48.8224941], [16.7896406, 48.8225793], [16.7896899, 48.8226564], [16.7897453, 48.8227456], [16.7898008, 48.8228308], [16.7898809, 48.8229079], [16.7899795, 48.8229809], [16.7900719, 48.8230337], [16.790189, 48.8230945], [16.7902506, 48.8231311], [16.7902814, 48.8231757], [16.7902321, 48.8232244], [16.7901582, 48.8232406], [16.7900842, 48.8232487], [16.789961, 48.8232284], [16.7898316, 48.8231757], [16.7897392, 48.8231189], [16.7896899, 48.8230661], [16.7896159, 48.8230134], [16.7895173, 48.8229444], [16.7893448, 48.8228308], [16.7892647, 48.8227781], [16.7892154, 48.8227253], [16.7891784, 48.8226685], [16.7891476, 48.8226239], [16.7891168, 48.8225793], [16.7890798, 48.8225347], [16.7890552, 48.822486], [16.789049, 48.8224332], [16.789049, 48.8223683], [16.789049, 48.8222953], [16.7890675, 48.8222344], [16.7890983, 48.8221695], [16.7891045, 48.8221046], [16.7891045, 48.8220397], [16.7890921, 48.8219667], [16.7890737, 48.821918], [16.7890552, 48.8218652], [16.789049, 48.8218125], [16.789049, 48.8217476], [16.7890367, 48.8216948], [16.7890428, 48.8216462], [16.789086, 48.8215123]]]}, "properties": {"id": "7c822a3f-4169-37d4-beb2-2472b4fefe9a", "names": null, "subtype": "agriculture", "class": "meadow", "surface": null}}, {"type": "Feature", "geometry": {"type": "Polygon", "coordinates": [[[16.7867017, 48.8182804], [16.7866964, 48.8182104], [16.786784, 48.8181353], [16.7868506, 48.818093], [16.7870417, 48.8180948], [16.7873617, 48.8181414], [16.7878175, 48.8182367], [16.7883549, 48.8183186], [16.7886251, 48.8183813], [16.788491, 48.8186341], [16.7883783, 48.8186968], [16.7882533, 48.818699], [16.7880592, 48.81866], [16.7877045, 48.8185774], [16.7872759, 48.8185086], [16.7869678, 48.8184229], [16.7868186, 48.8183627], [16.7867017, 48.8182804]]]}, "properties": {"id": "5af024ca-f312-31ec-bcde-dc033302a158", "names": null, "subtype": "agriculture", "class": "farmland", "surface": null}}, {"type": "Feature", "geometry": {"type": "Polygon", "coordinates": [[[16.7844581, 48.8157011], [16.7842561, 48.8155514], [16.7841415, 48.8153451], [16.7841703, 48.8151315], [16.7841499, 48.815013], [16.7841639, 48.8146822], [16.784207, 48.814413], [16.7842404, 48.814125], [16.7842903, 48.8139532], [16.7843729, 48.8138639], [16.7843576, 48.813635], [16.7845033, 48.8133748], [16.7847115, 48.8131696], [16.7850846, 48.8129686], [16.7855818, 48.8127709], [16.7859515, 48.8126556], [16.7862399, 48.8125944], [16.7864695, 48.8126394], [16.7867006, 48.8127957], [16.7867487, 48.8129401], [16.786626, 48.8130898], [16.7864967, 48.8132015], [16.7865066, 48.8133148], [16.7866919, 48.8134399], [16.7866694, 48.8135893], [16.7862894, 48.8140385], [16.7859658, 48.8143724], [16.7857104, 48.8146148], [16.7852592, 48.8150617], [16.784635, 48.8156837], [16.784562, 48.8157374], [16.7844581, 48.8157011]]]}, "properties": {"id": "dc89db41-dc8f-3b92-81cf-6e6faa51c8bb", "names": null, "subtype": "agriculture", "class": "farmland", "surface": null}}, {"type": "Feature", "geometry": {"type": "Polygon", "coordinates": [[[16.7866717, 48.818177], [16.7865637, 48.8181758], [16.7862836, 48.8179492], [16.7860217, 48.8177121], [16.7857811, 48.8174701], [16.7855002, 48.8173085], [16.7850313, 48.8166536], [16.7847257, 48.8163049], [16.784459, 48.8160376], [16.7846524, 48.8158133], [16.7855859, 48.8148322], [16.7855874, 48.8149335], [16.7857774, 48.8151666], [16.7862435, 48.8155482], [16.786576, 48.815858], [16.7868966, 48.8161816], [16.787086, 48.8163585], [16.787442, 48.8167179], [16.7874991, 48.8169692], [16.7872311, 48.8172759], [16.7870713, 48.8175902], [16.7869104, 48.8178492], [16.7868803, 48.8179773], [16.7868226, 48.8180899], [16.7867653, 48.818123], [16.7866717, 48.818177]]]}, "properties": {"id": "cec00845-ab80-3035-8279-ab64d50105e7", "names": null, "subtype": "agriculture", "class": "farmland", "surface": null}}, {"type": "Feature", "geometry": {"type": "Polygon", "coordinates": [[[16.7775224, 48.8142317], [16.7778022, 48.8138832], [16.7779682, 48.8137944], [16.7781389, 48.8136772], [16.778444, 48.8135164], [16.7790093, 48.8137481], [16.7790206, 48.8137527], [16.7789493, 48.8138711], [16.7788452, 48.8139833], [16.7786748, 48.8140898], [16.7784741, 48.814178], [16.7782939, 48.8142346], [16.7782395, 48.8142472], [16.7782239, 48.8142805], [16.7780665, 48.8142887], [16.7779595, 48.8142985], [16.7779212, 48.8143238], [16.7778777, 48.8143985], [16.7777726, 48.8144048], [16.7775151, 48.8143886], [16.7775224, 48.8142317]]]}, "properties": {"id": "9b09110f-6468-314c-9128-ee3ed74568c4", "names": null, "subtype": "agriculture", "class": "meadow", "surface": null}}, {"type": "Feature", "geometry": {"type": "Polygon", "coordinates": [[[16.7781108, 48.8148809], [16.7786078, 48.814445], [16.7787876, 48.8143498], [16.778919, 48.8142715], [16.7790453, 48.8141787], [16.7791723, 48.8140728], [16.7793177, 48.8139276], [16.7795587, 48.8136702], [16.7796517, 48.8135535], [16.7797203, 48.8135991], [16.7799429, 48.8137471], [16.7800454, 48.8138677], [16.7801226, 48.8140422], [16.7801064, 48.8141099], [16.7800537, 48.8143298], [16.7797866, 48.8149142], [16.7794489, 48.8149166], [16.7791883, 48.8149646], [16.7790368, 48.8150122], [16.7789971, 48.8150247], [16.7788972, 48.8150764], [16.7788797, 48.8151039], [16.7788579, 48.8151381], [16.7789552, 48.8152764], [16.7790831, 48.8154123], [16.7791452, 48.8154783], [16.7792409, 48.8155645], [16.7792536, 48.8156305], [16.7792446, 48.8156572], [16.779225, 48.8157153], [16.7791129, 48.8158251], [16.779017, 48.8159434], [16.7787923, 48.8161336], [16.7785857, 48.816244], [16.7784193, 48.8163165], [16.7782769, 48.816359], [16.7781752, 48.8164043], [16.777855, 48.8165908], [16.777828, 48.8165982], [16.7776659, 48.8166427], [16.777329, 48.8165324], [16.7770034, 48.8164445], [16.7767025, 48.8163909], [16.7766066, 48.8163571], [16.7765736, 48.8162725], [16.7765808, 48.8161884], [16.776586, 48.8161268], [16.7765853, 48.8159948], [16.7764768, 48.8158], [16.7765411, 48.8157434], [16.7768921, 48.8155098], [16.7770144, 48.8154493], [16.7771186, 48.81541], [16.7773156, 48.8153487], [16.7774354, 48.8152898], [16.7775585, 48.8152211], [16.7781108, 48.8148809]]]}, "properties": {"id": "b50cde2c-07ca-3bf7-87ed-295543ed9708", "names": null, "subtype": "agriculture", "class": "farmland", "surface": null}}, {"type": "Feature", "geometry": {"type": "Polygon", "coordinates": [[[16.7773866, 48.8182998], [16.7774504, 48.8183034], [16.7774945, 48.8183019], [16.7775209, 48.8182911], [16.7775345, 48.8182658], [16.777542, 48.8182365], [16.777512, 48.81821], [16.7774726, 48.818191], [16.7775592, 48.8181717], [16.7778832, 48.8182179], [16.7781934, 48.8182902], [16.7786913, 48.8184136], [16.7789554, 48.8184917], [16.7791726, 48.8185784], [16.7790272, 48.818659], [16.77803, 48.8191731], [16.7779516, 48.8192094], [16.7778798, 48.8192249], [16.7778284, 48.819226], [16.7778011, 48.8192168], [16.7777785, 48.8192044], [16.7777263, 48.8191582], [16.7774043, 48.8183607], [16.7773866, 48.8182998]]]}, "properties": {"id": "e9996dd3-f3f0-3c05-b85f-19e9d13a1dcd", "names": null, "subtype": "agriculture", "class": "meadow", "surface": null}}, {"type": "Feature", "geometry": {"type": "Polygon", "coordinates": [[[16.7778894, 48.8192916], [16.7779304, 48.8192679], [16.7780632, 48.8192084], [16.7784863, 48.8189857], [16.779071, 48.8186899], [16.7792463, 48.8185989], [16.779456, 48.8187175], [16.7799867, 48.8189861], [16.780175, 48.8191015], [16.7805812, 48.8192845], [16.7809366, 48.8194423], [16.7812643, 48.8195682], [16.7813771, 48.8196159], [16.781514, 48.8196933], [16.7814782, 48.8197713], [16.7812171, 48.8197087], [16.7810671, 48.8196964], [16.7808267, 48.8196923], [16.7805998, 48.8197091], [16.7804874, 48.8197183], [16.7803905, 48.8197368], [16.7802489, 48.8197686], [16.7800934, 48.8198075], [16.7799756, 48.8198417], [16.7798429, 48.8198668], [16.7796997, 48.8198885], [16.7795949, 48.8198929], [16.7794927, 48.8198903], [16.7793496, 48.8198685], [16.7792302, 48.8198358], [16.7785912, 48.8195491], [16.7783896, 48.8194627], [16.7782318, 48.8194024], [16.7778894, 48.8192916]]]}, "properties": {"id": "1b9d0b39-a945-3f6f-8419-45452f5c9d94", "names": null, "subtype": "agriculture", "class": "meadow", "surface": null}}, {"type": "Feature", "geometry": {"type": "Polygon", "coordinates": [[[16.7780702, 48.8209132], [16.7777374, 48.8206928], [16.7774261, 48.8205399], [16.7773118, 48.8204414], [16.7772996, 48.8203637], [16.7775697, 48.8199006], [16.7776633, 48.8197597], [16.7778791, 48.8199096], [16.7782474, 48.820269], [16.7786194, 48.8205799], [16.7787281, 48.8206616], [16.7789103, 48.8207467], [16.7794281, 48.8208914], [16.7794579, 48.8210047], [16.7794564, 48.8212017], [16.7795515, 48.8212753], [16.7796645, 48.8213474], [16.7797276, 48.8213726], [16.7797713, 48.8213992], [16.7797993, 48.8214292], [16.7798113, 48.8214915], [16.7797914, 48.8215643], [16.7797883, 48.8216346], [16.7797589, 48.8216814], [16.7796548, 48.8217075], [16.7793236, 48.8213896], [16.7791702, 48.8213472], [16.7789271, 48.8213257], [16.7787236, 48.8212708], [16.7785868, 48.8212187], [16.7784506, 48.8211459], [16.7783016, 48.8210586], [16.7780702, 48.8209132]]]}, "properties": {"id": "b17798e4-7687-3152-94e5-6589735ea25a", "names": null, "subtype": "agriculture", "class": "meadow", "surface": null}}, {"type": "Feature", "geometry": {"type": "Polygon", "coordinates": [[[16.7771301, 48.8186121], [16.7771354, 48.8184909], [16.7771982, 48.8184503], [16.7773433, 48.8184333], [16.7776552, 48.8191594], [16.7776781, 48.8192298], [16.77768, 48.8192936], [16.7775652, 48.8192187], [16.7773524, 48.8190226], [16.7772442, 48.8188735], [16.7771301, 48.8186121]]]}, "properties": {"id": "701f15a4-ea37-33ea-a234-bd974e99e2e0", "names": null, "subtype": "agriculture", "class": "meadow", "surface": null}}, {"type": "Feature", "geometry": {"type": "Polygon", "coordinates": [[[16.7742146, 48.8192763], [16.7736296, 48.8191413], [16.7729661, 48.8190606], [16.7729043, 48.8190445], [16.7729003, 48.819018], [16.7729246, 48.8189944], [16.7755191, 48.8191007], [16.7756597, 48.8191205], [16.7758166, 48.8191758], [16.7759866, 48.8192682], [16.7762564, 48.8193964], [16.7764981, 48.81952], [16.7766312, 48.8195954], [16.7766725, 48.8196281], [16.7758641, 48.8203059], [16.7758034, 48.8202827], [16.775736, 48.8202164], [16.7757245, 48.8201261], [16.7756841, 48.8200021], [16.7756323, 48.8199234], [16.775537, 48.8198435], [16.7751368, 48.8196998], [16.7748283, 48.8195742], [16.7743089, 48.8193462], [16.7742146, 48.8192763]]]}, "properties": {"id": "4e0d55ed-0809-3f18-9936-ab988cb0cd81", "names": null, "subtype": "agriculture", "class": "meadow", "surface": null}}, {"type": "Feature", "geometry": {"type": "Polygon", "coordinates": [[[16.7823112, 48.8054732], [16.7823218, 48.8058043], [16.7823456, 48.8065503], [16.7820149, 48.8068238], [16.7819358, 48.8069531], [16.7819574, 48.8068877], [16.7819442, 48.8066988], [16.7817833, 48.8059465], [16.7815748, 48.8053037], [16.7813503, 48.8053256], [16.7814694, 48.8059201], [16.7815459, 48.8059653], [16.7816245, 48.8059973], [16.7817121, 48.8065167], [16.7817732, 48.8069301], [16.7817428, 48.8069944], [16.780958, 48.8070339], [16.7809706, 48.8072535], [16.7799822, 48.8073287], [16.779919, 48.8073428], [16.7798615, 48.8073622], [16.7799212, 48.8077856], [16.7801358, 48.8078953], [16.7797434, 48.8079748], [16.7789695, 48.8082492], [16.7788755, 48.8088133], [16.7788312, 48.8090788], [16.7788141, 48.8092097], [16.7787974, 48.8093387], [16.778779, 48.8094796], [16.7791234, 48.8098234], [16.7798107, 48.8100841], [16.7798843, 48.8102628], [16.7797571, 48.8105338], [16.779087, 48.8108116], [16.7786234, 48.8111766], [16.7786392, 48.8116703], [16.7786449, 48.8118498], [16.7785946, 48.8124146], [16.7787278, 48.8127081], [16.7789607, 48.8132377], [16.7790443, 48.8137305], [16.7790093, 48.8137481], [16.778444, 48.8135164], [16.7781389, 48.8136772], [16.7779682, 48.8137944], [16.7778022, 48.8138832], [16.7775224, 48.8142317], [16.7775151, 48.8143886], [16.7777726, 48.8144048], [16.7778777, 48.8143985], [16.7779212, 48.8143238], [16.7779595, 48.8142985], [16.7780665, 48.8142887], [16.7782395, 48.8142472], [16.7782239, 48.8142805], [16.7781184, 48.8145054], [16.7778526, 48.8146883], [16.777511, 48.8147249], [16.777379, 48.8147391], [16.7773049, 48.8150549], [16.7763073, 48.8152015], [16.775968, 48.8152058], [16.7758569, 48.8151638], [16.7758916, 48.8149443], [16.7758834, 48.814634], [16.7756514, 48.8146473], [16.7742764, 48.8144114], [16.7741055, 48.8142862], [16.773619, 48.8139331], [16.7735805, 48.8138616], [16.7736885, 48.8137014], [16.7734564, 48.813495], [16.7726537, 48.8127391], [16.7729614, 48.8125681], [16.7723763, 48.8120284], [16.7734157, 48.8115949], [16.771833, 48.8101548], [16.7741507, 48.8091284], [16.7763845, 48.8111338], [16.7771563, 48.8093219], [16.7772227, 48.8092518], [16.7773362, 48.8090795], [16.7773974, 48.8089454], [16.7774677, 48.8087705], [16.7775033, 48.8087375], [16.777703, 48.8086529], [16.7778386, 48.8086349], [16.7784691, 48.8082207], [16.779176, 48.8076544], [16.7780881, 48.8077367], [16.7780958, 48.8075346], [16.7780825, 48.8074671], [16.7780976, 48.8074567], [16.7782524, 48.8065669], [16.7783385, 48.8065617], [16.77833, 48.8067336], [16.7789347, 48.8066959], [16.7788548, 48.8062403], [16.7782257, 48.8062785], [16.7782123, 48.8062211], [16.7785307, 48.8061965], [16.7783372, 48.8049001], [16.7783344, 48.8048961], [16.7786183, 48.8046216], [16.7799569, 48.8040211], [16.7817182, 48.8039092], [16.7823112, 48.8054732]]]}, "properties": {"id": "f3b6ef7e-8532-3a19-be45-7f298934ce47", "names": null, "subtype": "residential", "class": "residential", "surface": null}}, {"type": "Feature", "geometry": {"type": "Polygon", "coordinates": [[[16.7758656, 48.8085843], [16.7758846, 48.8085196], [16.7759352, 48.8084485], [16.7759873, 48.8083947], [16.776062, 48.8083626], [16.7765596, 48.8083228], [16.776715, 48.8082135], [16.7766024, 48.8082039], [16.7764194, 48.8082016], [16.7761867, 48.8082117], [16.7759427, 48.808242], [16.7757703, 48.8082738], [16.7756638, 48.8083085], [16.775573, 48.8083521], [16.7754757, 48.8083902], [16.7749313, 48.8079195], [16.7744904, 48.8075283], [16.7744618, 48.8074551], [16.7744769, 48.8074027], [16.7746665, 48.8072674], [16.7753604, 48.8067508], [16.7774329, 48.8051737], [16.7775962, 48.8050775], [16.7777776, 48.8060419], [16.7780028, 48.8075543], [16.778036, 48.8077286], [16.7780537, 48.8077509], [16.778092, 48.8077606], [16.7781621, 48.8077708], [16.7788774, 48.807733], [16.7789623, 48.8077873], [16.7783888, 48.8082468], [16.7778376, 48.8086184], [16.7777087, 48.8086269], [16.7776267, 48.808658], [16.7775198, 48.808712], [16.7774394, 48.808766], [16.7773764, 48.8088441], [16.7773518, 48.8089668], [16.7772682, 48.8091361], [16.7771613, 48.8092607], [16.7767846, 48.8094956], [16.7758656, 48.8085843]]]}, "properties": {"id": "69720fe4-4119-3854-852d-8da8399ad68f", "names": null, "subtype": "agriculture", "class": "farmland", "surface": null}}, {"type": "Feature", "geometry": {"type": "Polygon", "coordinates": [[[16.7785307, 48.8061965], [16.7782123, 48.8062211], [16.7780729, 48.8062319], [16.7778136, 48.8050121], [16.7782662, 48.8047957], [16.7783344, 48.8048961], [16.7783372, 48.8049001], [16.7785307, 48.8061965]]]}, "properties": {"id": "0d6448d5-ee2f-3ff2-86f7-8d7350363e8d", "names": null, "subtype": "agriculture", "class": "farmland", "surface": null}}, {"type": "Feature", "geometry": {"type": "Polygon", "coordinates": [[[16.7779224, 48.8062969], [16.7782257, 48.8062785], [16.7788548, 48.8062403], [16.7789347, 48.8066959], [16.77833, 48.8067336], [16.7783385, 48.8065617], [16.7782524, 48.8065669], [16.7779526, 48.8065852], [16.7779224, 48.8062969]]]}, "properties": {"id": "4fd57772-e491-38a4-af0d-2adc29d203a3", "names": null, "subtype": "agriculture", "class": "farmland", "surface": null}}, {"type": "Feature", "geometry": {"type": "Polygon", "coordinates": [[[16.7798452, 48.8054259], [16.7805195, 48.805389], [16.7806052, 48.806047], [16.7799273, 48.8061009], [16.7798452, 48.8054259]]]}, "properties": {"id": "a5cee811-9c1a-3cdf-90aa-6d008f04b840", "names": null, "subtype": "agriculture", "class": "farmland", "surface": null}}, {"type": "Feature", "geometry": {"type": "Polygon", "coordinates": [[[16.7798326, 48.806185], [16.7798982, 48.8065736], [16.7799692, 48.8065659], [16.7798971, 48.8061784], [16.7806397, 48.8061218], [16.7807095, 48.8065173], [16.780787, 48.8065118], [16.7807126, 48.8061214], [16.7814707, 48.8060782], [16.7816096, 48.8069073], [16.7808494, 48.8069602], [16.780796, 48.8065586], [16.7807109, 48.806568], [16.7807753, 48.8069614], [16.780063, 48.8070086], [16.7799902, 48.8066147], [16.7799138, 48.8066299], [16.7799705, 48.8070201], [16.7796575, 48.8070521], [16.7794927, 48.806215], [16.7798326, 48.806185]]]}, "properties": {"id": "5a4cda0b-8649-365c-b424-77fe9d5e2078", "names": null, "subtype": "agriculture", "class": "farmland", "surface": null}}, {"type": "Feature", "geometry": {"type": "Polygon", "coordinates": [[[16.7791032, 48.8054457], [16.779089, 48.8053353], [16.7815458, 48.8051879], [16.7815667, 48.8052049], [16.7815753, 48.8052398], [16.7815659, 48.8052688], [16.7815504, 48.8052824], [16.7791032, 48.8054457]]]}, "properties": {"id": "1d695b8b-a087-3d89-b1d7-8ac679a4c4b7", "names": null, "subtype": "agriculture", "class": "farmland", "surface": null}}, {"type": "Feature", "geometry": {"type": "Polygon", "coordinates": [[[16.7814824, 48.8050699], [16.7814978, 48.8050893], [16.7815079, 48.805115], [16.781519, 48.8051485], [16.7815207, 48.8051674], [16.7790811, 48.8053053], [16.7790719, 48.8052038], [16.7814824, 48.8050699]]]}, "properties": {"id": "a282d689-888b-3f78-9f48-5d0ee7f5b4f5", "names": null, "subtype": "agriculture", "class": "farmland", "surface": null}}, {"type": "Feature", "geometry": {"type": "Polygon", "coordinates": [[[16.7814076, 48.8049338], [16.7814541, 48.8050379], [16.7790695, 48.8051783], [16.7790441, 48.8050589], [16.7814076, 48.8049338]]]}, "properties": {"id": "010fac5b-6196-369e-9a2f-51e6b67a11e1", "names": null, "subtype": "agriculture", "class": "farmland", "surface": null}}, {"type": "Feature", "geometry": {"type": "Polygon", "coordinates": [[[16.7812453, 48.8049036], [16.7790661, 48.8050302], [16.7790704, 48.8049345], [16.781221, 48.8048113], [16.7812453, 48.8049036]]]}, "properties": {"id": "b652fe43-aaeb-3778-9bdf-ee114c4bf00b", "names": null, "subtype": "agriculture", "class": "farmland", "surface": null}}, {"type": "Feature", "geometry": {"type": "Polygon", "coordinates": [[[16.7811232, 48.8046998], [16.781148, 48.8047908], [16.7796608, 48.8048664], [16.7792812, 48.8048903], [16.7791896, 48.8048919], [16.7791661, 48.8048103], [16.7792717, 48.804801], [16.7811232, 48.8046998]]]}, "properties": {"id": "12dfc4f1-4020-3b38-9acf-7c3894db989f", "names": null, "subtype": "agriculture", "class": "farmland", "surface": null}}, {"type": "Feature", "geometry": {"type": "Polygon", "coordinates": [[[16.7818288, 48.808547], [16.7819092, 48.8084415], [16.7819865, 48.8083401], [16.7822017, 48.807997], [16.7822429, 48.8079791], [16.7823175, 48.8077094], [16.7823516, 48.8075653], [16.7824168, 48.8074557], [16.7824265, 48.8074394], [16.7825846, 48.8073582], [16.7827642, 48.8073481], [16.7828511, 48.8074039], [16.7829503, 48.8075537], [16.7830511, 48.8077453], [16.7830624, 48.8078546], [16.7830501, 48.8079912], [16.7830026, 48.8081081], [16.7828476, 48.8082212], [16.7826893, 48.8082689], [16.7827394, 48.808324], [16.7825735, 48.8083594], [16.7821487, 48.808507], [16.7819501, 48.8086188], [16.7817634, 48.8087504], [16.7816292, 48.8087845], [16.7818288, 48.808547]]]}, "properties": {"id": "2d66621f-41bb-31e4-87b7-db4696e694ee", "names": null, "subtype": "agriculture", "class": "farmland", "surface": null}}, {"type": "Feature", "geometry": {"type": "Polygon", "coordinates": [[[16.7819627, 48.8074165], [16.7813524, 48.8084254], [16.78131, 48.8084955], [16.7806745, 48.8081707], [16.7802158, 48.8079362], [16.7801358, 48.8078953], [16.7799212, 48.8077856], [16.7798615, 48.8073622], [16.779919, 48.8073428], [16.7799822, 48.8073287], [16.7809706, 48.8072535], [16.780958, 48.8070339], [16.7817428, 48.8069944], [16.7817732, 48.8069301], [16.7817121, 48.8065167], [16.7816245, 48.8059973], [16.7815459, 48.8059653], [16.7814694, 48.8059201], [16.7813503, 48.8053256], [16.7815748, 48.8053037], [16.7817833, 48.8059465], [16.7819442, 48.8066988], [16.7819574, 48.8068877], [16.7819358, 48.8069531], [16.7819118, 48.8070261], [16.7819067, 48.8071857], [16.7819059, 48.8072093], [16.7819627, 48.8074165]]]}, "properties": {"id": "31547f44-4eea-3799-84ef-f1a58d7cb01f", "names": null, "subtype": "agriculture", "class": "farmland", "surface": null}}, {"type": "Feature", "geometry": {"type": "Polygon", "coordinates": [[[16.778324, 48.8067709], [16.7789518, 48.8067476], [16.7790261, 48.8071987], [16.778774, 48.8072085], [16.7787434, 48.807014], [16.7783709, 48.8070327], [16.778324, 48.8067709]]]}, "properties": {"id": "b7035397-8fb7-32f1-b298-2d2d9bfd05f1", "names": null, "subtype": "agriculture", "class": "farmland", "surface": null}}, {"type": "Feature", "geometry": {"type": "Polygon", "coordinates": [[[16.7798711, 48.8104434], [16.7800906, 48.8100565], [16.7803029, 48.8098187], [16.7803666, 48.8097581], [16.7804869, 48.8096602], [16.7806993, 48.8095437], [16.7808763, 48.8094784], [16.7810249, 48.8094272], [16.7811594, 48.8094039], [16.7812656, 48.8094039], [16.7813647, 48.8094132], [16.7814496, 48.8094598], [16.7815133, 48.8095064], [16.7815629, 48.8095763], [16.7816124, 48.8096276], [16.781669, 48.8096789], [16.7816407, 48.8097442], [16.7816195, 48.8098141], [16.7816266, 48.8099166], [16.7816761, 48.8100005], [16.7817115, 48.8100611], [16.7817115, 48.8101357], [16.7816761, 48.8102056], [16.7816336, 48.8102616], [16.7815629, 48.8103082], [16.7814425, 48.8103548], [16.7813434, 48.8103828], [16.7811877, 48.8104154], [16.7810674, 48.8104294], [16.7809754, 48.8104667], [16.7808904, 48.8104947], [16.7808055, 48.8105133], [16.7806993, 48.8105226], [16.7805436, 48.8105226], [16.7804162, 48.810518], [16.7803171, 48.8105133], [16.7802321, 48.810504], [16.7801401, 48.810504], [16.7800339, 48.8105226], [16.779949, 48.8105413], [16.7798711, 48.8104434]]]}, "properties": {"id": "bb74f6ea-08b4-3743-bac7-fb0c5d76a48e", "names": null, "subtype": "agriculture", "class": "farmland", "surface": null}}, {"type": "Feature", "geometry": {"type": "Polygon", "coordinates": [[[16.7776514, 48.8111542], [16.7780082, 48.8111459], [16.7780078, 48.8111415], [16.7780203, 48.8111415], [16.7780319, 48.8111456], [16.7780261, 48.8111503], [16.7781606, 48.8112168], [16.7781688, 48.8112141], [16.7781784, 48.8112208], [16.7781743, 48.8112231], [16.7784224, 48.8113999], [16.7784314, 48.8114147], [16.778428, 48.8114355], [16.7784033, 48.8114517], [16.7783628, 48.8114688], [16.7783707, 48.8115124], [16.7783505, 48.811548], [16.7782684, 48.8116516], [16.7782459, 48.8116494], [16.7776582, 48.8112193], [16.7776514, 48.8111542]]]}, "properties": {"id": "5ecb3452-fd34-34d2-8c8a-d0fb301a0a97", "names": null, "subtype": "cemetery", "class": "cemetery", "surface": null}}, {"type": "Feature", "geometry": {"type": "Polygon", "coordinates": [[[16.7889635, 48.8035247], [16.7894493, 48.803071], [16.7897941, 48.8032777], [16.790087, 48.803432], [16.790298, 48.8035589], [16.7906474, 48.8037795], [16.7906939, 48.8038569], [16.7907074, 48.8038841], [16.7906967, 48.8039077], [16.7906755, 48.8039379], [16.7906428, 48.8039456], [16.7905947, 48.8039377], [16.7902469, 48.8038103], [16.7900185, 48.8037057], [16.7898286, 48.8036437], [16.7896921, 48.803607], [16.7893796, 48.8035834], [16.7889188, 48.803563], [16.7889635, 48.8035247]]]}, "properties": {"id": "07039120-feb2-398d-a676-186c8f82e14f", "names": null, "subtype": "agriculture", "class": "meadow", "surface": null}}, {"type": "Feature", "geometry": {"type": "Polygon", "coordinates": [[[16.7882975, 48.802826], [16.7883019, 48.8027901], [16.7885886, 48.8026492], [16.7885112, 48.8025343], [16.7886539, 48.8024891], [16.7890471, 48.8029579], [16.789458, 48.802623], [16.7891839, 48.8023679], [16.7892731, 48.8023072], [16.7898444, 48.8025867], [16.7894909, 48.8029175], [16.7888767, 48.8034922], [16.7882975, 48.802826]]]}, "properties": {"id": "34a048ae-3e56-345e-a4c2-6ecd8c9d6f04", "names": null, "subtype": "agriculture", "class": "meadow", "surface": null}}, {"type": "Feature", "geometry": {"type": "Polygon", "coordinates": [[[16.787174, 48.799795], [16.7872049, 48.798815], [16.7880865, 48.799704], [16.7871872, 48.7998836], [16.787174, 48.799795]]]}, "properties": {"id": "aa5afd61-cde1-3735-9664-635e66886eaa", "names": null, "subtype": "agriculture", "class": "farmland", "surface": null}}, {"type": "Feature", "geometry": {"type": "Polygon", "coordinates": [[[16.7872263, 48.79844], [16.787232, 48.7980158], [16.7887829, 48.7995807], [16.7886126, 48.7996161], [16.7883051, 48.7996667], [16.7872186, 48.7985704], [16.7872263, 48.79844]]]}, "properties": {"id": "5071a76b-1116-3506-945c-20ec4058b428", "names": null, "subtype": "agriculture", "class": "farmland", "surface": null}}, {"type": "Feature", "geometry": {"type": "Polygon", "coordinates": [[[16.7872896, 48.797601], [16.787255, 48.7975263], [16.7872777, 48.7970169], [16.7872838, 48.7970231], [16.7877211, 48.7974677], [16.7881442, 48.7978977], [16.7877721, 48.7980589], [16.7872896, 48.797601]]]}, "properties": {"id": "204b2dac-e973-3895-8b89-9193ff36bc58", "names": null, "subtype": "agriculture", "class": "farmland", "surface": null}}, {"type": "Feature", "geometry": {"type": "Polygon", "coordinates": [[[16.7889206, 48.7975596], [16.788144, 48.7978939], [16.7877211, 48.7974677], [16.7872838, 48.7970231], [16.7875391, 48.7969132], [16.7876186, 48.7968789], [16.7877496, 48.7968226], [16.7880579, 48.7966899], [16.7889206, 48.7975596]]]}, "properties": {"id": "695c84b0-1b65-3480-a3c3-c7c7b87cd735", "names": null, "subtype": "cemetery", "class": "cemetery", "surface": null}}, {"type": "Feature", "geometry": {"type": "Polygon", "coordinates": [[[16.7862296, 48.7958251], [16.7867662, 48.7958786], [16.7867114, 48.7968804], [16.7861512, 48.796837], [16.7862296, 48.7958251]]]}, "properties": {"id": "4938925b-39c4-3019-a410-176b973e88aa", "names": null, "subtype": "agriculture", "class": "farmland", "surface": null}}, {"type": "Feature", "geometry": {"type": "Polygon", "coordinates": [[[16.7842233, 48.798765], [16.7842778, 48.7977316], [16.7847318, 48.7977687], [16.7853034, 48.797824], [16.7852499, 48.798825], [16.7842233, 48.798765]]]}, "properties": {"id": "4b083c61-e97c-387f-bb1c-b9c887cbd6e4", "names": null, "subtype": "agriculture", "class": "farmland", "surface": null}}, {"type": "Feature", "geometry": {"type": "Polygon", "coordinates": [[[16.7856678, 48.797866], [16.7862579, 48.7979135], [16.7862054, 48.7988592], [16.7855885, 48.7988306], [16.7856678, 48.797866]]]}, "properties": {"id": "90ecafce-b65d-3ab8-abed-919bdd50a9bf", "names": null, "subtype": "agriculture", "class": "farmland", "surface": null}}, {"type": "Feature", "geometry": {"type": "Polygon", "coordinates": [[[16.7833029, 48.800239], [16.7831162, 48.8000369], [16.7832414, 48.8000077], [16.7833759, 48.7999881], [16.7833905, 48.7998969], [16.7835358, 48.7999044], [16.7835447, 48.7999601], [16.783586, 48.800001], [16.7836548, 48.8000158], [16.7837236, 48.8000224], [16.7838117, 48.8000195], [16.7839368, 48.7999903], [16.7840489, 48.7999999], [16.7842156, 48.8000016], [16.7842586, 48.7999983], [16.784339, 48.7999749], [16.784404, 48.8000006], [16.7844337, 48.8000948], [16.7843972, 48.80021], [16.7843365, 48.800265], [16.7838727, 48.8004233], [16.783693, 48.8004787], [16.7835718, 48.8003292], [16.7834501, 48.8002004], [16.7833029, 48.800239]]]}, "properties": {"id": "909a2d6d-99b7-36ea-a8e3-d4f027a4480f", "names": null, "subtype": "agriculture", "class": "farmland", "surface": null}}, {"type": "Feature", "geometry": {"type": "Polygon", "coordinates": [[[16.7817462, 48.7999132], [16.7817528, 48.7998667], [16.7828116, 48.7998936], [16.7828826, 48.7999359], [16.7829828, 48.7999355], [16.7829679, 48.7999453], [16.7822855, 48.8001672], [16.7822411, 48.8001129], [16.7820379, 48.8001848], [16.7820957, 48.8002555], [16.782005, 48.800242], [16.7817462, 48.7999132]]]}, "properties": {"id": "f16a5682-7895-3b63-8178-742a582a02fd", "names": null, "subtype": "agriculture", "class": "farmland", "surface": null}}, {"type": "Feature", "geometry": {"type": "Polygon", "coordinates": [[[16.7822708, 48.7986829], [16.7827129, 48.7987083], [16.7826746, 48.7997854], [16.7822302, 48.7997742], [16.7822708, 48.7986829]]]}, "properties": {"id": "76169546-06d8-328d-8f95-06e82e66a819", "names": null, "subtype": "agriculture", "class": "farmland", "surface": null}}, {"type": "Feature", "geometry": {"type": "Polygon", "coordinates": [[[16.7817544, 48.7997618], [16.7813238, 48.7997498], [16.7813541, 48.7986287], [16.7818029, 48.7986556], [16.7817544, 48.7997618]]]}, "properties": {"id": "6300c92a-cdd4-32f6-baf2-a65ad51d3190", "names": null, "subtype": "agriculture", "class": "farmland", "surface": null}}, {"type": "Feature", "geometry": {"type": "Polygon", "coordinates": [[[16.782953, 48.7987224], [16.7845079, 48.7988148], [16.7844766, 48.7998373], [16.7829081, 48.7997923], [16.782953, 48.7987224]]]}, "properties": {"id": "806987ba-d5e5-39e0-b08d-24bb8ae526cd", "names": null, "subtype": "agriculture", "class": "farmland", "surface": null}}, {"type": "Feature", "geometry": {"type": "Polygon", "coordinates": [[[16.7842599, 48.7966658], [16.7842601, 48.7966624], [16.7852155, 48.7967653], [16.785154, 48.797782], [16.7841981, 48.797699], [16.7841981, 48.7976998], [16.7828239, 48.7975875], [16.7829077, 48.7965254], [16.7842599, 48.7966658]]]}, "properties": {"id": "ce252852-9fb4-31f7-a6f6-52714bd1cc30", "names": null, "subtype": "agriculture", "class": "farmland", "surface": null}}, {"type": "Feature", "geometry": {"type": "Polygon", "coordinates": [[[16.7756073, 48.7995769], [16.775922, 48.7946847], [16.7768937, 48.7948136], [16.7783813, 48.7949871], [16.7792098, 48.795103], [16.780262, 48.7952336], [16.7811489, 48.7953336], [16.7812529, 48.7953453], [16.7811482, 48.795385], [16.7810675, 48.7954156], [16.780792, 48.7955054], [16.780594, 48.7955878], [16.78052, 48.7958277], [16.7805218, 48.7962184], [16.7805274, 48.7963798], [16.7806814, 48.7964783], [16.7811078, 48.7966878], [16.7811305, 48.7967064], [16.781158, 48.7967289], [16.7811276, 48.7969185], [16.7811145, 48.7970004], [16.7810359, 48.7984479], [16.7809491, 48.7996991], [16.7809411, 48.7997136], [16.7805721, 48.7997142], [16.7793389, 48.7996881], [16.7777129, 48.7996346], [16.7758247, 48.7995852], [16.7756073, 48.7995769]]]}, "properties": {"id": "f7326b17-1f59-39e8-824f-5d281ea2b056", "names": null, "subtype": "agriculture", "class": "farmland", "surface": null}}, {"type": "Feature", "geometry": {"type": "Polygon", "coordinates": [[[16.7794306, 48.804316], [16.7808772, 48.80419], [16.7809544, 48.8042079], [16.781056, 48.8044344], [16.7811808, 48.8046569], [16.7809719, 48.804672], [16.7794842, 48.8047363], [16.7794306, 48.804316]]]}, "properties": {"id": "e52afb61-45bb-390e-a1ea-e064296050f1", "names": null, "subtype": "agriculture", "class": "farmland", "surface": null}}, {"type": "Feature", "geometry": {"type": "Polygon", "coordinates": [[[16.7690949, 48.7996476], [16.7695291, 48.799515], [16.7698525, 48.7994915], [16.7709937, 48.7995425], [16.7738347, 48.7996374], [16.776819, 48.7997245], [16.7790449, 48.7997994], [16.781536, 48.7998703], [16.7834389, 48.802194], [16.7833807, 48.8022406], [16.7813777, 48.8028393], [16.7812158, 48.8029261], [16.7810275, 48.8030688], [16.7808436, 48.8032925], [16.7807211, 48.8034052], [16.7798389, 48.8038179], [16.7788723, 48.8042524], [16.7775813, 48.8049182], [16.7772946, 48.805077], [16.7767489, 48.8054678], [16.7690949, 48.7996476]]]}, "properties": {"id": "bf87cf99-762c-3a49-8168-62df8982ad5f", "names": null, "subtype": "agriculture", "class": "farmland", "surface": null}}, {"type": "Feature", "geometry": {"type": "Polygon", "coordinates": [[[16.7688055, 48.8030251], [16.7673007, 48.8019087], [16.7699072, 48.8003772], [16.7763889, 48.8052359], [16.7766914, 48.8054569], [16.7762003, 48.8058385], [16.7740744, 48.8073999], [16.77325, 48.807922], [16.7732088, 48.8079145], [16.773147, 48.8078813], [16.7730559, 48.8078008], [16.773024, 48.807709], [16.773989, 48.8071445], [16.7740652, 48.8071037], [16.7741002, 48.8070484], [16.7741171, 48.8069977], [16.7740813, 48.806949], [16.7737964, 48.8067426], [16.7755818, 48.8056743], [16.7742794, 48.8047375], [16.7733872, 48.8052556], [16.7725117, 48.8057839], [16.7705471, 48.8043172], [16.7719783, 48.8034895], [16.7703062, 48.8022891], [16.7689148, 48.8030992], [16.7688055, 48.8030251]]]}, "properties": {"id": "d966e68d-489a-3eb9-aeae-f45e5dcfdb04", "names": null, "subtype": "agriculture", "class": "farmland", "surface": null}}, {"type": "Feature", "geometry": {"type": "Polygon", "coordinates": [[[16.7707911, 48.7938746], [16.7682353, 48.7935758], [16.7682229, 48.7935738], [16.7753362, 48.7882017], [16.7753439, 48.7881959], [16.7773345, 48.7890158], [16.7770035, 48.7892669], [16.7763794, 48.7897026], [16.7755647, 48.7903283], [16.7748081, 48.7908951], [16.7738062, 48.7916423], [16.7714978, 48.7933464], [16.7707911, 48.7938746]]]}, "properties": {"id": "4114b4af-2c5e-3a52-84a6-82cd7c62997b", "names": null, "subtype": "agriculture", "class": "farmland", "surface": null}}, {"type": "Feature", "geometry": {"type": "Polygon", "coordinates": [[[16.7736137, 48.792605], [16.7754352, 48.7911711], [16.7748081, 48.7908951], [16.7755647, 48.7903283], [16.7763794, 48.7897026], [16.7770035, 48.7892669], [16.7773345, 48.7890158], [16.7786366, 48.7895466], [16.7806762, 48.7903566], [16.779344, 48.7913564], [16.7787838, 48.7912941], [16.7783658, 48.7912616], [16.7759815, 48.7931712], [16.7736137, 48.792605]]]}, "properties": {"id": "82b1feac-1bb5-3b9e-9330-7586a750622c", "names": null, "subtype": "agriculture", "class": "farmland", "surface": null}}, {"type": "Feature", "geometry": {"type": "Polygon", "coordinates": [[[16.7822675, 48.7886239], [16.78372, 48.788852], [16.7843229, 48.788926], [16.7849621, 48.789034], [16.785221, 48.7890777], [16.7865659, 48.7896923], [16.7876148, 48.7902024], [16.7876385, 48.7902219], [16.7876476, 48.7902492], [16.787642, 48.7902844], [16.7875542, 48.7903717], [16.787261, 48.7906093], [16.785927, 48.7916463], [16.7853109, 48.7921581], [16.7852058, 48.7921219], [16.7837328, 48.791508], [16.782461, 48.7909968], [16.7777124, 48.7890705], [16.7767546, 48.7886934], [16.7763832, 48.7885344], [16.7754019, 48.7881411], [16.7740175, 48.787574], [16.7730915, 48.7872208], [16.7735504, 48.7872692], [16.7772323, 48.7878469], [16.7822675, 48.7886239]]]}, "properties": {"id": "e53cfa05-6256-38c4-9368-80e97351e092", "names": null, "subtype": "agriculture", "class": "farmland", "surface": null}}, {"type": "Feature", "geometry": {"type": "Polygon", "coordinates": [[[16.779344, 48.7913564], [16.7806762, 48.7903566], [16.7831482, 48.7913641], [16.7826162, 48.7917532], [16.7804044, 48.7914897], [16.779344, 48.7913564]]]}, "properties": {"id": "b10edfb3-8efe-3e8c-88ed-c7cad6925c93", "names": null, "subtype": "agriculture", "class": "farmland", "surface": null}}, {"type": "Feature", "geometry": {"type": "Polygon", "coordinates": [[[16.7744382, 48.7943259], [16.7759815, 48.7931712], [16.7783658, 48.7912616], [16.7787838, 48.7912941], [16.779344, 48.7913564], [16.7804044, 48.7914897], [16.7826162, 48.7917532], [16.7784848, 48.7948138], [16.7784717, 48.7948235], [16.7744382, 48.7943259]]]}, "properties": {"id": "3ca6fec7-77f2-317b-bd82-693851ff3b50", "names": null, "subtype": "agriculture", "class": "farmland", "surface": null}}, {"type": "Feature", "geometry": {"type": "Polygon", "coordinates": [[[16.7828756, 48.7964945], [16.782961, 48.7954577], [16.7834303, 48.7955141], [16.7833455, 48.7965447], [16.7828756, 48.7964945]]]}, "properties": {"id": "a44c6cda-aecc-3fc6-b903-9fbb270e37f8", "names": null, "subtype": "agriculture", "class": "farmland", "surface": null}}, {"type": "Feature", "geometry": {"type": "Polygon", "coordinates": [[[16.7849448, 48.793488], [16.7860931, 48.792578], [16.7866125, 48.7927948], [16.7854853, 48.7936831], [16.7849448, 48.793488]]]}, "properties": {"id": "609d3bd3-a661-3e95-b97d-a1aca6353cbe", "names": null, "subtype": "agriculture", "class": "farmland", "surface": null}}, {"type": "Feature", "geometry": {"type": "Polygon", "coordinates": [[[16.7844837, 48.7933501], [16.7851975, 48.7936279], [16.7854832, 48.7937238], [16.7868669, 48.7942636], [16.7871387, 48.7943865], [16.7874833, 48.7945345], [16.7859156, 48.7957516], [16.7854527, 48.7957021], [16.7842679, 48.7955533], [16.7836743, 48.7954648], [16.7826183, 48.7953322], [16.7844837, 48.7933501]]]}, "properties": {"id": "29c07231-d6ba-310d-9fac-6e8ead7fe416", "names": null, "subtype": "agriculture", "class": "farmland", "surface": null}}, {"type": "Feature", "geometry": {"type": "Polygon", "coordinates": [[[16.7851598, 48.7957449], [16.7851163, 48.7967267], [16.7846116, 48.7966725], [16.7838286, 48.796596], [16.7839116, 48.7955818], [16.7843036, 48.7956381], [16.7851598, 48.7957449]]]}, "properties": {"id": "947d63c4-788b-3258-a26d-719a0a0adee8", "names": null, "subtype": "agriculture", "class": "farmland", "surface": null}}, {"type": "Feature", "geometry": {"type": "Polygon", "coordinates": [[[16.7880519, 48.7947614], [16.7886346, 48.7950119], [16.7873846, 48.7959383], [16.786665, 48.7958419], [16.7880519, 48.7947614]]]}, "properties": {"id": "bf9ff814-9165-35e1-8d1c-a8b9e0f63e79", "names": null, "subtype": "agriculture", "class": "farmland", "surface": null}}, {"type": "Feature", "geometry": {"type": "Polygon", "coordinates": [[[16.7883683, 48.796065], [16.7879349, 48.7960139], [16.7891282, 48.7951343], [16.7895012, 48.7952299], [16.7883683, 48.796065]]]}, "properties": {"id": "c2ed70bb-cecd-3bd4-8912-c3b343169003", "names": null, "subtype": "agriculture", "class": "farmland", "surface": null}}, {"type": "Feature", "geometry": {"type": "Polygon", "coordinates": [[[16.7892794, 48.7961794], [16.7902947, 48.7954312], [16.7907445, 48.7955403], [16.7898467, 48.796239], [16.7892794, 48.7961794]]]}, "properties": {"id": "e9b342fe-d7f2-3020-b0fe-ca2bca18157b", "names": null, "subtype": "agriculture", "class": "farmland", "surface": null}}, {"type": "Feature", "geometry": {"type": "Polygon", "coordinates": [[[16.787284, 48.7944111], [16.788453, 48.7935035], [16.7886916, 48.7936033], [16.7875163, 48.794516], [16.787284, 48.7944111]]]}, "properties": {"id": "69e29026-9364-3e2f-8680-50825ddfbec3", "names": null, "subtype": "agriculture", "class": "farmland", "surface": null}}, {"type": "Feature", "geometry": {"type": "Polygon", "coordinates": [[[16.7853792, 48.7921928], [16.7860423, 48.791616], [16.7860844, 48.7916352], [16.7861253, 48.7916019], [16.786091, 48.7915792], [16.7868828, 48.7909648], [16.7869249, 48.7909841], [16.7869465, 48.7909684], [16.7869144, 48.7909381], [16.7877379, 48.7902993], [16.7913126, 48.7922095], [16.7893204, 48.7937814], [16.7853792, 48.7921928]]]}, "properties": {"id": "4c70ae34-1420-37a3-a458-6b7518f23708", "names": null, "subtype": "agriculture", "class": "farmland", "surface": null}}, {"type": "Feature", "geometry": {"type": "Polygon", "coordinates": [[[16.792421, 48.7920851], [16.7921605, 48.7922794], [16.7919767, 48.7923683], [16.7919102, 48.7923797], [16.7918152, 48.7923677], [16.7911543, 48.7920058], [16.7894656, 48.791101], [16.7891178, 48.7909225], [16.7877854, 48.7902143], [16.7871177, 48.7898948], [16.7854315, 48.7890762], [16.7853545, 48.7890339], [16.7853424, 48.7890272], [16.7853156, 48.7889932], [16.7853349, 48.7889732], [16.7870432, 48.7887448], [16.7875661, 48.7886663], [16.7894016, 48.7883906], [16.7910556, 48.7881476], [16.7921949, 48.7878106], [16.7930952, 48.7875442], [16.793189, 48.7875132], [16.7932289, 48.787516], [16.7933029, 48.7875587], [16.7933363, 48.7875995], [16.7942556, 48.7887225], [16.7948073, 48.7894141], [16.7955926, 48.7904329], [16.7954421, 48.7904652], [16.7953176, 48.7905368], [16.7948612, 48.7907137], [16.7940361, 48.7910255], [16.7938132, 48.7911063], [16.7933171, 48.7914304], [16.7929006, 48.7917118], [16.7927938, 48.7917739], [16.792421, 48.7920851]]]}, "properties": {"id": "1e5598da-89cc-3b6c-9631-aa219a2a8416", "names": null, "subtype": "horticulture", "class": "orchard", "surface": null}}, {"type": "Feature", "geometry": {"type": "Polygon", "coordinates": [[[16.7894485, 48.7860836], [16.7894012, 48.7860645], [16.7907542, 48.7853729], [16.7908444, 48.7854708], [16.7903949, 48.7856858], [16.7898313, 48.785979], [16.7897885, 48.7859412], [16.7895263, 48.7860742], [16.7894485, 48.7860836]]]}, "properties": {"id": "7e2c33ec-ae72-345e-80b2-634c277641f1", "names": null, "subtype": "horticulture", "class": "vineyard", "surface": null}}, {"type": "Feature", "geometry": {"type": "Polygon", "coordinates": [[[16.7893157, 48.7859889], [16.7890777, 48.7856796], [16.7893756, 48.7855539], [16.7898434, 48.7853153], [16.7904373, 48.7849987], [16.7908415, 48.7848162], [16.79113, 48.785229], [16.7912602, 48.7854069], [16.7912579, 48.7854213], [16.7908948, 48.7855271], [16.7908444, 48.7854708], [16.7907542, 48.7853729], [16.7894012, 48.7860645], [16.7893599, 48.7860374], [16.7893157, 48.7859889]]]}, "properties": {"id": "21d6ac00-95e7-340e-946b-f98ac16edf1d", "names": null, "subtype": "agriculture", "class": "farmland", "surface": null}}, {"type": "Feature", "geometry": {"type": "Polygon", "coordinates": [[[16.7893088, 48.7840716], [16.7897383, 48.7842011], [16.789864, 48.7842198], [16.7901344, 48.7842405], [16.7902696, 48.7842418], [16.7903297, 48.7842343], [16.790633, 48.7841686], [16.7909468, 48.7845767], [16.789866, 48.7850112], [16.789691, 48.7848652], [16.7895682, 48.7847689], [16.7894216, 48.7846673], [16.7891739, 48.7845985], [16.7891244, 48.7845742], [16.7890753, 48.7845391], [16.7890013, 48.7844544], [16.7889419, 48.7843462], [16.7889253, 48.7842537], [16.788938, 48.7841741], [16.7891435, 48.7840872], [16.7892183, 48.7840644], [16.7893088, 48.7840716]]]}, "properties": {"id": "c0a5d04c-0354-3ae0-b827-80aaf5bbd1a0", "names": null, "subtype": "horticulture", "class": "vineyard", "surface": null}}, {"type": "Feature", "geometry": {"type": "Polygon", "coordinates": [[[16.7874903, 48.7837972], [16.7877273, 48.7837866], [16.7878704, 48.7837731], [16.7880752, 48.7842296], [16.7883821, 48.7848743], [16.7886823, 48.7855245], [16.7884068, 48.7855704], [16.7882833, 48.7855807], [16.7874903, 48.7837972]]]}, "properties": {"id": "8b30808c-5875-390f-ada7-8f46e14c2357", "names": null, "subtype": "horticulture", "class": "vineyard", "surface": null}}, {"type": "Feature", "geometry": {"type": "Polygon", "coordinates": [[[16.7880752, 48.7842296], [16.7881769, 48.7842096], [16.7882583, 48.7843338], [16.7883399, 48.7845167], [16.7884789, 48.7848628], [16.7883821, 48.7848743], [16.7880752, 48.7842296]]]}, "properties": {"id": "6229a976-946c-3843-9b7f-3790f41309fe", "names": null, "subtype": "agriculture", "class": "farmland", "surface": null}}, {"type": "Feature", "geometry": {"type": "Polygon", "coordinates": [[[16.7860656, 48.7857306], [16.785665, 48.7840614], [16.7872775, 48.7839297], [16.7876997, 48.7856105], [16.7871292, 48.7856692], [16.7869221, 48.7856548], [16.7860656, 48.7857306]]]}, "properties": {"id": "cb5f5edf-2258-307d-ae05-c296539f791a", "names": null, "subtype": "horticulture", "class": "vineyard", "surface": null}}, {"type": "Feature", "geometry": {"type": "Polygon", "coordinates": [[[16.7831176, 48.7836799], [16.7837305, 48.7836729], [16.7842819, 48.7837846], [16.7844016, 48.7841656], [16.785665, 48.7840614], [16.7860656, 48.7857306], [16.7845882, 48.7858724], [16.7837904, 48.7859152], [16.7837217, 48.7859168], [16.7836373, 48.7858966], [16.783211, 48.7841059], [16.7831297, 48.7837315], [16.7831176, 48.7836799]]]}, "properties": {"id": "00b61677-47b1-3714-8f5d-e1ddba8d1b8a", "names": null, "subtype": "horticulture", "class": "vineyard", "surface": null}}, {"type": "Feature", "geometry": {"type": "Polygon", "coordinates": [[[16.7845809, 48.7859099], [16.7869634, 48.7857289], [16.7878941, 48.7883132], [16.7856077, 48.7886864], [16.7845809, 48.7859099]]]}, "properties": {"id": "26db6ee9-13bf-388e-8069-08e48bb371ac", "names": null, "subtype": "agriculture", "class": "farmland", "surface": null}}, {"type": "Feature", "geometry": {"type": "Polygon", "coordinates": [[[16.7845809, 48.7859099], [16.7856077, 48.7886864], [16.7849181, 48.7887459], [16.7841615, 48.7859394], [16.7845809, 48.7859099]]]}, "properties": {"id": "16658c02-7386-342a-b808-afb6ce0f31e8", "names": null, "subtype": "agriculture", "class": "farmland", "surface": null}}, {"type": "Feature", "geometry": {"type": "Polygon", "coordinates": [[[16.78081, 48.786289], [16.7807871, 48.785963], [16.7812479, 48.7859736], [16.7821408, 48.7859781], [16.7822014, 48.7860954], [16.7822701, 48.786111], [16.7823359, 48.7861102], [16.7824092, 48.7860882], [16.7824386, 48.7860586], [16.7824367, 48.785968], [16.7832349, 48.7859647], [16.7841615, 48.7859394], [16.7849181, 48.7887459], [16.7832084, 48.788465], [16.7821918, 48.7883184], [16.781414, 48.7881929], [16.7809099, 48.7881243], [16.78081, 48.786289]]]}, "properties": {"id": "fa40e2da-0ea6-3fa1-af36-f76ad718f633", "names": null, "subtype": "agriculture", "class": "farmland", "surface": null}}, {"type": "Feature", "geometry": {"type": "Polygon", "coordinates": [[[16.780359, 48.7859741], [16.7807871, 48.785963], [16.78081, 48.786289], [16.7809099, 48.7881243], [16.7804823, 48.7880594], [16.780359, 48.7859741]]]}, "properties": {"id": "dd8069d9-9a16-37a9-954c-cc17c8637611", "names": null, "subtype": "horticulture", "class": "vineyard", "surface": null}}, {"type": "Feature", "geometry": {"type": "Polygon", "coordinates": [[[16.7804823, 48.7880594], [16.7799658, 48.787981], [16.7796499, 48.787939], [16.7795467, 48.7859786], [16.7798622, 48.785987], [16.780359, 48.7859741], [16.7804823, 48.7880594]], [[16.779745, 48.7859919], [16.7797523, 48.7860427], [16.7797968, 48.7860389], [16.7797932, 48.7859892], [16.779745, 48.7859919]]]}, "properties": {"id": "215fcee9-a474-3eb7-b7db-028f003dd10f", "names": null, "subtype": "horticulture", "class": "vineyard", "surface": null}}, {"type": "Feature", "geometry": {"type": "Polygon", "coordinates": [[[16.7784188, 48.7877426], [16.7779279, 48.787666], [16.7778211, 48.7859024], [16.7783168, 48.7859019], [16.7783237, 48.7861436], [16.7783535, 48.7865404], [16.7784188, 48.7877426]]]}, "properties": {"id": "107c2b99-a28f-3add-9ef6-a4e78d143df2", "names": null, "subtype": "horticulture", "class": "vineyard", "surface": null}}, {"type": "Feature", "geometry": {"type": "Polygon", "coordinates": [[[16.7783237, 48.7861436], [16.7783168, 48.7859019], [16.778602, 48.7859071], [16.7787199, 48.7877896], [16.7784188, 48.7877426], [16.7783535, 48.7865404], [16.7783237, 48.7861436]]]}, "properties": {"id": "508a3446-be38-318c-8a4f-647c3dafb5fa", "names": null, "subtype": "horticulture", "class": "vineyard", "surface": null}}, {"type": "Feature", "geometry": {"type": "Polygon", "coordinates": [[[16.778602, 48.7859071], [16.7788329, 48.7859114], [16.7788316, 48.7859448], [16.7792145, 48.7859553], [16.7792387, 48.7859922], [16.7793538, 48.7878885], [16.7787199, 48.7877896], [16.778602, 48.7859071]]]}, "properties": {"id": "8c38e363-dc3e-3487-939f-7602f73ab834", "names": null, "subtype": "horticulture", "class": "vineyard", "surface": null}}, {"type": "Feature", "geometry": {"type": "Polygon", "coordinates": [[[16.7793092, 48.7859963], [16.7793212, 48.7859727], [16.7795467, 48.7859786], [16.7796499, 48.787939], [16.7794758, 48.7879158], [16.7794222, 48.7878976], [16.7793454, 48.7865109], [16.7793092, 48.7859963]]]}, "properties": {"id": "25632163-95d6-3e03-8de3-36b28b864fd1", "names": null, "subtype": "horticulture", "class": "vineyard", "surface": null}}, {"type": "Feature", "geometry": {"type": "Polygon", "coordinates": [[[16.7805233, 48.7830716], [16.780672, 48.7837115], [16.7811884, 48.785935], [16.7808509, 48.7859232], [16.7802044, 48.7830637], [16.7805233, 48.7830716]]]}, "properties": {"id": "ba2810b7-6a71-3c56-b090-a810dd3c7261", "names": null, "subtype": "horticulture", "class": "vineyard", "surface": null}}, {"type": "Feature", "geometry": {"type": "Polygon", "coordinates": [[[16.77825, 48.7849177], [16.7778724, 48.7834494], [16.7789557, 48.7833499], [16.7795312, 48.7858065], [16.778478, 48.7858459], [16.77825, 48.7849177]]]}, "properties": {"id": "8df28060-2407-3ac3-b00b-2b1a490ac565", "names": null, "subtype": "horticulture", "class": "vineyard", "surface": null}}, {"type": "Feature", "geometry": {"type": "Polygon", "coordinates": [[[16.7792962, 48.783069], [16.7795813, 48.7830491], [16.7802475, 48.7859226], [16.7799794, 48.7859129], [16.7792962, 48.783069]]]}, "properties": {"id": "e8bf213c-3bb1-3362-bf8a-2b694ceb2058", "names": null, "subtype": "horticulture", "class": "vineyard", "surface": null}}, {"type": "Feature", "geometry": {"type": "Polygon", "coordinates": [[[16.7795813, 48.7830491], [16.779912, 48.7830523], [16.7805676, 48.7859233], [16.7803481, 48.7859269], [16.7802475, 48.7859226], [16.7795813, 48.7830491]]]}, "properties": {"id": "47544e7c-f8c7-383c-b41f-dc528661e9d5", "names": null, "subtype": "horticulture", "class": "vineyard", "surface": null}}, {"type": "Feature", "geometry": {"type": "Polygon", "coordinates": [[[16.7802044, 48.7830637], [16.7808509, 48.7859232], [16.7805676, 48.7859233], [16.779912, 48.7830523], [16.7802044, 48.7830637]]]}, "properties": {"id": "e86fce0d-394d-3493-9e83-ece91b479d7d", "names": null, "subtype": "horticulture", "class": "vineyard", "surface": null}}, {"type": "Feature", "geometry": {"type": "Polygon", "coordinates": [[[16.7811884, 48.785935], [16.780672, 48.7837115], [16.7812299, 48.7836925], [16.7817322, 48.7859405], [16.7811884, 48.785935]]]}, "properties": {"id": "344c25ea-a3fa-3127-9605-99fc01f11cd4", "names": null, "subtype": "horticulture", "class": "vineyard", "surface": null}}, {"type": "Feature", "geometry": {"type": "Polygon", "coordinates": [[[16.7817322, 48.7859405], [16.7812299, 48.7836925], [16.7816322, 48.7836929], [16.7828021, 48.7836939], [16.7828145, 48.7837486], [16.7831325, 48.7851431], [16.7833175, 48.7859111], [16.7817322, 48.7859405]]]}, "properties": {"id": "6fc59eae-575a-35ce-afa2-26db5ffbc9c7", "names": null, "subtype": "horticulture", "class": "vineyard", "surface": null}}, {"type": "Feature", "geometry": {"type": "Polygon", "coordinates": [[[16.7828145, 48.7837486], [16.7831297, 48.7837315], [16.783211, 48.7841059], [16.7836373, 48.7858966], [16.7833175, 48.7859111], [16.7831325, 48.7851431], [16.7828145, 48.7837486]]]}, "properties": {"id": "dcfc6572-9e35-313a-99da-6eba7ec44deb", "names": null, "subtype": "horticulture", "class": "vineyard", "surface": null}}, {"type": "Feature", "geometry": {"type": "Polygon", "coordinates": [[[16.7746618, 48.7858503], [16.7740991, 48.7836396], [16.7754541, 48.7836042], [16.7754433, 48.7834669], [16.7778142, 48.7832231], [16.7778724, 48.7834494], [16.77825, 48.7849177], [16.778478, 48.7858459], [16.7746618, 48.7858503]]]}, "properties": {"id": "44b5f78e-038a-35d0-9285-c61cd97a41f2", "names": null, "subtype": "horticulture", "class": "vineyard", "surface": null}}, {"type": "Feature", "geometry": {"type": "Polygon", "coordinates": [[[16.7769598, 48.7875149], [16.7768598, 48.7859009], [16.7778211, 48.7859024], [16.7779279, 48.787666], [16.7774996, 48.7876051], [16.7769598, 48.7875149]]]}, "properties": {"id": "21c93fad-ff24-3afb-9b62-4b95d13faaea", "names": null, "subtype": "horticulture", "class": "vineyard", "surface": null}}, {"type": "Feature", "geometry": {"type": "Polygon", "coordinates": [[[16.7757966, 48.7858998], [16.7768598, 48.7859009], [16.7769598, 48.7875149], [16.7747334, 48.7871801], [16.7747334, 48.7867259], [16.7746549, 48.7858749], [16.7751723, 48.7858871], [16.7755487, 48.7858854], [16.7757966, 48.7858998]]]}, "properties": {"id": "eb2d095d-e2cd-3a99-b42d-aa160915bfa7", "names": null, "subtype": "horticulture", "class": "vineyard", "surface": null}}, {"type": "Feature", "geometry": {"type": "MultiPolygon", "coordinates": [[[[16.7164363, 48.7820102], [16.7160079, 48.7820203], [16.715351, 48.7818884], [16.7148119, 48.781805], [16.7143863, 48.7818455], [16.7140698, 48.7818232], [16.7138029, 48.7818245], [16.7132488, 48.781929], [16.7128555, 48.781934], [16.712372, 48.7817664], [16.711806, 48.7815201], [16.711313, 48.7813871], [16.7103076, 48.7811953], [16.7084801, 48.78088], [16.7082918, 48.7808668], [16.7078542, 48.7806269], [16.7070318, 48.7803875], [16.7065236, 48.7802787], [16.7055925, 48.7801223], [16.704828, 48.7799726], [16.7042509, 48.7798186], [16.7036851, 48.7796024], [16.7034072, 48.7794486], [16.7019095, 48.7791471], [16.7010761, 48.7789523], [16.7005588, 48.7788528], [16.6995205, 48.7786178], [16.6990881, 48.7784168], [16.6989557, 48.7783991], [16.6987591, 48.7784145], [16.6983916, 48.7783592], [16.6980035, 48.7782759], [16.6977492, 48.7782021], [16.6971596, 48.7779361], [16.6962244, 48.7774463], [16.6949252, 48.7769165], [16.6942072, 48.7766565], [16.6942067, 48.7766261], [16.6941449, 48.7766235], [16.6941455, 48.776586], [16.6946934, 48.77659], [16.6952482, 48.7766293], [16.6960022, 48.7767376], [16.6964584, 48.7767901], [16.6967796, 48.7768099], [16.6971155, 48.7767931], [16.6979982, 48.7766758], [16.6980906, 48.7766737], [16.6981421, 48.7766802], [16.6983409, 48.7766711], [16.6985663, 48.776687], [16.6991233, 48.776848], [16.6995944, 48.7770523], [16.6999442, 48.7771668], [16.7002522, 48.7772407], [16.7006519, 48.7772631], [16.7012624, 48.7772019], [16.7015648, 48.777203], [16.7017008, 48.7772561], [16.7017885, 48.7772565], [16.7020181, 48.7773277], [16.7025511, 48.7774204], [16.7033469, 48.7773791], [16.7040217, 48.7775078], [16.7044384, 48.7775334], [16.7050539, 48.7775228], [16.7055067, 48.7774697], [16.7054513, 48.7748465], [16.7082414, 48.773855], [16.7084103, 48.7738257], [16.7088, 48.7738308], [16.7089706, 48.7737905], [16.7102713, 48.7734421], [16.7108846, 48.7733205], [16.7113016, 48.7733471], [16.7115865, 48.7735885], [16.7118939, 48.7739283], [16.712178, 48.7744994], [16.7126515, 48.7745389], [16.7134954, 48.774403], [16.7144112, 48.7741738], [16.7160343, 48.773999], [16.7166567, 48.7736201], [16.716967, 48.773536], [16.7182324, 48.773193], [16.7193221, 48.7733185], [16.7202549, 48.772934], [16.7206925, 48.7721944], [16.7213263, 48.7713997], [16.7216635, 48.7709932], [16.7214003, 48.7698525], [16.7228155, 48.7700606], [16.7231518, 48.7700806], [16.7241412, 48.7698061], [16.724932, 48.7696748], [16.7256109, 48.7695356], [16.726497, 48.7692688], [16.7271998, 48.7689816], [16.727738, 48.7686267], [16.7285465, 48.7681038], [16.7287156, 48.7679324], [16.7289275, 48.7675658], [16.7290187, 48.7672804], [16.7287031, 48.7672021], [16.7285746, 48.7674025], [16.72841, 48.7675817], [16.7275275, 48.7681069], [16.7266584, 48.7669684], [16.7266764, 48.7664347], [16.726731, 48.7662365], [16.7269233, 48.7660967], [16.7260832, 48.7658318], [16.7253044, 48.7651415], [16.7265025, 48.7640498], [16.7265612, 48.763954], [16.7278739, 48.7637018], [16.7287548, 48.7634708], [16.7293174, 48.7634856], [16.7300893, 48.7638001], [16.7308692, 48.7642976], [16.7314208, 48.7645192], [16.7321153, 48.7654115], [16.7330144, 48.7657316], [16.7336594, 48.7658714], [16.7341717, 48.7656418], [16.7345188, 48.765524], [16.7351561, 48.7650452], [16.7361521, 48.764412], [16.7365507, 48.7641146], [16.7366884, 48.7642439], [16.7365525, 48.7646309], [16.737326, 48.7649584], [16.73739, 48.7650527], [16.7377932, 48.7653952], [16.7382393, 48.7656473], [16.7383694, 48.7657569], [16.7383045, 48.76591], [16.7382016, 48.7661983], [16.7377112, 48.7668895], [16.737727, 48.767054], [16.7377384, 48.7672437], [16.7376693, 48.7675309], [16.7375063, 48.767668], [16.7370266, 48.7677375], [16.7370131, 48.7677743], [16.7370702, 48.7679873], [16.7372301, 48.768414], [16.7375108, 48.7690129], [16.7384986, 48.7702129], [16.7385835, 48.7702768], [16.7388362, 48.7703399], [16.738953, 48.7704186], [16.7390483, 48.7705134], [16.7393819, 48.7710203], [16.7399346, 48.772084], [16.7401144, 48.7726002], [16.7401788, 48.7734306], [16.7399542, 48.7744245], [16.7398867, 48.7751047], [16.7398916, 48.7754525], [16.7398311, 48.7758763], [16.7398996, 48.7761606], [16.7400272, 48.7765044], [16.7401763, 48.7767617], [16.7402493, 48.7768524], [16.7405156, 48.7770675], [16.7414931, 48.7775517], [16.7416302, 48.7775991], [16.7418624, 48.7776003], [16.7421605, 48.7775709], [16.7430636, 48.7774279], [16.7432023, 48.7774653], [16.7432648, 48.7775503], [16.7433041, 48.7776613], [16.7433154, 48.7777804], [16.7432587, 48.7780094], [16.7432414, 48.7783594], [16.7431809, 48.778617], [16.7430139, 48.7786607], [16.7428608, 48.7787355], [16.742753, 48.7786952], [16.7427301, 48.7786483], [16.742219, 48.7786753], [16.741864, 48.7787511], [16.7414825, 48.7789434], [16.7412038, 48.7790421], [16.740707, 48.7791457], [16.740332, 48.7791798], [16.7394891, 48.7791381], [16.7392037, 48.7790652], [16.7384784, 48.778979], [16.737822, 48.7788674], [16.7348015, 48.7784133], [16.7317277, 48.7784086], [16.7305749, 48.7783275], [16.7296236, 48.7783914], [16.7289104, 48.7785377], [16.7282789, 48.7788155], [16.7278656, 48.7790634], [16.7272078, 48.7792916], [16.7268171, 48.7793043], [16.7264973, 48.7793976], [16.7262321, 48.7795301], [16.7261251, 48.7795553], [16.7255522, 48.7795879], [16.7250656, 48.7796519], [16.724937, 48.7796932], [16.7245401, 48.7798868], [16.7241507, 48.7800332], [16.7238848, 48.780241], [16.7238724, 48.7805071], [16.7238331, 48.7807032], [16.7236441, 48.7809065], [16.7233341, 48.7811515], [16.7230963, 48.781374], [16.7224076, 48.781746], [16.7221282, 48.7818245], [16.7218866, 48.7818579], [16.7212139, 48.7818709], [16.7209275, 48.7818281], [16.720694, 48.7817638], [16.7203273, 48.7817455], [16.7192615, 48.7817863], [16.7187515, 48.7818536], [16.7181893, 48.7818668], [16.7180409, 48.7818891], [16.7177068, 48.7819763], [16.7171159, 48.7820253], [16.7164363, 48.7820102]]], [[[16.7729746, 48.782686], [16.7725357, 48.7827029], [16.7723634, 48.7827342], [16.7717544, 48.7827444], [16.7717307, 48.7826921], [16.7715926, 48.7826739], [16.7715133, 48.7827181], [16.7709084, 48.7826866], [16.7702622, 48.7827178], [16.770131, 48.7826555], [16.7700079, 48.7826404], [16.7697915, 48.782681], [16.7695691, 48.7826862], [16.7692092, 48.7826558], [16.768773, 48.7825747], [16.7685882, 48.7825773], [16.7684389, 48.7825422], [16.767807, 48.7824837], [16.7675894, 48.7824464], [16.767372, 48.7825297], [16.7672751, 48.7825229], [16.766895, 48.782447], [16.7667476, 48.7823266], [16.7666332, 48.7823302], [16.7665076, 48.7823797], [16.7664129, 48.7823835], [16.7661596, 48.7822996], [16.7660271, 48.7822942], [16.7659103, 48.7823988], [16.7652354, 48.7822777], [16.764578, 48.7822679], [16.7638809, 48.7821387], [16.763221, 48.7819978], [16.7623014, 48.7818375], [16.7607396, 48.7816498], [16.7606466, 48.7816386], [16.759668, 48.7814183], [16.7592254, 48.7812434], [16.7588101, 48.7809739], [16.7586584, 48.7807682], [16.7585677, 48.7804533], [16.7585263, 48.7804063], [16.7586777, 48.7798735], [16.7587843, 48.7796709], [16.7589723, 48.7794637], [16.7590543, 48.7794078], [16.7613257, 48.7785952], [16.761418, 48.7785738], [16.7616493, 48.7785313], [16.7626063, 48.7784562], [16.7655045, 48.7778863], [16.7664046, 48.7777577], [16.7668961, 48.777551], [16.7680586, 48.7775365], [16.7685269, 48.7774457], [16.7701704, 48.7774062], [16.7709626, 48.777542], [16.7710883, 48.7775168], [16.7712781, 48.7774506], [16.7718562, 48.777249], [16.7719229, 48.7772025], [16.7721388, 48.7771792], [16.7723579, 48.7771543], [16.7726148, 48.7771568], [16.7728145, 48.7771767], [16.7733422, 48.7772294], [16.7749714, 48.7774547], [16.7756524, 48.7772921], [16.7766999, 48.7774984], [16.7780387, 48.7776384], [16.7790195, 48.7778523], [16.7795881, 48.7777777], [16.7810127, 48.7779082], [16.7819147, 48.7777672], [16.7822131, 48.7778314], [16.7823584, 48.7778879], [16.7830242, 48.7784631], [16.7835789, 48.7796736], [16.783926, 48.7798431], [16.7841159, 48.7798842], [16.7847412, 48.7795724], [16.7854502, 48.7796436], [16.7870305, 48.7800879], [16.7876034, 48.7801619], [16.7880046, 48.780666], [16.7888904, 48.7818842], [16.7891082, 48.7820941], [16.7901705, 48.783433], [16.790001, 48.7835295], [16.7898862, 48.7835497], [16.7895928, 48.7835595], [16.7892912, 48.7834973], [16.7888968, 48.7833592], [16.7885075, 48.7834555], [16.7876794, 48.7834454], [16.7870593, 48.7833652], [16.7868926, 48.7832799], [16.7867042, 48.7832689], [16.7864917, 48.7833667], [16.786391, 48.7833814], [16.7857188, 48.7834016], [16.7852363, 48.78324], [16.7850205, 48.7830927], [16.7848841, 48.7830764], [16.7847846, 48.7830914], [16.7846049, 48.7831482], [16.7842921, 48.7830743], [16.7838353, 48.7829211], [16.7837774, 48.7828477], [16.7836103, 48.7828056], [16.7831851, 48.7828193], [16.7826807, 48.7827537], [16.7825266, 48.7827126], [16.7822032, 48.7825884], [16.7814808, 48.7824032], [16.7804018, 48.7821783], [16.7794904, 48.7822792], [16.7790775, 48.7822569], [16.7785077, 48.7822517], [16.7783639, 48.7822893], [16.7781202, 48.7822961], [16.7777909, 48.7822839], [16.7777175, 48.7822506], [16.7775181, 48.782267], [16.7772263, 48.7823484], [16.7769065, 48.7823391], [16.776444, 48.7823804], [16.775871, 48.782375], [16.7756203, 48.7824246], [16.7753595, 48.7825168], [16.7748386, 48.7824935], [16.7744419, 48.7825134], [16.7741258, 48.7824805], [16.7739957, 48.7825147], [16.773779, 48.7825364], [16.7736132, 48.7825074], [16.7734762, 48.7825822], [16.7734356, 48.7825514], [16.7732012, 48.7826021], [16.7731487, 48.7826635], [16.7729746, 48.782686]]], [[[16.8013493, 48.7836509], [16.8004101, 48.7836591], [16.7997708, 48.7836167], [16.7993696, 48.7836646], [16.7991216, 48.7836776], [16.7983879, 48.7836308], [16.7979269, 48.7834989], [16.7971395, 48.7833985], [16.7964064, 48.7832866], [16.795887, 48.7832331], [16.7944804, 48.7832519], [16.7933992, 48.7832046], [16.7928426, 48.7831622], [16.792545, 48.7831732], [16.7919682, 48.783197], [16.791566, 48.7832457], [16.79123, 48.7833371], [16.7903451, 48.7834769], [16.7893014, 48.7821492], [16.7891972, 48.7818954], [16.788517, 48.7809081], [16.7905349, 48.7798029], [16.7922499, 48.779201], [16.7927173, 48.7790574], [16.7938811, 48.7784883], [16.7939482, 48.7784259], [16.7942, 48.7779232], [16.7942968, 48.7778335], [16.7947969, 48.7776041], [16.7949685, 48.777444], [16.7950103, 48.7776987], [16.7951774, 48.778004], [16.7956839, 48.7786477], [16.7959902, 48.7787572], [16.796582, 48.7789076], [16.7970812, 48.7790012], [16.7975522, 48.7789543], [16.7978704, 48.7788297], [16.798039, 48.7788079], [16.7989261, 48.7790166], [16.799503, 48.7793002], [16.8004293, 48.7792641], [16.8016494, 48.7790975], [16.8018553, 48.7789608], [16.8019987, 48.7789372], [16.8022369, 48.7789958], [16.8025125, 48.7791786], [16.8028425, 48.7792598], [16.8033078, 48.7793067], [16.8031044, 48.7816743], [16.8030585, 48.7824389], [16.8030936, 48.7825438], [16.803102, 48.783292], [16.8030522, 48.7833579], [16.8027932, 48.7835219], [16.8024836, 48.7836325], [16.8023104, 48.7836703], [16.8019153, 48.7837207], [16.8013493, 48.7836509]]], [[[16.8258007, 48.7855572], [16.8256366, 48.7856579], [16.825485, 48.7859124], [16.8253856, 48.7861685], [16.8251203, 48.7864783], [16.8250235, 48.7865246], [16.8249064, 48.7865429], [16.8243539, 48.7865636], [16.8241676, 48.7866098], [16.8239584, 48.7867033], [16.8237631, 48.7868447], [16.8235528, 48.7870605], [16.8233659, 48.7873431], [16.8228984, 48.787702], [16.8228275, 48.7878184], [16.8209405, 48.7887775], [16.8206861, 48.7888867], [16.8205267, 48.7889378], [16.8202276, 48.7890173], [16.8196913, 48.7891257], [16.819175, 48.7891727], [16.8186705, 48.7891667], [16.8179161, 48.7890044], [16.817527, 48.7889397], [16.8172396, 48.7885449], [16.8168176, 48.7882981], [16.8166614, 48.7880653], [16.8164864, 48.7876519], [16.8164361, 48.7872225], [16.8162301, 48.7868339], [16.8159656, 48.7864927], [16.8157146, 48.7862802], [16.8154142, 48.7860576], [16.8149048, 48.78604], [16.8145001, 48.7860679], [16.8138769, 48.7862957], [16.8135877, 48.7864504], [16.8133573, 48.7865129], [16.8128444, 48.7867506], [16.8124159, 48.7868216], [16.8118143, 48.7866161], [16.8114754, 48.7864558], [16.810941, 48.7863416], [16.8104505, 48.7862768], [16.8096307, 48.7862063], [16.8091566, 48.7861374], [16.8087841, 48.7860061], [16.8085235, 48.7858108], [16.8085504, 48.7856222], [16.8084033, 48.7854797], [16.8074364, 48.7848856], [16.8069507, 48.7846343], [16.8061177, 48.7841369], [16.8059267, 48.7838457], [16.8060244, 48.7835947], [16.8059051, 48.7834922], [16.8055672, 48.7833992], [16.8052011, 48.7831428], [16.8047923, 48.7831322], [16.8037881, 48.7833552], [16.803417, 48.7832695], [16.803305, 48.7829725], [16.8032837, 48.7827446], [16.8033424, 48.7812326], [16.8035518, 48.779671], [16.8038643, 48.7796927], [16.8038376, 48.7795816], [16.8037715, 48.7794857], [16.8036167, 48.7793884], [16.8036428, 48.7793332], [16.8038485, 48.7794666], [16.8039148, 48.7795772], [16.8039356, 48.7796635], [16.8041904, 48.7797367], [16.8044858, 48.7797491], [16.8051612, 48.7798472], [16.8057257, 48.779809], [16.8060414, 48.7798412], [16.8067141, 48.7798596], [16.8070284, 48.7798427], [16.8073034, 48.7798594], [16.8078268, 48.7797883], [16.8082601, 48.7797797], [16.8085579, 48.7797883], [16.8088608, 48.7798236], [16.8103713, 48.7797923], [16.8114039, 48.7796623], [16.8117168, 48.7796536], [16.8125172, 48.7795095], [16.8132527, 48.7794241], [16.8137526, 48.7794426], [16.8141488, 48.7795314], [16.8148706, 48.7796285], [16.8151471, 48.7796355], [16.8154064, 48.7795761], [16.8156749, 48.7795561], [16.8164714, 48.7797073], [16.8170853, 48.7798622], [16.8177882, 48.7800783], [16.819053, 48.780311], [16.8192849, 48.7803659], [16.8197371, 48.7805095], [16.8199616, 48.7806108], [16.8204966, 48.7809314], [16.8210595, 48.7813294], [16.8225294, 48.7824245], [16.823056, 48.7829728], [16.8232756, 48.7832796], [16.8234266, 48.7834165], [16.8237027, 48.7837558], [16.8244435, 48.784315], [16.8247206, 48.7846482], [16.8250332, 48.7850879], [16.8254242, 48.7852864], [16.8259408, 48.785414], [16.8259755, 48.7855061], [16.8258007, 48.7855572]]], [[[16.8142305, 48.8121743], [16.8141222, 48.8128102], [16.8138312, 48.8131985], [16.8136059, 48.8134109], [16.8132929, 48.8135946], [16.8128624, 48.8137858], [16.8122526, 48.8139339], [16.8117785, 48.8140016], [16.8116594, 48.8139979], [16.8113025, 48.813964], [16.8109429, 48.8138825], [16.8107039, 48.8137733], [16.8102566, 48.8134058], [16.810238, 48.81333], [16.8099924, 48.8131978], [16.8098053, 48.8131712], [16.8096579, 48.813109], [16.8095586, 48.8131743], [16.8093754, 48.8131743], [16.8090337, 48.8130791], [16.8081301, 48.8125082], [16.8077602, 48.8123628], [16.8074839, 48.8122757], [16.8070334, 48.8121406], [16.8067923, 48.8120877], [16.8057705, 48.8115718], [16.8057367, 48.8115694], [16.8054626, 48.811381], [16.8051447, 48.8110791], [16.8051875, 48.810321], [16.8052523, 48.8100004], [16.8053591, 48.8087323], [16.8049794, 48.8081346], [16.8047757, 48.8076983], [16.8047332, 48.8075147], [16.8047582, 48.8073155], [16.8049247, 48.8070776], [16.8051799, 48.806794], [16.8052947, 48.8065243], [16.8051981, 48.806337], [16.8051215, 48.8061104], [16.8051268, 48.8057563], [16.8052442, 48.8054281], [16.8052435, 48.8051323], [16.80529, 48.804991], [16.8052861, 48.8048869], [16.8052204, 48.8046994], [16.8050642, 48.8045215], [16.8049789, 48.8042853], [16.8050049, 48.8040794], [16.8050689, 48.8038716], [16.8050671, 48.8037541], [16.8050553, 48.8035929], [16.8050231, 48.8035162], [16.8049505, 48.803457], [16.8050747, 48.8034498], [16.8052005, 48.803742], [16.8052153, 48.803875], [16.8051494, 48.8040307], [16.8051152, 48.804288], [16.8052161, 48.8045546], [16.8054608, 48.8047462], [16.805542, 48.804697], [16.8056518, 48.8045217], [16.8059727, 48.8042281], [16.8062375, 48.8041517], [16.8065154, 48.8041665], [16.8068505, 48.8042079], [16.8072015, 48.8043001], [16.8074986, 48.8044517], [16.8077745, 48.804629], [16.8083202, 48.8050215], [16.8085467, 48.805123], [16.8086925, 48.805237], [16.808929, 48.8053619], [16.8091924, 48.8055744], [16.8093776, 48.8056776], [16.8098243, 48.8057696], [16.810123, 48.8059756], [16.8103485, 48.8065331], [16.8105046, 48.8067539], [16.810673, 48.8074339], [16.8108861, 48.807898], [16.811037, 48.8083443], [16.8111784, 48.8085076], [16.811288, 48.80867], [16.8115604, 48.8089632], [16.8117283, 48.8090674], [16.8120158, 48.8091952], [16.8121119, 48.8092341], [16.8121717, 48.8092021], [16.8123613, 48.8092989], [16.8126479, 48.8095378], [16.8126625, 48.809575], [16.8134523, 48.8097451], [16.8134863, 48.8098106], [16.8133788, 48.8099702], [16.8132841, 48.8101781], [16.8132453, 48.8104215], [16.8133003, 48.8105698], [16.8136196, 48.8107749], [16.8137224, 48.8110304], [16.8139674, 48.8112569], [16.8140829, 48.8115138], [16.8141971, 48.8118694], [16.8142305, 48.8121743]]]]}, "properties": {"id": "86982642-ae53-343f-bb67-32a617cea8d6", "names": {"primary": "n\u00e1rodn\u00ed p\u0159\u00edrodn\u00ed rezervace Lednick\u00e9 rybn\u00edky", "common": [["de", "Nationales Naturreservat Eisgruber Teiche"]], "rules": [{"variant": "short", "language": null, "perspectives": null, "value": "NPR Lednick\u00e9 rybn\u00edky", "between": null, "side": null}]}, "subtype": "protected", "class": "wilderness_area", "surface": null}}, {"type": "Feature", "geometry": {"type": "Polygon", "coordinates": [[[16.6273228, 48.7999049], [16.6279457, 48.7992027], [16.6281707, 48.7989484], [16.6288825, 48.7981467], [16.6295919, 48.7973528], [16.6302622, 48.796595], [16.6309806, 48.7957891], [16.6312919, 48.7954516], [16.631546, 48.7952193], [16.6317531, 48.7950113], [16.6319641, 48.794819], [16.632194, 48.7946185], [16.6325178, 48.7943503], [16.6327901, 48.7941239], [16.6331874, 48.7938087], [16.633581, 48.7935331], [16.6339645, 48.7932884], [16.6342039, 48.7931467], [16.6344355, 48.7930184], [16.6346897, 48.7928807], [16.6349824, 48.792735], [16.6353091, 48.7925798], [16.6358028, 48.7923552], [16.6362727, 48.792152], [16.6365977, 48.7920195], [16.6369286, 48.7918915], [16.6371727, 48.7918064], [16.6374624, 48.7917227], [16.6381349, 48.7915104], [16.6394864, 48.7910956], [16.6414331, 48.7904778], [16.6429787, 48.7900006], [16.6451733, 48.789323], [16.6468642, 48.7888009], [16.649012, 48.7881377], [16.6514742, 48.7873775], [16.6532948, 48.7868153], [16.6554286, 48.7861565], [16.6577885, 48.7854272], [16.6602828, 48.784657], [16.6617304, 48.7842099], [16.6619185, 48.7841518], [16.6651772, 48.7831458], [16.6684388, 48.7821388], [16.6694574, 48.7818205], [16.6718493, 48.7810827], [16.6719138, 48.781063], [16.6721094, 48.7810016], [16.6731783, 48.7806683], [16.673724, 48.7805019], [16.6738026, 48.7804779], [16.6741704, 48.7803657], [16.6753637, 48.779994], [16.6770943, 48.7794611], [16.6793004, 48.7787775], [16.6813939, 48.7781311], [16.6836567, 48.7774325], [16.6854749, 48.7768745], [16.6871271, 48.7763617], [16.6883036, 48.7759985], [16.6886858, 48.7758811], [16.6890052, 48.7757882], [16.6893985, 48.7756843], [16.689776, 48.7755898], [16.6901414, 48.7755127], [16.6904408, 48.7754519], [16.6908713, 48.7753739], [16.6912388, 48.7753185], [16.6915694, 48.7752736], [16.6919123, 48.7752326], [16.6923753, 48.7751851], [16.6930907, 48.7751079], [16.693821, 48.7750194], [16.6941465, 48.7749752], [16.6945317, 48.7749238], [16.6972354, 48.7746451], [16.6976356, 48.7746147], [16.6982176, 48.7745913], [16.6985194, 48.7745649], [16.6986339, 48.7745537], [16.7002682, 48.7743884], [16.7011433, 48.7743002], [16.7014358, 48.774266], [16.7018286, 48.7742105], [16.7021112, 48.7741632], [16.7024, 48.7741067], [16.7026628, 48.7740463], [16.7029471, 48.7739768], [16.7032334, 48.7738959], [16.7035444, 48.7738004], [16.7038098, 48.7737073], [16.7040741, 48.773609], [16.7043533, 48.7734923], [16.7046136, 48.7733753], [16.7048037, 48.7732804], [16.7050173, 48.7731734], [16.7052356, 48.7730524], [16.7060532, 48.7725994], [16.7074428, 48.7718236], [16.7088615, 48.7710339], [16.7102317, 48.7702735], [16.7113853, 48.7696284], [16.712715, 48.7688845], [16.7129497, 48.768743], [16.7132182, 48.7685756], [16.7135788, 48.7683347], [16.7137936, 48.7681785], [16.7140154, 48.7680135], [16.714265, 48.7678201], [16.7144889, 48.7676261], [16.7147095, 48.7674223], [16.7149374, 48.767202], [16.715161, 48.7669755], [16.7154012, 48.7667033], [16.7155518, 48.76653], [16.7157036, 48.7663389], [16.715829, 48.7661607], [16.7159704, 48.7659516], [16.7161336, 48.7657033], [16.7162788, 48.7654528], [16.7167992, 48.7644427], [16.7170393, 48.7639763], [16.7170618, 48.7639333], [16.7171149, 48.7638288], [16.7171472, 48.7637626], [16.7174507, 48.7631757], [16.7174849, 48.7631095], [16.7177623, 48.762573], [16.7188327, 48.7604827], [16.71956, 48.7590691], [16.720129, 48.7579607], [16.7204565, 48.7573189], [16.7205955, 48.7570787], [16.7207075, 48.7568962], [16.720864, 48.7566655], [16.7210114, 48.7564544], [16.7212245, 48.7561982], [16.7214385, 48.7559578], [16.7216668, 48.7557202], [16.7218454, 48.7555522], [16.7220761, 48.7553479], [16.722303, 48.7551584], [16.7224209, 48.7550655], [16.7226389, 48.7549068], [16.722868, 48.7547514], [16.7231795, 48.754546], [16.7234591, 48.7543786], [16.7237203, 48.7542313], [16.7240712, 48.7540478], [16.7244264, 48.7538822], [16.7247606, 48.753735], [16.7250419, 48.7536223], [16.7252857, 48.7535309], [16.7262507, 48.7531807], [16.7284965, 48.752365], [16.7311609, 48.7513964], [16.7333023, 48.7506184], [16.735345, 48.749874], [16.7356806, 48.7497525], [16.7361861, 48.7495764], [16.7368258, 48.7493654], [16.738151, 48.7489224], [16.7389208, 48.7486376], [16.7395484, 48.7484325], [16.7466134, 48.7461687], [16.7473429, 48.7459759], [16.7477332, 48.7458687], [16.747797, 48.7458512], [16.7478707, 48.7458284], [16.7481362, 48.7457462], [16.7483529, 48.7456858], [16.7486623, 48.7456116], [16.7489161, 48.7455551], [16.749188, 48.7455051], [16.7494184, 48.7454688], [16.7497228, 48.7454267], [16.749992, 48.7453969], [16.7502521, 48.7453734], [16.7505542, 48.7453541], [16.7508011, 48.745345], [16.7511431, 48.7453393], [16.7514558, 48.7453427], [16.7517708, 48.745355], [16.7520927, 48.745375], [16.7524369, 48.745406], [16.7527734, 48.7454505], [16.7531033, 48.7454975], [16.7533533, 48.7455414], [16.7535339, 48.7455738], [16.753709, 48.7456135], [16.7539516, 48.745675], [16.7542502, 48.7457547], [16.7545683, 48.7458483], [16.7548574, 48.7459455], [16.7551875, 48.7460646], [16.7563971, 48.7465107], [16.7580624, 48.7471216], [16.7602346, 48.7479198], [16.7625391, 48.7487666], [16.7626305, 48.7488002], [16.7640038, 48.7493048], [16.764867, 48.7496227], [16.7657902, 48.7499627], [16.766498, 48.7502234], [16.7672359, 48.7504887], [16.7674568, 48.7505576], [16.7676448, 48.7506118], [16.7678979, 48.7506745], [16.7682268, 48.7507451], [16.7685039, 48.7507975], [16.7687343, 48.7508312], [16.7689536, 48.7508562], [16.7691601, 48.750873], [16.7694184, 48.7508932], [16.769667, 48.7509089], [16.7699135, 48.7509145], [16.7701378, 48.7509156], [16.7703898, 48.7509095], [16.770625, 48.7508991], [16.7708671, 48.7508823], [16.7710993, 48.7508573], [16.7713539, 48.7508273], [16.7716249, 48.7507845], [16.7718316, 48.7507469], [16.7720544, 48.7507022], [16.7723488, 48.7506323], [16.7726255, 48.7505561], [16.7728847, 48.7504768], [16.7731399, 48.7503875], [16.7734684, 48.7502601], [16.7736846, 48.7501653], [16.7739515, 48.7500346], [16.774224, 48.7498868], [16.7744759, 48.7497316], [16.7747321, 48.7495605], [16.775075, 48.7493173], [16.7752065, 48.7492193], [16.7753976, 48.7490768], [16.7764847, 48.7482769], [16.7782809, 48.7469582], [16.7796496, 48.7459538], [16.7797444, 48.7458842], [16.7797687, 48.7458664], [16.7809365, 48.745007], [16.7821488, 48.7441157], [16.7833662, 48.7432236], [16.7836526, 48.7430179], [16.7839361, 48.7428219], [16.7841928, 48.7426588], [16.7845255, 48.7424661], [16.7847285, 48.7423576], [16.7849606, 48.7422439], [16.7852276, 48.742124], [16.7855487, 48.7419921], [16.7857519, 48.7419182], [16.7860402, 48.7418184], [16.7862961, 48.7417398], [16.7865557, 48.7416662], [16.7868845, 48.7415824], [16.7871934, 48.7415158], [16.787503, 48.7414557], [16.7878157, 48.7414053], [16.7881549, 48.7413615], [16.7884786, 48.7413296], [16.7888196, 48.7413062], [16.7891327, 48.7412892], [16.7895078, 48.7412807], [16.7900394, 48.7412695], [16.7912273, 48.7412469], [16.791324, 48.7412451], [16.7923077, 48.7412264], [16.795017, 48.7411673], [16.7975326, 48.7411167], [16.800122, 48.7410614], [16.8045017, 48.7409712], [16.8060231, 48.7409377], [16.8065726, 48.7409241], [16.8072215, 48.7409001], [16.8085953, 48.740832], [16.8108735, 48.7407166], [16.8146379, 48.7405316], [16.8171474, 48.7404061], [16.8201711, 48.740255], [16.8224905, 48.7401372], [16.8247727, 48.740026], [16.8271097, 48.7399093], [16.8295761, 48.739782], [16.8328548, 48.7396161], [16.8358819, 48.7394632], [16.8382254, 48.7393456], [16.8419233, 48.7391599], [16.8474973, 48.7388806], [16.8513088, 48.7386893], [16.8572326, 48.738391], [16.8601835, 48.7382429], [16.8605293, 48.7382256], [16.8612597, 48.7381889], [16.861973, 48.7381522], [16.8636556, 48.7380482], [16.8671975, 48.7378669], [16.8704683, 48.7377001], [16.8714584, 48.7376487], [16.8715601, 48.7376434], [16.8722835, 48.7376119], [16.8738747, 48.7375577], [16.8741468, 48.7375558], [16.8744412, 48.7375594], [16.87475, 48.7375728], [16.8750758, 48.7375973], [16.875359, 48.7376261], [16.875605, 48.7376577], [16.8758949, 48.737704], [16.8761457, 48.7377569], [16.8763748, 48.7378084], [16.8765347, 48.7378525], [16.8767978, 48.7379258], [16.8769804, 48.7379831], [16.8772325, 48.7380625], [16.8777415, 48.7382627], [16.8778426, 48.7383038], [16.8781196, 48.7384353], [16.8783896, 48.7385823], [16.8785519, 48.7386751], [16.8786843, 48.7387613], [16.8788189, 48.7388475], [16.8790011, 48.7389761], [16.8791813, 48.7391176], [16.8790757, 48.7391744], [16.8788991, 48.7390357], [16.8787217, 48.7389105], [16.8785889, 48.7388255], [16.8784593, 48.7387411], [16.8783016, 48.7386509], [16.8780364, 48.7385065], [16.877767, 48.7383786], [16.8776709, 48.7383395], [16.8771681, 48.7381417], [16.8769218, 48.7380643], [16.876742, 48.7380078], [16.8764819, 48.7379353], [16.8763266, 48.7378924], [16.8761029, 48.7378423], [16.8758581, 48.7377906], [16.875576, 48.7377455], [16.8753356, 48.7377147], [16.8750576, 48.7376863], [16.8746781, 48.7376909], [16.8742275, 48.7376856], [16.8735409, 48.7376979], [16.8723875, 48.7377634], [16.8713665, 48.7378445], [16.8709706, 48.7378452], [16.8709707, 48.7379075], [16.8707475, 48.7379211], [16.8700452, 48.7380287], [16.8698442, 48.7378431], [16.8644451, 48.7381209], [16.8643797, 48.7381397], [16.8641747, 48.7381498], [16.862563, 48.73821], [16.861701, 48.7382566], [16.8612701, 48.7382785], [16.857243, 48.7384806], [16.8513192, 48.7387789], [16.8475077, 48.7389702], [16.8419337, 48.7392495], [16.8382358, 48.7394352], [16.8358923, 48.7395528], [16.8328652, 48.7397057], [16.8295865, 48.7398716], [16.8271201, 48.7399989], [16.8247829, 48.7401156], [16.8225007, 48.7402268], [16.8201815, 48.7403446], [16.8171578, 48.7404957], [16.8146481, 48.7406212], [16.8108837, 48.7408062], [16.8086057, 48.7409216], [16.8072305, 48.7409897], [16.806579, 48.7410139], [16.8060279, 48.7410275], [16.8045061, 48.741061], [16.8001264, 48.7411512], [16.7975368, 48.7412065], [16.7950214, 48.7412571], [16.7923119, 48.7413162], [16.7913278, 48.7413349], [16.7912313, 48.7413367], [16.7900436, 48.7413593], [16.7895124, 48.7413705], [16.7891407, 48.741379], [16.7888322, 48.7413956], [16.7884958, 48.7414188], [16.7881781, 48.7414501], [16.7878449, 48.7414931], [16.7875384, 48.7415425], [16.7872338, 48.7416016], [16.7869303, 48.741667], [16.7866071, 48.7417494], [16.7863517, 48.7418218], [16.7861006, 48.741899], [16.7858165, 48.7419974], [16.7856177, 48.7420697], [16.785302, 48.7421992], [16.7850396, 48.7423171], [16.7848121, 48.7424286], [16.7846133, 48.7425347], [16.784285, 48.742725], [16.7840327, 48.7428853], [16.783752, 48.7430793], [16.783467, 48.743284], [16.7822502, 48.7441757], [16.7821419, 48.7442553], [16.7820155, 48.7443483], [16.7810379, 48.745067], [16.7799892, 48.7458388], [16.7799477, 48.7458693], [16.7798701, 48.7459264], [16.7792489, 48.7463823], [16.7783823, 48.7470182], [16.7765861, 48.7483369], [16.7754994, 48.7491366], [16.775176, 48.7493777], [16.7748305, 48.7496227], [16.7745709, 48.749796], [16.7743138, 48.7499544], [16.7740355, 48.7501054], [16.773763, 48.7502387], [16.7735408, 48.7503363], [16.7732063, 48.7504659], [16.7729453, 48.7505572], [16.7726805, 48.7506383], [16.7723982, 48.7507161], [16.7720974, 48.7507874], [16.7718696, 48.7508331], [16.7716589, 48.7508715], [16.7713817, 48.7509153], [16.7711223, 48.7509459], [16.7708853, 48.7509713], [16.7706368, 48.7509887], [16.7703968, 48.7509993], [16.7701398, 48.7510054], [16.7699107, 48.7510043], [16.7696582, 48.7509985], [16.769404, 48.7509826], [16.7691437, 48.7509622], [16.7689336, 48.750945], [16.7687079, 48.7509194], [16.7684703, 48.7508845], [16.768187, 48.7508311], [16.7678529, 48.7507593], [16.7675936, 48.750695], [16.7674004, 48.7506394], [16.7671741, 48.7505687], [16.7664322, 48.750302], [16.7646844, 48.7496583], [16.7639374, 48.7493832], [16.7615974, 48.7485234], [16.7601682, 48.7479982], [16.7579962, 48.7472], [16.7563307, 48.7465891], [16.7551215, 48.7461432], [16.7547938, 48.7460249], [16.7545095, 48.7459293], [16.7541968, 48.7458373], [16.7539016, 48.7457586], [16.7536624, 48.7456979], [16.7534939, 48.7456598], [16.7533179, 48.7456282], [16.7530713, 48.7455849], [16.7527456, 48.7455385], [16.7524143, 48.7454946], [16.7520771, 48.7454642], [16.7517604, 48.7454446], [16.7514506, 48.7454325], [16.7511437, 48.7454291], [16.7508067, 48.7454348], [16.7505646, 48.7454437], [16.7502679, 48.7454626], [16.7500126, 48.7454857], [16.749748, 48.7455149], [16.7494482, 48.7455564], [16.7492222, 48.7455921], [16.7489563, 48.7456409], [16.7487073, 48.7456964], [16.7484027, 48.7457694], [16.7481918, 48.7458282], [16.7479285, 48.7459098], [16.7478548, 48.7459326], [16.7479786, 48.7461634], [16.7476021, 48.7462973], [16.7466331, 48.7465909], [16.745865, 48.7468231], [16.7457229, 48.7469433], [16.7452991, 48.7470494], [16.7444159, 48.7472151], [16.7439196, 48.747382], [16.7438876, 48.7473919], [16.7440083, 48.7476038], [16.7422682, 48.7479514], [16.7420322, 48.7479302], [16.7408171, 48.7481884], [16.7400238, 48.7484422], [16.7368868, 48.7494458], [16.7362483, 48.7496562], [16.7357452, 48.7498315], [16.7354108, 48.7499526], [16.7333681, 48.750697], [16.7312267, 48.751475], [16.7285623, 48.7524436], [16.7272722, 48.7529122], [16.7263165, 48.7532593], [16.7253523, 48.7536093], [16.7251109, 48.7536997], [16.7248338, 48.7538108], [16.7245036, 48.7539562], [16.724153, 48.7541198], [16.7238069, 48.7543007], [16.7235491, 48.754446], [16.7232735, 48.754611], [16.722965, 48.7548144], [16.7227383, 48.7549682], [16.7225237, 48.7551245], [16.7224088, 48.755215], [16.7221843, 48.7554025], [16.7219558, 48.7556048], [16.7217802, 48.75577], [16.7215549, 48.7560046], [16.7213431, 48.7562426], [16.7211332, 48.7564948], [16.720988, 48.7567027], [16.7208329, 48.7569314], [16.7207223, 48.7571115], [16.7205847, 48.7573493], [16.720258, 48.7579895], [16.719689, 48.7590979], [16.7189617, 48.7605115], [16.7189437, 48.7605468], [16.7178913, 48.7626018], [16.7172766, 48.7637908], [16.7172445, 48.7638564], [16.7171906, 48.7639625], [16.7171683, 48.7640053], [16.7169282, 48.7644715], [16.716407, 48.7654832], [16.7162598, 48.7657371], [16.7160952, 48.7659878], [16.715953, 48.7661979], [16.7158258, 48.7663787], [16.7156712, 48.7665732], [16.7155192, 48.7667481], [16.715277, 48.7670225], [16.7150508, 48.7672518], [16.7148213, 48.7674737], [16.7145985, 48.7676793], [16.7143712, 48.7678765], [16.7141182, 48.7680723], [16.713895, 48.7682385], [16.7136778, 48.7683965], [16.7133136, 48.7686398], [16.7130425, 48.7688088], [16.712805, 48.7689519], [16.7114735, 48.7696968], [16.7103197, 48.7703421], [16.7089493, 48.7711025], [16.7075308, 48.7718922], [16.706141, 48.772668], [16.7053234, 48.773121], [16.7051025, 48.7732436], [16.7048861, 48.773352], [16.7046932, 48.7734483], [16.7044281, 48.7735673], [16.7041441, 48.773686], [16.7038754, 48.7737861], [16.7036052, 48.7738808], [16.703289, 48.7739779], [16.7029977, 48.7740602], [16.702709, 48.7741307], [16.7024418, 48.7741921], [16.7021474, 48.7742498], [16.7018596, 48.7742979], [16.701462, 48.7743542], [16.7011655, 48.7743888], [16.7002888, 48.7744772], [16.6986543, 48.7746425], [16.698539, 48.7746537], [16.694557, 48.7750566], [16.6931135, 48.7751965], [16.6923967, 48.7752737], [16.6919349, 48.7753212], [16.6915954, 48.7753618], [16.6912678, 48.7754063], [16.6909045, 48.7754609], [16.6907791, 48.7754837], [16.690479, 48.7755381], [16.6901822, 48.7755983], [16.689821, 48.7756746], [16.6894481, 48.7757679], [16.689058, 48.775871], [16.688742, 48.7759629], [16.6883612, 48.7760799], [16.6871851, 48.7764429], [16.6868593, 48.776544], [16.6855327, 48.7769559], [16.6837143, 48.7775139], [16.6814517, 48.7782125], [16.6793582, 48.7788587], [16.6771521, 48.7795423], [16.6754217, 48.7800752], [16.6742288, 48.7804469], [16.6738525, 48.7805616], [16.6732353, 48.7807499], [16.6721678, 48.7810828], [16.6719718, 48.7811442], [16.6719069, 48.7811641], [16.6695164, 48.7819013], [16.6690725, 48.7820401], [16.6684966, 48.78222], [16.6683254, 48.7822729], [16.6659092, 48.7830188], [16.665235, 48.783227], [16.6619763, 48.784233], [16.6617882, 48.7842911], [16.6603406, 48.7847382], [16.6578463, 48.7855084], [16.6554864, 48.7862377], [16.6549628, 48.7863994], [16.6533526, 48.7868965], [16.651532, 48.7874587], [16.6490698, 48.7882189], [16.646922, 48.7888821], [16.6452311, 48.7894042], [16.6430365, 48.7900818], [16.6423126, 48.7903054], [16.641714, 48.7904902], [16.6414909, 48.790559], [16.6381906, 48.7915787], [16.6375791, 48.7917694], [16.6372357, 48.791886], [16.636995, 48.7919699], [16.6366681, 48.7920963], [16.6363459, 48.7922276], [16.635879, 48.7924296], [16.6353877, 48.7926532], [16.6350634, 48.7928072], [16.6347741, 48.7929511], [16.6345227, 48.7930874], [16.6342933, 48.7932145], [16.6340575, 48.793354], [16.633678, 48.7935961], [16.633288, 48.7938693], [16.6329018, 48.794156], [16.6326445, 48.794358], [16.632323, 48.7946283], [16.6320745, 48.7948507], [16.631849, 48.795059], [16.6316432, 48.7952577], [16.6314075, 48.7954992], [16.6310976, 48.7958351], [16.6303798, 48.7966404], [16.6297095, 48.7973982], [16.6289999, 48.7981921], [16.628355, 48.7989161], [16.6280633, 48.7992481], [16.627437, 48.7999465], [16.6273228, 48.7999049]]]}, "properties": {"id": "2b199bdd-6835-390a-b56e-6269ff10a18f", "names": null, "subtype": "transportation", "class": "railway", "surface": null}}, {"type": "Feature", "geometry": {"type": "Polygon", "coordinates": [[[16.8098767, 48.7764864], [16.8100458, 48.7763408], [16.8101694, 48.776216], [16.8103032, 48.7760421], [16.810381, 48.7759051], [16.8104467, 48.7757629], [16.8104839, 48.7756308], [16.8105059, 48.7754851], [16.8105174, 48.775329], [16.8105133, 48.7752242], [16.8104993, 48.7751216], [16.8104712, 48.7750049], [16.8104225, 48.7748665], [16.8103761, 48.7747679], [16.8103147, 48.7746621], [16.8102008, 48.7744931], [16.8099209, 48.7741233], [16.8097793, 48.7739406], [16.809501, 48.7735811], [16.8094997, 48.7735795], [16.8094117, 48.7734395], [16.8093274, 48.7732901], [16.8092597, 48.7731186], [16.809223, 48.7729498], [16.809206, 48.7727829], [16.809209, 48.7726453], [16.8092298, 48.7724884], [16.809276, 48.7723281], [16.8093405, 48.7721568], [16.8095357, 48.7717152], [16.8098425, 48.7710496], [16.8099254, 48.7708946], [16.8100307, 48.7707464], [16.8101322, 48.7706171], [16.8102516, 48.7705008], [16.8103836, 48.7703825], [16.810526, 48.7702781], [16.8106326, 48.7702094], [16.8108149, 48.7701063], [16.8110145, 48.7700137], [16.8111957, 48.7699423], [16.8113647, 48.7698885], [16.811547, 48.7698385], [16.8117518, 48.7697949], [16.8119593, 48.7697543], [16.8122551, 48.7697099], [16.8143791, 48.7694088], [16.8169493, 48.7690414], [16.8172601, 48.7689922], [16.817519, 48.7689425], [16.8177354, 48.7688978], [16.8180346, 48.7688324], [16.8183924, 48.7687395], [16.8190248, 48.7685741], [16.8197023, 48.7683956], [16.8199452, 48.7683276], [16.8201637, 48.7682564], [16.8203526, 48.7681821], [16.8204922, 48.7681148], [16.8206067, 48.7680509], [16.8207624, 48.7679539], [16.8209058, 48.7678515], [16.8214853, 48.7673937], [16.8222503, 48.7667935], [16.8224388, 48.7666684], [16.8226306, 48.7665612], [16.8227955, 48.766481], [16.8229566, 48.7664189], [16.823726, 48.7661933], [16.8261567, 48.7654998], [16.8293279, 48.7645945], [16.8322497, 48.7637635], [16.8349279, 48.7629982], [16.8381474, 48.7620647], [16.8384265, 48.7619719], [16.838661, 48.7618884], [16.8389157, 48.7617937], [16.8391223, 48.761707], [16.8394957, 48.7615467], [16.8398204, 48.761381], [16.840128, 48.761219], [16.8404622, 48.7610197], [16.8405149, 48.7609854], [16.8412776, 48.7604884], [16.8428585, 48.7594404], [16.8434954, 48.7590282], [16.8440912, 48.7586319], [16.8442269, 48.7585368], [16.8443422, 48.7584439], [16.8444594, 48.7583487], [16.8446114, 48.758211], [16.8451219, 48.757716], [16.8458948, 48.75696], [16.8460817, 48.7567779], [16.8462651, 48.7566062], [16.8463895, 48.756506], [16.8465279, 48.756405], [16.8466804, 48.7563072], [16.8468529, 48.7562133], [16.847038, 48.7561254], [16.8472848, 48.756023], [16.8480795, 48.7557034], [16.8482886, 48.7556078], [16.8484837, 48.7555079], [16.848658, 48.7554062], [16.848813, 48.7552853], [16.8489891, 48.7551244], [16.84912, 48.7549817], [16.8493323, 48.7547308], [16.8495803, 48.7544328], [16.8497493, 48.7542284], [16.8498809, 48.7540549], [16.8500057, 48.7538676], [16.8500796, 48.7537568], [16.85122, 48.7518759], [16.8518271, 48.7508094], [16.8524111, 48.7498657], [16.8527962, 48.7492725], [16.8528994, 48.7490681], [16.8529546, 48.7488886], [16.8529798, 48.7486865], [16.852986, 48.7484702], [16.8530008, 48.7482083], [16.8530226, 48.7479591], [16.8530881, 48.7476134], [16.8534417, 48.7465464], [16.8535334, 48.7463419], [16.8536169, 48.7461916], [16.8537336, 48.7459977], [16.8537663, 48.7459492], [16.8540647, 48.7455855], [16.8554056, 48.7441752], [16.8570643, 48.7424349], [16.8587058, 48.7407205], [16.8595283, 48.7398511], [16.86036, 48.7389899], [16.8605182, 48.7388425], [16.8607026, 48.7386976], [16.8608865, 48.7385846], [16.8610529, 48.7384965], [16.8612698, 48.7383939], [16.8614841, 48.7383218], [16.861701, 48.7382566], [16.862563, 48.73821], [16.8622411, 48.7382489], [16.861963, 48.7382911], [16.861752, 48.73834], [16.8615435, 48.7384028], [16.861341, 48.7384709], [16.8611353, 48.7385681], [16.8609757, 48.7386526], [16.8608016, 48.7387596], [16.8606262, 48.7388975], [16.8604732, 48.7390401], [16.8596437, 48.7398991], [16.8588212, 48.7407683], [16.8571797, 48.7424829], [16.855521, 48.744223], [16.8541825, 48.7456309], [16.8538887, 48.745989], [16.8538594, 48.7460325], [16.8537443, 48.7462236], [16.853663, 48.7463701], [16.8535737, 48.7465692], [16.8532227, 48.747628], [16.8531584, 48.7479673], [16.853137, 48.7482125], [16.8531224, 48.7484728], [16.853116, 48.7486911], [16.8530898, 48.7489012], [16.8530314, 48.7490913], [16.852924, 48.7493039], [16.8527553, 48.7496545], [16.8520027, 48.750927], [16.851347, 48.7519087], [16.8502054, 48.7537916], [16.8500043, 48.7540931], [16.8498701, 48.75427], [16.8496999, 48.754476], [16.8494517, 48.7547744], [16.849238, 48.7550269], [16.8491029, 48.755174], [16.8489206, 48.7553407], [16.8487558, 48.7554692], [16.8487323, 48.755481], [16.8485707, 48.7555771], [16.8483694, 48.7556802], [16.8481539, 48.7557788], [16.8473566, 48.7560994], [16.8471142, 48.7562], [16.8469363, 48.7562845], [16.8467714, 48.7563742], [16.8466261, 48.7564674], [16.8464929, 48.7565646], [16.8463737, 48.7566606], [16.8461939, 48.7568289], [16.8460078, 48.7570104], [16.8452349, 48.7577664], [16.844723, 48.7582628], [16.8445676, 48.7584035], [16.844448, 48.7585007], [16.8443295, 48.7585962], [16.8441892, 48.7586943], [16.8435916, 48.759092], [16.8426653, 48.7597018], [16.8413742, 48.7605518], [16.8406107, 48.7610494], [16.840556, 48.7610851], [16.8402164, 48.7612876], [16.8399046, 48.7614516], [16.8395747, 48.7616201], [16.8391961, 48.7617826], [16.8389859, 48.7618709], [16.8387268, 48.7619672], [16.8384897, 48.7620515], [16.8382056, 48.7621461], [16.8349825, 48.7630806], [16.8323039, 48.7638459], [16.8293821, 48.7646771], [16.8262109, 48.7655822], [16.8237808, 48.7662757], [16.823019, 48.7664989], [16.8228707, 48.7665562], [16.8227152, 48.7666318], [16.8225314, 48.7667344], [16.8223511, 48.7668541], [16.8215899, 48.7674513], [16.8210084, 48.7679109], [16.8208594, 48.7680171], [16.8206977, 48.7681179], [16.8205766, 48.7681854], [16.820428, 48.7682571], [16.8202289, 48.7683354], [16.8200022, 48.7684094], [16.8197543, 48.7684788], [16.8195834, 48.7685237], [16.8190752, 48.7686575], [16.8184426, 48.7688231], [16.818081, 48.768917], [16.8177772, 48.7689834], [16.8175584, 48.7690285], [16.8172951, 48.769079], [16.8169797, 48.769129], [16.8144079, 48.7694966], [16.8122845, 48.7697977], [16.8119939, 48.7698413], [16.8117922, 48.7698807], [16.8115942, 48.7699229], [16.8114205, 48.7699705], [16.8112605, 48.7700215], [16.8110889, 48.7700891], [16.8108987, 48.7701773], [16.8107248, 48.7702758], [16.8106244, 48.7703403], [16.8104894, 48.7704393], [16.810363, 48.7705526], [16.8102496, 48.7706631], [16.8101531, 48.7707862], [16.8100518, 48.7709286], [16.8099721, 48.7710776], [16.8096663, 48.7717408], [16.8094721, 48.7721802], [16.8094092, 48.7723473], [16.809365, 48.7725008], [16.8093452, 48.7726499], [16.8093424, 48.7727805], [16.8093588, 48.7729404], [16.8093935, 48.7731008], [16.8094576, 48.7732631], [16.8095387, 48.7734067], [16.8096237, 48.7735419], [16.8100425, 48.7740829], [16.8103242, 48.7744547], [16.8104407, 48.7746277], [16.8105051, 48.7747385], [16.8105541, 48.7748431], [16.810605, 48.7749877], [16.8106347, 48.7751106], [16.8106495, 48.775219], [16.8106538, 48.77533], [16.8106419, 48.7754917], [16.8106189, 48.7756434], [16.8105793, 48.7757843], [16.8105102, 48.7759339], [16.8104282, 48.7760783], [16.8102876, 48.776261], [16.8101572, 48.7763928], [16.8099809, 48.7765446], [16.8097947, 48.7766754], [16.80962, 48.7767856], [16.8093844, 48.7768896], [16.8091772, 48.776969], [16.8087932, 48.7771001], [16.8080058, 48.7773347], [16.8063273, 48.7778426], [16.8051378, 48.7781977], [16.8048856, 48.7782802], [16.8046619, 48.7783752], [16.8044334, 48.7784811], [16.8042679, 48.7785715], [16.8041159, 48.7786759], [16.8039718, 48.7787965], [16.8038525, 48.7789147], [16.8037405, 48.7790412], [16.8036306, 48.7791865], [16.8035769, 48.7792974], [16.803504, 48.7794615], [16.8034621, 48.7796141], [16.8034404, 48.7797609], [16.8034139, 48.7800627], [16.8033944, 48.7804123], [16.8033097, 48.7820542], [16.8032812, 48.7825678], [16.803278, 48.7827594], [16.8032893, 48.7829313], [16.8033213, 48.783097], [16.8033739, 48.7832512], [16.8034525, 48.7834084], [16.8035298, 48.7835328], [16.8036231, 48.7836557], [16.803766, 48.7838068], [16.8049907, 48.7850483], [16.8062797, 48.7863551], [16.8075919, 48.7876852], [16.8089148, 48.7890153], [16.8091117, 48.7892469], [16.8092565, 48.7894411], [16.8093393, 48.7895894], [16.8094017, 48.7897488], [16.8094398, 48.7899001], [16.8094621, 48.7900629], [16.8094639, 48.7902288], [16.8094309, 48.7904244], [16.8093714, 48.7906044], [16.8092887, 48.7907805], [16.8092004, 48.7909232], [16.8090996, 48.791057], [16.8090398, 48.7911181], [16.8089734, 48.7911859], [16.8088147, 48.7913268], [16.8086632, 48.7914353], [16.8085448, 48.7915088], [16.8083593, 48.7916094], [16.8081841, 48.79169], [16.8080488, 48.7917442], [16.8068273, 48.7922155], [16.805704, 48.7926443], [16.805276, 48.7928479], [16.8049085, 48.7930714], [16.8026434, 48.7939434], [16.8020734, 48.7942976], [16.8015678, 48.7944805], [16.801419, 48.7943356], [16.7997372, 48.7949664], [16.7996474, 48.7948613], [16.8004708, 48.7945415], [16.8010756, 48.7942234], [16.8019178, 48.7938966], [16.8032144, 48.7934514], [16.8043868, 48.793067], [16.8067587, 48.7921379], [16.807979, 48.791667], [16.8081095, 48.7916148], [16.8082769, 48.7915378], [16.8084546, 48.7914414], [16.8085662, 48.7913721], [16.8087095, 48.7912694], [16.8088612, 48.7911347], [16.8089808, 48.7910126], [16.809076, 48.7908862], [16.8091601, 48.7907503], [16.8092394, 48.7905816], [16.8092961, 48.7904098], [16.8093275, 48.7902242], [16.8093257, 48.7900673], [16.8093044, 48.7899115], [16.8092681, 48.7897674], [16.8092089, 48.7896162], [16.8091309, 48.7894765], [16.8089909, 48.7892887], [16.8087982, 48.7890619], [16.8074777, 48.7877344], [16.8061653, 48.7864041], [16.8048763, 48.7850973], [16.803651, 48.783855], [16.8035039, 48.7836997], [16.8034056, 48.78357], [16.8033245, 48.7834396], [16.8032423, 48.7832752], [16.8031869, 48.7831126], [16.8031533, 48.7829389], [16.8031416, 48.7827608], [16.8031448, 48.7825656], [16.8031735, 48.782051], [16.8032582, 48.7804093], [16.8032777, 48.7800585], [16.8033044, 48.7797539], [16.8033269, 48.7796017], [16.8033712, 48.7794409], [16.8034465, 48.7792712], [16.8035038, 48.7791527], [16.8036205, 48.7789984], [16.8037367, 48.7788671], [16.8038612, 48.7787437], [16.8040129, 48.7786169], [16.8041749, 48.7785055], [16.8043506, 48.7784097], [16.8045857, 48.7783006], [16.8048182, 48.778202], [16.8050794, 48.7781165], [16.8062707, 48.7777608], [16.8079492, 48.7772529], [16.8087338, 48.7770193], [16.8091116, 48.7768902], [16.809312, 48.7768134], [16.8095342, 48.7767152], [16.8096977, 48.7766122], [16.8098767, 48.7764864]]]}, "properties": {"id": "ad505bc1-c470-3cb6-bd6c-e35db02e6704", "names": null, "subtype": "transportation", "class": "railway", "surface": null}}, {"type": "Feature", "geometry": {"type": "Polygon", "coordinates": [[[16.8078375, 48.7878848], [16.8073291, 48.7873689], [16.8066751, 48.786684], [16.8055902, 48.7856162], [16.8051116, 48.7851246], [16.8049441, 48.7849585], [16.8045494, 48.7845671], [16.8044319, 48.7844147], [16.8042739, 48.7842097], [16.8041188, 48.7839981], [16.8041023, 48.7839129], [16.8041241, 48.7838538], [16.8042712, 48.7837868], [16.8044411, 48.7837319], [16.8046026, 48.7836453], [16.804758, 48.7835769], [16.8048561, 48.7835711], [16.8049419, 48.78358], [16.8050627, 48.783664], [16.805296, 48.783885], [16.805671, 48.784227], [16.8059252, 48.7844004], [16.8061269, 48.7845604], [16.8066921, 48.7849789], [16.8068655, 48.7850911], [16.8072672, 48.7852659], [16.8075041, 48.7853803], [16.8077206, 48.7855378], [16.8081812, 48.7859747], [16.8083918, 48.7861273], [16.808528, 48.7861991], [16.808784, 48.7862645], [16.8106114, 48.7866632], [16.8113252, 48.7868106], [16.8119922, 48.7869285], [16.8123927, 48.7869817], [16.8128115, 48.7869901], [16.8130911, 48.7869869], [16.8133931, 48.7869415], [16.8136388, 48.786874], [16.8138863, 48.7867533], [16.8141192, 48.786556], [16.8143104, 48.7864091], [16.8144579, 48.786326], [16.8145924, 48.786282], [16.8147228, 48.7862643], [16.8148839, 48.7862978], [16.8150593, 48.7863767], [16.8152602, 48.7865064], [16.8154473, 48.7867641], [16.8156501, 48.7871342], [16.8159186, 48.7877241], [16.8159384, 48.7878101], [16.8158964, 48.787905], [16.8157867, 48.7880042], [16.8153392, 48.788369], [16.8127066, 48.790409], [16.8124734, 48.7905663], [16.8123784, 48.790573], [16.812204, 48.7905297], [16.8118589, 48.7903366], [16.8108569, 48.7897632], [16.8106285, 48.7896325], [16.8096899, 48.7890777], [16.8092128, 48.7888153], [16.808498, 48.7884141], [16.8081979, 48.7882359], [16.8078375, 48.7878848]]]}, "properties": {"id": "6a327fd6-4084-3b72-ab74-5102689f5847", "names": null, "subtype": "agriculture", "class": "farmland", "surface": null}}, {"type": "Feature", "geometry": {"type": "Polygon", "coordinates": [[[16.7987843, 48.7851399], [16.7990948, 48.7850295], [16.7999343, 48.7847435], [16.8003857, 48.7845897], [16.8010928, 48.7843179], [16.8013309, 48.784292], [16.8025142, 48.7842434], [16.8029553, 48.7841376], [16.8031278, 48.7840502], [16.8032012, 48.7840303], [16.8034015, 48.7839759], [16.8034969, 48.7840092], [16.8035501, 48.7840977], [16.8035953, 48.7842428], [16.8036185, 48.7844407], [16.8035884, 48.7846891], [16.803785, 48.7852662], [16.8038301, 48.7854212], [16.803821, 48.7855807], [16.8036895, 48.7858988], [16.8033567, 48.786449], [16.8033204, 48.7867539], [16.8033556, 48.7869272], [16.8033706, 48.7873479], [16.8033771, 48.7877354], [16.8034429, 48.7884037], [16.8036758, 48.7895593], [16.8038528, 48.7903449], [16.8038987, 48.7906148], [16.8032892, 48.7908255], [16.8014227, 48.7884617], [16.8007435, 48.7875999], [16.798852, 48.7852219], [16.7987843, 48.7851399]]]}, "properties": {"id": "3809f719-e850-33c9-af31-b1914cf41b0f", "names": null, "subtype": "agriculture", "class": "farmland", "surface": null}}, {"type": "Feature", "geometry": {"type": "Polygon", "coordinates": [[[16.7979505, 48.7855001], [16.7980816, 48.7854781], [16.7981651, 48.7855017], [16.7983445, 48.7857234], [16.7984548, 48.7858305], [16.7984653, 48.7858439], [16.7987414, 48.7857446], [16.8003256, 48.7877396], [16.8000468, 48.7878302], [16.7997644, 48.7879308], [16.7994842, 48.7880196], [16.7975395, 48.7856296], [16.7979505, 48.7855001]]]}, "properties": {"id": "58bb251a-17d1-3623-8252-4a5f28543faf", "names": null, "subtype": "agriculture", "class": "farmland", "surface": null}}, {"type": "Feature", "geometry": {"type": "Polygon", "coordinates": [[[16.7959972, 48.7861655], [16.7962838, 48.7860714], [16.7969459, 48.7869595], [16.7972759, 48.7874121], [16.7976622, 48.7879237], [16.7979098, 48.7882401], [16.7978188, 48.788279], [16.7976473, 48.7883362], [16.7963365, 48.7866229], [16.7959972, 48.7861655]]]}, "properties": {"id": "9d76865f-f403-3646-91ef-ea8bce37627f", "names": null, "subtype": "horticulture", "class": "vineyard", "surface": null}}, {"type": "Feature", "geometry": {"type": "Polygon", "coordinates": [[[16.7962838, 48.7860714], [16.7968484, 48.785886], [16.7971424, 48.7857795], [16.797363, 48.7860683], [16.7979868, 48.7868658], [16.7990101, 48.7881599], [16.7989778, 48.7881692], [16.7989502, 48.7881709], [16.7989234, 48.7881672], [16.7987842, 48.788096], [16.7986752, 48.7880302], [16.7986102, 48.7880168], [16.7985604, 48.7880153], [16.7985354, 48.7880172], [16.7984821, 48.7880343], [16.7981531, 48.7881488], [16.7979098, 48.7882401], [16.7976622, 48.7879237], [16.7972759, 48.7874121], [16.7969459, 48.7869595], [16.7962838, 48.7860714]]]}, "properties": {"id": "85cdb73c-ee7f-360c-b708-9198e82f2c1a", "names": null, "subtype": "horticulture", "class": "vineyard", "surface": null}}, {"type": "Feature", "geometry": {"type": "Polygon", "coordinates": [[[16.7990855, 48.788146], [16.7990101, 48.7881599], [16.7979868, 48.7868658], [16.797363, 48.7860683], [16.7971424, 48.7857795], [16.7975395, 48.7856296], [16.7994842, 48.7880196], [16.7990855, 48.788146]]]}, "properties": {"id": "4fd91435-7630-35a7-aed5-cf0d05289dca", "names": null, "subtype": "agriculture", "class": "farmland", "surface": null}}, {"type": "Feature", "geometry": {"type": "Polygon", "coordinates": [[[16.798852, 48.7852219], [16.8007435, 48.7875999], [16.8003256, 48.7877396], [16.7987414, 48.7857446], [16.7987957, 48.7857251], [16.7984939, 48.7853475], [16.798852, 48.7852219]]]}, "properties": {"id": "63040493-9c0f-37df-976f-92581002d335", "names": null, "subtype": "agriculture", "class": "farmland", "surface": null}}, {"type": "Feature", "geometry": {"type": "Polygon", "coordinates": [[[16.7961193, 48.7851954], [16.7958011, 48.785251], [16.7957285, 48.7852388], [16.7956953, 48.7852116], [16.795669, 48.7851622], [16.7956237, 48.7849483], [16.7956197, 48.7848359], [16.7956798, 48.7847596], [16.795757, 48.7847388], [16.7959539, 48.7847253], [16.7962161, 48.7847504], [16.7962382, 48.7847406], [16.7962533, 48.78471], [16.7962931, 48.7846813], [16.7963504, 48.7846482], [16.7964906, 48.7846135], [16.7970344, 48.7845185], [16.7976587, 48.7844354], [16.7980886, 48.7844156], [16.7982681, 48.7844221], [16.7992333, 48.7844026], [16.7995821, 48.7843973], [16.7997213, 48.7844312], [16.7998574, 48.7846161], [16.7998455, 48.7847141], [16.7997918, 48.7847511], [16.7980951, 48.7853423], [16.7970647, 48.7856846], [16.7969343, 48.7856824], [16.7968748, 48.7856489], [16.7968073, 48.7855744], [16.7967161, 48.7854939], [16.7966563, 48.7854056], [16.7966007, 48.7853132], [16.7964613, 48.7851271], [16.7961193, 48.7851954]], [[16.7976354, 48.7845694], [16.7976476, 48.7845886], [16.797675, 48.7846086], [16.797704, 48.7846187], [16.7977613, 48.7846247], [16.7978105, 48.784604], [16.7978494, 48.7845904], [16.7978696, 48.7845595], [16.7978587, 48.7845324], [16.7978195, 48.7845095], [16.7977578, 48.7844931], [16.7977145, 48.7844961], [16.7976543, 48.784508], [16.7976438, 48.7845357], [16.7976354, 48.7845694]], [[16.796307, 48.7847378], [16.7962788, 48.7847804], [16.7962857, 48.7848133], [16.7963252, 48.7848342], [16.7963606, 48.7848427], [16.7964212, 48.7848469], [16.7964714, 48.78482], [16.7965102, 48.7847884], [16.7965213, 48.7847386], [16.7964733, 48.784713], [16.7964182, 48.784693], [16.7963706, 48.7847038], [16.796307, 48.7847378]]]}, "properties": {"id": "f7e03657-028a-3cdf-9435-5b2b8ce40c6b", "names": null, "subtype": "agriculture", "class": "farmland", "surface": null}}, {"type": "Feature", "geometry": {"type": "Polygon", "coordinates": [[[16.7965501, 48.7843058], [16.7966062, 48.7840918], [16.7966589, 48.7839851], [16.7967882, 48.783822], [16.7967584, 48.7837217], [16.7967143, 48.7836807], [16.7967028, 48.7836419], [16.796735, 48.7836025], [16.7967799, 48.7835704], [16.7972905, 48.7836802], [16.7977993, 48.7837838], [16.7982065, 48.7838399], [16.7985626, 48.783881], [16.7987607, 48.7838569], [16.799149, 48.7837646], [16.7994091, 48.783695], [16.7997613, 48.7836753], [16.799801, 48.7837163], [16.8000615, 48.7839858], [16.8001345, 48.7839862], [16.8003372, 48.7839424], [16.8004969, 48.7838251], [16.8005598, 48.7837906], [16.8006461, 48.7837732], [16.8013082, 48.7838054], [16.8013664, 48.7838469], [16.801415, 48.7839027], [16.8014619, 48.7839259], [16.8015079, 48.7839381], [16.8015621, 48.7839329], [16.8015871, 48.7839129], [16.8016097, 48.7838829], [16.8016362, 48.7838802], [16.8016808, 48.7838845], [16.8019964, 48.7839713], [16.8022084, 48.7840584], [16.8022284, 48.784096], [16.8022311, 48.7841224], [16.8022164, 48.7841458], [16.802127, 48.7841658], [16.8019692, 48.7841726], [16.8012845, 48.7841313], [16.8006475, 48.7841561], [16.8004382, 48.7841258], [16.8003, 48.784138], [16.8001383, 48.7841828], [16.7996752, 48.784183], [16.7995898, 48.7841751], [16.7994834, 48.784137], [16.7993171, 48.7841373], [16.7990361, 48.7842355], [16.7982552, 48.7841689], [16.7982172, 48.7841328], [16.7981743, 48.7840798], [16.798056, 48.7840805], [16.7978899, 48.7842542], [16.797137, 48.7842988], [16.7965501, 48.7843058]]]}, "properties": {"id": "17ecaf61-2b36-390c-b609-7b24ea98503f", "names": null, "subtype": "agriculture", "class": "farmland", "surface": null}}, {"type": "Feature", "geometry": {"type": "Polygon", "coordinates": [[[16.7920818, 48.7854635], [16.7921895, 48.7854321], [16.7928885, 48.7852367], [16.7934377, 48.7851231], [16.7936855, 48.7854307], [16.7936416, 48.7854541], [16.7925729, 48.7857989], [16.7924356, 48.785887], [16.7920818, 48.7854635]]]}, "properties": {"id": "cc44ad20-eee1-3c96-88b3-736dbd211e11", "names": null, "subtype": "horticulture", "class": "orchard", "surface": null}}, {"type": "Feature", "geometry": {"type": "Polygon", "coordinates": [[[16.7954753, 48.7862332], [16.7934962, 48.7869056], [16.7933462, 48.7869618], [16.7933078, 48.7869503], [16.7930049, 48.786619], [16.7924466, 48.7859126], [16.7924356, 48.785887], [16.7925729, 48.7857989], [16.7936416, 48.7854541], [16.7936855, 48.7854307], [16.7934377, 48.7851231], [16.7928885, 48.7852367], [16.7921895, 48.7854321], [16.7921196, 48.7854326], [16.792065, 48.7854063], [16.7918943, 48.7851447], [16.7916491, 48.7848166], [16.7914422, 48.7845597], [16.7906794, 48.7837888], [16.7917039, 48.7837406], [16.7926633, 48.783821], [16.7931349, 48.7839817], [16.7935814, 48.7841294], [16.7938771, 48.7842202], [16.7946336, 48.7845266], [16.7949567, 48.7846471], [16.7952418, 48.7847345], [16.7953387, 48.7847792], [16.7954467, 48.7848993], [16.7956654, 48.7853039], [16.7958464, 48.7856747], [16.7959719, 48.7859815], [16.7959635, 48.7860343], [16.7958886, 48.7860825], [16.7954753, 48.7862332]]]}, "properties": {"id": "0826ced7-2e57-375b-8c46-aff3974025e4", "names": null, "subtype": "agriculture", "class": "farmland", "surface": null}}, {"type": "Feature", "geometry": {"type": "Polygon", "coordinates": [[[16.7959972, 48.7861655], [16.7963365, 48.7866229], [16.7976473, 48.7883362], [16.7976386, 48.7883391], [16.7973253, 48.7885504], [16.7970635, 48.7887329], [16.7970035, 48.7887658], [16.796853, 48.7888331], [16.7960907, 48.7890886], [16.7942373, 48.7867464], [16.7945842, 48.7866229], [16.7953323, 48.7863776], [16.7959972, 48.7861655]]]}, "properties": {"id": "e771d4bd-b465-303d-9aa7-07848fa9fb42", "names": null, "subtype": "horticulture", "class": "vineyard", "surface": null}}, {"type": "Feature", "geometry": {"type": "Polygon", "coordinates": [[[16.7923045, 48.7874826], [16.7918514, 48.7866354], [16.7925116, 48.786491], [16.7928199, 48.7868637], [16.7931093, 48.7872373], [16.7923045, 48.7874826]]]}, "properties": {"id": "c599a869-c857-3638-95a2-7b6c358c437d", "names": null, "subtype": "agriculture", "class": "farmland", "surface": null}}, {"type": "Feature", "geometry": {"type": "Polygon", "coordinates": [[[16.796758, 48.7911243], [16.7954418, 48.7895033], [16.7967218, 48.7890632], [16.7980023, 48.7906809], [16.796758, 48.7911243]]]}, "properties": {"id": "a416c0e1-1499-3e04-b4e2-20f1312d5d63", "names": null, "subtype": "horticulture", "class": "vineyard", "surface": null}}, {"type": "Feature", "geometry": {"type": "Polygon", "coordinates": [[[16.7934205, 48.7871327], [16.7934066, 48.7870671], [16.7934663, 48.7869987], [16.7942373, 48.7867464], [16.7960907, 48.7890886], [16.795617, 48.7892473], [16.7953404, 48.7893007], [16.7952199, 48.7892923], [16.7951178, 48.7892448], [16.7949372, 48.7890788], [16.7934977, 48.7872592], [16.7934205, 48.7871327]]]}, "properties": {"id": "3ba0d0a4-8e24-3b90-8dd0-bcc87d797709", "names": null, "subtype": "horticulture", "class": "orchard", "surface": null}}, {"type": "Feature", "geometry": {"type": "Polygon", "coordinates": [[[16.7970172, 48.7889616], [16.7977828, 48.7886913], [16.7990593, 48.7903152], [16.7982997, 48.7905781], [16.7970172, 48.7889616]]]}, "properties": {"id": "458780ec-ad54-3603-8ef1-fb32f3d920a8", "names": null, "subtype": "horticulture", "class": "vineyard", "surface": null}}, {"type": "Feature", "geometry": {"type": "Polygon", "coordinates": [[[16.7980391, 48.7886519], [16.7982462, 48.7885857], [16.7994895, 48.7901663], [16.799267, 48.7902433], [16.7980391, 48.7886519]]]}, "properties": {"id": "5c0f4d39-536b-3df1-a8a4-d264dc49d829", "names": null, "subtype": "horticulture", "class": "vineyard", "surface": null}}, {"type": "Feature", "geometry": {"type": "Polygon", "coordinates": [[[16.8005169, 48.789819], [16.7994895, 48.7901663], [16.7982462, 48.7885857], [16.7986355, 48.7884517], [16.7987682, 48.7883979], [16.7988877, 48.788277], [16.7990147, 48.7882291], [16.7992049, 48.7881729], [16.8005169, 48.789819]]]}, "properties": {"id": "7f1235ad-e9a4-3b0d-baf9-6b1fe5d9debf", "names": null, "subtype": "horticulture", "class": "orchard", "surface": null}}, {"type": "Feature", "geometry": {"type": "Polygon", "coordinates": [[[16.8006215, 48.7899188], [16.8005301, 48.7898192], [16.7998716, 48.7889936], [16.799213, 48.7881679], [16.7994409, 48.7880889], [16.8000241, 48.7878895], [16.8007618, 48.7876373], [16.8010946, 48.7880569], [16.8014227, 48.7884617], [16.8032892, 48.7908255], [16.8033852, 48.7909472], [16.8035524, 48.7911569], [16.8039122, 48.7916121], [16.8039794, 48.7916961], [16.8046546, 48.7925584], [16.8039589, 48.7928182], [16.8032137, 48.7931135], [16.8025458, 48.7933446], [16.8020926, 48.7928491], [16.8027771, 48.7925993], [16.8025454, 48.7923101], [16.8021851, 48.7918541], [16.8015218, 48.7910263], [16.80097, 48.7903408], [16.8006215, 48.7899188]], [[16.8004786, 48.7878862], [16.8003807, 48.7879381], [16.8005086, 48.7880137], [16.8005707, 48.7879639], [16.8004786, 48.7878862]]]}, "properties": {"id": "24c02c4d-7714-314b-9564-ce40a52fae4e", "names": null, "subtype": "agriculture", "class": "farmland", "surface": null}}, {"type": "Feature", "geometry": {"type": "Polygon", "coordinates": [[[16.7980691, 48.7907817], [16.7980555, 48.7907301], [16.798101, 48.7906853], [16.8004025, 48.7898999], [16.8004855, 48.7898858], [16.8005329, 48.7899063], [16.8005944, 48.7899495], [16.802194, 48.7919311], [16.7997235, 48.7928485], [16.7994877, 48.7925427], [16.7980691, 48.7907817]]]}, "properties": {"id": "a82e5d51-cc0b-3cb5-9f2a-452cfaca75da", "names": null, "subtype": "agriculture", "class": "farmland", "surface": null}}, {"type": "Feature", "geometry": {"type": "Polygon", "coordinates": [[[16.7967218, 48.7890632], [16.7970172, 48.7889616], [16.7982997, 48.7905781], [16.7980023, 48.7906809], [16.7967218, 48.7890632]]]}, "properties": {"id": "55975f06-b67f-3227-8f64-2817fcff273d", "names": null, "subtype": "agriculture", "class": "farmland", "surface": null}}, {"type": "Feature", "geometry": {"type": "Polygon", "coordinates": [[[16.7975037, 48.7908941], [16.7979322, 48.7907477], [16.7979778, 48.7907454], [16.7980144, 48.7907733], [16.7993143, 48.7923941], [16.7988231, 48.792556], [16.7975037, 48.7908941]]]}, "properties": {"id": "9844a43b-5073-39d2-b2dc-383776b72e41", "names": null, "subtype": "agriculture", "class": "farmland", "surface": null}}, {"type": "Feature", "geometry": {"type": "Polygon", "coordinates": [[[16.7969822, 48.7910748], [16.7974688, 48.7909071], [16.7987652, 48.7925411], [16.7982876, 48.7927122], [16.7969822, 48.7910748]]]}, "properties": {"id": "5f2a192a-ffc0-3bda-84d7-510ac41ae6ba", "names": null, "subtype": "agriculture", "class": "farmland", "surface": null}}, {"type": "Feature", "geometry": {"type": "Polygon", "coordinates": [[[16.7966082, 48.7912223], [16.7969388, 48.791089], [16.7972789, 48.7914961], [16.797766, 48.7921224], [16.7987717, 48.7933745], [16.7984117, 48.7934778], [16.7966082, 48.7912223]]]}, "properties": {"id": "815492b9-a2e3-3550-bc4c-984fe5d28246", "names": null, "subtype": "agriculture", "class": "farmland", "surface": null}}, {"type": "Feature", "geometry": {"type": "Polygon", "coordinates": [[[16.7969226, 48.7933349], [16.7969341, 48.7931326], [16.7972552, 48.7931215], [16.7972278, 48.7933512], [16.7969226, 48.7933349]]]}, "properties": {"id": "5793c7ac-618f-38e0-8354-9fbf0fccf716", "names": null, "subtype": "horticulture", "class": "garden", "surface": null}}, {"type": "Feature", "geometry": {"type": "Polygon", "coordinates": [[[16.7973464, 48.7932218], [16.797495, 48.7930615], [16.7977684, 48.7931542], [16.7975915, 48.7933372], [16.7973464, 48.7932218]]]}, "properties": {"id": "09cf6d79-9322-355c-8918-2a06d98882e8", "names": null, "subtype": "horticulture", "class": "garden", "surface": null}}, {"type": "Feature", "geometry": {"type": "Polygon", "coordinates": [[[16.7973433, 48.7936397], [16.7972283, 48.7934424], [16.7975622, 48.7933824], [16.7976276, 48.7935774], [16.7973433, 48.7936397]]]}, "properties": {"id": "d2e4f4cd-b2c3-3657-b52e-1681b92e6c18", "names": null, "subtype": "horticulture", "class": "garden", "surface": null}}, {"type": "Feature", "geometry": {"type": "Polygon", "coordinates": [[[16.7969126, 48.7939545], [16.7968006, 48.7937597], [16.7971271, 48.7937027], [16.7971915, 48.7938957], [16.7969126, 48.7939545]]]}, "properties": {"id": "63d43209-1186-3088-ac13-d02f4a45ba18", "names": null, "subtype": "horticulture", "class": "garden", "surface": null}}, {"type": "Feature", "geometry": {"type": "Polygon", "coordinates": [[[16.7977321, 48.793518], [16.7980224, 48.7934752], [16.7981049, 48.7936788], [16.7977723, 48.7937151], [16.7977321, 48.793518]]]}, "properties": {"id": "2e4a5027-3f59-38dd-ae49-238d780141aa", "names": null, "subtype": "horticulture", "class": "garden", "surface": null}}, {"type": "Feature", "geometry": {"type": "Polygon", "coordinates": [[[16.7976112, 48.7939681], [16.7974297, 48.7938127], [16.797648, 48.7936804], [16.7978757, 48.7938265], [16.7976112, 48.7939681]]]}, "properties": {"id": "26cb4a3d-e292-3516-b0fc-7b7b4288684b", "names": null, "subtype": "horticulture", "class": "garden", "surface": null}}, {"type": "Feature", "geometry": {"type": "Polygon", "coordinates": [[[16.799474, 48.7926528], [16.799055, 48.7928042], [16.798983, 48.7927177], [16.799402, 48.7925663], [16.799474, 48.7926528]]]}, "properties": {"id": "5e77c5d3-8f4b-31ef-9d40-ffaabe8ba237", "names": null, "subtype": "horticulture", "class": "greenhouse_horticulture", "surface": null}}, {"type": "Feature", "geometry": {"type": "Polygon", "coordinates": [[[16.7978371, 48.7956871], [16.7982393, 48.7955204], [16.7982736, 48.7955149], [16.7983036, 48.7955155], [16.7983337, 48.7955253], [16.7983601, 48.795545], [16.7986192, 48.795802], [16.7986586, 48.7958088], [16.798685, 48.7958135], [16.7987811, 48.7957761], [16.7988017, 48.7957665], [16.799081, 48.7960819], [16.799115, 48.7960998], [16.7991621, 48.7961502], [16.7991225, 48.7961659], [16.7984357, 48.7964338], [16.7981655, 48.7961559], [16.7978424, 48.7957937], [16.7978185, 48.795764], [16.7978088, 48.7957395], [16.7978088, 48.7957168], [16.797823, 48.7956952], [16.7978371, 48.7956871]]]}, "properties": {"id": "4f855983-ca5b-382e-9748-ce5674c35ffd", "names": null, "subtype": "horticulture", "class": "garden", "surface": null}}, {"type": "Feature", "geometry": {"type": "Polygon", "coordinates": [[[16.7970661, 48.7940914], [16.7972673, 48.7939487], [16.7975134, 48.794087], [16.7972666, 48.7942394], [16.7970661, 48.7940914]]]}, "properties": {"id": "f450f6ca-e21c-3e5c-a6da-f8cde07738dc", "names": null, "subtype": "horticulture", "class": "garden", "surface": null}}, {"type": "Feature", "geometry": {"type": "Polygon", "coordinates": [[[16.7971345, 48.7943057], [16.7968448, 48.7944139], [16.7967047, 48.7942416], [16.7969635, 48.7941338], [16.7971345, 48.7943057]]]}, "properties": {"id": "1733a179-cdb3-3cb5-974e-7d4cb58fd2da", "names": null, "subtype": "horticulture", "class": "garden", "surface": null}}, {"type": "Feature", "geometry": {"type": "Polygon", "coordinates": [[[16.7949495, 48.7961029], [16.7972172, 48.7955222], [16.7973926, 48.7957696], [16.7972984, 48.7961709], [16.7959784, 48.7965165], [16.7949495, 48.7961029]]]}, "properties": {"id": "6e69393a-9999-300b-b252-fb10d90f6af1", "names": null, "subtype": "agriculture", "class": "farmland", "surface": null}}, {"type": "Feature", "geometry": {"type": "Polygon", "coordinates": [[[16.7939971, 48.7957191], [16.7944897, 48.7953826], [16.7955036, 48.795933], [16.7948954, 48.79609], [16.7939971, 48.7957191]]]}, "properties": {"id": "9df89d17-cb4e-3b1b-b7a1-a5f09d0f12e9", "names": null, "subtype": "agriculture", "class": "farmland", "surface": null}}, {"type": "Feature", "geometry": {"type": "Polygon", "coordinates": [[[16.7934778, 48.7954621], [16.7942758, 48.794854], [16.7948042, 48.7951278], [16.7942551, 48.7954892], [16.7939962, 48.7956701], [16.7934778, 48.7954621]]]}, "properties": {"id": "93e48cee-2f34-3ea0-aa86-55a097754497", "names": null, "subtype": "agriculture", "class": "farmland", "surface": null}}, {"type": "Feature", "geometry": {"type": "Polygon", "coordinates": [[[16.794834, 48.7951082], [16.7945025, 48.7949361], [16.795297, 48.794308], [16.7956766, 48.7945107], [16.794834, 48.7951082]]]}, "properties": {"id": "c1b13030-b1fd-3737-9bb2-1c6341f0943a", "names": null, "subtype": "agriculture", "class": "farmland", "surface": null}}, {"type": "Feature", "geometry": {"type": "Polygon", "coordinates": [[[16.7973434, 48.7955514], [16.7965089, 48.7948783], [16.7957015, 48.794483], [16.7920994, 48.7925754], [16.7920099, 48.792528], [16.7929451, 48.7917862], [16.7936751, 48.7912954], [16.7938437, 48.7911988], [16.7957255, 48.7905141], [16.7983098, 48.793761], [16.7992082, 48.7948896], [16.7993642, 48.7950916], [16.7994638, 48.7951693], [16.7995176, 48.7952202], [16.7995939, 48.7953173], [16.7997695, 48.7955248], [16.7998752, 48.7956935], [16.799928, 48.7958046], [16.79999, 48.7959191], [16.8000205, 48.7959733], [16.8000388, 48.7960704], [16.8000398, 48.7961648], [16.8000317, 48.7962639], [16.8000165, 48.7963389], [16.7999921, 48.7964112], [16.7999626, 48.7964949], [16.7998288, 48.7967973], [16.799607, 48.797294], [16.799533, 48.7974975], [16.7995107, 48.7975964], [16.7995015, 48.7976999], [16.7995053, 48.7978293], [16.7995192, 48.7979805], [16.7994992, 48.7979952], [16.799503, 48.7980145], [16.7994753, 48.7980236], [16.7994499, 48.7980261], [16.7994291, 48.7980236], [16.799323, 48.7979625], [16.7990484, 48.7978043], [16.7988975, 48.7977182], [16.7988633, 48.797697], [16.7988245, 48.797667], [16.7987868, 48.7976331], [16.7987398, 48.7975864], [16.7985881, 48.7974307], [16.7985758, 48.7974205], [16.7985573, 48.797418], [16.7985395, 48.7974195], [16.7984078, 48.7974358], [16.7983693, 48.7974342], [16.7983462, 48.7974261], [16.7983116, 48.7974073], [16.7979153, 48.7972465], [16.7974928, 48.7971007], [16.7964075, 48.7966827], [16.7963942, 48.796674], [16.7963922, 48.7966633], [16.7963902, 48.7966519], [16.7963444, 48.7966406], [16.7963028, 48.7966406], [16.7962692, 48.7966312], [16.7959784, 48.7965165], [16.7972984, 48.7961709], [16.7973926, 48.7957696], [16.7974319, 48.7956953], [16.7973434, 48.7955514]]]}, "properties": {"id": "03852522-6721-38be-853c-7d47eea8987a", "names": {"primary": "Zahradnick\u00e1 fakulta Medelovy lesnick\u00e9 a zem\u011bd\u011blsk\u00e9 univerzity", "common": null, "rules": null}, "subtype": "education", "class": "education", "surface": null}}, {"type": "Feature", "geometry": {"type": "Polygon", "coordinates": [[[16.7964603, 48.7939865], [16.796761, 48.7939011], [16.7968678, 48.7940619], [16.7968637, 48.7940869], [16.7966115, 48.7941703], [16.7964603, 48.7939865]]]}, "properties": {"id": "fce3c75e-12a5-3b52-a7e1-d09678acc9d7", "names": null, "subtype": "horticulture", "class": "garden", "surface": null}}, {"type": "Feature", "geometry": {"type": "Polygon", "coordinates": [[[16.7965376, 48.7935704], [16.7966839, 48.793405], [16.7969716, 48.7934961], [16.7967845, 48.7936829], [16.7965376, 48.7935704]]]}, "properties": {"id": "1b400763-ff8a-328f-8ffd-4b8c2d230eaa", "names": null, "subtype": "horticulture", "class": "garden", "surface": null}}, {"type": "Feature", "geometry": {"type": "Polygon", "coordinates": [[[16.7962459, 48.7937867], [16.7964095, 48.7936233], [16.7966758, 48.7937291], [16.7964867, 48.7939072], [16.7962459, 48.7937867]]]}, "properties": {"id": "c0f7ae3d-03e0-30ee-b9c7-6b3c5f425b0b", "names": null, "subtype": "horticulture", "class": "garden", "surface": null}}, {"type": "Feature", "geometry": {"type": "Polygon", "coordinates": [[[16.7954418, 48.7930256], [16.7954828, 48.7930096], [16.7971574, 48.7924107], [16.7975377, 48.7928549], [16.7975364, 48.7928687], [16.7975207, 48.7928883], [16.7959135, 48.7935026], [16.7954418, 48.7930256]]]}, "properties": {"id": "c2840df5-f9d9-3b16-bb26-0bca3561a4f0", "names": null, "subtype": "agriculture", "class": "farmland", "surface": null}}, {"type": "Feature", "geometry": {"type": "Polygon", "coordinates": [[[16.7971574, 48.7924107], [16.7954828, 48.7930096], [16.7946632, 48.7920992], [16.7963308, 48.7914803], [16.7971574, 48.7924107]]]}, "properties": {"id": "1c66e273-1bda-3151-874d-7d2611f0cdda", "names": null, "subtype": "horticulture", "class": "orchard", "surface": null}}, {"type": "Feature", "geometry": {"type": "Polygon", "coordinates": [[[16.7957015, 48.794483], [16.7920994, 48.7925754], [16.7927725, 48.7919911], [16.7936084, 48.7913715], [16.7938373, 48.7912264], [16.7956851, 48.79057], [16.7963308, 48.7914803], [16.7946632, 48.7920992], [16.7944322, 48.7921838], [16.7951787, 48.7929221], [16.7955499, 48.7932627], [16.7962426, 48.7940117], [16.7963992, 48.7941746], [16.7957015, 48.794483]]]}, "properties": {"id": "2647fcf1-70f7-3ac3-a6a2-3e50564afd0a", "names": null, "subtype": "horticulture", "class": "orchard", "surface": null}}, {"type": "Feature", "geometry": {"type": "Polygon", "coordinates": [[[16.7893204, 48.7937814], [16.7913126, 48.7922095], [16.7918666, 48.7925082], [16.79083, 48.7932893], [16.7898916, 48.7940207], [16.7893204, 48.7937814]]]}, "properties": {"id": "97e9f7b3-20ca-3434-80d4-2e4606d37335", "names": null, "subtype": "agriculture", "class": "farmland", "surface": null}}, {"type": "Feature", "geometry": {"type": "Polygon", "coordinates": [[[16.7913539, 48.7934827], [16.7909151, 48.793282], [16.7919093, 48.7925178], [16.7923107, 48.7927263], [16.7913539, 48.7934827]]]}, "properties": {"id": "99f9e05e-3730-3c6a-999b-1dec191e3385", "names": null, "subtype": "agriculture", "class": "farmland", "surface": null}}, {"type": "Feature", "geometry": {"type": "Polygon", "coordinates": [[[16.7899363, 48.7940447], [16.7903417, 48.7937174], [16.7908791, 48.7933021], [16.7912698, 48.7934777], [16.7915537, 48.7936114], [16.7906454, 48.7943357], [16.7899363, 48.7940447]]]}, "properties": {"id": "c0ac01e8-27e6-3831-87a8-c79be442d240", "names": null, "subtype": "agriculture", "class": "farmland", "surface": null}}, {"type": "Feature", "geometry": {"type": "Polygon", "coordinates": [[[16.7908571, 48.7955388], [16.7903475, 48.7954151], [16.7912477, 48.7946499], [16.7916927, 48.7948288], [16.7908571, 48.7955388]]]}, "properties": {"id": "92855ea3-19ea-3ede-a851-47a8762b2967", "names": null, "subtype": "agriculture", "class": "farmland", "surface": null}}, {"type": "Feature", "geometry": {"type": "Polygon", "coordinates": [[[16.7919988, 48.7948678], [16.7928685, 48.7942051], [16.7940089, 48.794726], [16.7931934, 48.7953491], [16.7919988, 48.7948678]]]}, "properties": {"id": "54b7ab35-677e-3951-a095-45adf9390c50", "names": null, "subtype": "agriculture", "class": "farmland", "surface": null}}, {"type": "Feature", "geometry": {"type": "Polygon", "coordinates": [[[16.7930019, 48.7956568], [16.7943568, 48.7962225], [16.7936756, 48.7964336], [16.7934311, 48.7965148], [16.7930847, 48.7966455], [16.7929358, 48.7966344], [16.7918943, 48.7965102], [16.7930019, 48.7956568]]]}, "properties": {"id": "5841fde6-28b8-30be-b124-69a0a02132ff", "names": null, "subtype": "agriculture", "class": "farmland", "surface": null}}, {"type": "Feature", "geometry": {"type": "Polygon", "coordinates": [[[16.7920008, 48.7958165], [16.7914059, 48.7956721], [16.7922207, 48.795041], [16.7927352, 48.7952478], [16.7920008, 48.7958165]]]}, "properties": {"id": "4af6ce83-dbcc-34a1-8fa5-c94d53ca24de", "names": null, "subtype": "agriculture", "class": "farmland", "surface": null}}, {"type": "Feature", "geometry": {"type": "Polygon", "coordinates": [[[16.7934149, 48.7982241], [16.7932403, 48.7979856], [16.7934172, 48.7979294], [16.7935919, 48.7981679], [16.7934149, 48.7982241]]]}, "properties": {"id": "d80d4b79-67fb-34a7-8a4f-2a05a23e2bd2", "names": null, "subtype": "recreation", "class": "pitch", "surface": null}}, {"type": "Feature", "geometry": {"type": "Polygon", "coordinates": [[[16.7963221, 48.7966993], [16.796414, 48.7968152], [16.7965936, 48.797017], [16.7957601, 48.7972988], [16.794801, 48.7961594], [16.794876, 48.7961526], [16.7949525, 48.7961679], [16.7953899, 48.7963277], [16.7963221, 48.7966993]]]}, "properties": {"id": "b0aa8784-de74-3bf0-b527-d08d6c732b0a", "names": null, "subtype": "agriculture", "class": "farmland", "surface": null}}, {"type": "Feature", "geometry": {"type": "Polygon", "coordinates": [[[16.7963199, 48.7998825], [16.7966889, 48.799924], [16.7966167, 48.8001716], [16.7962536, 48.8001219], [16.7963199, 48.7998825]]]}, "properties": {"id": "323e49d6-2c28-3d66-b721-13d1ede6bd9c", "names": null, "subtype": "cemetery", "class": "cemetery", "surface": null}}, {"type": "Feature", "geometry": {"type": "Polygon", "coordinates": [[[16.7989224, 48.8012308], [16.7989225, 48.8010063], [16.7991394, 48.8010063], [16.7991394, 48.8012308], [16.7989224, 48.8012308]]]}, "properties": {"id": "8306d55f-b442-36e5-af68-9a22a45a2824", "names": null, "subtype": "recreation", "class": "pitch", "surface": "recreation_grass"}}, {"type": "Feature", "geometry": {"type": "Polygon", "coordinates": [[[16.8022617, 48.8034683], [16.8022536, 48.8038052], [16.8017936, 48.8037999], [16.8017963, 48.8034719], [16.8022617, 48.8034683]]]}, "properties": {"id": "e7073d06-da43-3719-8e4e-0d0dc65809fe", "names": null, "subtype": "recreation", "class": "pitch", "surface": null}}, {"type": "Feature", "geometry": {"type": "Polygon", "coordinates": [[[16.7995794, 48.795279], [16.7995296, 48.7952181], [16.7994777, 48.7951686], [16.7993781, 48.795096], [16.7997372, 48.7949664], [16.801419, 48.7943356], [16.8015678, 48.7944805], [16.8020734, 48.7942976], [16.8026434, 48.7939434], [16.8049085, 48.7930714], [16.8052089, 48.792998], [16.8066949, 48.7945547], [16.8071419, 48.794319], [16.8081101, 48.7937023], [16.8084018, 48.793924], [16.8084787, 48.7939772], [16.809242, 48.7934879], [16.8093802, 48.7934019], [16.8095072, 48.7933196], [16.8102051, 48.7928768], [16.8109411, 48.7924063], [16.8115874, 48.792826], [16.8120863, 48.7931528], [16.812324, 48.7932477], [16.8129713, 48.7936516], [16.8136739, 48.7932267], [16.8154984, 48.7944631], [16.8139521, 48.7954767], [16.8121089, 48.794253], [16.8111377, 48.7948547], [16.8107067, 48.7950816], [16.8097089, 48.7956765], [16.8092372, 48.7959486], [16.8093599, 48.7960388], [16.8102087, 48.7967664], [16.8109225, 48.7973736], [16.8106293, 48.7975428], [16.8107831, 48.7976756], [16.8109306, 48.79764], [16.81187, 48.7971772], [16.8131482, 48.7964845], [16.8128614, 48.7962736], [16.8131358, 48.796123], [16.8132556, 48.7960483], [16.8134755, 48.7962704], [16.8136405, 48.7964657], [16.8134955, 48.7963331], [16.813427, 48.7963691], [16.8132984, 48.7964481], [16.8132712, 48.7965599], [16.8127094, 48.7968534], [16.8119697, 48.7972264], [16.8119206, 48.7972486], [16.8120298, 48.797447], [16.8121266, 48.797419], [16.8120551, 48.7973088], [16.8129727, 48.796854], [16.8132313, 48.7970605], [16.8133196, 48.7970163], [16.8133342, 48.7970277], [16.8134126, 48.7970946], [16.8134657, 48.7971373], [16.8134676, 48.7971388], [16.81409, 48.7969909], [16.8141541, 48.7969701], [16.8141472, 48.7969633], [16.8143354, 48.7969204], [16.8144943, 48.7968473], [16.8145212, 48.7968695], [16.8144351, 48.7969091], [16.8148752, 48.7973069], [16.8149839, 48.7972569], [16.814976, 48.7972506], [16.8150791, 48.7971929], [16.8145709, 48.7967795], [16.8150759, 48.7965776], [16.8162722, 48.7974663], [16.8165309, 48.7973811], [16.8167572, 48.797263], [16.8170512, 48.7969474], [16.8176318, 48.7966115], [16.8176838, 48.7966362], [16.8179454, 48.7967964], [16.8176607, 48.7970877], [16.8184601, 48.7974706], [16.8175424, 48.7982993], [16.8174465, 48.7983362], [16.8172747, 48.7984187], [16.8166491, 48.798776], [16.8159081, 48.7992439], [16.8156927, 48.7990224], [16.8155813, 48.7990555], [16.8154377, 48.7989144], [16.8153887, 48.7988404], [16.8152736, 48.7987039], [16.8150749, 48.7986204], [16.8149166, 48.7987001], [16.8136783, 48.7989763], [16.8134721, 48.7987957], [16.8133328, 48.7987033], [16.8129951, 48.7983912], [16.8129328, 48.7983248], [16.8128866, 48.7982509], [16.8128323, 48.7982167], [16.8125574, 48.7982623], [16.8123818, 48.7983207], [16.8121796, 48.7983289], [16.8120395, 48.7983394], [16.8112148, 48.7985287], [16.8111882, 48.7985357], [16.811174, 48.7985579], [16.8110888, 48.7985836], [16.8110783, 48.798587], [16.8110543, 48.7985779], [16.8109955, 48.7985951], [16.8108001, 48.7983487], [16.810487, 48.7984506], [16.81045, 48.798381], [16.8103889, 48.7983324], [16.8102726, 48.7983736], [16.8101462, 48.798419], [16.8100961, 48.7984458], [16.8098727, 48.7982596], [16.8098226, 48.7982178], [16.8093628, 48.7982464], [16.8083518, 48.7983305], [16.8083074, 48.798212], [16.8086309, 48.7981847], [16.8085963, 48.7978978], [16.8096773, 48.7975357], [16.8084844, 48.79655], [16.8084008, 48.7964622], [16.808086, 48.7966248], [16.8078681, 48.7967265], [16.8077337, 48.796779], [16.8071396, 48.7969989], [16.8066515, 48.79716], [16.8053683, 48.7975604], [16.8052684, 48.7977169], [16.8059359, 48.7986402], [16.8043992, 48.7990164], [16.8040332, 48.7991419], [16.8040932, 48.799229], [16.8042298, 48.7994229], [16.8044814, 48.799865], [16.8045285, 48.7998372], [16.804624, 48.7999802], [16.8048659, 48.8003536], [16.8050114, 48.8005975], [16.8049236, 48.8006664], [16.8048261, 48.8006954], [16.8047035, 48.8004983], [16.8046679, 48.8005094], [16.8041198, 48.8007057], [16.80409, 48.8007253], [16.8042213, 48.8010228], [16.8029956, 48.8012842], [16.8030042, 48.8013162], [16.8029803, 48.8013231], [16.8030022, 48.8013703], [16.8028754, 48.8013949], [16.8029138, 48.8014648], [16.8026059, 48.8015762], [16.8029648, 48.8019037], [16.8035759, 48.8021833], [16.8040735, 48.8030654], [16.8031491, 48.8033922], [16.8023961, 48.8038194], [16.8014343, 48.8042651], [16.8011735, 48.8041933], [16.8009869, 48.8039575], [16.8009178, 48.8032795], [16.8009413, 48.8026891], [16.8006595, 48.8021001], [16.8003219, 48.8019228], [16.8001732, 48.8015206], [16.7998671, 48.8012977], [16.7999763, 48.8010505], [16.7992941, 48.8007932], [16.7971386, 48.8002927], [16.7956139, 48.8000345], [16.7946931, 48.7997852], [16.7932752, 48.7997169], [16.7934146, 48.8003306], [16.7917571, 48.8006812], [16.7904654, 48.8008896], [16.7898496, 48.8013373], [16.7895883, 48.8016549], [16.7892547, 48.8018387], [16.7883774, 48.8009046], [16.7875569, 48.8011615], [16.7879197, 48.8015895], [16.7871114, 48.8019943], [16.7862172, 48.8023709], [16.7858172, 48.8026005], [16.7855745, 48.8026035], [16.7854101, 48.8026056], [16.7848615, 48.8024329], [16.7844819, 48.801924], [16.7879088, 48.8009045], [16.7884633, 48.8007412], [16.7879072, 48.8000007], [16.7877323, 48.7997999], [16.7900414, 48.7993381], [16.7891128, 48.7983638], [16.7895326, 48.7981781], [16.7898132, 48.7982038], [16.7905756, 48.797908], [16.7907877, 48.7981256], [16.7908474, 48.798106], [16.7908964, 48.7979566], [16.79093, 48.7978962], [16.7911583, 48.7976529], [16.7913027, 48.7974979], [16.7913841, 48.7974313], [16.7914744, 48.7973758], [16.7916786, 48.7972832], [16.7925543, 48.7968887], [16.7936263, 48.7981523], [16.7957781, 48.7973447], [16.7957566, 48.7973173], [16.7965936, 48.797017], [16.796414, 48.7968152], [16.7963221, 48.7966993], [16.796353, 48.7966702], [16.7971802, 48.7970006], [16.7978327, 48.7972228], [16.7980725, 48.7973125], [16.7982618, 48.7973895], [16.7984352, 48.7974804], [16.7987493, 48.7976465], [16.799039, 48.797807], [16.7994291, 48.7980236], [16.7994499, 48.7980261], [16.7994753, 48.7980236], [16.799503, 48.7980145], [16.7994992, 48.7979952], [16.7995192, 48.7979805], [16.7995053, 48.7978293], [16.7995015, 48.7976999], [16.7995107, 48.7975964], [16.799533, 48.7974975], [16.799607, 48.797294], [16.7998288, 48.7967973], [16.7999626, 48.7964949], [16.7999921, 48.7964112], [16.8000165, 48.7963389], [16.8000317, 48.7962639], [16.8000398, 48.7961648], [16.8000388, 48.7960704], [16.8000205, 48.7959733], [16.79999, 48.7959191], [16.799928, 48.7958046], [16.7998752, 48.7956935], [16.7997695, 48.7955248], [16.7995794, 48.795279]]]}, "properties": {"id": "323d2796-63d1-3014-80f6-caa75945602d", "names": null, "subtype": "residential", "class": "residential", "surface": null}}, {"type": "Feature", "geometry": {"type": "Polygon", "coordinates": [[[16.8008128, 48.7984323], [16.8006387, 48.7983335], [16.800827, 48.7982613], [16.800857, 48.7982646], [16.8009938, 48.7983678], [16.8008128, 48.7984323]]]}, "properties": {"id": "5ecb2e31-e8b8-3d11-85fc-4317c976776b", "names": null, "subtype": "recreation", "class": "playground", "surface": null}}, {"type": "Feature", "geometry": {"type": "Polygon", "coordinates": [[[16.8056286, 48.7979092], [16.8057728, 48.7978655], [16.8059242, 48.7980772], [16.805777, 48.7981211], [16.8056286, 48.7979092]]]}, "properties": {"id": "4e550b9b-2bf6-3bbd-b53b-dc4a2af557a5", "names": null, "subtype": "recreation", "class": "pitch", "surface": null}}, {"type": "Feature", "geometry": {"type": "Polygon", "coordinates": [[[16.8059448, 48.7983793], [16.8058153, 48.7981997], [16.806251, 48.7980633], [16.8063809, 48.7982432], [16.8062273, 48.7982913], [16.8059448, 48.7983793]]]}, "properties": {"id": "8dd2a453-4ba2-3f42-a4cc-40e3fcbcc911", "names": null, "subtype": "recreation", "class": "pitch", "surface": null}}, {"type": "Feature", "geometry": {"type": "Polygon", "coordinates": [[[16.806202, 48.7979909], [16.8059242, 48.7980772], [16.8057728, 48.7978655], [16.8057056, 48.7977691], [16.8059827, 48.7976843], [16.806202, 48.7979909]]]}, "properties": {"id": "9a4b3968-6966-33c9-ae4e-f064523e8239", "names": null, "subtype": "recreation", "class": "pitch", "surface": null}}, {"type": "Feature", "geometry": {"type": "Polygon", "coordinates": [[[16.8076316, 48.7969595], [16.8074455, 48.7970366], [16.8074404, 48.7970359], [16.8074372, 48.7970344], [16.8074355, 48.7970324], [16.8074333, 48.7970285], [16.8074351, 48.7970232], [16.8076207, 48.7969467], [16.8076272, 48.7969476], [16.807632, 48.7969506], [16.8076331, 48.7969546], [16.8076316, 48.7969595]]]}, "properties": {"id": "a1f6146d-6781-36b1-aeca-0e3a953dba00", "names": null, "subtype": "managed", "class": "grass", "surface": null}}, {"type": "Feature", "geometry": {"type": "Polygon", "coordinates": [[[16.8093186, 48.7975579], [16.8080194, 48.797989], [16.8075916, 48.7974295], [16.8088908, 48.7969985], [16.8093186, 48.7975579]]]}, "properties": {"id": "33e569d5-da73-32e8-9f46-c6e03747f4f3", "names": null, "subtype": "recreation", "class": "pitch", "surface": "recreation_grass"}}, {"type": "Feature", "geometry": {"type": "Polygon", "coordinates": [[[16.8074083, 48.7983441], [16.8073745, 48.7982974], [16.8080042, 48.7980938], [16.8080694, 48.7980689], [16.8080869, 48.7980866], [16.8081164, 48.7982006], [16.8074083, 48.7983441]]]}, "properties": {"id": "662ac9c7-1343-3bab-91ce-a0b5419e8cb9", "names": null, "subtype": "recreation", "class": "playground", "surface": null}}, {"type": "Feature", "geometry": {"type": "Polygon", "coordinates": [[[16.8080042, 48.7980938], [16.8073745, 48.7982974], [16.8073421, 48.7983079], [16.8067477, 48.7975101], [16.80741, 48.797296], [16.8080042, 48.7980938]]]}, "properties": {"id": "f66a7351-2823-3367-9849-6fd1317c1c05", "names": null, "subtype": "recreation", "class": "pitch", "surface": "recreation_grass"}}, {"type": "Feature", "geometry": {"type": "LineString", "coordinates": [[16.8080272, 48.7980797], [16.8075012, 48.7973578]]}, "properties": {"id": "664a9ca1-5b71-3e30-8be2-c4613dfd18ce", "names": null, "subtype": "recreation", "class": "track", "surface": null}}, {"type": "Feature", "geometry": {"type": "Polygon", "coordinates": [[[16.8062273, 48.7982913], [16.8063809, 48.7982432], [16.806433, 48.7982269], [16.8066206, 48.7984866], [16.8066142, 48.7985124], [16.8064149, 48.7985511], [16.806353, 48.7984654], [16.8062273, 48.7982913]]]}, "properties": {"id": "6abe450d-fa6b-3efb-9412-ab7ee56f7e02", "names": null, "subtype": "recreation", "class": "pitch", "surface": "recreation_paved"}}, {"type": "Feature", "geometry": {"type": "Polygon", "coordinates": [[[16.8042213, 48.8010228], [16.80409, 48.8007253], [16.8041198, 48.8007057], [16.8046679, 48.8005094], [16.8047035, 48.8004983], [16.8048261, 48.8006954], [16.8049236, 48.8006664], [16.8050114, 48.8005975], [16.8048659, 48.8003536], [16.804624, 48.7999802], [16.8045285, 48.7998372], [16.8044814, 48.799865], [16.8042298, 48.7994229], [16.8040932, 48.799229], [16.804432, 48.799111], [16.8044817, 48.7990993], [16.8047584, 48.7990187], [16.8054075, 48.7988703], [16.8059237, 48.7987663], [16.8059716, 48.7987546], [16.8069418, 48.7985513], [16.8070454, 48.7987587], [16.8081386, 48.7984712], [16.8084598, 48.7984197], [16.8087199, 48.7983984], [16.8088125, 48.7984052], [16.8089786, 48.798439], [16.8092262, 48.7985291], [16.8094606, 48.7986501], [16.8100257, 48.7991651], [16.8104515, 48.7993018], [16.8104387, 48.7993384], [16.8102855, 48.7993782], [16.8098947, 48.7996], [16.8093294, 48.7998327], [16.8088098, 48.799919], [16.8086685, 48.7999641], [16.8085521, 48.8000257], [16.8081343, 48.8002612], [16.8081219, 48.8003557], [16.8081302, 48.8004625], [16.8081642, 48.8005237], [16.8083979, 48.8009894], [16.8083456, 48.8010668], [16.808328, 48.8010929], [16.8075383, 48.8012763], [16.8064278, 48.801533], [16.8064265, 48.8015307], [16.8063913, 48.8015387], [16.8063126, 48.8014432], [16.8062814, 48.8013867], [16.8062606, 48.8013491], [16.8062401, 48.8013122], [16.8062085, 48.8012553], [16.8060758, 48.8010159], [16.8060558, 48.8009798], [16.8060331, 48.8009848], [16.8057131, 48.8010552], [16.8056084, 48.8010071], [16.8054056, 48.8010373], [16.8049094, 48.8011482], [16.8048702, 48.8011649], [16.8047507, 48.8012995], [16.8047302, 48.8013226], [16.8047174, 48.8013346], [16.804651, 48.8013968], [16.8046871, 48.8014668], [16.804728, 48.8015461], [16.8048899, 48.8018437], [16.8035759, 48.8021833], [16.8029648, 48.8019037], [16.8026059, 48.8015762], [16.8029138, 48.8014648], [16.8028754, 48.8013949], [16.8030022, 48.8013703], [16.8029803, 48.8013231], [16.8030042, 48.8013162], [16.8029956, 48.8012842], [16.8042213, 48.8010228]]]}, "properties": {"id": "6747e4ee-29ae-3df8-8efa-7cfcc2a1e025", "names": {"primary": "Z\u00e1meck\u00e1 zahrada", "common": null, "rules": null}, "subtype": "horticulture", "class": "garden", "surface": null}}, {"type": "Feature", "geometry": {"type": "Polygon", "coordinates": [[[16.805942, 48.7985938], [16.8058164, 48.7984193], [16.8059448, 48.7983793], [16.8062273, 48.7982913], [16.806353, 48.7984654], [16.805942, 48.7985938]]]}, "properties": {"id": "9fe7de4c-9c0b-38a1-aa53-847a2e505db9", "names": null, "subtype": "recreation", "class": "pitch", "surface": null}}, {"type": "Feature", "geometry": {"type": "Polygon", "coordinates": [[[16.8038589, 48.8004236], [16.8037904, 48.8002827], [16.8037966, 48.80028], [16.8037799, 48.800245], [16.8037716, 48.8002276], [16.8037654, 48.8002293], [16.8036961, 48.8000881], [16.8036678, 48.799911], [16.8039485, 48.7998336], [16.804189, 48.7997864], [16.8045101, 48.8002308], [16.8046497, 48.8004133], [16.8046758, 48.8004605], [16.8047035, 48.8004983], [16.8046679, 48.8005094], [16.8041198, 48.8007057], [16.8040215, 48.8007316], [16.8039492, 48.8005976], [16.8039098, 48.8005225], [16.8038589, 48.8004236]]]}, "properties": {"id": "98c96247-e272-3b4b-9154-7f01dc3cfa86", "names": {"primary": "Z\u00e1meck\u00e9 n\u00e1m\u011bst\u00ed", "common": null, "rules": null}, "subtype": "pedestrian", "class": "plaza", "surface": null}}, {"type": "Feature", "geometry": {"type": "Polygon", "coordinates": [[[16.8057665, 48.8011923], [16.8058939, 48.801437], [16.8057944, 48.8014599], [16.8057854, 48.8014445], [16.8057894, 48.8014349], [16.805779, 48.801432], [16.8057739, 48.8014397], [16.8057325, 48.8014493], [16.8057168, 48.8014202], [16.8057524, 48.8013932], [16.8057577, 48.801336], [16.8057035, 48.8012936], [16.8056816, 48.8012901], [16.8056438, 48.8012193], [16.8057665, 48.8011923]]]}, "properties": {"id": "443cf57e-dee5-316a-8b7e-94dc1b4ff543", "names": null, "subtype": "managed", "class": "grass", "surface": null}}, {"type": "Feature", "geometry": {"type": "Polygon", "coordinates": [[[16.8055163, 48.8012487], [16.8055549, 48.8013193], [16.8055444, 48.8013242], [16.805539, 48.8013869], [16.8055965, 48.8014286], [16.805654, 48.8014331], [16.8056657, 48.8014646], [16.8056303, 48.8014728], [16.8056173, 48.8014695], [16.805612, 48.8014763], [16.8056245, 48.8014802], [16.8056325, 48.8014962], [16.8055334, 48.80152], [16.8055209, 48.801498], [16.8054763, 48.8014199], [16.8055021, 48.8014134], [16.8055122, 48.8014179], [16.8055181, 48.8014102], [16.8055069, 48.8014064], [16.8054965, 48.8013838], [16.8055011, 48.801376], [16.8054906, 48.801372], [16.8054851, 48.8013799], [16.8054622, 48.8013837], [16.8054469, 48.8013544], [16.8054573, 48.8013509], [16.8054555, 48.8013451], [16.805443, 48.8013468], [16.8054285, 48.8013206], [16.8054401, 48.8013181], [16.8054368, 48.8013114], [16.8054252, 48.8013139], [16.8054114, 48.801287], [16.8054217, 48.8012842], [16.8054184, 48.8012773], [16.8054072, 48.80128], [16.8054033, 48.8012725], [16.8055163, 48.8012487]]]}, "properties": {"id": "0cfbd217-c99e-3383-821b-4d1bf4e7aa93", "names": null, "subtype": "managed", "class": "grass", "surface": null}}, {"type": "Feature", "geometry": {"type": "Polygon", "coordinates": [[[16.8055753, 48.8013778], [16.8055787, 48.8013363], [16.8056238, 48.8013117], [16.8056829, 48.8013125], [16.8057236, 48.801343], [16.8057197, 48.8013826], [16.8056751, 48.801409], [16.8056149, 48.8014057], [16.8055753, 48.8013778]]]}, "properties": {"id": "d64ff3be-1502-3eb1-8319-0edd860cbc18", "names": null, "subtype": "horticulture", "class": "flowerbed", "surface": null}}, {"type": "Feature", "geometry": {"type": "Polygon", "coordinates": [[[16.8049094, 48.8014233], [16.8048629, 48.8013393], [16.8047356, 48.8013693], [16.8047174, 48.8013346], [16.8047302, 48.8013226], [16.8049343, 48.8012747], [16.8049983, 48.8012872], [16.8050499, 48.8013878], [16.8049094, 48.8014233]]]}, "properties": {"id": "d0e460a0-ab8d-36be-8260-c0b149dcf183", "names": null, "subtype": "horticulture", "class": "garden", "surface": null}}, {"type": "Feature", "geometry": {"type": "Polygon", "coordinates": [[[16.8051153, 48.8015155], [16.805125, 48.8015346], [16.8051055, 48.8015401], [16.8051036, 48.8015426], [16.8049902, 48.8015692], [16.8049148, 48.801433], [16.805055, 48.8013978], [16.8051153, 48.8015155]]]}, "properties": {"id": "99cca6c5-e548-3b9d-b6cd-fa9d776c8ab2", "names": null, "subtype": "horticulture", "class": "garden", "surface": null}}, {"type": "Feature", "geometry": {"type": "Polygon", "coordinates": [[[16.8046889, 48.8025944], [16.8046432, 48.8026268], [16.8045859, 48.8026498], [16.8045214, 48.8026618], [16.8044543, 48.8026619], [16.8043896, 48.8026501], [16.8043322, 48.8026272], [16.8042863, 48.8025949], [16.8042553, 48.8025557], [16.8042416, 48.8025125], [16.804246, 48.8024684], [16.8042684, 48.8024267], [16.804307, 48.8023905], [16.8043589, 48.8023626], [16.8044204, 48.8023449], [16.8044869, 48.8023388], [16.8045534, 48.8023447], [16.804615, 48.8023623], [16.8046671, 48.8023901], [16.8047059, 48.8024262], [16.8047285, 48.8024678], [16.8047332, 48.8025119], [16.8047197, 48.8025551], [16.8046889, 48.8025944]]]}, "properties": {"id": "7bf6a42b-a632-3d10-8468-1474fe9144c8", "names": null, "subtype": "horticulture", "class": "garden", "surface": null}}, {"type": "Feature", "geometry": {"type": "Polygon", "coordinates": [[[16.8083039, 48.8025472], [16.808541, 48.8023142], [16.8086804, 48.8021955], [16.8089081, 48.8021327], [16.8093615, 48.8020992], [16.809629, 48.8021187], [16.8099351, 48.8021562], [16.8101467, 48.8021945], [16.810183, 48.8024027], [16.8102757, 48.8024151], [16.8103398, 48.8024168], [16.8104321, 48.8024133], [16.810538, 48.8023926], [16.81061, 48.8023705], [16.8106657, 48.8023391], [16.8105902, 48.8021386], [16.8108309, 48.8020424], [16.811133, 48.8017555], [16.8112263, 48.8017081], [16.8113702, 48.8015526], [16.8114728, 48.8014585], [16.8115337, 48.8014345], [16.8116013, 48.8012712], [16.8116376, 48.8011634], [16.8116689, 48.8011303], [16.8117208, 48.8010453], [16.8117621, 48.8010012], [16.8117883, 48.8008366], [16.8118406, 48.8008176], [16.8120885, 48.8008168], [16.8122751, 48.8008226], [16.8123488, 48.8020711], [16.8123483, 48.8021316], [16.8123037, 48.802171], [16.812278, 48.8021864], [16.8122518, 48.8021873], [16.8122299, 48.8021786], [16.8122031, 48.8020637], [16.8120882, 48.8020204], [16.8119439, 48.8019895], [16.8117921, 48.8020067], [16.8116319, 48.8020367], [16.8113912, 48.8023278], [16.8111639, 48.8024864], [16.8111385, 48.802695], [16.8115177, 48.8028496], [16.8117414, 48.8029576], [16.8118618, 48.8030102], [16.8118262, 48.803062], [16.8117122, 48.8031589], [16.8112616, 48.8034947], [16.8111689, 48.8035434], [16.8108341, 48.8034713], [16.8104679, 48.803321], [16.810243, 48.8031778], [16.8102719, 48.8029022], [16.8101221, 48.8028547], [16.8098722, 48.8029277], [16.8096325, 48.8029888], [16.8092706, 48.8028632], [16.8093438, 48.8027906], [16.8093453, 48.8027301], [16.8092906, 48.8026865], [16.8092298, 48.8026642], [16.8091691, 48.8026672], [16.8091398, 48.8027311], [16.809108, 48.8027841], [16.808971, 48.8027592], [16.808966, 48.8027218], [16.8089763, 48.8026745], [16.8090077, 48.8026234], [16.8090744, 48.8025656], [16.8090066, 48.8025103], [16.8089332, 48.8024726], [16.8088723, 48.8024684], [16.8086995, 48.8026245], [16.808535, 48.8026004], [16.8083039, 48.8025472]]]}, "properties": {"id": "8f3a25ee-7dc8-3bb5-bd35-e014c38fc926", "names": null, "subtype": "agriculture", "class": "meadow", "surface": null}}, {"type": "Feature", "geometry": {"type": "Polygon", "coordinates": [[[16.8114265, 48.804821], [16.8114721, 48.8047925], [16.8115031, 48.8047269], [16.8114915, 48.8047053], [16.8113952, 48.8046651], [16.8113485, 48.8046401], [16.8112993, 48.8045969], [16.8112543, 48.8045531], [16.8110126, 48.8044721], [16.8109218, 48.8044061], [16.8109094, 48.8041149], [16.8108657, 48.8039509], [16.8109218, 48.8038825], [16.8109947, 48.8037863], [16.8113269, 48.8035399], [16.811925, 48.8030435], [16.8120443, 48.8029135], [16.8121432, 48.8027739], [16.8123057, 48.8024759], [16.8123952, 48.8023013], [16.8124213, 48.802172], [16.8124272, 48.8020919], [16.8124348, 48.8018727], [16.8124219, 48.8015499], [16.8123964, 48.8013067], [16.8123598, 48.8009614], [16.8123495, 48.8007165], [16.8124378, 48.8007127], [16.8126073, 48.8007227], [16.8128331, 48.8007402], [16.8130438, 48.8007576], [16.8131982, 48.8007684], [16.8133557, 48.8007848], [16.8134755, 48.8007976], [16.8135521, 48.8008409], [16.8135968, 48.8008694], [16.8136364, 48.8008875], [16.8136743, 48.8008901], [16.8137384, 48.8008919], [16.8138583, 48.8008776], [16.8140304, 48.8008543], [16.8141348, 48.8008435], [16.8142524, 48.8008445], [16.8143661, 48.8008524], [16.8144733, 48.8008671], [16.8145794, 48.8009672], [16.8146656, 48.8011201], [16.8147362, 48.8011069], [16.8148059, 48.8010991], [16.8148515, 48.801105], [16.8148878, 48.8011175], [16.8149588, 48.8011956], [16.8150263, 48.8012962], [16.8151085, 48.8014249], [16.8152354, 48.8016073], [16.8156553, 48.8021643], [16.8163583, 48.8030301], [16.8163807, 48.8031474], [16.8164463, 48.8032424], [16.816513, 48.8033221], [16.8165711, 48.8033868], [16.8166466, 48.8034454], [16.8167257, 48.8034735], [16.8167784, 48.8035034], [16.8168286, 48.8035575], [16.8168922, 48.8036478], [16.8170411, 48.8038562], [16.8170711, 48.8039171], [16.8170779, 48.8039601], [16.8170476, 48.8040041], [16.8170012, 48.8040207], [16.8169001, 48.8040707], [16.8167598, 48.8041351], [16.8166543, 48.8041612], [16.8164071, 48.804304], [16.8163791, 48.8043419], [16.8163819, 48.8044189], [16.8163989, 48.8044581], [16.8164486, 48.8044814], [16.816536, 48.804474], [16.8166357, 48.8044411], [16.8167733, 48.8043937], [16.8170632, 48.8043099], [16.8171746, 48.8042896], [16.8172874, 48.8042776], [16.8173494, 48.8042665], [16.8174374, 48.8042898], [16.8175414, 48.8044101], [16.8175831, 48.8044835], [16.8176133, 48.804595], [16.817624, 48.8047079], [16.8176249, 48.8047713], [16.8176218, 48.8048506], [16.8175687, 48.8049346], [16.8175244, 48.8050066], [16.8174852, 48.8050373], [16.817425, 48.805063], [16.8173592, 48.805081], [16.8172814, 48.8051496], [16.8172453, 48.8052115], [16.8172268, 48.8052843], [16.8172221, 48.8053572], [16.8172394, 48.805413], [16.8173257, 48.8054458], [16.8174214, 48.8054896], [16.8175576, 48.8055108], [16.8177313, 48.8055292], [16.8178989, 48.8055255], [16.8180655, 48.805528], [16.818173, 48.8055237], [16.8183096, 48.8055634], [16.8184165, 48.8057649], [16.8184306, 48.8058482], [16.8184542, 48.8059665], [16.8184683, 48.8060841], [16.8184576, 48.8061512], [16.8183864, 48.806186], [16.8183063, 48.8061904], [16.8182337, 48.8061818], [16.8180956, 48.8061722], [16.8179898, 48.8061404], [16.8180056, 48.8060927], [16.8180459, 48.8060457], [16.8181201, 48.805993], [16.8180954, 48.8059416], [16.8179902, 48.8059315], [16.8178939, 48.805952], [16.8178325, 48.8059848], [16.8177136, 48.8061637], [16.817045, 48.8062528], [16.8163205, 48.806178], [16.8158954, 48.806105], [16.8154619, 48.8059645], [16.8151839, 48.8058964], [16.8148104, 48.8058179], [16.8144445, 48.8057943], [16.8140573, 48.8057926], [16.8135571, 48.8058049], [16.8132333, 48.8057832], [16.8131751, 48.8057195], [16.8131312, 48.8056766], [16.8130571, 48.8056435], [16.8129473, 48.8056024], [16.8128589, 48.8055646], [16.8127955, 48.8055674], [16.812711, 48.8055732], [16.8124081, 48.8056697], [16.812203, 48.8056943], [16.8121219, 48.805705], [16.812032, 48.8056761], [16.8119129, 48.8055304], [16.8117685, 48.8053883], [16.8115419, 48.8051699], [16.8113323, 48.8049736], [16.8112097, 48.8048665], [16.8112911, 48.8048541], [16.8113626, 48.8048437], [16.8114265, 48.804821]], [[16.812125, 48.8038634], [16.8120175, 48.8040823], [16.8120173, 48.8041316], [16.8120402, 48.8041765], [16.8121109, 48.8042016], [16.8121902, 48.8041854], [16.8123555, 48.8040179], [16.8123695, 48.8039297], [16.8123496, 48.8038672], [16.8122869, 48.803826], [16.812215, 48.8038282], [16.812125, 48.8038634]], [[16.8146934, 48.8049648], [16.8148228, 48.8048817], [16.8149088, 48.8049552], [16.8149206, 48.8050268], [16.8150143, 48.8050517], [16.8151378, 48.8050357], [16.8152199, 48.8049584], [16.8152898, 48.8048988], [16.8154143, 48.8048767], [16.8155375, 48.8048331], [16.8156525, 48.8048411], [16.8156968, 48.8048841], [16.8157077, 48.8049033], [16.815836, 48.8049153], [16.8159655, 48.8048322], [16.8159801, 48.8047409], [16.8159178, 48.8046353], [16.8158861, 48.8046177], [16.8158451, 48.8046004], [16.8157356, 48.8045827], [16.8155741, 48.8045745], [16.8154143, 48.8045849], [16.8153337, 48.804653], [16.815192, 48.8047538], [16.8151389, 48.8047792], [16.8150885, 48.8047775], [16.8150444, 48.8047626], [16.8150115, 48.8046771], [16.8149131, 48.8045645], [16.8148134, 48.8045032], [16.8147094, 48.804456], [16.8146408, 48.8045065], [16.8146365, 48.8045922], [16.814776, 48.804677], [16.8147615, 48.8046995], [16.8147263, 48.8047143], [16.8146807, 48.8047256], [16.8146058, 48.8047231], [16.8145404, 48.8046778], [16.814459, 48.8046649], [16.814394, 48.8047291], [16.8143919, 48.8048366], [16.8145513, 48.8049518], [16.8146934, 48.8049648]], [[16.8142528, 48.805326], [16.8142852, 48.8053345], [16.8144575, 48.8053434], [16.8146175, 48.805278], [16.8146177, 48.8051251], [16.8145233, 48.8050516], [16.8143794, 48.8050766], [16.814253, 48.805173], [16.8141964, 48.8052551], [16.8142528, 48.805326]], [[16.8165089, 48.8053682], [16.8166408, 48.8054188], [16.8167531, 48.8054106], [16.8168126, 48.8053702], [16.8168442, 48.8052927], [16.8167523, 48.8052034], [16.8166393, 48.805186], [16.8165081, 48.8052215], [16.816471, 48.8053337], [16.8165089, 48.8053682]], [[16.817282, 48.8057764], [16.8173025, 48.8057757], [16.817297, 48.8056996], [16.8172766, 48.8057002], [16.8172711, 48.8056241], [16.8171734, 48.8056269], [16.8171894, 48.8058551], [16.8172876, 48.8058523], [16.817282, 48.8057764]]]}, "properties": {"id": "0786c775-166e-392c-b6bd-8d8b1464b05f", "names": null, "subtype": "agriculture", "class": "meadow", "surface": null}}, {"type": "Feature", "geometry": {"type": "Polygon", "coordinates": [[[16.8137371, 48.7993889], [16.8142679, 48.7991075], [16.8152025, 48.7987919], [16.8154964, 48.7990863], [16.8149407, 48.7993867], [16.8143539, 48.7996244], [16.8143168, 48.7996336], [16.8142535, 48.7996355], [16.8142239, 48.7996326], [16.814195, 48.7996251], [16.8141613, 48.7996047], [16.8141052, 48.7995529], [16.8140342, 48.7995], [16.8139499, 48.7994596], [16.8139414, 48.7994555], [16.8138497, 48.7994211], [16.8137371, 48.7993889]]]}, "properties": {"id": "1987cfe4-d2b1-3a53-b6c4-157eceacb251", "names": null, "subtype": "agriculture", "class": "meadow", "surface": null}}, {"type": "Feature", "geometry": {"type": "Polygon", "coordinates": [[[16.8083979, 48.8009894], [16.8083688, 48.8009485], [16.8081642, 48.8005237], [16.8109401, 48.7998814], [16.811011, 48.7999171], [16.8110529, 48.7999462], [16.8111037, 48.7999715], [16.8111309, 48.7999806], [16.8111574, 48.7999779], [16.8112288, 48.7999594], [16.8112735, 48.7999281], [16.811293, 48.7999087], [16.8113151, 48.7998732], [16.8112795, 48.799839], [16.8111613, 48.7997648], [16.8112471, 48.7997431], [16.8123594, 48.7994621], [16.8125003, 48.7994023], [16.8126076, 48.7993736], [16.8129592, 48.7993402], [16.8135901, 48.7993669], [16.8136897, 48.7993946], [16.8138881, 48.7994741], [16.8139507, 48.7995005], [16.81402, 48.7995379], [16.8140669, 48.7995873], [16.8140753, 48.7996285], [16.8140716, 48.7996952], [16.8140528, 48.7997698], [16.8140226, 48.7998392], [16.8139621, 48.7999525], [16.8138456, 48.8000647], [16.813705, 48.800148], [16.8136325, 48.8001737], [16.8134361, 48.8002207], [16.8117083, 48.8005489], [16.8115959, 48.8003955], [16.8114926, 48.8002789], [16.8113276, 48.8002334], [16.8110287, 48.8004201], [16.8104235, 48.8005305], [16.8083979, 48.8009894]]]}, "properties": {"id": "97362f29-171d-3ec8-9eee-0d338e48c211", "names": null, "subtype": "agriculture", "class": "meadow", "surface": null}}, {"type": "Feature", "geometry": {"type": "Polygon", "coordinates": [[[16.8136783, 48.7989763], [16.8136872, 48.7991211], [16.8132051, 48.7992201], [16.8130219, 48.7992174], [16.812745, 48.7991745], [16.81246, 48.7992174], [16.8121058, 48.7993167], [16.8115643, 48.7993918], [16.8114147, 48.799126], [16.8109661, 48.7992317], [16.8107521, 48.7992139], [16.8105262, 48.7992255], [16.8101853, 48.7991009], [16.8099671, 48.7989859], [16.8098424, 48.7989133], [16.8096533, 48.7986532], [16.8099087, 48.7985392], [16.810052, 48.7984678], [16.8100961, 48.7984458], [16.8101462, 48.798419], [16.8102726, 48.7983736], [16.8103889, 48.7983324], [16.81045, 48.798381], [16.810487, 48.7984506], [16.8108001, 48.7983487], [16.8109955, 48.7985951], [16.8110543, 48.7985779], [16.8110783, 48.798587], [16.8110888, 48.7985836], [16.811174, 48.7985579], [16.8111882, 48.7985357], [16.8112148, 48.7985287], [16.8120395, 48.7983394], [16.8121796, 48.7983289], [16.8123818, 48.7983207], [16.8125574, 48.7982623], [16.8128323, 48.7982167], [16.8128866, 48.7982509], [16.8129328, 48.7983248], [16.8129951, 48.7983912], [16.8133328, 48.7987033], [16.8134721, 48.7987957], [16.8136783, 48.7989763]]]}, "properties": {"id": "5f11dfab-7c82-38ac-aee0-ed1e5b5ec89c", "names": null, "subtype": "developed", "class": "industrial", "surface": null}}, {"type": "Feature", "geometry": {"type": "Polygon", "coordinates": [[[16.813427, 48.7963691], [16.8134955, 48.7963331], [16.8136405, 48.7964657], [16.8136786, 48.7965005], [16.8139954, 48.7963114], [16.8145709, 48.7967795], [16.8150791, 48.7971929], [16.814976, 48.7972506], [16.8149839, 48.7972569], [16.8148752, 48.7973069], [16.8144351, 48.7969091], [16.8145212, 48.7968695], [16.8144943, 48.7968473], [16.8143354, 48.7969204], [16.8141472, 48.7969633], [16.8141541, 48.7969701], [16.81409, 48.7969909], [16.8134676, 48.7971388], [16.8134657, 48.7971373], [16.8134126, 48.7970946], [16.8133342, 48.7970277], [16.8133196, 48.7970163], [16.8132313, 48.7970605], [16.8129727, 48.796854], [16.8120551, 48.7973088], [16.8121266, 48.797419], [16.8120298, 48.797447], [16.8119206, 48.7972486], [16.8119697, 48.7972264], [16.8127094, 48.7968534], [16.8132712, 48.7965599], [16.8132984, 48.7964481], [16.813427, 48.7963691]]]}, "properties": {"id": "bd15d73f-34e4-36d7-80fa-867ac2b2269d", "names": null, "subtype": "agriculture", "class": "farmland", "surface": null}}, {"type": "Feature", "geometry": {"type": "Polygon", "coordinates": [[[16.8128314, 48.7976054], [16.8126418, 48.7976517], [16.8124905, 48.7973653], [16.8126873, 48.7973269], [16.8128314, 48.7976054]]]}, "properties": {"id": "e466ea76-2b38-3c8e-8b98-fb1408586b46", "names": null, "subtype": "developed", "class": "brownfield", "surface": null}}, {"type": "Feature", "geometry": {"type": "Polygon", "coordinates": [[[16.8130046, 48.7954296], [16.8133013, 48.7952534], [16.8134312, 48.7953483], [16.8131345, 48.7955245], [16.8130046, 48.7954296]]]}, "properties": {"id": "02260364-aed2-3964-8f6e-8cef8cae88d8", "names": null, "subtype": "recreation", "class": "pitch", "surface": "recreation_sand"}}, {"type": "Feature", "geometry": {"type": "Polygon", "coordinates": [[[16.8133013, 48.7952534], [16.8130046, 48.7954296], [16.8128762, 48.7953359], [16.8131729, 48.7951596], [16.8133013, 48.7952534]]]}, "properties": {"id": "932143fb-be04-3576-ae02-752850505167", "names": null, "subtype": "recreation", "class": "pitch", "surface": "recreation_sand"}}, {"type": "Feature", "geometry": {"type": "Polygon", "coordinates": [[[16.8115254, 48.7947899], [16.8122346, 48.7943679], [16.8136598, 48.7953074], [16.8142724, 48.7957586], [16.8134755, 48.7962704], [16.8132556, 48.7960483], [16.8131358, 48.796123], [16.8128614, 48.7962736], [16.8131482, 48.7964845], [16.81187, 48.7971772], [16.8109306, 48.79764], [16.8107831, 48.7976756], [16.8106293, 48.7975428], [16.8109225, 48.7973736], [16.8102087, 48.7967664], [16.8093599, 48.7960388], [16.8104202, 48.7954337], [16.8105407, 48.7953649], [16.8115254, 48.7947899]]]}, "properties": {"id": "c284fd05-c3b7-3786-91ea-4d361ed2f8b5", "names": {"primary": "L\u00e1zn\u011b Lednice", "common": null, "rules": null}, "subtype": "recreation", "class": "recreation_ground", "surface": null}}, {"type": "Feature", "geometry": {"type": "Polygon", "coordinates": [[[16.8108308, 48.7956229], [16.8107871, 48.795624], [16.810696, 48.7955568], [16.8106929, 48.7955343], [16.810798, 48.7954767], [16.8108333, 48.79548], [16.8109135, 48.7955419], [16.8109125, 48.7955739], [16.8108308, 48.7956229]]]}, "properties": {"id": "36d11d85-da47-3711-afee-d3ae1ca3cff3", "names": null, "subtype": "horticulture", "class": "garden", "surface": null}}, {"type": "Feature", "geometry": {"type": "Polygon", "coordinates": [[[16.8052089, 48.792998], [16.805276, 48.7928479], [16.805704, 48.7926443], [16.8068273, 48.7922155], [16.8080488, 48.7917442], [16.8081841, 48.79169], [16.8083593, 48.7916094], [16.8085448, 48.7915088], [16.8086632, 48.7914353], [16.8088147, 48.7913268], [16.8089734, 48.7911859], [16.8090398, 48.7911181], [16.8094656, 48.7913975], [16.8099051, 48.7916926], [16.8109411, 48.7924063], [16.8102051, 48.7928768], [16.8096125, 48.7932539], [16.8095072, 48.7933196], [16.8093802, 48.7934019], [16.809242, 48.7934879], [16.8084787, 48.7939772], [16.8084018, 48.793924], [16.8081101, 48.7937023], [16.8071419, 48.794319], [16.8066949, 48.7945547], [16.8052089, 48.792998]]]}, "properties": {"id": "d2032fe2-eaa8-3472-8686-98bd130e23c3", "names": null, "subtype": "developed", "class": "industrial", "surface": null}}, {"type": "Feature", "geometry": {"type": "Polygon", "coordinates": [[[16.8088197, 48.7909901], [16.8047912, 48.7925215], [16.8046485, 48.7923398], [16.8044621, 48.7920992], [16.8043039, 48.7918606], [16.8042538, 48.7917135], [16.8041603, 48.7912239], [16.8041085, 48.7908058], [16.8039668, 48.7901826], [16.8039378, 48.790083], [16.8039738, 48.7899853], [16.804036, 48.7899544], [16.8042767, 48.7899061], [16.8043101, 48.789876], [16.804227, 48.7897049], [16.8041329, 48.7896035], [16.804025, 48.7895879], [16.8038854, 48.7895402], [16.8038112, 48.7894673], [16.8037568, 48.7891427], [16.8036876, 48.7888589], [16.8035377, 48.7877498], [16.8035307, 48.7874352], [16.8035527, 48.7869385], [16.8035114, 48.7867623], [16.8034947, 48.7865852], [16.8035295, 48.7864441], [16.8036186, 48.7862445], [16.8038009, 48.7859215], [16.8039461, 48.7856012], [16.8039646, 48.7855105], [16.8038962, 48.7851968], [16.803826, 48.7849454], [16.8037975, 48.7846888], [16.8037758, 48.7843893], [16.8037175, 48.7841658], [16.8037138, 48.7840356], [16.8037236, 48.7840254], [16.8037597, 48.784055], [16.8040564, 48.7843471], [16.8043177, 48.7846044], [16.8049901, 48.785282], [16.8063188, 48.7866877], [16.8069772, 48.7873508], [16.8077409, 48.788097], [16.8084823, 48.7888799], [16.808707, 48.7890851], [16.8089083, 48.7892833], [16.8090326, 48.7894518], [16.8091091, 48.7895871], [16.8092008, 48.7897804], [16.8092539, 48.7899601], [16.8092842, 48.7901545], [16.8092673, 48.790286], [16.8092255, 48.790472], [16.8091743, 48.790639], [16.8090913, 48.7907489], [16.8089949, 48.7908586], [16.8088197, 48.7909901]]]}, "properties": {"id": "a1a681e7-f65c-3297-a972-027cccc4b649", "names": null, "subtype": "agriculture", "class": "farmland", "surface": null}}, {"type": "Feature", "geometry": {"type": "Polygon", "coordinates": [[[16.8090774, 48.7911075], [16.8093378, 48.7907476], [16.8094355, 48.790515], [16.8094578, 48.7901498], [16.809426, 48.7898173], [16.8093311, 48.7895961], [16.8090451, 48.7891826], [16.8090221, 48.7891493], [16.8089353, 48.7890519], [16.8090705, 48.789103], [16.8098605, 48.7895453], [16.8105468, 48.789937], [16.810582, 48.7900501], [16.8106712, 48.7901168], [16.8109087, 48.7902348], [16.8110277, 48.790294], [16.8115431, 48.7905794], [16.8124692, 48.7911055], [16.8134191, 48.7916545], [16.8136826, 48.7918094], [16.8126671, 48.7925241], [16.8131084, 48.7928461], [16.8133837, 48.7926541], [16.8131643, 48.7925092], [16.8129898, 48.7923778], [16.8130931, 48.7923196], [16.8137623, 48.7918571], [16.8141499, 48.7920699], [16.8138822, 48.7922753], [16.8143442, 48.7925433], [16.8146214, 48.7923429], [16.8148072, 48.7924485], [16.8148257, 48.7924779], [16.8135047, 48.7932897], [16.8132225, 48.7934499], [16.8129649, 48.7936361], [16.8123467, 48.7932462], [16.8117322, 48.7928963], [16.8116545, 48.7928321], [16.8116147, 48.7927783], [16.811566, 48.7927399], [16.8115001, 48.7926903], [16.8109962, 48.7923805], [16.8109516, 48.7923498], [16.810627, 48.792106], [16.8103976, 48.791912], [16.8100216, 48.7916696], [16.8094063, 48.7913003], [16.8090774, 48.7911075]]]}, "properties": {"id": "14c43de9-241d-388b-9617-2c103ed90866", "names": null, "subtype": "agriculture", "class": "farmland", "surface": null}}, {"type": "Feature", "geometry": {"type": "Polygon", "coordinates": [[[16.8172944, 48.7909605], [16.815215, 48.7922309], [16.814536, 48.7918507], [16.8124579, 48.7906789], [16.8147669, 48.7888923], [16.8178304, 48.7906241], [16.8177453, 48.7906826], [16.8172944, 48.7909605]], [[16.816821, 48.7902181], [16.8168286, 48.7902316], [16.816836, 48.7902453], [16.8168605, 48.7902633], [16.8168761, 48.7902704], [16.8169356, 48.7902649], [16.8169537, 48.7902435], [16.8169438, 48.7902138], [16.8169175, 48.7901976], [16.8168802, 48.7901835], [16.8168537, 48.7901859], [16.8168347, 48.7901933], [16.816821, 48.7902181]]]}, "properties": {"id": "290b195b-f5f1-3a0f-bf86-3eafcba1a792", "names": null, "subtype": "agriculture", "class": "farmland", "surface": null}}, {"type": "Feature", "geometry": {"type": "Polygon", "coordinates": [[[16.8189372, 48.7924611], [16.8189114, 48.7924206], [16.8189121, 48.7923647], [16.8189466, 48.7921846], [16.8189742, 48.7919707], [16.8190964, 48.7912799], [16.8191605, 48.7908931], [16.8192167, 48.7905695], [16.8192584, 48.7903051], [16.8192984, 48.7901785], [16.8193479, 48.7900518], [16.8193653, 48.790035], [16.8193934, 48.7900162], [16.8194404, 48.7900002], [16.8195735, 48.7899793], [16.8197516, 48.7899671], [16.8198853, 48.7899673], [16.820026, 48.7899785], [16.8202041, 48.7900047], [16.8203908, 48.7900441], [16.8208561, 48.7902259], [16.8212347, 48.7903879], [16.8215607, 48.7906044], [16.8221065, 48.7909677], [16.8221276, 48.7910103], [16.8221023, 48.7910516], [16.8213818, 48.7915393], [16.8198686, 48.7925397], [16.8195214, 48.792743], [16.8194435, 48.7927418], [16.8194154, 48.7927356], [16.8193394, 48.7927158], [16.8192253, 48.7926606], [16.8191896, 48.7926434], [16.819119, 48.7926036], [16.8190955, 48.7925903], [16.8190664, 48.7925707], [16.8190187, 48.7925385], [16.8190148, 48.7925344], [16.8189605, 48.7924802], [16.8189372, 48.7924611]], [[16.8215166, 48.7908948], [16.8215662, 48.790923], [16.8215808, 48.7909101], [16.8216239, 48.7908747], [16.8215903, 48.7908503], [16.8215166, 48.7908948]]]}, "properties": {"id": "c837c493-ecb3-3a5c-a899-27c692275404", "names": null, "subtype": "agriculture", "class": "farmland", "surface": null}}, {"type": "Feature", "geometry": {"type": "Polygon", "coordinates": [[[16.8227096, 48.78968], [16.8226889, 48.7896727], [16.822228, 48.7894646], [16.8217878, 48.7893563], [16.8216733, 48.7893041], [16.8216762, 48.78926], [16.8216865, 48.7892209], [16.8217295, 48.7892085], [16.8218708, 48.7891949], [16.8221081, 48.7889689], [16.8220419, 48.7885276], [16.822958, 48.7880515], [16.8231398, 48.7881645], [16.8229281, 48.7886681], [16.8229044, 48.7887731], [16.8230562, 48.7889269], [16.8233751, 48.7889374], [16.8234066, 48.7889813], [16.8235805, 48.7889972], [16.82383, 48.78901], [16.8253849, 48.7892838], [16.8256641, 48.7893262], [16.8256913, 48.789328], [16.8255968, 48.7893814], [16.8248356, 48.7898674], [16.824435, 48.7898204], [16.8237284, 48.7897999], [16.823225, 48.7897461], [16.8227343, 48.7896857], [16.8227096, 48.78968]], [[16.8231339, 48.7893212], [16.8231061, 48.7893767], [16.8231232, 48.7894353], [16.8232566, 48.7894297], [16.8234324, 48.7893469], [16.8234899, 48.7892234], [16.8233402, 48.7891655], [16.8232091, 48.7892289], [16.8231339, 48.7893212]]]}, "properties": {"id": "5b611f54-03bf-3ba8-a0ce-2d3f71f66779", "names": null, "subtype": "agriculture", "class": "farmland", "surface": null}}, {"type": "Feature", "geometry": {"type": "Polygon", "coordinates": [[[16.8241612, 48.7922349], [16.8239249, 48.7921029], [16.8251892, 48.7913269], [16.8256337, 48.7913063], [16.8259505, 48.7909996], [16.8257733, 48.791526], [16.8257704, 48.7915322], [16.8257674, 48.7915336], [16.8257627, 48.7915396], [16.8244521, 48.7923326], [16.8241612, 48.7922349]]]}, "properties": {"id": "8521438f-9344-3fa7-80fb-8fa8fba5d9a9", "names": null, "subtype": "agriculture", "class": "farmland", "surface": null}}, {"type": "Feature", "geometry": {"type": "Polygon", "coordinates": [[[16.822887, 48.791359], [16.8230372, 48.7912723], [16.822933, 48.7911951], [16.8248013, 48.7900371], [16.8252124, 48.7901739], [16.8253394, 48.7902874], [16.8250563, 48.7906284], [16.8250976, 48.7907608], [16.8252345, 48.7909247], [16.8250568, 48.791129], [16.8237517, 48.7919716], [16.8231314, 48.7915358], [16.822887, 48.791359]]]}, "properties": {"id": "c6bf6706-bc05-3171-a6f8-5f7ad2c88e12", "names": null, "subtype": "agriculture", "class": "farmland", "surface": null}}, {"type": "Feature", "geometry": {"type": "Polygon", "coordinates": [[[16.8202898, 48.7897268], [16.8208054, 48.7894283], [16.8214448, 48.789252], [16.8217871, 48.7893626], [16.8221923, 48.7894993], [16.8226889, 48.7896727], [16.8227096, 48.78968], [16.8227343, 48.7896857], [16.8229418, 48.7897341], [16.8232202, 48.7897824], [16.8234793, 48.7898221], [16.8237247, 48.7898283], [16.8244115, 48.7898553], [16.8245657, 48.7898669], [16.8246212, 48.7899133], [16.8246428, 48.789941], [16.8246583, 48.7899728], [16.8238119, 48.790518], [16.8231818, 48.7909082], [16.8225057, 48.7904362], [16.8221122, 48.7906811], [16.8218798, 48.7905419], [16.8217724, 48.7904947], [16.8214227, 48.7903012], [16.8212214, 48.7902077], [16.8212042, 48.790201], [16.8207343, 48.7900182], [16.820512, 48.7899359], [16.8201808, 48.7899085], [16.820102, 48.7898929], [16.8202898, 48.7897268]]]}, "properties": {"id": "8a4cac09-4ad8-3b53-9bd0-8a3abfee932f", "names": null, "subtype": "agriculture", "class": "farmland", "surface": null}}, {"type": "Feature", "geometry": {"type": "Polygon", "coordinates": [[[16.8212078, 48.793606], [16.8212483, 48.7934231], [16.821501, 48.7930367], [16.8219801, 48.7927538], [16.822353, 48.7927189], [16.8225059, 48.7926215], [16.8226467, 48.792716], [16.822824, 48.7927771], [16.8230817, 48.7927938], [16.823345, 48.7928968], [16.8228467, 48.7932831], [16.8225732, 48.7934846], [16.8211709, 48.7945756], [16.8211838, 48.7939697], [16.8212078, 48.793606]]]}, "properties": {"id": "3c00ff67-1ebc-387b-a550-09627601a49a", "names": null, "subtype": "agriculture", "class": "farmland", "surface": null}}, {"type": "Feature", "geometry": {"type": "Polygon", "coordinates": [[[16.8261236, 48.7929349], [16.8295817, 48.7939192], [16.8295936, 48.7939315], [16.8289703, 48.7954538], [16.8286707, 48.7962269], [16.8286758, 48.7963412], [16.8286581, 48.7967361], [16.8286568, 48.7969313], [16.8285256, 48.7972306], [16.8281972, 48.7972763], [16.8279499, 48.7973445], [16.8277855, 48.7974185], [16.8277224, 48.7974662], [16.8275272, 48.7975371], [16.8271584, 48.7975392], [16.8269731, 48.7975509], [16.8268507, 48.797596], [16.8209999, 48.7952929], [16.8207531, 48.7949735], [16.8208864, 48.7948567], [16.8209957, 48.7947225], [16.821247, 48.7945859], [16.8226562, 48.7934868], [16.8228924, 48.7933092], [16.8233868, 48.7929182], [16.8239778, 48.7925099], [16.8241521, 48.7924369], [16.824251, 48.792407], [16.8243911, 48.7923913], [16.8261236, 48.7929349]], [[16.8240238, 48.7926774], [16.8240229, 48.7926787], [16.8240224, 48.7926801], [16.8240221, 48.7926815], [16.8240222, 48.7926829], [16.8240227, 48.7926843], [16.8240234, 48.7926856], [16.8240245, 48.7926868], [16.8240259, 48.7926879], [16.8240274, 48.7926889], [16.8240292, 48.7926896], [16.8240312, 48.7926902], [16.8240333, 48.7926906], [16.8240354, 48.7926907], [16.8240375, 48.7926907], [16.8240396, 48.7926904], [16.8240416, 48.7926899], [16.8240434, 48.7926891], [16.8240451, 48.7926883], [16.8240465, 48.7926872], [16.8240477, 48.792686], [16.8240486, 48.7926847], [16.8240491, 48.7926834], [16.8240493, 48.792682], [16.8240492, 48.7926806], [16.8240488, 48.7926792], [16.824048, 48.7926779], [16.824047, 48.7926766], [16.8240456, 48.7926755], [16.824044, 48.7926746], [16.8240422, 48.7926738], [16.8240403, 48.7926733], [16.8240382, 48.7926729], [16.8240361, 48.7926727], [16.824034, 48.7926728], [16.8240319, 48.7926731], [16.8240299, 48.7926736], [16.824028, 48.7926743], [16.8240264, 48.7926752], [16.8240249, 48.7926763], [16.8240238, 48.7926774]], [[16.8245417, 48.7930767], [16.8245399, 48.7930774], [16.8245382, 48.7930783], [16.8245368, 48.7930793], [16.8245356, 48.7930805], [16.8245348, 48.7930818], [16.8245342, 48.7930832], [16.824534, 48.7930846], [16.8245341, 48.793086], [16.8245346, 48.7930874], [16.8245353, 48.7930887], [16.8245364, 48.7930899], [16.8245377, 48.793091], [16.8245393, 48.7930919], [16.8245411, 48.7930927], [16.8245431, 48.7930933], [16.8245451, 48.7930937], [16.8245472, 48.7930938], [16.8245494, 48.7930937], [16.8245515, 48.7930934], [16.8245535, 48.7930929], [16.8245553, 48.7930922], [16.824557, 48.7930913], [16.8245584, 48.7930903], [16.8245596, 48.7930891], [16.8245604, 48.7930878], [16.824561, 48.7930865], [16.8245612, 48.7930851], [16.8245611, 48.7930836], [16.8245607, 48.7930823], [16.8245599, 48.7930809], [16.8245588, 48.7930797], [16.8245575, 48.7930786], [16.8245559, 48.7930777], [16.8245541, 48.7930769], [16.8245521, 48.7930763], [16.8245501, 48.793076], [16.824548, 48.7930758], [16.8245458, 48.7930759], [16.8245437, 48.7930762], [16.8245417, 48.7930767]], [[16.82399, 48.7935038], [16.8239912, 48.7935026], [16.823992, 48.7935013], [16.8239926, 48.7934999], [16.8239928, 48.7934985], [16.8239927, 48.7934971], [16.8239923, 48.7934957], [16.8239915, 48.7934944], [16.8239904, 48.7934932], [16.8239891, 48.7934921], [16.8239875, 48.7934912], [16.8239857, 48.7934904], [16.8239838, 48.7934898], [16.8239817, 48.7934894], [16.8239796, 48.7934893], [16.8239774, 48.7934894], [16.8239753, 48.7934897], [16.8239733, 48.7934902], [16.8239715, 48.7934909], [16.8239698, 48.7934918], [16.8239684, 48.7934928], [16.8239672, 48.793494], [16.8239664, 48.7934953], [16.8239658, 48.7934966], [16.8239656, 48.7934981], [16.8239657, 48.7934995], [16.8239662, 48.7935008], [16.8239669, 48.7935022], [16.823968, 48.7935034], [16.8239693, 48.7935045], [16.8239709, 48.7935054], [16.8239727, 48.7935062], [16.8239747, 48.7935068], [16.8239767, 48.7935071], [16.8239788, 48.7935073], [16.823981, 48.7935072], [16.8239831, 48.7935069], [16.8239851, 48.7935064], [16.8239869, 48.7935057], [16.8239886, 48.7935048], [16.82399, 48.7935038]], [[16.8247021, 48.793703], [16.824704, 48.7937023], [16.8247057, 48.7937014], [16.8247071, 48.7937004], [16.8247082, 48.7936992], [16.8247091, 48.7936979], [16.8247097, 48.7936965], [16.8247099, 48.7936951], [16.8247098, 48.7936937], [16.8247093, 48.7936923], [16.8247086, 48.793691], [16.8247075, 48.7936898], [16.8247062, 48.7936887], [16.8247046, 48.7936877], [16.8247028, 48.793687], [16.8247008, 48.7936864], [16.8246988, 48.793686], [16.8246966, 48.7936859], [16.8246945, 48.793686], [16.8246924, 48.7936863], [16.8246904, 48.7936868], [16.8246886, 48.7936875], [16.8246869, 48.7936884], [16.8246855, 48.7936894], [16.8246843, 48.7936906], [16.8246835, 48.7936919], [16.8246829, 48.7936932], [16.8246827, 48.7936946], [16.8246828, 48.7936961], [16.8246832, 48.7936974], [16.824684, 48.7936987], [16.8246851, 48.7937], [16.8246864, 48.7937011], [16.824688, 48.793702], [16.8246898, 48.7937028], [16.8246917, 48.7937034], [16.8246938, 48.7937037], [16.8246959, 48.7937039], [16.8246981, 48.7937038], [16.8247001, 48.7937035], [16.8247021, 48.793703]], [[16.8228471, 48.7942876], [16.8228455, 48.7942866], [16.8228437, 48.7942859], [16.8228418, 48.7942853], [16.8228397, 48.7942849], [16.8228376, 48.7942848], [16.8228354, 48.7942848], [16.8228334, 48.7942851], [16.8228314, 48.7942856], [16.8228295, 48.7942864], [16.8228278, 48.7942872], [16.8228264, 48.7942883], [16.8228253, 48.7942895], [16.8228244, 48.7942908], [16.8228238, 48.7942921], [16.8228236, 48.7942935], [16.8228237, 48.7942949], [16.8228242, 48.7942963], [16.8228249, 48.7942976], [16.822826, 48.7942989], [16.8228273, 48.7943], [16.8228289, 48.7943009], [16.8228307, 48.7943017], [16.8228327, 48.7943022], [16.8228347, 48.7943026], [16.8228369, 48.7943028], [16.822839, 48.7943027], [16.8228411, 48.7943024], [16.8228431, 48.7943019], [16.8228449, 48.7943012], [16.8228466, 48.7943003], [16.822848, 48.7942992], [16.8228492, 48.7942981], [16.82285, 48.7942968], [16.8228506, 48.7942954], [16.8228508, 48.794294], [16.8228507, 48.7942926], [16.8228503, 48.7942912], [16.8228495, 48.7942899], [16.8228484, 48.7942887], [16.8228471, 48.7942876]], [[16.8230574, 48.7946074], [16.8230595, 48.7946071], [16.8230615, 48.7946066], [16.8230633, 48.7946059], [16.823065, 48.794605], [16.8230664, 48.7946039], [16.8230676, 48.7946027], [16.8230684, 48.7946014], [16.823069, 48.7946001], [16.8230692, 48.7945987], [16.8230691, 48.7945973], [16.8230686, 48.7945959], [16.8230679, 48.7945946], [16.8230668, 48.7945934], [16.8230655, 48.7945923], [16.8230639, 48.7945913], [16.8230621, 48.7945905], [16.8230601, 48.79459], [16.8230581, 48.7945896], [16.823056, 48.7945895], [16.8230538, 48.7945895], [16.8230517, 48.7945898], [16.8230497, 48.7945903], [16.8230479, 48.794591], [16.8230462, 48.7945919], [16.8230448, 48.794593], [16.8230436, 48.7945942], [16.8230428, 48.7945954], [16.8230422, 48.7945968], [16.823042, 48.7945982], [16.8230421, 48.7945996], [16.8230425, 48.794601], [16.8230433, 48.7946023], [16.8230444, 48.7946035], [16.8230457, 48.7946046], [16.8230473, 48.7946056], [16.8230491, 48.7946063], [16.8230511, 48.7946069], [16.8230531, 48.7946073], [16.8230552, 48.7946074], [16.8230574, 48.7946074]], [[16.8213256, 48.7946794], [16.8213264, 48.7946807], [16.8213275, 48.7946819], [16.8213288, 48.794683], [16.8213304, 48.794684], [16.8213322, 48.7946847], [16.8213341, 48.7946853], [16.8213362, 48.7946857], [16.8213383, 48.7946858], [16.8213405, 48.7946858], [16.8213425, 48.7946855], [16.8213445, 48.794685], [16.8213464, 48.7946843], [16.8213481, 48.7946834], [16.8213495, 48.7946823], [16.8213506, 48.7946811], [16.8213515, 48.7946798], [16.8213521, 48.7946785], [16.8213523, 48.7946771], [16.8213522, 48.7946757], [16.8213517, 48.7946743], [16.821351, 48.794673], [16.8213499, 48.7946718], [16.8213486, 48.7946707], [16.821347, 48.7946697], [16.8213452, 48.7946689], [16.8213432, 48.7946684], [16.8213412, 48.794668], [16.821339, 48.7946679], [16.8213369, 48.7946679], [16.8213348, 48.7946682], [16.8213328, 48.7946687], [16.821331, 48.7946694], [16.8213293, 48.7946703], [16.8213279, 48.7946714], [16.8213267, 48.7946726], [16.8213259, 48.7946738], [16.8213253, 48.7946752], [16.8213251, 48.7946766], [16.8213252, 48.794678], [16.8213256, 48.7946794]], [[16.8214811, 48.7949393], [16.8214827, 48.7949402], [16.8214845, 48.794941], [16.8214865, 48.7949415], [16.8214885, 48.7949419], [16.8214906, 48.7949421], [16.8214928, 48.794942], [16.8214949, 48.7949417], [16.8214969, 48.7949412], [16.8214987, 48.7949405], [16.8215004, 48.7949396], [16.8215018, 48.7949385], [16.821503, 48.7949374], [16.8215038, 48.7949361], [16.8215044, 48.7949347], [16.8215046, 48.7949333], [16.8215045, 48.7949319], [16.8215041, 48.7949305], [16.8215033, 48.7949292], [16.8215022, 48.794928], [16.8215009, 48.7949269], [16.8214993, 48.7949259], [16.8214975, 48.7949252], [16.8214955, 48.7949246], [16.8214935, 48.7949242], [16.8214914, 48.7949241], [16.8214892, 48.7949242], [16.8214871, 48.7949244], [16.8214851, 48.794925], [16.8214833, 48.7949257], [16.8214816, 48.7949265], [16.8214802, 48.7949276], [16.821479, 48.7949288], [16.8214782, 48.7949301], [16.8214776, 48.7949314], [16.8214774, 48.7949328], [16.8214775, 48.7949342], [16.8214779, 48.7949356], [16.8214787, 48.7949369], [16.8214798, 48.7949382], [16.8214811, 48.7949393]], [[16.8233683, 48.7949838], [16.8234229, 48.7949589], [16.8234305, 48.7949116], [16.8233798, 48.7948889], [16.8233257, 48.7948876], [16.8232848, 48.7949398], [16.8233157, 48.794973], [16.8233683, 48.7949838]], [[16.8219988, 48.7950941], [16.8219993, 48.7950927], [16.8219996, 48.7950913], [16.8219994, 48.7950899], [16.821999, 48.7950886], [16.8219982, 48.7950872], [16.8219972, 48.795086], [16.8219958, 48.7950849], [16.8219942, 48.795084], [16.8219924, 48.7950832], [16.8219905, 48.7950826], [16.8219884, 48.7950823], [16.8219863, 48.7950821], [16.8219842, 48.7950822], [16.8219821, 48.7950825], [16.8219801, 48.795083], [16.8219782, 48.7950837], [16.8219766, 48.7950846], [16.8219751, 48.7950856], [16.821974, 48.7950868], [16.8219731, 48.7950881], [16.8219726, 48.7950895], [16.8219723, 48.7950909], [16.8219724, 48.7950923], [16.8219729, 48.7950937], [16.8219737, 48.795095], [16.8219747, 48.7950962], [16.8219761, 48.7950973], [16.8219777, 48.7950982], [16.8219794, 48.795099], [16.8219814, 48.7950996], [16.8219835, 48.7950999], [16.8219856, 48.7951001], [16.8219877, 48.7951], [16.8219898, 48.7950997], [16.8219918, 48.7950992], [16.8219937, 48.7950985], [16.8219953, 48.7950976], [16.8219967, 48.7950966], [16.8219979, 48.7950954], [16.8219988, 48.7950941]], [[16.8224604, 48.7951018], [16.8224625, 48.7951022], [16.8224646, 48.7951023], [16.8224667, 48.7951022], [16.8224688, 48.7951019], [16.8224708, 48.7951014], [16.8224727, 48.7951007], [16.8224743, 48.7950998], [16.8224758, 48.7950988], [16.8224769, 48.7950976], [16.8224778, 48.7950963], [16.8224783, 48.7950949], [16.8224786, 48.7950935], [16.8224785, 48.7950921], [16.822478, 48.7950908], [16.8224772, 48.7950894], [16.8224762, 48.7950882], [16.8224748, 48.7950871], [16.8224732, 48.7950862], [16.8224715, 48.7950854], [16.8224695, 48.7950848], [16.8224674, 48.7950845], [16.8224653, 48.7950843], [16.8224632, 48.7950844], [16.8224611, 48.7950847], [16.8224591, 48.7950852], [16.8224573, 48.7950859], [16.8224556, 48.7950868], [16.8224542, 48.7950878], [16.822453, 48.795089], [16.8224521, 48.7950903], [16.8224516, 48.7950917], [16.8224514, 48.7950931], [16.8224515, 48.7950945], [16.8224519, 48.7950959], [16.8224527, 48.7950972], [16.8224537, 48.7950984], [16.8224551, 48.7950995], [16.8224567, 48.7951004], [16.8224585, 48.7951012], [16.8224604, 48.7951018]], [[16.8230668, 48.7953385], [16.8227961, 48.7953197], [16.8227676, 48.7954985], [16.8230383, 48.7955174], [16.8230668, 48.7953385]], [[16.8251324, 48.7931068], [16.825131, 48.7931079], [16.8251298, 48.7931091], [16.8251289, 48.7931104], [16.8251284, 48.7931117], [16.8251282, 48.7931131], [16.8251283, 48.7931145], [16.8251287, 48.7931159], [16.8251295, 48.7931172], [16.8251305, 48.7931184], [16.8251319, 48.7931195], [16.8251335, 48.7931205], [16.8251353, 48.7931213], [16.8251372, 48.7931218], [16.8251393, 48.7931222], [16.8251414, 48.7931223], [16.8251435, 48.7931223], [16.8251456, 48.793122], [16.8251476, 48.7931215], [16.8251495, 48.7931208], [16.8251511, 48.7931199], [16.8251526, 48.7931188], [16.8251537, 48.7931176], [16.8251546, 48.7931164], [16.8251551, 48.793115], [16.8251554, 48.7931136], [16.8251553, 48.7931122], [16.8251548, 48.7931108], [16.825154, 48.7931095], [16.825153, 48.7931083], [16.8251516, 48.7931072], [16.82515, 48.7931062], [16.8251483, 48.7931055], [16.8251463, 48.7931049], [16.8251442, 48.7931045], [16.8251421, 48.7931044], [16.82514, 48.7931044], [16.8251379, 48.7931047], [16.8251359, 48.7931052], [16.825134, 48.7931059], [16.8251324, 48.7931068]], [[16.8257551, 48.7937632], [16.8257266, 48.7939421], [16.8259974, 48.7939609], [16.8260258, 48.7937821], [16.8257551, 48.7937632]], [[16.8251135, 48.7945687], [16.8251156, 48.7945686], [16.8251177, 48.7945683], [16.8251197, 48.7945678], [16.8251215, 48.7945671], [16.8251232, 48.7945662], [16.8251246, 48.7945652], [16.8251258, 48.794564], [16.8251267, 48.7945627], [16.8251272, 48.7945613], [16.8251274, 48.7945599], [16.8251273, 48.7945585], [16.8251269, 48.7945571], [16.8251261, 48.7945558], [16.825125, 48.7945546], [16.8251237, 48.7945535], [16.8251221, 48.7945526], [16.8251203, 48.7945518], [16.8251184, 48.7945512], [16.8251163, 48.7945509], [16.8251142, 48.7945507], [16.8251121, 48.7945508], [16.82511, 48.7945511], [16.825108, 48.7945516], [16.8251061, 48.7945523], [16.8251045, 48.7945532], [16.825103, 48.7945542], [16.8251019, 48.7945554], [16.825101, 48.7945567], [16.8251004, 48.7945581], [16.8251002, 48.7945595], [16.8251003, 48.7945609], [16.8251008, 48.7945622], [16.8251015, 48.7945636], [16.8251026, 48.7945648], [16.825104, 48.7945659], [16.8251055, 48.7945668], [16.8251073, 48.7945676], [16.8251093, 48.7945682], [16.8251113, 48.7945685], [16.8251135, 48.7945687]], [[16.8266641, 48.7948253], [16.8267478, 48.7948455], [16.826784, 48.7948911], [16.8269204, 48.7948527], [16.826954, 48.7947785], [16.826917, 48.7947377], [16.8268197, 48.7947118], [16.8267492, 48.7947451], [16.8266641, 48.7948253]], [[16.8243271, 48.7941632], [16.8243266, 48.7941618], [16.8243259, 48.7941605], [16.8243248, 48.7941592], [16.8243235, 48.7941581], [16.8243219, 48.7941572], [16.8243201, 48.7941564], [16.8243181, 48.7941559], [16.8243161, 48.7941555], [16.8243139, 48.7941553], [16.8243118, 48.7941554], [16.8243097, 48.7941557], [16.8243077, 48.7941562], [16.8243059, 48.7941569], [16.8243042, 48.7941578], [16.8243028, 48.7941589], [16.8243016, 48.79416], [16.8243007, 48.7941613], [16.8243002, 48.7941627], [16.8243, 48.7941641], [16.8243001, 48.7941655], [16.8243005, 48.7941669], [16.8243013, 48.7941682], [16.8243024, 48.7941694], [16.8243037, 48.7941705], [16.8243053, 48.7941715], [16.8243071, 48.7941722], [16.824309, 48.7941728], [16.8243111, 48.7941732], [16.8243132, 48.7941733], [16.8243154, 48.7941732], [16.8243174, 48.7941729], [16.8243194, 48.7941724], [16.8243213, 48.7941717], [16.8243229, 48.7941709], [16.8243244, 48.7941698], [16.8243255, 48.7941686], [16.8243264, 48.7941673], [16.824327, 48.794166], [16.8243272, 48.7941646], [16.8243271, 48.7941632]], [[16.824376, 48.7942233], [16.824378, 48.7942228], [16.8243798, 48.7942221], [16.8243815, 48.7942212], [16.8243829, 48.7942201], [16.8243841, 48.7942189], [16.8243849, 48.7942177], [16.8243855, 48.7942163], [16.8243857, 48.7942149], [16.8243856, 48.7942135], [16.8243851, 48.7942121], [16.8243844, 48.7942108], [16.8243833, 48.7942096], [16.824382, 48.7942085], [16.8243804, 48.7942075], [16.8243786, 48.7942067], [16.8243766, 48.7942062], [16.8243746, 48.7942058], [16.8243725, 48.7942057], [16.8243703, 48.7942057], [16.8243682, 48.794206], [16.8243662, 48.7942065], [16.8243644, 48.7942072], [16.8243627, 48.7942081], [16.8243613, 48.7942092], [16.8243601, 48.7942104], [16.8243593, 48.7942116], [16.8243587, 48.794213], [16.8243585, 48.7942144], [16.8243586, 48.7942158], [16.824359, 48.7942172], [16.8243598, 48.7942185], [16.8243609, 48.7942197], [16.8243622, 48.7942208], [16.8243638, 48.7942218], [16.8243656, 48.7942226], [16.8243676, 48.7942231], [16.8243696, 48.7942235], [16.8243717, 48.7942236], [16.8243739, 48.7942236], [16.824376, 48.7942233]], [[16.8242316, 48.7942713], [16.8242338, 48.7942715], [16.8242359, 48.7942714], [16.824238, 48.7942711], [16.82424, 48.7942706], [16.8242418, 48.7942699], [16.8242435, 48.794269], [16.8242449, 48.794268], [16.8242461, 48.7942668], [16.8242469, 48.7942655], [16.8242475, 48.7942641], [16.8242477, 48.7942627], [16.8242476, 48.7942613], [16.8242472, 48.7942599], [16.8242464, 48.7942586], [16.8242453, 48.7942574], [16.824244, 48.7942563], [16.8242424, 48.7942553], [16.8242406, 48.7942546], [16.8242387, 48.794254], [16.8242366, 48.7942536], [16.8242345, 48.7942535], [16.8242323, 48.7942536], [16.8242302, 48.7942539], [16.8242283, 48.7942544], [16.8242264, 48.7942551], [16.8242247, 48.794256], [16.8242233, 48.794257], [16.8242222, 48.7942582], [16.8242213, 48.7942595], [16.8242207, 48.7942608], [16.8242205, 48.7942622], [16.8242206, 48.7942637], [16.8242211, 48.794265], [16.8242218, 48.7942664], [16.8242229, 48.7942676], [16.8242242, 48.7942687], [16.8242258, 48.7942696], [16.8242276, 48.7942704], [16.8242296, 48.794271], [16.8242316, 48.7942713]], [[16.8248852, 48.7944279], [16.8251559, 48.7944467], [16.8251844, 48.7942678], [16.8249136, 48.794249], [16.8248852, 48.7944279]], [[16.8284961, 48.7954646], [16.8284191, 48.7954019], [16.8281831, 48.7952467], [16.8279886, 48.7951949], [16.8279309, 48.7952388], [16.8279705, 48.7953085], [16.8281122, 48.7953279], [16.8282178, 48.7953927], [16.8283204, 48.7954764], [16.8284361, 48.7955227], [16.8284961, 48.7954646]], [[16.8286744, 48.7954818], [16.8286314, 48.7954788], [16.8286039, 48.7955152], [16.828631, 48.7955267], [16.8286684, 48.7955197], [16.8286744, 48.7954818]], [[16.82727, 48.7961569], [16.8272985, 48.7959781], [16.8270278, 48.7959592], [16.8269993, 48.7961381], [16.82727, 48.7961569]]]}, "properties": {"id": "c7e7b420-58a8-3741-9b03-239260a9afe4", "names": null, "subtype": "agriculture", "class": "farmland", "surface": null}}, {"type": "Feature", "geometry": {"type": "Polygon", "coordinates": [[[16.8196809, 48.7927039], [16.8198885, 48.7925812], [16.8207418, 48.7920345], [16.8211796, 48.7917479], [16.8223431, 48.7925367], [16.822105, 48.7925479], [16.8219193, 48.7926104], [16.8214921, 48.7928622], [16.8213006, 48.7930026], [16.8211133, 48.793197], [16.8210085, 48.7934412], [16.8210074, 48.7934505], [16.8196809, 48.7927039]]]}, "properties": {"id": "ebf8ab30-4ebf-398e-9b7e-a0a57d489561", "names": null, "subtype": "agriculture", "class": "farmland", "surface": null}}, {"type": "Feature", "geometry": {"type": "Polygon", "coordinates": [[[16.8196809, 48.7927039], [16.8210074, 48.7934505], [16.8210197, 48.7936708], [16.8210084, 48.7940072], [16.8209883, 48.7941105], [16.8209525, 48.7942448], [16.8208914, 48.7943669], [16.8208128, 48.7944766], [16.8207215, 48.794576], [16.8206207, 48.7946655], [16.8204597, 48.7948352], [16.8202885, 48.7949809], [16.8201517, 48.7950812], [16.8196637, 48.7953864], [16.8174064, 48.794147], [16.8177666, 48.7939036], [16.8182199, 48.7936317], [16.8186755, 48.7933321], [16.819374, 48.7929097], [16.8196809, 48.7927039]]]}, "properties": {"id": "ccfcfe10-0af4-343d-bf42-20727fb5762a", "names": null, "subtype": "agriculture", "class": "farmland", "surface": null}}, {"type": "Feature", "geometry": {"type": "Polygon", "coordinates": [[[16.8155595, 48.7944447], [16.8151509, 48.7941737], [16.8138448, 48.7933039], [16.8142403, 48.7930349], [16.814375, 48.7931314], [16.8145066, 48.7930528], [16.8143668, 48.7929591], [16.8174292, 48.7910742], [16.8177753, 48.7908572], [16.8186374, 48.7902947], [16.818986, 48.7900664], [16.8190368, 48.7900644], [16.8191497, 48.7900945], [16.8191723, 48.7901345], [16.8191562, 48.790182], [16.8191161, 48.7903469], [16.8190619, 48.7906566], [16.8189927, 48.7910473], [16.8189552, 48.7913079], [16.8188298, 48.7919395], [16.8188007, 48.7920918], [16.818743, 48.7921356], [16.818258, 48.7924601], [16.8181254, 48.7926849], [16.8172902, 48.7933207], [16.8166444, 48.7937372], [16.8163027, 48.7939634], [16.8159316, 48.7942008], [16.8155595, 48.7944447]], [[16.8189562, 48.7902078], [16.8189633, 48.7902095], [16.8189928, 48.7902202], [16.8189728, 48.7902418], [16.8190106, 48.7902578], [16.8190807, 48.7901753], [16.8190039, 48.7901505], [16.8189562, 48.7902078]]]}, "properties": {"id": "4f966044-c6b8-36bc-988b-6485bfe16005", "names": null, "subtype": "agriculture", "class": "farmland", "surface": null}}, {"type": "Feature", "geometry": {"type": "Polygon", "coordinates": [[[16.8166097, 48.7946614], [16.8174064, 48.794147], [16.8196637, 48.7953864], [16.8188211, 48.7959266], [16.8166097, 48.7946614]]]}, "properties": {"id": "44855a7b-8701-3ca2-9e48-bdb9bca6af29", "names": null, "subtype": "agriculture", "class": "farmland", "surface": null}}, {"type": "Feature", "geometry": {"type": "Polygon", "coordinates": [[[16.8182787, 48.7962388], [16.8180852, 48.7963576], [16.8178327, 48.7965009], [16.8158173, 48.7951379], [16.8160861, 48.7949588], [16.8182787, 48.7962388]], [[16.8163519, 48.7952125], [16.8163481, 48.7952365], [16.8163622, 48.7952636], [16.8163637, 48.7952706], [16.816423, 48.7952782], [16.816467, 48.7952657], [16.81647, 48.795231], [16.8164356, 48.7951992], [16.8163809, 48.7951954], [16.8163519, 48.7952125]]]}, "properties": {"id": "277046bb-c43d-35c4-bdda-102bce8a641c", "names": null, "subtype": "agriculture", "class": "farmland", "surface": null}}, {"type": "Feature", "geometry": {"type": "Polygon", "coordinates": [[[16.8162412, 48.7948528], [16.8184464, 48.7961393], [16.8182787, 48.7962388], [16.8160861, 48.7949588], [16.8162412, 48.7948528]]]}, "properties": {"id": "ab88dfbb-9e6d-39d1-aba3-ba757c6fa59e", "names": null, "subtype": "agriculture", "class": "farmland", "surface": null}}, {"type": "Feature", "geometry": {"type": "Polygon", "coordinates": [[[16.8176607, 48.7970877], [16.8178911, 48.796926], [16.8179895, 48.7968171], [16.8179454, 48.7967964], [16.8184085, 48.7964249], [16.8187807, 48.7961888], [16.8191313, 48.7959924], [16.8200348, 48.7954203], [16.8205076, 48.7951377], [16.8207191, 48.7949974], [16.821308, 48.7957795], [16.8203773, 48.7963453], [16.8196969, 48.7969376], [16.8190995, 48.7974728], [16.8185617, 48.7976691], [16.8181403, 48.7982754], [16.8180388, 48.7983778], [16.8178899, 48.7984048], [16.8176689, 48.7983456], [16.8175424, 48.7982993], [16.8178061, 48.7980613], [16.8184601, 48.7974706], [16.8180538, 48.7972765], [16.8176607, 48.7970877]]]}, "properties": {"id": "f6012304-8e80-30c1-a6ba-1ae5a06c5fe1", "names": null, "subtype": "agriculture", "class": "farmland", "surface": null}}, {"type": "Feature", "geometry": {"type": "Polygon", "coordinates": [[[16.816241, 48.7995758], [16.816332, 48.7994944], [16.8164373, 48.799461], [16.8166542, 48.7993197], [16.8168514, 48.7991806], [16.8169896, 48.7990871], [16.8172895, 48.7989174], [16.8175409, 48.7987719], [16.8176455, 48.7986996], [16.8177448, 48.7985887], [16.8178007, 48.7984903], [16.8179856, 48.7985406], [16.8188984, 48.7987225], [16.8194657, 48.7988389], [16.8195171, 48.7988858], [16.8194932, 48.7989552], [16.8192361, 48.7992621], [16.8189231, 48.7996674], [16.8184646, 48.8002272], [16.8183112, 48.8004143], [16.8180519, 48.8007102], [16.817962, 48.8007978], [16.8178872, 48.8008459], [16.8177008, 48.800962], [16.8173763, 48.8006802], [16.8166864, 48.8000707], [16.8162261, 48.7996697], [16.816241, 48.7995758]]]}, "properties": {"id": "848acf68-7d88-3418-b025-fadb582c5b98", "names": null, "subtype": "agriculture", "class": "meadow", "surface": null}}, {"type": "Feature", "geometry": {"type": "Polygon", "coordinates": [[[16.8160066, 48.7993117], [16.8159081, 48.7992439], [16.8166491, 48.798776], [16.8172747, 48.7984187], [16.8174668, 48.7983322], [16.8177175, 48.798445], [16.8177271, 48.7984882], [16.8176867, 48.7985769], [16.8175987, 48.798677], [16.8174776, 48.7987395], [16.816948, 48.7990641], [16.8166101, 48.7993033], [16.8163989, 48.7994315], [16.8163153, 48.7994363], [16.8162196, 48.7994269], [16.8160066, 48.7993117]]]}, "properties": {"id": "6a9d47ca-3402-3951-bc7e-7365a37a5ea6", "names": null, "subtype": "agriculture", "class": "farmland", "surface": null}}, {"type": "Feature", "geometry": {"type": "Polygon", "coordinates": [[[16.8150208, 48.8006872], [16.8147413, 48.8002681], [16.8144292, 48.7998991], [16.8149908, 48.7996733], [16.8155789, 48.7994129], [16.8156813, 48.7993858], [16.8157146, 48.7993836], [16.8157897, 48.7994105], [16.8158558, 48.7994538], [16.8163473, 48.7999273], [16.8167879, 48.8002495], [16.817008, 48.8004403], [16.8176357, 48.8009596], [16.8172286, 48.8011699], [16.8169441, 48.8008925], [16.8159074, 48.8014877], [16.815812, 48.80152], [16.8157559, 48.8015278], [16.8157022, 48.8015214], [16.8156543, 48.8014873], [16.8156144, 48.8014465], [16.8152099, 48.8009518], [16.8150208, 48.8006872]]]}, "properties": {"id": "328869be-5c00-3fd9-9e32-b33f5ee67ca5", "names": null, "subtype": "agriculture", "class": "meadow", "surface": null}}, {"type": "Feature", "geometry": {"type": "Polygon", "coordinates": [[[16.8188576, 48.803471], [16.818921, 48.8035201], [16.8179634, 48.8039701], [16.8176063, 48.8036252], [16.8174772, 48.8034905], [16.8174364, 48.8033945], [16.8173938, 48.8033355], [16.8173076, 48.8032409], [16.8172078, 48.8031625], [16.8181805, 48.802714], [16.8188576, 48.803471]], [[16.8176925, 48.803149], [16.8174699, 48.8032525], [16.8177835, 48.8035466], [16.8180061, 48.8034431], [16.8176925, 48.803149]]]}, "properties": {"id": "cc328273-74e3-361b-8bc3-a16c207c7815", "names": null, "subtype": "agriculture", "class": "farmland", "surface": null}}, {"type": "Feature", "geometry": {"type": "Polygon", "coordinates": [[[16.8192915, 48.8038182], [16.8197772, 48.8042026], [16.8202156, 48.8045225], [16.8197399, 48.8048031], [16.8195425, 48.8049414], [16.8194298, 48.80503], [16.8193855, 48.8051934], [16.8193306, 48.8052402], [16.8192781, 48.8052486], [16.8192026, 48.805241], [16.8191688, 48.8052242], [16.8191192, 48.8051918], [16.8190711, 48.8051498], [16.8190159, 48.8050374], [16.8188657, 48.804834], [16.8186753, 48.8046543], [16.8185764, 48.8045871], [16.818466, 48.8045239], [16.8183907, 48.8044463], [16.8182607, 48.8042979], [16.8180406, 48.8039557], [16.8189204, 48.8035353], [16.8192915, 48.8038182]]]}, "properties": {"id": "1dae60a0-dc54-3a19-b681-7a845241b100", "names": null, "subtype": "agriculture", "class": "meadow", "surface": null}}, {"type": "Feature", "geometry": {"type": "Polygon", "coordinates": [[[16.8186629, 48.8031535], [16.8181298, 48.8025803], [16.817538, 48.8019963], [16.8173396, 48.801809], [16.8172204, 48.8016717], [16.8171302, 48.801564], [16.8170921, 48.8015079], [16.8170775, 48.8014313], [16.8171146, 48.8013671], [16.817309, 48.8012427], [16.8177964, 48.8009652], [16.8180216, 48.8008162], [16.8181488, 48.8006916], [16.8183912, 48.8003926], [16.8190567, 48.7995877], [16.8195656, 48.7989646], [16.8196208, 48.7988706], [16.8196893, 48.7988899], [16.8197953, 48.7989131], [16.8208658, 48.7991477], [16.8220492, 48.7993902], [16.8231913, 48.7996386], [16.8234504, 48.7997103], [16.8234673, 48.7997986], [16.8235053, 48.8000088], [16.8235378, 48.8002379], [16.823502, 48.8003597], [16.8234647, 48.8004095], [16.8232595, 48.8004753], [16.8228417, 48.8005677], [16.8225795, 48.8005947], [16.8221158, 48.8005738], [16.8219896, 48.800565], [16.8219242, 48.8005961], [16.8217744, 48.8007408], [16.8216511, 48.8008807], [16.8214785, 48.8010305], [16.8214135, 48.8011241], [16.8214054, 48.8012482], [16.8214698, 48.8013409], [16.821605, 48.801546], [16.8217381, 48.8016799], [16.8219003, 48.8017579], [16.8221585, 48.8018648], [16.8223923, 48.8020412], [16.8225435, 48.8021582], [16.8226841, 48.8022751], [16.8227258, 48.802327], [16.8227818, 48.8024073], [16.8228033, 48.8025057], [16.8227698, 48.8026092], [16.8225737, 48.8028302], [16.8224527, 48.8029098], [16.8223648, 48.8029497], [16.8221491, 48.8029596], [16.8219289, 48.8029557], [16.8216443, 48.8029427], [16.8214915, 48.8029769], [16.8213133, 48.8030579], [16.8212502, 48.8031197], [16.8212509, 48.8032076], [16.8213402, 48.8033244], [16.8214428, 48.8034361], [16.821542, 48.803564], [16.8215893, 48.8036669], [16.8215791, 48.8037837], [16.8215176, 48.8039065], [16.8214236, 48.8040334], [16.821399, 48.8041874], [16.821299, 48.8043095], [16.8211906, 48.8043998], [16.8210752, 48.8044496], [16.8209368, 48.8044756], [16.8207672, 48.8044861], [16.8204523, 48.8045237], [16.820352, 48.8045212], [16.8201926, 48.8044256], [16.8199344, 48.8042341], [16.8194847, 48.8038958], [16.8190312, 48.8035395], [16.8188739, 48.8034307], [16.8188082, 48.8033371], [16.8186629, 48.8031535]]]}, "properties": {"id": "9ae53688-63a5-3a31-a284-c27f5aad921b", "names": null, "subtype": "agriculture", "class": "meadow", "surface": null}}, {"type": "Feature", "geometry": {"type": "Polygon", "coordinates": [[[16.8205816, 48.8047843], [16.8207477, 48.8047027], [16.8210385, 48.8046535], [16.821376, 48.8045814], [16.8214771, 48.8045132], [16.8217183, 48.8042773], [16.821763, 48.8041159], [16.8218923, 48.8039535], [16.8219065, 48.8038166], [16.8218791, 48.8036254], [16.8218486, 48.8034147], [16.8218181, 48.8033076], [16.8218354, 48.8032483], [16.8219125, 48.8032017], [16.8220335, 48.8031737], [16.822371, 48.8031641], [16.8225738, 48.8031002], [16.8228695, 48.8029453], [16.8230422, 48.8027614], [16.8231121, 48.8026362], [16.8231043, 48.8025095], [16.8230827, 48.8023923], [16.822963, 48.8022058], [16.8228061, 48.8020794], [16.8224068, 48.8017902], [16.8221226, 48.8016649], [16.8219003, 48.8015223], [16.8218071, 48.8013756], [16.8217959, 48.8012757], [16.8218511, 48.8011898], [16.8219861, 48.8010496], [16.8220975, 48.8009455], [16.8222148, 48.8008512], [16.8223304, 48.8007951], [16.8224988, 48.8007596], [16.8228457, 48.8007262], [16.8232223, 48.8007232], [16.8234835, 48.8006517], [16.823689, 48.8005367], [16.8238093, 48.800404], [16.8238026, 48.8002583], [16.823784, 48.7999132], [16.8237385, 48.7996666], [16.8245373, 48.7998235], [16.8257588, 48.8000374], [16.8276442, 48.8003524], [16.8301802, 48.8007468], [16.8300695, 48.8008567], [16.8291972, 48.8012234], [16.8285747, 48.8013895], [16.8285297, 48.8014791], [16.8284751, 48.8016387], [16.8284562, 48.8017], [16.8283095, 48.8018047], [16.8281709, 48.8018674], [16.8278007, 48.8019999], [16.8276866, 48.8020351], [16.8275301, 48.8020833], [16.8273223, 48.8022182], [16.8271653, 48.8023201], [16.8264102, 48.8026769], [16.8256963, 48.8030278], [16.8255001, 48.8031351], [16.8254071, 48.803186], [16.8253138, 48.803237], [16.8250695, 48.803351], [16.8243888, 48.8036688], [16.823706, 48.8039506], [16.8224857, 48.8045798], [16.8222766, 48.8047121], [16.8222223, 48.8050109], [16.8222492, 48.8051373], [16.8224012, 48.8053214], [16.8224367, 48.8054676], [16.8223661, 48.805626], [16.8222668, 48.8057261], [16.8222319, 48.8057391], [16.822201, 48.8057351], [16.8221797, 48.8057228], [16.8221486, 48.8056519], [16.8220886, 48.8055645], [16.8220344, 48.8055011], [16.8217847, 48.8053551], [16.8215278, 48.8052393], [16.8208778, 48.8049361], [16.8206408, 48.8048217], [16.8205816, 48.8047843]]]}, "properties": {"id": "28d44513-a6bd-3135-bc41-a4e0b28ce5b5", "names": null, "subtype": "agriculture", "class": "meadow", "surface": null}}, {"type": "Feature", "geometry": {"type": "Polygon", "coordinates": [[[16.8181041, 48.7984069], [16.8182671, 48.7981831], [16.8186085, 48.7976815], [16.8189952, 48.7975401], [16.8191341, 48.797501], [16.8193318, 48.7973167], [16.8197815, 48.7969257], [16.820414, 48.7963665], [16.8204644, 48.7963339], [16.8211697, 48.7959272], [16.8214034, 48.7958096], [16.8225177, 48.7958943], [16.826847, 48.7975959], [16.8266182, 48.7977053], [16.8264444, 48.797898], [16.826301, 48.7979821], [16.8260494, 48.7981093], [16.8255517, 48.7985702], [16.8253009, 48.7988873], [16.8250995, 48.7990309], [16.8250507, 48.7990689], [16.8248651, 48.799151], [16.8244572, 48.7992284], [16.8239583, 48.7992155], [16.8238004, 48.7992271], [16.8236608, 48.799287], [16.8236117, 48.7993804], [16.8235864, 48.7995123], [16.8226385, 48.799329], [16.8217614, 48.7991468], [16.81969, 48.7987369], [16.8181041, 48.7984069]]]}, "properties": {"id": "f520e74b-1618-3af8-a908-4eeadaee384f", "names": null, "subtype": "agriculture", "class": "meadow", "surface": null}}, {"type": "Feature", "geometry": {"type": "Polygon", "coordinates": [[[16.8349818, 48.7970635], [16.8350356, 48.7969783], [16.8350489, 48.7968102], [16.8350594, 48.7967361], [16.8350752, 48.7966896], [16.8350845, 48.7966623], [16.8352083, 48.7965596], [16.8352332, 48.7965495], [16.8352827, 48.7963471], [16.8353304, 48.7962394], [16.8354925, 48.7961572], [16.8356572, 48.7960916], [16.8358194, 48.7960517], [16.8360562, 48.796064], [16.8364951, 48.7961075], [16.8369143, 48.7961827], [16.8376223, 48.7962409], [16.838027, 48.7962862], [16.8382902, 48.7964193], [16.8387594, 48.7965116], [16.8390297, 48.7964362], [16.8391308, 48.7963668], [16.8392609, 48.7963591], [16.8395745, 48.7964189], [16.8403691, 48.7966145], [16.8406177, 48.7966341], [16.8406742, 48.7966428], [16.8407939, 48.7966762], [16.8408401, 48.7966926], [16.8408889, 48.7967163], [16.8409658, 48.7967967], [16.8409075, 48.796964], [16.8409173, 48.7969934], [16.840932, 48.7970148], [16.841063, 48.797177], [16.8410105, 48.7974789], [16.8409804, 48.7975074], [16.840972, 48.7975379], [16.8409716, 48.797563], [16.8409888, 48.7975799], [16.8410125, 48.7975892], [16.8410515, 48.7975768], [16.8411074, 48.7974934], [16.8411272, 48.7974762], [16.841148, 48.7974702], [16.8412121, 48.7974779], [16.8412791, 48.7975323], [16.8412866, 48.797582], [16.841245, 48.7978818], [16.8409378, 48.7981503], [16.8407441, 48.7982518], [16.8406567, 48.7983374], [16.8405053, 48.7984025], [16.8399408, 48.7984479], [16.8393606, 48.7985154], [16.8387144, 48.7986025], [16.8380835, 48.7987283], [16.8374699, 48.7988625], [16.8371601, 48.7989342], [16.8369677, 48.7990317], [16.8368674, 48.7990608], [16.8368179, 48.7991449], [16.836819, 48.7995521], [16.83663, 48.799509], [16.8356669, 48.7999053], [16.8346552, 48.8001673], [16.8342102, 48.8002178], [16.8337663, 48.8002226], [16.8334709, 48.8001798], [16.8322281, 48.8000401], [16.831916, 48.8000184], [16.8315993, 48.8000676], [16.8308017, 48.800313], [16.8304689, 48.8004436], [16.8303065, 48.8005264], [16.8301854, 48.8005993], [16.8301277, 48.8005917], [16.8302773, 48.8001337], [16.8298214, 48.800065], [16.829526, 48.8000119], [16.8285534, 48.799853], [16.8283564, 48.8002996], [16.828118, 48.8002485], [16.8268035, 48.8000281], [16.8257469, 48.7998746], [16.8245757, 48.799682], [16.8237656, 48.7995412], [16.8237635, 48.7994948], [16.8237728, 48.7994367], [16.8238394, 48.7993728], [16.8239048, 48.7993417], [16.8243053, 48.7993562], [16.8245626, 48.799343], [16.8247422, 48.799311], [16.8249901, 48.7992303], [16.8252544, 48.7990885], [16.8253876, 48.7989687], [16.8255145, 48.7988041], [16.825659, 48.7986545], [16.8257999, 48.7985302], [16.8259656, 48.7983326], [16.8260655, 48.7982408], [16.8262071, 48.7981528], [16.8263644, 48.7980925], [16.8264605, 48.7980369], [16.8265563, 48.7979412], [16.8267679, 48.7977513], [16.8268906, 48.7976975], [16.8270458, 48.7976505], [16.8272965, 48.7976505], [16.8273946, 48.797665], [16.8274579, 48.7976796], [16.8275573, 48.7976865], [16.8277069, 48.7976688], [16.8279347, 48.7976209], [16.8281738, 48.7975807], [16.828423, 48.7975444], [16.8285883, 48.7975253], [16.8286856, 48.7974963], [16.8287475, 48.797447], [16.8287829, 48.7973704], [16.8288253, 48.7973223], [16.8290192, 48.7972314], [16.8291755, 48.79722], [16.8293174, 48.7972566], [16.8294449, 48.7973411], [16.8295441, 48.797477], [16.8296789, 48.7978111], [16.8297261, 48.797979], [16.829805, 48.798158], [16.8298354, 48.7982625], [16.8298169, 48.7983617], [16.8297788, 48.7984748], [16.8297463, 48.7985526], [16.8297543, 48.7986288], [16.8298056, 48.7986857], [16.8299342, 48.7987214], [16.8301495, 48.7987185], [16.8303345, 48.7986958], [16.8306623, 48.7985762], [16.8311412, 48.7983514], [16.831631, 48.7981007], [16.8320798, 48.7978115], [16.8321272, 48.7977583], [16.832214, 48.7975508], [16.8322619, 48.7973761], [16.8323203, 48.7973045], [16.8324447, 48.797282], [16.8325461, 48.7973202], [16.8328204, 48.797495], [16.8330451, 48.7976441], [16.8332146, 48.7977181], [16.8334044, 48.7977491], [16.8335379, 48.7977539], [16.8336969, 48.7977249], [16.8339475, 48.7976266], [16.8343541, 48.7974769], [16.8345596, 48.7973666], [16.8347811, 48.7972276], [16.8349818, 48.7970635]], [[16.8366102, 48.7966308], [16.8366639, 48.7964555], [16.8361157, 48.7964133], [16.8360967, 48.7965739], [16.8366102, 48.7966308]], [[16.8383503, 48.7968926], [16.8386434, 48.7969285], [16.8387152, 48.7967426], [16.8384115, 48.7967047], [16.8383503, 48.7968926]], [[16.8400421, 48.7970285], [16.8400369, 48.7970412], [16.8403304, 48.7970747], [16.8403794, 48.7968915], [16.8400776, 48.7968538], [16.8400421, 48.7970285]]]}, "properties": {"id": "093d2612-1efc-3f87-979e-4281e6941cbf", "names": null, "subtype": "agriculture", "class": "meadow", "surface": null}}, {"type": "Feature", "geometry": {"type": "Polygon", "coordinates": [[[16.8243888, 48.8036688], [16.8250695, 48.803351], [16.827873, 48.8037681], [16.8285508, 48.803906], [16.8290438, 48.8039466], [16.8294382, 48.8039263], [16.8297709, 48.8038371], [16.8299, 48.803732], [16.8299109, 48.8037008], [16.8299496, 48.8035895], [16.8299496, 48.8032851], [16.8297832, 48.8029036], [16.8293704, 48.8027128], [16.8293211, 48.8025586], [16.829372, 48.802395], [16.8290931, 48.8021121], [16.8288589, 48.8021121], [16.8287295, 48.8020999], [16.8286494, 48.8020634], [16.8286494, 48.8020025], [16.8287234, 48.8019457], [16.8289021, 48.8018686], [16.8293642, 48.8014465], [16.8295739, 48.8012936], [16.8302274, 48.8012669], [16.8296819, 48.8015831], [16.8294876, 48.8018428], [16.8306302, 48.8031302], [16.8307294, 48.8031867], [16.8308206, 48.8032079], [16.8309252, 48.8032084], [16.8312249, 48.8031435], [16.8312798, 48.8031149], [16.8313241, 48.8030555], [16.8315841, 48.8023478], [16.8316308, 48.8022801], [16.8317055, 48.802234], [16.8318082, 48.8022524], [16.832023, 48.8024247], [16.8322425, 48.8025477], [16.8323437, 48.8026345], [16.8326106, 48.8028633], [16.8322719, 48.8030683], [16.8320057, 48.8032836], [16.8317957, 48.8033703], [16.8316249, 48.803399], [16.8314905, 48.8034337], [16.8313779, 48.8034851], [16.8312689, 48.8035629], [16.8309601, 48.8038776], [16.8306749, 48.8040953], [16.8302226, 48.8042795], [16.8299157, 48.8044386], [16.8295578, 48.8045523], [16.829536, 48.804479], [16.829449, 48.804115], [16.826625, 48.803754], [16.82605, 48.80372], [16.8243888, 48.8036688]]]}, "properties": {"id": "aff3fc11-0564-3e31-b20d-373495ade794", "names": null, "subtype": "agriculture", "class": "meadow", "surface": null}}, {"type": "Feature", "geometry": {"type": "Polygon", "coordinates": [[[16.831628, 48.804623], [16.831485, 48.804526], [16.831167, 48.8045006], [16.8311846, 48.8044492], [16.8313804, 48.8041402], [16.8316518, 48.8038783], [16.8318464, 48.8041039], [16.83209, 48.804193], [16.832301, 48.804159], [16.832659, 48.804318], [16.83256, 48.804416], [16.8327, 48.804511], [16.833064, 48.804438], [16.833141, 48.804491], [16.833196, 48.804591], [16.833179, 48.804798], [16.8331192, 48.804799], [16.8330896, 48.8047995], [16.8327838, 48.8047925], [16.8326175, 48.8048101], [16.832177, 48.8049587], [16.832006, 48.804695], [16.832004, 48.804686], [16.831921, 48.804575], [16.831883, 48.804548], [16.831628, 48.804623]], [[16.8325649, 48.8047283], [16.83263, 48.8047428], [16.8326765, 48.8047141], [16.8326633, 48.8046737], [16.8325931, 48.8046585], [16.8324382, 48.8044682], [16.8324571, 48.8044535], [16.8324606, 48.8044445], [16.8324619, 48.8044326], [16.832454, 48.8044135], [16.8324402, 48.8044007], [16.8324149, 48.8043895], [16.8323774, 48.8043877], [16.8323448, 48.8043911], [16.8323338, 48.8044026], [16.8323255, 48.8044157], [16.8323214, 48.8044282], [16.832321, 48.8044404], [16.8320494, 48.8045347], [16.8319937, 48.8045255], [16.8319445, 48.8045421], [16.8319267, 48.8045773], [16.8319548, 48.8046118], [16.832007, 48.8046201], [16.8320158, 48.8046175], [16.8321701, 48.8048053], [16.8321479, 48.8048611], [16.832259, 48.8048821], [16.8322823, 48.8048282], [16.8325649, 48.8047283]]]}, "properties": {"id": "f0552987-4715-3099-bd4d-f6d1dff06bab", "names": null, "subtype": "managed", "class": "grass", "surface": null}}, {"type": "Feature", "geometry": {"type": "Polygon", "coordinates": [[[16.8345103, 48.804472], [16.8343454, 48.8044401], [16.8341666, 48.8043741], [16.8338699, 48.8042233], [16.8338072, 48.8041322], [16.8337356, 48.8040442], [16.833851, 48.8040504], [16.8343543, 48.8040903], [16.8346299, 48.8041035], [16.8347679, 48.804088], [16.835133, 48.8038556], [16.8354428, 48.8036988], [16.8355403, 48.8037056], [16.8356989, 48.8037647], [16.8357952, 48.8041654], [16.8354696, 48.8044113], [16.8353678, 48.8045048], [16.835216, 48.80459], [16.8350449, 48.8045601], [16.8349663, 48.8044331], [16.8345103, 48.804472]], [[16.8347688, 48.8042234], [16.8348004, 48.8042639], [16.8348052, 48.8042622], [16.834866, 48.8043362], [16.8349063, 48.8043221], [16.8348869, 48.8042979], [16.8348772, 48.8043013], [16.8348369, 48.804251], [16.8348466, 48.8042476], [16.8348154, 48.8042075], [16.8347688, 48.8042234]]]}, "properties": {"id": "10c630a8-b5e8-3f72-9ad4-6d87342b15cb", "names": null, "subtype": "agriculture", "class": "meadow", "surface": null}}, {"type": "Feature", "geometry": {"type": "Polygon", "coordinates": [[[16.8296107, 48.7938896], [16.8261465, 48.792902], [16.8250251, 48.7925216], [16.8244964, 48.7923477], [16.8258205, 48.7915456], [16.8259517, 48.7916243], [16.8261087, 48.7916352], [16.8262525, 48.7916229], [16.8268896, 48.7915938], [16.8275134, 48.7915608], [16.8282352, 48.7915153], [16.8298623, 48.7914005], [16.8299304, 48.7914301], [16.8300121, 48.7915042], [16.8301068, 48.7916157], [16.8301055, 48.791889], [16.8300676, 48.7922112], [16.8300672, 48.7924247], [16.8301046, 48.7924851], [16.8301626, 48.7925426], [16.830244, 48.7925794], [16.8304114, 48.7925821], [16.8348459, 48.7924257], [16.8361203, 48.7923984], [16.8378199, 48.792331], [16.8381165, 48.7923306], [16.8384216, 48.7923247], [16.8385613, 48.7923264], [16.8386341, 48.7923656], [16.837701, 48.7928029], [16.8375464, 48.7928683], [16.8368425, 48.7931622], [16.836587, 48.7932913], [16.836508, 48.7933659], [16.8364713, 48.7934701], [16.8364031, 48.7937301], [16.8363922, 48.7939251], [16.8363735, 48.794138], [16.8363346, 48.7942151], [16.8362965, 48.794273], [16.8362398, 48.7943106], [16.8361217, 48.794355], [16.8356327, 48.7944374], [16.8349998, 48.7945759], [16.8344004, 48.7947688], [16.8326555, 48.795204], [16.8323395, 48.7953333], [16.8322158, 48.795436], [16.8322118, 48.7956148], [16.8322556, 48.7959415], [16.8323223, 48.7960212], [16.8324196, 48.7960632], [16.8326652, 48.7961078], [16.8331491, 48.7961462], [16.8340826, 48.7959239], [16.834516, 48.7958248], [16.8346375, 48.7958348], [16.8347548, 48.7958717], [16.8349394, 48.7959706], [16.835085, 48.7960573], [16.8351743, 48.796164], [16.8351189, 48.7963049], [16.8350715, 48.7965038], [16.8349785, 48.7966664], [16.8349746, 48.7967476], [16.8349515, 48.7969626], [16.83487, 48.7970949], [16.8346272, 48.7972513], [16.8343749, 48.7973806], [16.8340504, 48.797508], [16.8335933, 48.7976674], [16.8333972, 48.797676], [16.8332731, 48.797654], [16.8331231, 48.7975855], [16.832948, 48.7974825], [16.8326533, 48.7972754], [16.8325133, 48.7972146], [16.8324018, 48.7972021], [16.8323033, 48.7972085], [16.8322093, 48.7972509], [16.8321657, 48.7973053], [16.8320188, 48.797713], [16.8319404, 48.7978017], [16.8315819, 48.798016], [16.8310836, 48.7982494], [16.830676, 48.798448], [16.8303191, 48.7985775], [16.8300967, 48.7986099], [16.830012, 48.798596], [16.8299318, 48.7985538], [16.8299163, 48.7984841], [16.829935, 48.7984121], [16.8299774, 48.7983129], [16.8299501, 48.7981574], [16.8297301, 48.7975604], [16.8296651, 48.7974379], [16.8295743, 48.7973126], [16.8294576, 48.7972022], [16.8292941, 48.797133], [16.8291819, 48.7971207], [16.8290227, 48.7971205], [16.828845, 48.7971146], [16.8287939, 48.7971173], [16.8287439, 48.7971283], [16.8286853, 48.7970412], [16.8286581, 48.7967361], [16.8286758, 48.7963412], [16.8286707, 48.7962269], [16.8289703, 48.7954538], [16.8295936, 48.7939315], [16.8296107, 48.7938896]], [[16.8259068, 48.7920731], [16.8260029, 48.7920607], [16.8259835, 48.7920003], [16.8258917, 48.7920163], [16.8259068, 48.7920731]]]}, "properties": {"id": "e5a6c160-bed5-353e-9309-f46480090265", "names": null, "subtype": "agriculture", "class": "meadow", "surface": null}}, {"type": "Feature", "geometry": {"type": "Polygon", "coordinates": [[[16.8295377, 48.7913128], [16.8293622, 48.79134], [16.8291413, 48.7913629], [16.8279049, 48.7913821], [16.8271589, 48.791417], [16.8265005, 48.7914264], [16.8261752, 48.7914065], [16.826134, 48.7912698], [16.8262653, 48.790474], [16.8262419, 48.790348], [16.826169, 48.79026], [16.8260603, 48.7901667], [16.8259782, 48.7900497], [16.8259955, 48.7898503], [16.826029, 48.7898236], [16.826085, 48.7898114], [16.8261901, 48.7897986], [16.8264263, 48.7897602], [16.826612, 48.7897157], [16.826639, 48.7896521], [16.8267177, 48.7896129], [16.8268755, 48.789592], [16.8271362, 48.7895463], [16.827557, 48.7893746], [16.8276769, 48.7893797], [16.8278831, 48.7894339], [16.8279691, 48.7894399], [16.8280881, 48.7894657], [16.8281843, 48.7894373], [16.8284113, 48.7893159], [16.8284476, 48.789285], [16.8285179, 48.7892675], [16.8286088, 48.7892579], [16.828734, 48.7891836], [16.8290488, 48.7890412], [16.8291997, 48.7890182], [16.8293529, 48.7890416], [16.829584, 48.7890306], [16.8299469, 48.7890255], [16.8303081, 48.7890458], [16.8309069, 48.7890299], [16.8312284, 48.7890268], [16.8324669, 48.789158], [16.832718, 48.7891621], [16.832972, 48.7891486], [16.8331647, 48.7891309], [16.8334156, 48.7891165], [16.8339533, 48.7889991], [16.8343183, 48.7889351], [16.8347445, 48.7889264], [16.8352728, 48.788944], [16.8358038, 48.7890048], [16.8364601, 48.7890982], [16.83672, 48.7891467], [16.8368535, 48.7891893], [16.8369545, 48.7892342], [16.8371143, 48.789386], [16.8371688, 48.7894493], [16.8371516, 48.7895148], [16.8370509, 48.7896177], [16.8369362, 48.7896863], [16.8368978, 48.7897597], [16.8368634, 48.7898407], [16.8368093, 48.7899231], [16.8368211, 48.7899702], [16.836881, 48.7900345], [16.8368952, 48.7901874], [16.8369378, 48.7902989], [16.8370036, 48.7904034], [16.8370752, 48.7905429], [16.8371626, 48.7906765], [16.8371785, 48.790759], [16.8371717, 48.7907849], [16.8371487, 48.7908095], [16.8369997, 48.7908192], [16.8366393, 48.7908792], [16.8354771, 48.790883], [16.8346624, 48.7908977], [16.83292, 48.7909191], [16.8329381, 48.7909737], [16.835202, 48.7909663], [16.8359481, 48.7909807], [16.8361392, 48.790978], [16.836648, 48.790951], [16.8367678, 48.7909722], [16.8369094, 48.7909772], [16.837021, 48.7909738], [16.8371244, 48.7909529], [16.8373569, 48.790969], [16.8375145, 48.7910334], [16.837733, 48.7912178], [16.8378139, 48.7913462], [16.8378423, 48.7914869], [16.8378597, 48.7916812], [16.8378777, 48.791735], [16.8379152, 48.7917871], [16.8379702, 48.7918515], [16.8380506, 48.7919225], [16.8382183, 48.7920555], [16.8382265, 48.792133], [16.8381977, 48.7921854], [16.8381237, 48.792221], [16.8379173, 48.792245], [16.837573, 48.792262], [16.8364635, 48.7923094], [16.8340329, 48.7923806], [16.8310091, 48.7924965], [16.8304953, 48.7925061], [16.8303541, 48.7924918], [16.8302691, 48.7924678], [16.8302293, 48.7923745], [16.8302387, 48.7920583], [16.830268, 48.7916167], [16.830327, 48.7914171], [16.8302372, 48.7913132], [16.8301421, 48.7912554], [16.8295377, 48.7913128]], [[16.8293848, 48.789449], [16.8293826, 48.7894491], [16.8293806, 48.7894494], [16.8293786, 48.7894499], [16.8293767, 48.7894506], [16.8293751, 48.7894515], [16.8293736, 48.7894525], [16.8293725, 48.7894537], [16.8293716, 48.789455], [16.829371, 48.7894563], [16.8293708, 48.7894577], [16.8293709, 48.7894591], [16.8293714, 48.7894605], [16.8293721, 48.7894618], [16.8293732, 48.7894631], [16.8293746, 48.7894642], [16.8293761, 48.7894651], [16.8293779, 48.7894659], [16.8293799, 48.7894665], [16.8293819, 48.7894668], [16.8293841, 48.789467], [16.8293862, 48.7894669], [16.8293883, 48.7894666], [16.8293903, 48.7894661], [16.8293921, 48.7894654], [16.8293938, 48.7894645], [16.8293952, 48.7894635], [16.8293964, 48.7894623], [16.8293973, 48.789461], [16.8293978, 48.7894596], [16.829398, 48.7894582], [16.8293979, 48.7894568], [16.8293975, 48.7894554], [16.8293967, 48.7894541], [16.8293956, 48.7894529], [16.8293943, 48.7894518], [16.8293927, 48.7894508], [16.8293909, 48.7894501], [16.829389, 48.7894495], [16.8293869, 48.7894491], [16.8293848, 48.789449]], [[16.8287976, 48.7900967], [16.8287544, 48.7901176], [16.8287868, 48.7901414], [16.8288308, 48.7901157], [16.8287976, 48.7900967]], [[16.8284502, 48.7900205], [16.828448, 48.7900205], [16.8284459, 48.7900208], [16.8284439, 48.7900213], [16.8284421, 48.790022], [16.8284404, 48.7900229], [16.828439, 48.790024], [16.8284378, 48.7900252], [16.828437, 48.7900264], [16.8284364, 48.7900278], [16.8284362, 48.7900292], [16.8284363, 48.7900306], [16.8284368, 48.790032], [16.8284375, 48.7900333], [16.8284386, 48.7900345], [16.8284399, 48.7900356], [16.8284415, 48.7900366], [16.8284433, 48.7900374], [16.8284453, 48.7900379], [16.8284473, 48.7900383], [16.8284494, 48.7900384], [16.8284516, 48.7900384], [16.8284537, 48.7900381], [16.8284557, 48.7900376], [16.8284575, 48.7900369], [16.8284592, 48.790036], [16.8284606, 48.7900349], [16.8284618, 48.7900337], [16.8284626, 48.7900325], [16.8284632, 48.7900311], [16.8284634, 48.7900297], [16.8284633, 48.7900283], [16.8284629, 48.7900269], [16.8284621, 48.7900256], [16.828461, 48.7900244], [16.8284597, 48.7900233], [16.8284581, 48.7900223], [16.8284563, 48.7900215], [16.8284544, 48.790021], [16.8284523, 48.7900206], [16.8284502, 48.7900205]], [[16.8274036, 48.7902266], [16.827401, 48.7902273], [16.8273986, 48.7902282], [16.8273964, 48.7902293], [16.8273946, 48.7902307], [16.8273931, 48.7902322], [16.8273919, 48.7902339], [16.8273912, 48.7902357], [16.8273909, 48.7902375], [16.8273911, 48.7902393], [16.8273917, 48.7902411], [16.8273926, 48.7902429], [16.827394, 48.7902444], [16.8273958, 48.7902459], [16.8273978, 48.7902471], [16.8274002, 48.7902481], [16.8274027, 48.7902488], [16.8274054, 48.7902493], [16.8274082, 48.7902495], [16.8274109, 48.7902494], [16.8274136, 48.790249], [16.8274162, 48.7902484], [16.8274186, 48.7902475], [16.8274208, 48.7902463], [16.8274227, 48.7902449], [16.8274242, 48.7902434], [16.8274253, 48.7902417], [16.827426, 48.79024], [16.8274263, 48.7902381], [16.8274262, 48.7902363], [16.8274256, 48.7902345], [16.8274246, 48.7902328], [16.8274232, 48.7902312], [16.8274215, 48.7902298], [16.8274194, 48.7902285], [16.8274171, 48.7902275], [16.8274145, 48.7902268], [16.8274118, 48.7902263], [16.8274091, 48.7902261], [16.8274063, 48.7902262], [16.8274036, 48.7902266]], [[16.8272426, 48.7907322], [16.8272406, 48.7907327], [16.8272388, 48.7907334], [16.8272371, 48.7907343], [16.8272357, 48.7907353], [16.8272345, 48.7907365], [16.8272337, 48.7907378], [16.8272331, 48.7907391], [16.8272329, 48.7907406], [16.827233, 48.790742], [16.8272335, 48.7907433], [16.8272342, 48.7907447], [16.8272353, 48.7907459], [16.8272366, 48.790747], [16.8272382, 48.7907479], [16.82724, 48.7907487], [16.827242, 48.7907493], [16.827244, 48.7907496], [16.8272461, 48.7907498], [16.8272483, 48.7907497], [16.8272504, 48.7907494], [16.8272524, 48.7907489], [16.8272542, 48.7907482], [16.8272559, 48.7907473], [16.8272573, 48.7907463], [16.8272585, 48.7907451], [16.8272593, 48.7907438], [16.8272599, 48.7907424], [16.8272601, 48.790741], [16.82726, 48.7907396], [16.8272596, 48.7907382], [16.8272588, 48.7907369], [16.8272577, 48.7907357], [16.8272564, 48.7907346], [16.8272548, 48.7907337], [16.827253, 48.7907329], [16.8272511, 48.7907323], [16.827249, 48.7907319], [16.8272469, 48.7907318], [16.8272447, 48.7907319], [16.8272426, 48.7907322]]]}, "properties": {"id": "09a7a873-c2f1-3613-ab9f-d88a8a9c30a6", "names": null, "subtype": "agriculture", "class": "meadow", "surface": null}}, {"type": "Feature", "geometry": {"type": "Polygon", "coordinates": [[[16.8327446, 48.7888215], [16.8323249, 48.7887694], [16.832179, 48.7887578], [16.8318244, 48.7887392], [16.8313544, 48.7886806], [16.8311917, 48.7886454], [16.8310332, 48.7886057], [16.8309884, 48.7885531], [16.8309707, 48.7885146], [16.8309658, 48.7884769], [16.8309738, 48.7884402], [16.831077, 48.7883128], [16.8311803, 48.7882513], [16.8313259, 48.7881173], [16.8315471, 48.7879385], [16.8320991, 48.7874795], [16.8326849, 48.7870228], [16.8331508, 48.7866797], [16.8332095, 48.7866253], [16.833225, 48.7865491], [16.8332252, 48.7864832], [16.8332125, 48.7864119], [16.833136, 48.7863088], [16.8329673, 48.7861585], [16.8327182, 48.7860162], [16.8326688, 48.7859809], [16.8326347, 48.7859354], [16.8326226, 48.7858822], [16.8327051, 48.7856846], [16.833121, 48.7848595], [16.833322, 48.7844056], [16.8341007, 48.7825386], [16.8342242, 48.7822735], [16.834327, 48.7821329], [16.8343782, 48.7821368], [16.834968, 48.7824241], [16.8340147, 48.7848108], [16.8355348, 48.7856132], [16.8362709, 48.786016], [16.8367936, 48.7862952], [16.8369318, 48.7863681], [16.837103, 48.7864757], [16.8371501, 48.7865436], [16.8371633, 48.7865971], [16.8371273, 48.7866186], [16.8369569, 48.7866426], [16.8367423, 48.7866633], [16.836253, 48.7868048], [16.834592, 48.7873046], [16.8337638, 48.7875741], [16.832987, 48.7878145], [16.8324909, 48.7879574], [16.8323336, 48.7880143], [16.8322841, 48.7880509], [16.8322582, 48.7880909], [16.8322463, 48.7881421], [16.8322711, 48.7881715], [16.8322917, 48.7881858], [16.8323309, 48.7881853], [16.8326831, 48.7880914], [16.8330232, 48.7879713], [16.8342916, 48.7875668], [16.834837, 48.7874055], [16.8364871, 48.7868956], [16.8366467, 48.786855], [16.8368167, 48.7868205], [16.8369383, 48.7868085], [16.8379327, 48.7867494], [16.8385573, 48.7867249], [16.8389925, 48.7867034], [16.8399511, 48.7866795], [16.8404941, 48.7866558], [16.84104, 48.7866033], [16.8411401, 48.7866102], [16.8412275, 48.7866225], [16.8414652, 48.786667], [16.8416984, 48.7867252], [16.8419317, 48.7867973], [16.8420899, 48.7868534], [16.8421468, 48.7868878], [16.8421872, 48.7869208], [16.842256, 48.7870009], [16.8423543, 48.7871714], [16.8424082, 48.7873452], [16.8423914, 48.7873688], [16.8423528, 48.7873963], [16.8423248, 48.7874288], [16.8422818, 48.7874538], [16.8422388, 48.7874681], [16.8421865, 48.7875009], [16.8419327, 48.7875635], [16.8418143, 48.7875861], [16.8417826, 48.7876011], [16.8417524, 48.787627], [16.8416993, 48.7876523], [16.8411867, 48.787773], [16.8408273, 48.7878503], [16.8405726, 48.7879155], [16.8397843, 48.7881056], [16.838845, 48.7883204], [16.8381242, 48.7884942], [16.8374778, 48.7886441], [16.8367669, 48.7887879], [16.8365176, 48.7888251], [16.8364342, 48.7888308], [16.8363318, 48.7888323], [16.8360772, 48.7888075], [16.8355646, 48.7887389], [16.8351136, 48.7886978], [16.8344103, 48.78868], [16.8342933, 48.7886865], [16.8341739, 48.7886997], [16.8335933, 48.7888314], [16.8333854, 48.7888632], [16.8331775, 48.7888588], [16.8327446, 48.7888215]], [[16.8330062, 48.7855715], [16.8329998, 48.7855717], [16.8329936, 48.7855726], [16.8329876, 48.7855741], [16.832982, 48.7855762], [16.8329771, 48.7855789], [16.8329728, 48.785582], [16.8329693, 48.7855856], [16.8329667, 48.7855895], [16.832965, 48.7855936], [16.8329643, 48.7855978], [16.8329647, 48.785602], [16.832966, 48.7856061], [16.8329683, 48.7856101], [16.8329715, 48.7856137], [16.8329755, 48.785617], [16.8329803, 48.7856199], [16.8329857, 48.7856222], [16.8329915, 48.7856239], [16.8329977, 48.785625], [16.8330041, 48.7856254], [16.8330105, 48.7856252], [16.8330168, 48.7856243], [16.8330227, 48.7856228], [16.8330283, 48.7856207], [16.8330333, 48.785618], [16.8330375, 48.7856149], [16.833041, 48.7856113], [16.8330436, 48.7856075], [16.8330453, 48.7856034], [16.833046, 48.7855992], [16.8330456, 48.7855949], [16.8330443, 48.7855908], [16.833042, 48.7855869], [16.8330388, 48.7855832], [16.8330348, 48.7855799], [16.83303, 48.7855771], [16.8330246, 48.7855748], [16.8330188, 48.785573], [16.8330126, 48.7855719], [16.8330062, 48.7855715]], [[16.8330778, 48.7872082], [16.8331484, 48.7872419], [16.8331943, 48.7872044], [16.8331882, 48.7871968], [16.8331311, 48.7871689], [16.8330778, 48.7872082]]]}, "properties": {"id": "82c727b3-39fc-3ed1-a442-6a85f5d64f62", "names": null, "subtype": "agriculture", "class": "farmland", "surface": null}}, {"type": "Feature", "geometry": {"type": "Polygon", "coordinates": [[[16.8362953, 48.7859935], [16.836856, 48.7862965], [16.8367936, 48.7862952], [16.8362709, 48.786016], [16.8355348, 48.7856132], [16.8340147, 48.7848108], [16.8355523, 48.7855828], [16.8362953, 48.7859935]]]}, "properties": {"id": "829d6eab-8d74-3dab-847f-aabad96cd936", "names": null, "subtype": "agriculture", "class": "farmland", "surface": null}}, {"type": "Feature", "geometry": {"type": "Polygon", "coordinates": [[[16.8397011, 48.7848988], [16.8407077, 48.7854324], [16.8409116, 48.7854768], [16.841834, 48.7859425], [16.8418066, 48.7861582], [16.8418145, 48.7862865], [16.8418536, 48.7863825], [16.8419295, 48.7865036], [16.8419781, 48.7865536], [16.841934, 48.7865941], [16.8418248, 48.786585], [16.8416257, 48.7865494], [16.841237, 48.78646], [16.8398406, 48.7865026], [16.8383084, 48.7865629], [16.8374282, 48.7865784], [16.8373089, 48.7865412], [16.8371845, 48.7864803], [16.836856, 48.7862965], [16.8362953, 48.7859935], [16.8355523, 48.7855828], [16.8340147, 48.7848108], [16.834968, 48.7824241], [16.8362786, 48.7831188], [16.8375598, 48.7837714], [16.8386161, 48.7843387], [16.8397011, 48.7848988]], [[16.8369977, 48.7853551], [16.8370581, 48.7853801], [16.8370873, 48.7853481], [16.8370377, 48.7853313], [16.8369977, 48.7853551]]]}, "properties": {"id": "0d807042-0a9f-34b3-98b1-35fb7671c02f", "names": null, "subtype": "agriculture", "class": "farmland", "surface": null}}, {"type": "Feature", "geometry": {"type": "Polygon", "coordinates": [[[16.8302659, 48.7856407], [16.8308333, 48.7845544], [16.8310544, 48.7841099], [16.8313022, 48.7835182], [16.8314549, 48.783036], [16.8316804, 48.7822727], [16.8319826, 48.7814197], [16.8319841, 48.7814131], [16.8321714, 48.7810091], [16.8323546, 48.7811018], [16.8322015, 48.7814473], [16.8320534, 48.781846], [16.831908, 48.7823233], [16.8317914, 48.7826699], [16.83167, 48.7830631], [16.8315045, 48.7835448], [16.8312363, 48.7841441], [16.8306944, 48.7852215], [16.8304606, 48.7856662], [16.8302659, 48.7856407]]]}, "properties": {"id": "9c7b121c-ca0d-3aa2-a8e4-97421ca0cabf", "names": null, "subtype": "agriculture", "class": "farmland", "surface": null}}, {"type": "Feature", "geometry": {"type": "MultiPolygon", "coordinates": [[[[17.0111168, 48.7169981], [17.0115301, 48.7173936], [17.0123308, 48.7182899], [17.0128331, 48.7190813], [17.0131272, 48.719775], [17.0133398, 48.7204989], [17.0133956, 48.7208611], [17.0134299, 48.7217769], [17.0134227, 48.7249217], [17.0134535, 48.726529], [17.0136592, 48.7274699], [17.0141872, 48.7286507], [17.0143664, 48.7289525], [17.0152728, 48.7300153], [17.0192318, 48.7332199], [17.0225547, 48.7359129], [17.0245071, 48.7375234], [17.0257222, 48.7386491], [17.0260243, 48.7389873], [17.0265165, 48.7397961], [17.0267379, 48.7402375], [17.0269151, 48.740687], [17.027045, 48.7412022], [17.0271389, 48.7416961], [17.0275095, 48.7437625], [17.0277117, 48.7444793], [17.0282082, 48.7455313], [17.0291784, 48.7467062], [17.0298023, 48.7472945], [17.0307475, 48.7479711], [17.0314756, 48.7483911], [17.0320704, 48.7486705], [17.0327426, 48.7489543], [17.0357417, 48.7500827], [17.0370461, 48.7507716], [17.0375963, 48.7511289], [17.0383277, 48.751679], [17.0386471, 48.7519664], [17.0394004, 48.7527629], [17.0400948, 48.7538132], [17.0404777, 48.7547715], [17.0406713, 48.7557078], [17.0408039, 48.7567269], [17.041281, 48.7605005], [17.0413902, 48.7610729], [17.0416843, 48.7619544], [17.0423878, 48.7632865], [17.0426267, 48.7636219], [17.0432977, 48.7644051], [17.0439821, 48.765041], [17.0451286, 48.7659123], [17.0458855, 48.7663984], [17.0468564, 48.7669214], [17.0477298, 48.7673033], [17.0482138, 48.7674934], [17.0488467, 48.7677081], [17.0525023, 48.7687541], [17.0571049, 48.7700716], [17.0582259, 48.7705054], [17.0597788, 48.7712944], [17.0608619, 48.7719718], [17.0618493, 48.7727087], [17.0624733, 48.7732367], [17.0630058, 48.7737867], [17.0636202, 48.7744491], [17.0662391, 48.7774335], [17.0668515, 48.778058], [17.0677975, 48.7787548], [17.0681785, 48.7790067], [17.0693503, 48.7796031], [17.0702225, 48.7799829], [17.0709623, 48.780247], [17.0719787, 48.7805288], [17.0775908, 48.7815722], [17.0824501, 48.7825008], [17.0844011, 48.783063], [17.0859691, 48.7837199], [17.0875204, 48.7846775], [17.0880139, 48.7850466], [17.0890403, 48.7860524], [17.0895727, 48.7868313], [17.0899348, 48.7875014], [17.0902792, 48.7887994], [17.0903376, 48.7895508], [17.0901932, 48.7909063], [17.0899604, 48.7935266], [17.0899693, 48.7939637], [17.0900722, 48.794585], [17.0902529, 48.795246], [17.0906391, 48.7961662], [17.0908243, 48.7964637], [17.0914354, 48.7972355], [17.0922042, 48.798017], [17.0929685, 48.7985856], [17.0939461, 48.7992049], [17.0972107, 48.8007116], [17.1000224, 48.8019702], [17.1010399, 48.8025189], [17.1023152, 48.8033299], [17.1028512, 48.8037527], [17.1037603, 48.804602], [17.1043589, 48.805247], [17.105123, 48.8063403], [17.1054449, 48.8068993], [17.1058192, 48.8078387], [17.1061002, 48.8088596], [17.1064843, 48.8115186], [17.1067894, 48.8135387], [17.1070531, 48.8154435], [17.1070788, 48.8160441], [17.1070077, 48.8170418], [17.1069115, 48.8175287], [17.1067418, 48.8179962], [17.1063819, 48.8188326], [17.1056136, 48.8201533], [17.105152, 48.8211955], [17.1049908, 48.82183], [17.1049242, 48.8224683], [17.1049788, 48.8232986], [17.1050938, 48.8237374], [17.1052801, 48.8243142], [17.1056055, 48.8250845], [17.1065506, 48.8267108], [17.1081253, 48.8287563], [17.1086351, 48.8292362], [17.1096251, 48.8302811], [17.1109807, 48.8313969], [17.1116205, 48.8317967], [17.1131505, 48.8325643], [17.1123914, 48.8332352], [17.1134082, 48.8338503], [17.1135367, 48.8340332], [17.1136039, 48.8344905], [17.1155587, 48.8367425], [17.1155481, 48.8369138], [17.115583, 48.836996], [17.1168848, 48.8384874], [17.1172131, 48.8388822], [17.1159042, 48.8389768], [17.1159114, 48.8390957], [17.1150447, 48.8391648], [17.1150372, 48.8390245], [17.1138933, 48.8391915], [17.1133606, 48.8391901], [17.1127387, 48.8389036], [17.1112196, 48.8381884], [17.1090869, 48.8367397], [17.1072738, 48.8354121], [17.1070392, 48.8351473], [17.1062653, 48.8339432], [17.1057274, 48.8332763], [17.1059404, 48.8329974], [17.1052391, 48.8327683], [17.1051393, 48.832942], [17.1050412, 48.8330881], [17.1048765, 48.8329182], [17.1048177, 48.8327473], [17.104907, 48.8317628], [17.1045424, 48.830362], [17.1033879, 48.8260428], [17.1023459, 48.8219172], [17.1016817, 48.8194408], [17.1013044, 48.8181425], [17.101121, 48.817708], [17.1004941, 48.8168682], [17.099862, 48.8159044], [17.099744, 48.8157894], [17.0995591, 48.8157151], [17.0979014, 48.81554], [17.0976232, 48.8155559], [17.0960551, 48.8158846], [17.0922579, 48.8168267], [17.0860151, 48.8183416], [17.0854337, 48.8185998], [17.0846314, 48.8190127], [17.0824765, 48.820397], [17.0819292, 48.8206214], [17.0804661, 48.8209896], [17.080053, 48.8210977], [17.0784577, 48.8214637], [17.0775733, 48.821624], [17.0771303, 48.8217136], [17.0752852, 48.8221628], [17.0744651, 48.8223403], [17.073929, 48.8224306], [17.0737047, 48.822268], [17.0734986, 48.8221868], [17.0732519, 48.8222998], [17.0706716, 48.8197179], [17.0694683, 48.8185598], [17.0691481, 48.8182909], [17.0647493, 48.8155428], [17.0593741, 48.8116782], [17.0573463, 48.8097811], [17.0548572, 48.8077392], [17.05166, 48.8050681], [17.0502975, 48.8038139], [17.0485756, 48.8024041], [17.0474972, 48.8017045], [17.0454588, 48.8005102], [17.0427333, 48.7989525], [17.0402593, 48.7974754], [17.0371258, 48.795588], [17.0358453, 48.7946686], [17.0322023, 48.7920148], [17.0290547, 48.7896902], [17.0255641, 48.7870998], [17.0236399, 48.7857427], [17.0235272, 48.7858233], [17.0224307, 48.7850161], [17.0210346, 48.7840409], [17.0206458, 48.7838663], [17.019073, 48.7833627], [17.0182291, 48.782958], [17.0180907, 48.7828704], [17.0179314, 48.7827635], [17.0176327, 48.7824224], [17.0174869, 48.7821283], [17.0174427, 48.7818372], [17.0173101, 48.7811385], [17.0170874, 48.7798967], [17.0169151, 48.7794833], [17.0168024, 48.7793082], [17.0166119, 48.7790792], [17.0158168, 48.7782505], [17.0143456, 48.7767482], [17.0114694, 48.7742093], [17.0112441, 48.7739531], [17.0111367, 48.7736476], [17.0108575, 48.7723307], [17.0106484, 48.7720921], [17.0086999, 48.7702747], [17.0065158, 48.7681463], [17.0022344, 48.7640057], [17.0004174, 48.7621591], [17.0002439, 48.7618225], [17.0000797, 48.7614406], [17.0000635, 48.7611415], [17.0001513, 48.7606302], [17.00036, 48.7602521], [17.0006531, 48.7594584], [17.0006276, 48.7589083], [17.0004237, 48.7585471], [16.9988664, 48.756984], [16.9972265, 48.7553754], [16.9952779, 48.7536447], [16.9929052, 48.7515319], [16.9922024, 48.7511678], [16.9893835, 48.7486264], [16.9848987, 48.7445896], [16.9829747, 48.742758], [16.9821648, 48.7420039], [16.9820243, 48.7417], [16.9803367, 48.737221], [16.9794916, 48.7349189], [16.9792661, 48.7343375], [16.9792225, 48.7339813], [16.9792436, 48.7335678], [16.9794089, 48.7329619], [16.9794365, 48.73215], [16.9793079, 48.7318592], [16.9805056, 48.7299448], [16.9806953, 48.7297911], [16.9809542, 48.7296628], [16.9812954, 48.7295394], [16.9821335, 48.729298], [16.9822226, 48.7292436], [16.9823233, 48.7291131], [16.9825048, 48.7291677], [16.9826912, 48.7291514], [16.9828471, 48.7290935], [16.9839806, 48.7285495], [16.9847578, 48.7281981], [16.9849106, 48.7281562], [16.9852871, 48.7281729], [16.9854815, 48.7281535], [16.9859959, 48.7278856], [16.9860603, 48.7278375], [16.9863001, 48.7274587], [16.986417, 48.7274078], [16.9865129, 48.7273144], [16.9866025, 48.7272755], [16.9867004, 48.7272634], [16.9867947, 48.727271], [16.9869189, 48.726772], [16.9864681, 48.7261978], [16.9861924, 48.7262769], [16.9859826, 48.7262488], [16.9852437, 48.7260242], [16.9847407, 48.7258341], [16.9840243, 48.725506], [16.9837468, 48.7253138], [16.9836299, 48.7250683], [16.9835915, 48.7247894], [16.9837595, 48.7243676], [16.9837003, 48.7242115], [16.9835979, 48.7240981], [16.9833681, 48.7240034], [16.9836362, 48.723657], [16.9838895, 48.7229575], [16.9842284, 48.7220056], [16.9841358, 48.7218277], [16.9843503, 48.7211612], [16.9831668, 48.7218028], [16.9824296, 48.7213213], [16.9815177, 48.7215131], [16.9813581, 48.721211], [16.9813048, 48.7210455], [16.9811292, 48.7199158], [16.9810772, 48.7197844], [16.9809744, 48.7196769], [16.9808241, 48.7195722], [16.9805869, 48.7194509], [16.9803171, 48.7192988], [16.9801254, 48.7190888], [16.9800782, 48.7189222], [16.9801142, 48.7186375], [16.9801774, 48.7183632], [16.980166, 48.718271], [16.9796732, 48.7175974], [16.9794195, 48.7171606], [16.9792811, 48.7167922], [16.9791269, 48.7162712], [16.979073, 48.7161501], [16.9789267, 48.7158144], [16.9788257, 48.7155664], [16.9787509, 48.715316], [16.9786476, 48.7146734], [16.9785484, 48.7143392], [16.97848, 48.7142118], [16.9777835, 48.7135052], [16.9774769, 48.7132284], [16.9771869, 48.7130606], [16.9768141, 48.7129319], [16.9764129, 48.7128789], [16.975762, 48.7128522], [16.9756041, 48.7128654], [16.9753855, 48.7129249], [16.9747997, 48.7131573], [16.9746511, 48.7131901], [16.974453, 48.7131928], [16.9742375, 48.713153], [16.9735538, 48.7129509], [16.9725859, 48.7127184], [16.9719458, 48.7145295], [16.9713549, 48.7161507], [16.9708297, 48.7175922], [16.9697613, 48.7172108], [16.9694809, 48.7171747], [16.9685897, 48.7170837], [16.9675562, 48.7168855], [16.9671119, 48.7167735], [16.9669417, 48.7166723], [16.9664134, 48.7163246], [16.9660187, 48.7160712], [16.9656256, 48.7158969], [16.9651437, 48.7157133], [16.964527, 48.7155763], [16.9640461, 48.715527], [16.9625913, 48.7155009], [16.9621411, 48.7154533], [16.9615168, 48.7153418], [16.9609407, 48.7151632], [16.9604725, 48.7149408], [16.9595959, 48.7144477], [16.9590046, 48.7140938], [16.9588737, 48.7139872], [16.9587095, 48.7138149], [16.9586652, 48.713625], [16.9586597, 48.713381], [16.9587027, 48.7132095], [16.9588066, 48.7130656], [16.9590228, 48.7126858], [16.959072, 48.7125133], [16.9590698, 48.7122606], [16.9590057, 48.7121237], [16.9588793, 48.7119964], [16.9587589, 48.7119373], [16.9584656, 48.7118458], [16.9569087, 48.7114898], [16.9564585, 48.7113564], [16.9562642, 48.7112274], [16.9562185, 48.7109428], [16.9561599, 48.7103526], [16.9560707, 48.7100895], [16.9558793, 48.7097236], [16.9555925, 48.7092638], [16.955514, 48.7090851], [16.9554288, 48.7087321], [16.9553772, 48.7085572], [16.9551466, 48.7083268], [16.9546816, 48.7079425], [16.9544994, 48.7077543], [16.9544422, 48.7075924], [16.9544232, 48.7073448], [16.9544494, 48.7072001], [16.954436, 48.7070437], [16.9543666, 48.7069094], [16.9540055, 48.7066366], [16.9535707, 48.7061896], [16.9534093, 48.7060764], [16.9531023, 48.7059147], [16.9530658, 48.7058699], [16.9530663, 48.7058089], [16.9530837, 48.7057443], [16.9532116, 48.7055884], [16.9532626, 48.705406], [16.9532628, 48.7053198], [16.9532282, 48.7052703], [16.9529612, 48.7050856], [16.9518254, 48.7045386], [16.9517854, 48.7045822], [16.951487, 48.7044393], [16.9515652, 48.7043026], [16.9513881, 48.7040625], [16.9511852, 48.7038844], [16.9508726, 48.7037319], [16.9503436, 48.7036148], [16.9500357, 48.7035923], [16.9496657, 48.7036222], [16.9485486, 48.7038468], [16.9483695, 48.7043344], [16.9478346, 48.7055859], [16.9475694, 48.7059356], [16.9472046, 48.706294], [16.9461163, 48.7076091], [16.9450761, 48.708842], [16.9448688, 48.7089949], [16.9435136, 48.7096452], [16.9433369, 48.7097833], [16.9425629, 48.7105889], [16.9425458, 48.7105034], [16.9424972, 48.7105461], [16.9424956, 48.7106488], [16.9416318, 48.7115374], [16.9396627, 48.7135325], [16.9396511, 48.7136186], [16.9396982, 48.7136856], [16.941034, 48.7145445], [16.9410793, 48.7146185], [16.941068, 48.7146656], [16.9394849, 48.7157907], [16.9393015, 48.7159731], [16.9388468, 48.7167667], [16.9386735, 48.7169606], [16.9384203, 48.7171129], [16.9366031, 48.7177737], [16.936096, 48.7179097], [16.9356349, 48.718102], [16.9348006, 48.7185884], [16.9348048, 48.7187172], [16.9366555, 48.7198847], [16.9359444, 48.7201336], [16.9355561, 48.7202229], [16.9348905, 48.7202248], [16.9340887, 48.7202089], [16.933786, 48.7202466], [16.9335552, 48.720439], [16.9333142, 48.7205271], [16.9332773, 48.7204392], [16.9330265, 48.7204554], [16.9324111, 48.7203538], [16.932386, 48.7204057], [16.9322215, 48.7204215], [16.9315896, 48.720303], [16.9311326, 48.7203477], [16.9309092, 48.7205353], [16.9309383, 48.7208318], [16.9310121, 48.7210483], [16.9311026, 48.721436], [16.9310572, 48.7217541], [16.9315735, 48.7219343], [16.9320477, 48.7218198], [16.9322007, 48.7218793], [16.932183, 48.7219807], [16.9320718, 48.7221515], [16.9318202, 48.7224102], [16.9315754, 48.7225292], [16.9312456, 48.7225954], [16.9308373, 48.722626], [16.9304328, 48.7231898], [16.9304119, 48.723326], [16.9305353, 48.7237479], [16.9305782, 48.7238928], [16.9305376, 48.7239432], [16.93043, 48.7241325], [16.9298728, 48.7245127], [16.9295171, 48.7246478], [16.9291226, 48.724745], [16.9286766, 48.7247537], [16.9284075, 48.7248188], [16.928308, 48.7248783], [16.9282249, 48.7249721], [16.9281752, 48.7251577], [16.928189, 48.7254325], [16.9282138, 48.7257682], [16.9281244, 48.7259815], [16.9282343, 48.7261401], [16.9282242, 48.7264114], [16.9281173, 48.7268687], [16.9280989, 48.727137], [16.9281539, 48.7272902], [16.9282838, 48.7275349], [16.9282876, 48.7275817], [16.9282325, 48.727682], [16.9278111, 48.7280902], [16.927562, 48.7283669], [16.9272452, 48.7285819], [16.9270522, 48.7286893], [16.9266167, 48.7288777], [16.9257092, 48.7292039], [16.9247795, 48.7294616], [16.9240795, 48.7295774], [16.9239015, 48.729675], [16.9237856, 48.7297903], [16.9236271, 48.7301904], [16.9231539, 48.7307011], [16.9226963, 48.7311161], [16.9224462, 48.7311923], [16.9221534, 48.7312117], [16.9216659, 48.731151], [16.9214696, 48.7311902], [16.921082, 48.7313749], [16.9208212, 48.7315066], [16.920118, 48.7319224], [16.9197501, 48.7321401], [16.9194956, 48.7322538], [16.9192941, 48.7323394], [16.9189999, 48.7324353], [16.9183554, 48.7325673], [16.9181772, 48.7326228], [16.9180371, 48.7326954], [16.9178956, 48.7328482], [16.9178754, 48.7329824], [16.918083, 48.733315], [16.9180761, 48.7333992], [16.9180487, 48.7335203], [16.917938, 48.7337099], [16.9174622, 48.7342811], [16.9173318, 48.7344384], [16.9167674, 48.7348372], [16.9165658, 48.7350614], [16.9163046, 48.7352643], [16.9158123, 48.7355848], [16.9149707, 48.7360169], [16.9147148, 48.7361887], [16.9145634, 48.7363514], [16.9144671, 48.7366099], [16.9141189, 48.7370445], [16.9140074, 48.7372272], [16.913769, 48.7373821], [16.9134584, 48.7374889], [16.9131209, 48.7375084], [16.9128486, 48.7375601], [16.9125991, 48.7376934], [16.9122319, 48.7380387], [16.9118703, 48.7384532], [16.9116571, 48.7388039], [16.9116264, 48.7390109], [16.9116747, 48.7393683], [16.911585, 48.7395644], [16.9115809, 48.7395723], [16.9108476, 48.7401643], [16.9106837, 48.7404356], [16.9105193, 48.7405284], [16.9099513, 48.7407479], [16.909083, 48.7412605], [16.9086935, 48.7414316], [16.9082527, 48.741585], [16.9076451, 48.741949], [16.9068318, 48.7422296], [16.9064728, 48.7423894], [16.9061379, 48.7425865], [16.9058895, 48.7428087], [16.9057802, 48.7429612], [16.9057141, 48.7431666], [16.9056886, 48.743454], [16.9056704, 48.7437649], [16.9055673, 48.7439548], [16.9047549, 48.7445976], [16.905303, 48.74528], [16.9051673, 48.7454861], [16.9043824, 48.7451313], [16.9018599, 48.7440574], [16.8987781, 48.742794], [16.8977113, 48.7423894], [16.89686, 48.7420701], [16.8962445, 48.7419632], [16.8952162, 48.7417986], [16.8944052, 48.7417437], [16.8939152, 48.7417385], [16.8932862, 48.7417687], [16.8926645, 48.7418256], [16.8921897, 48.7419465], [16.8910914, 48.7391304], [16.8907095, 48.7385057], [16.8898706, 48.7373104], [16.888576, 48.7359664], [16.8876176, 48.7352063], [16.886468, 48.7345393], [16.8854893, 48.7339345], [16.8832629, 48.7329974], [16.8801242, 48.7319762], [16.8795616, 48.7316597], [16.8793026, 48.731287], [16.8792831, 48.7309211], [16.8793967, 48.7305373], [16.8786635, 48.7304469], [16.8770632, 48.7306707], [16.8771172, 48.7304594], [16.8769868, 48.7303768], [16.876706, 48.7303142], [16.8761956, 48.7299181], [16.8757812, 48.7296892], [16.874963, 48.729457], [16.8728966, 48.7286934], [16.8723281, 48.7284357], [16.8716026, 48.7280184], [16.8711234, 48.7276752], [16.8703145, 48.7268755], [16.8693267, 48.725889], [16.8688311, 48.7252995], [16.8687075, 48.7250107], [16.8685694, 48.7244219], [16.8684889, 48.724022], [16.8687732, 48.7216439], [16.8690267, 48.7207917], [16.8692329, 48.7202047], [16.8694053, 48.719838], [16.8695664, 48.7196143], [16.8696298, 48.7195495], [16.8698639, 48.7193661], [16.8699549, 48.7191634], [16.8702103, 48.7188451], [16.8712069, 48.7178023], [16.8716824, 48.7173088], [16.8720981, 48.7168927], [16.8726619, 48.7172055], [16.8743439, 48.7181394], [16.8746708, 48.7179169], [16.8747114, 48.717944], [16.8753287, 48.7185642], [16.8746898, 48.7188395], [16.8761708, 48.7199568], [16.8763047, 48.7200619], [16.8763746, 48.7200275], [16.8763082, 48.720682], [16.8763228, 48.7211547], [16.8766445, 48.7217853], [16.8773546, 48.7222491], [16.8773651, 48.7223372], [16.8785826, 48.7226899], [16.8790208, 48.7229148], [16.8792083, 48.7230407], [16.8808031, 48.7214121], [16.8818207, 48.7203825], [16.8827778, 48.71942], [16.8834667, 48.7187319], [16.8844873, 48.7177006], [16.8855349, 48.7166437], [16.8862728, 48.7162623], [16.8863157, 48.7162672], [16.8864762, 48.7164123], [16.8866899, 48.7165693], [16.886771, 48.7165951], [16.8869125, 48.7165996], [16.8870828, 48.7165871], [16.8872799, 48.7165943], [16.8874468, 48.7164948], [16.8876189, 48.7166229], [16.8881027, 48.716465], [16.8882959, 48.7164104], [16.8898731, 48.716088], [16.8909497, 48.7159223], [16.8917909, 48.71578], [16.8920982, 48.7157569], [16.8924734, 48.7157533], [16.8930583, 48.7157747], [16.8932776, 48.7158036], [16.8938257, 48.7159299], [16.8941159, 48.7160305], [16.8948483, 48.716341], [16.8950882, 48.7164319], [16.8954638, 48.7165146], [16.895761, 48.7165231], [16.8960821, 48.7164856], [16.8963778, 48.71642], [16.8965812, 48.7163452], [16.8968539, 48.7162187], [16.8972329, 48.7159908], [16.897358, 48.7159578], [16.8975775, 48.7159429], [16.8977853, 48.7159727], [16.8982333, 48.7160958], [16.8984699, 48.7162354], [16.8988417, 48.7165216], [16.8993285, 48.7169541], [16.8996955, 48.717305], [16.9001095, 48.7176], [16.9005248, 48.7178495], [16.9007374, 48.7179451], [16.9011508, 48.7180622], [16.9013958, 48.7180996], [16.9016139, 48.7180966], [16.9018376, 48.7180607], [16.9020561, 48.7179955], [16.9023072, 48.7178519], [16.9025473, 48.7175437], [16.9027342, 48.7171571], [16.902964, 48.716718], [16.9030695, 48.716573], [16.903355, 48.7163158], [16.9038671, 48.7159371], [16.9041119, 48.7158392], [16.9046625, 48.7156527], [16.9054351, 48.715456], [16.9056556, 48.7153619], [16.905816, 48.7152553], [16.9060612, 48.7150211], [16.906174, 48.7148658], [16.9062619, 48.7146825], [16.9062747, 48.7145265], [16.9062229, 48.7143729], [16.9061386, 48.7142567], [16.9060218, 48.7141351], [16.9056691, 48.7139385], [16.9052986, 48.7138261], [16.9050623, 48.7137676], [16.9043757, 48.7136931], [16.9041011, 48.7136385], [16.9033541, 48.7134542], [16.9031609, 48.7133769], [16.9029192, 48.7132402], [16.9026155, 48.7130192], [16.9025006, 48.7129112], [16.9024408, 48.7128269], [16.9023872, 48.7127148], [16.9023613, 48.7125571], [16.9023684, 48.7123879], [16.9023964, 48.7122689], [16.9024603, 48.7121123], [16.90255, 48.7119473], [16.9028719, 48.7116389], [16.9031249, 48.7113649], [16.9032969, 48.7112011], [16.9034415, 48.7110464], [16.9035399, 48.7108842], [16.9036631, 48.7105438], [16.9038164, 48.7102273], [16.9039257, 48.7100577], [16.9040892, 48.7098774], [16.9044445, 48.7095961], [16.9046514, 48.7094583], [16.9048492, 48.7093454], [16.9051003, 48.7092373], [16.9057665, 48.7089849], [16.9065799, 48.7086621], [16.9070705, 48.7083867], [16.9077295, 48.7080308], [16.9080523, 48.7078812], [16.9084552, 48.7077193], [16.9088314, 48.7076273], [16.9099606, 48.707265], [16.9106379, 48.7071352], [16.9108359, 48.707066], [16.9111329, 48.7069303], [16.9113226, 48.7067885], [16.911699, 48.7065432], [16.9119565, 48.7063466], [16.9121823, 48.706142], [16.9124974, 48.7057802], [16.9126353, 48.7055738], [16.9127549, 48.7053707], [16.9128483, 48.7051534], [16.9129203, 48.7049266], [16.9129431, 48.704821], [16.9131209, 48.7037981], [16.9132146, 48.7034583], [16.9132778, 48.7033051], [16.9135103, 48.7028895], [16.9135827, 48.702788], [16.9136724, 48.7026712], [16.913831, 48.7024838], [16.914041, 48.7022601], [16.9143754, 48.7019828], [16.9147268, 48.7017413], [16.9149521, 48.7016069], [16.9156217, 48.7012499], [16.9161364, 48.7009505], [16.9164479, 48.7006905], [16.9165776, 48.7005376], [16.9166746, 48.7004025], [16.9167578, 48.7002575], [16.9168263, 48.7000844], [16.9168702, 48.6998656], [16.9168876, 48.6997522], [16.9168813, 48.6995842], [16.9168698, 48.6994972], [16.9168447, 48.6993742], [16.9167668, 48.6991435], [16.9165107, 48.6985164], [16.9164236, 48.698335], [16.9163418, 48.6981928], [16.9163144, 48.6980396], [16.9162743, 48.6976661], [16.9162422, 48.6973727], [16.9162045, 48.6972188], [16.9161395, 48.6967699], [16.9161232, 48.6964275], [16.9161355, 48.6962411], [16.9161995, 48.6960365], [16.9163541, 48.6956844], [16.9165853, 48.6953186], [16.9168856, 48.6949367], [16.9170466, 48.6947754], [16.9172536, 48.69463], [16.9174558, 48.6945502], [16.9177949, 48.6944596], [16.9180088, 48.6943533], [16.9182183, 48.6942049], [16.9183284, 48.6940429], [16.9184645, 48.6938208], [16.9185595, 48.693638], [16.9185986, 48.693479], [16.9186156, 48.693326], [16.9186034, 48.6931491], [16.9185046, 48.6928776], [16.9183486, 48.6926446], [16.9182171, 48.6925063], [16.9179932, 48.6923164], [16.9177155, 48.6921254], [16.9168933, 48.6917209], [16.9167629, 48.6916291], [16.9166723, 48.6915067], [16.9165596, 48.6911918], [16.9164824, 48.6907572], [16.9164757, 48.6897195], [16.9164791, 48.6890847], [16.9164588, 48.6885423], [16.9164358, 48.6883899], [16.9163417, 48.6880549], [16.9162074, 48.6877312], [16.9160452, 48.6874505], [16.9157462, 48.687069], [16.9155983, 48.6869231], [16.9154028, 48.6867414], [16.9152029, 48.6865782], [16.9146528, 48.6861891], [16.9140953, 48.6857815], [16.9137747, 48.6855372], [16.9135172, 48.6852813], [16.9132786, 48.6849742], [16.9131188, 48.6846281], [16.913044, 48.6843689], [16.9130222, 48.684088], [16.9130266, 48.6839076], [16.9130558, 48.6837337], [16.913147, 48.6833892], [16.9133736, 48.6828112], [16.9134521, 48.6826506], [16.9134619, 48.6824528], [16.9134517, 48.6822974], [16.9134132, 48.6821141], [16.9133407, 48.681923], [16.913257, 48.6817821], [16.913122, 48.6815938], [16.9130205, 48.6814666], [16.912817, 48.6812804], [16.912659, 48.6811614], [16.9120223, 48.6808285], [16.9115094, 48.6805802], [16.9113139, 48.6804615], [16.9109872, 48.6800725], [16.9108895, 48.679902], [16.9107548, 48.6793928], [16.9105672, 48.678847], [16.9105304, 48.6786795], [16.9104322, 48.6784821], [16.9102448, 48.6782035], [16.9101825, 48.6780652], [16.9101768, 48.6778862], [16.9102084, 48.6774588], [16.9104063, 48.6765733], [16.9104155, 48.6762638], [16.9104464, 48.675973], [16.9105301, 48.6757234], [16.9106138, 48.6755669], [16.9107594, 48.6754078], [16.9108857, 48.6753198], [16.9110061, 48.6752614], [16.9112618, 48.6752343], [16.9114047, 48.6751976], [16.911599, 48.6751075], [16.9118283, 48.6749231], [16.912047, 48.6747114], [16.912111, 48.6746193], [16.9122213, 48.6743996], [16.9123698, 48.6741711], [16.9125575, 48.6739994], [16.9127549, 48.6738735], [16.9131682, 48.6736969], [16.9136518, 48.6735571], [16.9142354, 48.6734637], [16.9147125, 48.6734561], [16.9152158, 48.6733972], [16.916195, 48.6733547], [16.9175564, 48.6732777], [16.9178364, 48.6732515], [16.9181386, 48.6732028], [16.9183685, 48.6731525], [16.9186169, 48.6730842], [16.9187738, 48.6730318], [16.9192422, 48.6728147], [16.9197482, 48.6725279], [16.9205198, 48.6719189], [16.9209664, 48.6716074], [16.9213049, 48.6713912], [16.9220644, 48.6709741], [16.9224144, 48.6707827], [16.9225894, 48.6706728], [16.922744, 48.6705712], [16.922922, 48.6704012], [16.9230299, 48.6702746], [16.9231866, 48.6700473], [16.9232646, 48.6698831], [16.9233169, 48.6697305], [16.9233639, 48.669425], [16.9233531, 48.6692603], [16.9233124, 48.6690701], [16.9232667, 48.6689396], [16.9230769, 48.6686163], [16.9227773, 48.6682465], [16.9226219, 48.6681213], [16.9224788, 48.6679698], [16.9222906, 48.6676158], [16.922182, 48.6672327], [16.9221878, 48.6670278], [16.9222074, 48.666905], [16.9222432, 48.6667381], [16.9224216, 48.6663904], [16.9227531, 48.6658659], [16.9228069, 48.6656928], [16.922842, 48.6655193], [16.9228597, 48.6653226], [16.9228604, 48.6651431], [16.9228285, 48.6649731], [16.9227728, 48.6647831], [16.9226999, 48.6646116], [16.9221987, 48.6635932], [16.9221326, 48.6634124], [16.9220897, 48.6632535], [16.9220679, 48.6630801], [16.9220669, 48.6628978], [16.9220875, 48.6627085], [16.9224343, 48.6616437], [16.9225031, 48.6615118], [16.9225594, 48.6610248], [16.9225377, 48.660764], [16.9224158, 48.6603037], [16.9224568, 48.6596961], [16.9225669, 48.6593552], [16.9226569, 48.6591841], [16.9227763, 48.6590554], [16.9232055, 48.6589056], [16.923543, 48.658686], [16.9236254, 48.6585677], [16.9236893, 48.6584014], [16.9237085, 48.6582418], [16.9235517, 48.6578402], [16.9233604, 48.6576404], [16.9231473, 48.6574972], [16.9225407, 48.657265], [16.9219739, 48.6570208], [16.9219391, 48.6569911], [16.9218603, 48.656907], [16.9218161, 48.6567949], [16.9217773, 48.6565768], [16.9218424, 48.6564041], [16.921993, 48.6561965], [16.9222023, 48.6559532], [16.9222514, 48.6558341], [16.9222756, 48.6556834], [16.9222869, 48.6555242], [16.9222294, 48.6552598], [16.9221432, 48.655123], [16.9218832, 48.6549693], [16.921445, 48.6546685], [16.9208418, 48.6542293], [16.9205305, 48.6540043], [16.9203821, 48.6538693], [16.9202433, 48.653706], [16.9200855, 48.6535135], [16.9199818, 48.6532697], [16.919755, 48.6524503], [16.9196308, 48.6522194], [16.9194435, 48.6519698], [16.9193648, 48.6517723], [16.9193437, 48.6516388], [16.9193351, 48.6514062], [16.9193638, 48.6512637], [16.9194226, 48.6510935], [16.9194997, 48.6509747], [16.9196736, 48.6508035], [16.9197156, 48.6507163], [16.9197443, 48.6506112], [16.9196621, 48.6501074], [16.9196573, 48.6498924], [16.9196942, 48.6496703], [16.9199024, 48.6494687], [16.9199981, 48.6494109], [16.9201964, 48.6493466], [16.9208095, 48.6492944], [16.9209841, 48.6491976], [16.9210622, 48.6490347], [16.9210638, 48.6489524], [16.9211183, 48.6487649], [16.921104, 48.6486626], [16.9210393, 48.6485395], [16.9209743, 48.6482931], [16.9209907, 48.6481195], [16.9210671, 48.6476876], [16.9210724, 48.6475147], [16.921062, 48.6472798], [16.9209171, 48.6467627], [16.9208651, 48.6466266], [16.9207685, 48.6464158], [16.9206247, 48.6461816], [16.9204671, 48.6459795], [16.920438, 48.6458866], [16.9204241, 48.6456987], [16.9205204, 48.6453696], [16.9206227, 48.6452276], [16.9207711, 48.6450834], [16.9208893, 48.6450025], [16.9210944, 48.6448893], [16.921327, 48.6448322], [16.921778, 48.6447428], [16.9221941, 48.6446678], [16.9226083, 48.6445598], [16.9229693, 48.644355], [16.9233072, 48.6439763], [16.9236761, 48.6435607], [16.9239738, 48.6432701], [16.9244592, 48.6427659], [16.9247501, 48.6425313], [16.9250171, 48.6423414], [16.9264521, 48.6414659], [16.9267989, 48.6411976], [16.9270782, 48.6409444], [16.927496, 48.64049], [16.9278072, 48.6401337], [16.9281698, 48.639678], [16.9282881, 48.6394771], [16.9283699, 48.6392542], [16.9284263, 48.6390506], [16.9284276, 48.6388137], [16.9284262, 48.6384281], [16.9283318, 48.6381583], [16.9281668, 48.6378438], [16.9280404, 48.6376368], [16.927726, 48.6373007], [16.9271663, 48.6368715], [16.9261407, 48.6361628], [16.9257335, 48.6358757], [16.9255229, 48.6356681], [16.9254358, 48.6355528], [16.9253534, 48.6354055], [16.9253144, 48.6352477], [16.9253125, 48.6351247], [16.9253621, 48.6349517], [16.9255965, 48.6346764], [16.9257064, 48.6345389], [16.9257945, 48.634325], [16.9258335, 48.6341781], [16.9258095, 48.6339481], [16.9257289, 48.633652], [16.9257045, 48.6334713], [16.9257293, 48.6332152], [16.9257949, 48.6330443], [16.9259342, 48.6328137], [16.9260649, 48.632513], [16.9260649, 48.6323551], [16.9260055, 48.6321811], [16.9258847, 48.6319573], [16.9257099, 48.6318033], [16.9254723, 48.6317159], [16.9248544, 48.6315767], [16.9237115, 48.6315341], [16.923462, 48.6314879], [16.9231393, 48.6312783], [16.9229299, 48.6310815], [16.9228874, 48.6309404], [16.9228602, 48.6307959], [16.9229039, 48.6306686], [16.922949, 48.6305787], [16.923224, 48.6302541], [16.9235698, 48.6299509], [16.9239292, 48.6296728], [16.9241475, 48.6293997], [16.9241475, 48.6291557], [16.9240864, 48.6289301], [16.9239972, 48.6288438], [16.9238491, 48.6287336], [16.9236864, 48.6286645], [16.9235513, 48.6286181], [16.9233464, 48.6285718], [16.9222306, 48.6284867], [16.9213641, 48.6283887], [16.9210515, 48.6283185], [16.920849, 48.6282468], [16.920595, 48.6281134], [16.9203566, 48.6279018], [16.9199661, 48.6274385], [16.9191412, 48.6266844], [16.9190203, 48.6265489], [16.9189233, 48.6262994], [16.9188618, 48.6260303], [16.9188212, 48.6256845], [16.9191034, 48.6252633], [16.9193796, 48.6249764], [16.9200735, 48.6243961], [16.9201972, 48.624209], [16.9202477, 48.623955], [16.9201469, 48.6236992], [16.9199836, 48.6235809], [16.9198438, 48.6235288], [16.9193946, 48.6233369], [16.9191029, 48.6232107], [16.9188627, 48.6230379], [16.9187331, 48.6228778], [16.9187137, 48.6227434], [16.9187629, 48.6225266], [16.9188564, 48.6223468], [16.9190859, 48.6221362], [16.9194726, 48.6219198], [16.9196022, 48.6218946], [16.9205231, 48.62179], [16.9208814, 48.6217653], [16.9213553, 48.6217681], [16.9215631, 48.6217141], [16.9217562, 48.6216408], [16.9222235, 48.6213904], [16.9226791, 48.6211009], [16.923374, 48.6206318], [16.9236371, 48.6204897], [16.9239143, 48.6203764], [16.9247086, 48.6202214], [16.9251336, 48.6201704], [16.9254867, 48.6200916], [16.9261428, 48.619869], [16.9269655, 48.6194097], [16.9271558, 48.6193005], [16.927524, 48.6191625], [16.9280552, 48.6190627], [16.9284906, 48.6190626], [16.9297509, 48.6193198], [16.9302659, 48.6193594], [16.9313553, 48.6193137], [16.9331851, 48.619286], [16.9344063, 48.6192862], [16.9348598, 48.6192369], [16.9359834, 48.6189953], [16.9372796, 48.6186849], [16.9384589, 48.6183323], [16.9389477, 48.6181412], [16.9394704, 48.6178954], [16.9397828, 48.6176777], [16.9400484, 48.617363], [16.9401291, 48.6172183], [16.940178, 48.6170329], [16.9402099, 48.6166437], [16.9412558, 48.6176431], [16.9426544, 48.6188252], [16.9441182, 48.6198528], [16.9447702, 48.6203452], [16.9454756, 48.6209043], [16.9460179, 48.6212115], [16.9471455, 48.6217854], [16.9481075, 48.6221318], [16.9488798, 48.622274], [16.9503745, 48.6222485], [16.9518707, 48.6223117], [16.9533966, 48.6224103], [16.9543628, 48.6226162], [16.9551252, 48.6229261], [16.9557679, 48.6232279], [16.9560943, 48.6234247], [16.9566144, 48.623873], [16.9569689, 48.6243671], [16.9571939, 48.624943], [16.9572234, 48.625416], [16.9570812, 48.6263395], [16.9571026, 48.6272858], [16.957219, 48.6278176], [16.9574851, 48.6282986], [16.9578699, 48.628733], [16.9603164, 48.6303549], [16.9613186, 48.6312244], [16.961905, 48.6318971], [16.962343, 48.6325424], [16.9626303, 48.633124], [16.9628518, 48.633688], [16.9629556, 48.6340422], [16.9630243, 48.634469], [16.9629981, 48.6348027], [16.9624668, 48.6370029], [16.9624345, 48.6375211], [16.962487, 48.6380348], [16.9628367, 48.6391482], [16.9630605, 48.6396116], [16.963324, 48.6399866], [16.9639378, 48.6407118], [16.9647823, 48.6414173], [16.9660371, 48.6422357], [16.9669439, 48.6427718], [16.9680227, 48.643588], [16.9683829, 48.6439979], [16.969031, 48.6449424], [16.9694699, 48.6459698], [16.9695815, 48.6465892], [16.9695884, 48.6472189], [16.9695416, 48.6476659], [16.9691806, 48.6487259], [16.9688557, 48.6495258], [16.9681369, 48.6511182], [16.9671574, 48.6533787], [16.9669078, 48.6542702], [16.9668384, 48.6550013], [16.9669675, 48.6560963], [16.9671215, 48.6566279], [16.9674206, 48.657372], [16.9680801, 48.6589925], [16.9682546, 48.659883], [16.9683016, 48.6603928], [16.9681828, 48.661321], [16.9679532, 48.6621235], [16.9671749, 48.6643408], [16.9670173, 48.6650667], [16.9669594, 48.6659978], [16.9670301, 48.6667105], [16.9673117, 48.667629], [16.9674166, 48.6679056], [16.9676174, 48.6683104], [16.9677682, 48.6685625], [16.9682934, 48.6693202], [16.9691275, 48.6702063], [16.9698924, 48.6707675], [16.9705145, 48.6711886], [16.973427, 48.6728296], [16.9750886, 48.6738807], [16.9760546, 48.6747247], [16.9767088, 48.6753972], [16.9774835, 48.6764891], [16.9779153, 48.6774238], [16.9782638, 48.678582], [16.9787715, 48.6803484], [16.9793335, 48.6814744], [16.9797318, 48.6820731], [16.9807503, 48.6831213], [16.9819337, 48.6839783], [16.9830599, 48.6845755], [16.9839796, 48.6849627], [16.9894852, 48.6872632], [16.9929887, 48.6887308], [16.9941325, 48.6893087], [16.9948777, 48.6897465], [16.9956372, 48.6903204], [16.9965666, 48.6911334], [16.9972033, 48.6918495], [16.9977868, 48.6926488], [16.998154, 48.6932897], [16.9983796, 48.6937226], [16.9987722, 48.6949377], [16.9988495, 48.6962038], [16.9988068, 48.6968377], [16.9987002, 48.6974685], [16.9977095, 48.7010752], [16.9967446, 48.7045802], [16.9966962, 48.7048018], [16.9966736, 48.7061748], [16.9967441, 48.7066509], [16.9972461, 48.7081085], [16.9976959, 48.7089106], [16.9987299, 48.71013], [17.0003404, 48.711434], [17.001485, 48.7121535], [17.0037503, 48.7134303], [17.0049337, 48.7139944], [17.0089844, 48.715672], [17.0099825, 48.7162273], [17.0111168, 48.7169981]]], [[[16.839919, 48.8178537], [16.8393426, 48.817869], [16.8389223, 48.8178848], [16.8386963, 48.8179575], [16.8386459, 48.8180019], [16.8384588, 48.8181539], [16.8382915, 48.8181063], [16.8383306, 48.818042], [16.8383189, 48.817951], [16.8382528, 48.8178683], [16.8379842, 48.8177137], [16.8376633, 48.8175964], [16.8371645, 48.8175022], [16.8365341, 48.8173595], [16.8364053, 48.8173082], [16.836161, 48.8171728], [16.8358895, 48.816932], [16.8355987, 48.8164921], [16.8355139, 48.8162471], [16.8354347, 48.8159853], [16.8353445, 48.8158031], [16.8352884, 48.8157633], [16.8351696, 48.8157499], [16.8348818, 48.8158141], [16.8345236, 48.8159219], [16.8343438, 48.8160041], [16.8342552, 48.8160806], [16.8342051, 48.8162167], [16.834056, 48.8164935], [16.8339328, 48.8168933], [16.8336103, 48.8175334], [16.8335637, 48.8176786], [16.8336112, 48.8177666], [16.8333727, 48.8177733], [16.8330124, 48.8177455], [16.8329017, 48.8178867], [16.8328831, 48.8180762], [16.8326597, 48.8184061], [16.8314246, 48.8205539], [16.8303652, 48.8223846], [16.8294413, 48.8239661], [16.8281699, 48.8261865], [16.8274167, 48.8275102], [16.8264886, 48.8291648], [16.8256834, 48.8304955], [16.8250161, 48.8316788], [16.8245975, 48.8324221], [16.8243244, 48.8330001], [16.8241153, 48.8335332], [16.8240234, 48.8339547], [16.8239668, 48.8342378], [16.8239643, 48.8343452], [16.8229897, 48.834021], [16.8221073, 48.8325879], [16.821557, 48.8322562], [16.8210628, 48.8320218], [16.820955, 48.8320822], [16.8205361, 48.8327412], [16.8203621, 48.8330375], [16.8200209, 48.8332383], [16.8198759, 48.8332972], [16.8196634, 48.833313], [16.819423, 48.8333928], [16.8193228, 48.833461], [16.8192454, 48.8335904], [16.8192294, 48.8336493], [16.8192387, 48.8337267], [16.8192605, 48.8338187], [16.8195654, 48.8341319], [16.8198, 48.8343973], [16.8198421, 48.8346166], [16.819829, 48.8348229], [16.819789, 48.8348911], [16.8195477, 48.8350734], [16.8193556, 48.8352057], [16.8188817, 48.8353601], [16.8186128, 48.8354183], [16.8184641, 48.8354045], [16.8181358, 48.8348393], [16.8180899, 48.8348373], [16.8164639, 48.8363249], [16.8163677, 48.8363503], [16.8161278, 48.836514], [16.8161369, 48.8363793], [16.8160968, 48.8362239], [16.8160387, 48.8362557], [16.8151877, 48.8343268], [16.8150956, 48.8340034], [16.8149891, 48.8340224], [16.814953, 48.8337025], [16.8149582, 48.8333244], [16.8149348, 48.8331135], [16.8148819, 48.8328591], [16.8148257, 48.8326793], [16.8148196, 48.832605], [16.8148306, 48.8325355], [16.8148825, 48.8324131], [16.8148468, 48.8322805], [16.8147623, 48.8322322], [16.8146091, 48.8321963], [16.814215, 48.8321942], [16.8140039, 48.8321686], [16.8137656, 48.8320991], [16.8133099, 48.831804], [16.8131582, 48.8317892], [16.8127425, 48.8318138], [16.812293, 48.8319652], [16.8121881, 48.8320158], [16.8121265, 48.8320773], [16.8120865, 48.8322565], [16.8120121, 48.8324261], [16.811927, 48.8325564], [16.8118029, 48.8326635], [16.8116956, 48.8327422], [16.8114918, 48.8328111], [16.8112099, 48.8328903], [16.811107, 48.832912], [16.8110339, 48.832901], [16.8110014, 48.8328794], [16.8106154, 48.832676], [16.8105, 48.8326295], [16.8103133, 48.8326256], [16.8101124, 48.8326441], [16.8096151, 48.8327913], [16.8091361, 48.8329345], [16.8077738, 48.833395], [16.8049453, 48.8342983], [16.8039096, 48.8346306], [16.803347, 48.834781], [16.8029351, 48.8348615], [16.8026016, 48.8348993], [16.8022598, 48.8348888], [16.8019292, 48.8348679], [16.8016149, 48.8348834], [16.8008326, 48.8350798], [16.800697, 48.8351287], [16.800484, 48.8351937], [16.8000742, 48.8353355], [16.8000031, 48.8354114], [16.799843, 48.8354603], [16.7999917, 48.8359054], [16.7999689, 48.8359787], [16.799833, 48.8360856], [16.7992155, 48.8365139], [16.7991401, 48.8371005], [16.7989128, 48.8372248], [16.7982098, 48.8373258], [16.7978259, 48.8373188], [16.7971084, 48.8369552], [16.7964289, 48.8362839], [16.796166, 48.8360954], [16.7958349, 48.8358199], [16.7953518, 48.8356857], [16.7947132, 48.835676], [16.7942864, 48.8357063], [16.793347, 48.8362093], [16.7931128, 48.8362605], [16.7931786, 48.8363249], [16.7931688, 48.8363642], [16.793113, 48.8364172], [16.7929466, 48.8364385], [16.7928075, 48.8364341], [16.7927086, 48.8364135], [16.7919262, 48.8357471], [16.7919121, 48.8356596], [16.7919603, 48.835575], [16.791972, 48.8349701], [16.7912439, 48.8340074], [16.7909827, 48.8336846], [16.7910793, 48.83332], [16.790757, 48.8333008], [16.7906533, 48.8332649], [16.7906409, 48.8332198], [16.7906412, 48.8331486], [16.7905242, 48.8331243], [16.7883509, 48.8328751], [16.7870473, 48.8327256], [16.7865948, 48.8326902], [16.7859567, 48.8325856], [16.7856117, 48.8325608], [16.7851013, 48.8325685], [16.7843771, 48.832624], [16.7836337, 48.83275], [16.7831645, 48.8329561], [16.7826784, 48.8331154], [16.7821094, 48.833225], [16.7817733, 48.8333111], [16.7817069, 48.8334387], [16.7814104, 48.8334074], [16.7813336, 48.8337832], [16.7812328, 48.8344269], [16.7811112, 48.8350626], [16.7795993, 48.834957], [16.7793134, 48.8349492], [16.7784355, 48.8347591], [16.7775285, 48.8346978], [16.7775005, 48.8334747], [16.777458, 48.8332185], [16.7772631, 48.8327291], [16.7772207, 48.8324357], [16.7775567, 48.8313098], [16.7774686, 48.8312521], [16.7773333, 48.8311717], [16.7770986, 48.8311018], [16.7769058, 48.8310889], [16.7766728, 48.8310953], [16.7765495, 48.8311352], [16.7764523, 48.8312286], [16.7763361, 48.8314388], [16.7762808, 48.8316452], [16.7762559, 48.8318317], [16.7762102, 48.8319504], [16.7757816, 48.8321205], [16.7754384, 48.8322306], [16.774948, 48.8323013], [16.7746786, 48.8322776], [16.7741391, 48.8321519], [16.7738477, 48.8320226], [16.773735, 48.8319183], [16.7737452, 48.8317774], [16.773773, 48.8316267], [16.7737972, 48.8315635], [16.7739231, 48.8312981], [16.7740672, 48.8311931], [16.7741526, 48.8310728], [16.7739971, 48.8307841], [16.7739369, 48.8307329], [16.7736401, 48.8306987], [16.7734338, 48.8307138], [16.7727947, 48.8308169], [16.7726997, 48.8308566], [16.7726184, 48.8309113], [16.7725202, 48.8310521], [16.7724294, 48.8312358], [16.7723547, 48.8314542], [16.7722091, 48.8317462], [16.7720996, 48.8318662], [16.7720061, 48.8319353], [16.7718529, 48.8320157], [16.771642, 48.8321554], [16.7713812, 48.8324353], [16.7711212, 48.8328587], [16.7707045, 48.833271], [16.770472, 48.8335559], [16.7704454, 48.8336208], [16.7704363, 48.8336858], [16.7704977, 48.8338016], [16.7707606, 48.8339805], [16.7708529, 48.8340253], [16.7711596, 48.8340886], [16.7713552, 48.8340839], [16.7714915, 48.8340617], [16.7718291, 48.8340346], [16.7718994, 48.834062], [16.7719489, 48.834091], [16.7719532, 48.8341485], [16.77192, 48.8342311], [16.7718172, 48.8343395], [16.7717089, 48.8344302], [16.771628, 48.8344752], [16.7715548, 48.8345024], [16.7705232, 48.834547], [16.7697622, 48.8345971], [16.7689878, 48.8344616], [16.7679027, 48.8344385], [16.7676617, 48.8343924], [16.7675446, 48.8343474], [16.7674942, 48.8343069], [16.7674493, 48.8341704], [16.7673589, 48.8341122], [16.7672197, 48.8340751], [16.7670068, 48.8340739], [16.7666893, 48.8341065], [16.7664072, 48.8341277], [16.7659537, 48.8341834], [16.7656505, 48.8342075], [16.7653234, 48.8341629], [16.7649742, 48.8340704], [16.7645456, 48.834061], [16.76298, 48.8341632], [16.7628578, 48.8342304], [16.76279, 48.8344885], [16.7629635, 48.8348149], [16.7628493, 48.8348261], [16.7626315, 48.834719], [16.7624546, 48.8346292], [16.7623906, 48.8345576], [16.7623398, 48.8344839], [16.7622935, 48.8344008], [16.7623894, 48.8340177], [16.7623851, 48.8339579], [16.7623112, 48.8339208], [16.7621179, 48.8338871], [16.7619249, 48.8338845], [16.7617133, 48.8338707], [16.7615696, 48.8338186], [16.7613458, 48.8336546], [16.7612849, 48.8335781], [16.7612759, 48.8334249], [16.7612669, 48.8334039], [16.7612494, 48.8334073], [16.7612141, 48.8334592], [16.761145, 48.8334946], [16.761005, 48.8335512], [16.7608228, 48.8335884], [16.7605717, 48.8336568], [16.7602914, 48.8337016], [16.7601016, 48.8337119], [16.7591586, 48.8337885], [16.7589704, 48.8338505], [16.7588135, 48.8339307], [16.7590151, 48.8343703], [16.7593656, 48.8348059], [16.7600479, 48.8356882], [16.7603008, 48.8360127], [16.760485, 48.8362728], [16.7605127, 48.8363496], [16.7604793, 48.8364152], [16.7602226, 48.8366278], [16.7598779, 48.836879], [16.7597367, 48.8369374], [16.7588567, 48.8371356], [16.7587211, 48.8372264], [16.7586499, 48.8373466], [16.7582164, 48.8391246], [16.7581823, 48.8391605], [16.7581059, 48.8392003], [16.7580428, 48.8392116], [16.7576257, 48.8391615], [16.7575337, 48.8391659], [16.7574429, 48.8391798], [16.7572682, 48.8392562], [16.755439, 48.8402346], [16.7553672, 48.8402866], [16.7553175, 48.8403678], [16.7553294, 48.8404459], [16.7562149, 48.8416341], [16.7570461, 48.8427034], [16.7574168, 48.8434542], [16.7568139, 48.8434948], [16.7566714, 48.8434664], [16.7565422, 48.8434278], [16.7563152, 48.8434036], [16.7561872, 48.8434264], [16.7559124, 48.8436004], [16.755612, 48.8437681], [16.7549347, 48.8440442], [16.7546986, 48.844106], [16.7545665, 48.8441175], [16.7543519, 48.8440879], [16.7541048, 48.8440123], [16.7538644, 48.8439012], [16.7536846, 48.8437823], [16.7535306, 48.8436533], [16.7534717, 48.8435553], [16.7533798, 48.8434612], [16.7532654, 48.843433], [16.7531419, 48.8434419], [16.7527924, 48.8435313], [16.7525079, 48.8436631], [16.7522048, 48.8438474], [16.7520635, 48.8439916], [16.7519246, 48.8442264], [16.7518783, 48.8445724], [16.7518613, 48.8449602], [16.7518265, 48.8450207], [16.751741, 48.8450684], [16.7515804, 48.8451091], [16.7513813, 48.845135], [16.7508781, 48.8451197], [16.7503167, 48.8450912], [16.7499073, 48.8450387], [16.7495589, 48.8449768], [16.7489813, 48.8450685], [16.7488563, 48.8446883], [16.7487659, 48.8445192], [16.7485762, 48.8444758], [16.7482761, 48.8444227], [16.7477721, 48.8443283], [16.7474602, 48.8443119], [16.7468708, 48.8443415], [16.7462388, 48.8444111], [16.7452377, 48.84462], [16.7445969, 48.8447562], [16.7440205, 48.8448756], [16.7437351, 48.8449724], [16.7435165, 48.8450821], [16.7432599, 48.845167], [16.7425554, 48.8453374], [16.7422334, 48.8454338], [16.7421691, 48.8454624], [16.7421603, 48.8455216], [16.7422537, 48.8456832], [16.7424952, 48.8459349], [16.7426242, 48.8461231], [16.7426729, 48.8462396], [16.7426366, 48.846324], [16.7425805, 48.8463616], [16.7423528, 48.8464111], [16.7420053, 48.8464741], [16.7413068, 48.8466161], [16.7405339, 48.8467272], [16.7401872, 48.8472566], [16.7383164, 48.8469813], [16.7371531, 48.8487227], [16.7370204, 48.8490076], [16.736692, 48.8498358], [16.7364863, 48.8502311], [16.7362567, 48.8506256], [16.7361065, 48.850872], [16.7358169, 48.8512834], [16.7355274, 48.8516419], [16.7352569, 48.8519759], [16.7349747, 48.8522635], [16.7347504, 48.8524882], [16.7343289, 48.8528697], [16.7342005, 48.8530011], [16.7341677, 48.8533018], [16.734311, 48.8534388], [16.7347685, 48.8536792], [16.735425, 48.8538882], [16.7358255, 48.8540646], [16.7361756, 48.8543871], [16.736194, 48.854466], [16.7360885, 48.8546965], [16.7359405, 48.8547387], [16.735697, 48.8548448], [16.7355724, 48.854857], [16.7350875, 48.8547433], [16.7348282, 48.8547083], [16.7344105, 48.8546283], [16.7340767, 48.8546014], [16.7335656, 48.854686], [16.7322544, 48.8548825], [16.7316214, 48.8546566], [16.7321473, 48.8542177], [16.7325607, 48.8538388], [16.7329432, 48.8534663], [16.7331581, 48.8532198], [16.7334257, 48.8527619], [16.7335584, 48.8525712], [16.733878, 48.8520722], [16.7345937, 48.8514927], [16.7348464, 48.8512626], [16.7350406, 48.8510158], [16.7351458, 48.8506003], [16.7353082, 48.8499241], [16.7350942, 48.8492708], [16.7349763, 48.8489229], [16.7348943, 48.8488321], [16.7347345, 48.8486551], [16.7343815, 48.8482643], [16.7340601, 48.8479084], [16.7337693, 48.8476548], [16.7331562, 48.8471538], [16.7327125, 48.8468613], [16.7322032, 48.8467541], [16.7319503, 48.8466674], [16.7314966, 48.8462995], [16.73135, 48.8461059], [16.7312268, 48.8457299], [16.7310707, 48.8452532], [16.7309166, 48.8449842], [16.7308138, 48.8447606], [16.7307518, 48.8445199], [16.7307596, 48.8443358], [16.7308384, 48.8442193], [16.7309608, 48.8441031], [16.7311565, 48.8439545], [16.7315482, 48.8437797], [16.7319132, 48.8436844], [16.7323793, 48.8436684], [16.7331632, 48.8437416], [16.7336908, 48.8438044], [16.7339691, 48.8438341], [16.734356, 48.8437923], [16.7350988, 48.8436335], [16.735312, 48.8435347], [16.7356045, 48.8433355], [16.7357425, 48.8431481], [16.735928, 48.8427837], [16.7360163, 48.8424139], [16.7361073, 48.8420166], [16.7362227, 48.8418001], [16.7364613, 48.8416532], [16.736695, 48.8415724], [16.7377623, 48.8412527], [16.7381854, 48.8410714], [16.7387532, 48.8408049], [16.7394968, 48.8404151], [16.7402891, 48.8399828], [16.7410686, 48.8395602], [16.7414807, 48.8392492], [16.7417673, 48.8390315], [16.7421887, 48.8386947], [16.7425829, 48.838346], [16.7430369, 48.8378514], [16.7433674, 48.8374643], [16.7436159, 48.8371377], [16.7438823, 48.8368428], [16.7439199, 48.8368326], [16.7440241, 48.8368391], [16.744279, 48.8368897], [16.7443611, 48.8369017], [16.7444321, 48.8368895], [16.7444714, 48.8368678], [16.7448144, 48.8364646], [16.7451582, 48.8360664], [16.7454994, 48.8356912], [16.7458086, 48.8353769], [16.7458921, 48.835273], [16.7459029, 48.8352248], [16.7458908, 48.8351427], [16.7458031, 48.8350521], [16.7457232, 48.8349809], [16.7457016, 48.8349375], [16.7457087, 48.8348787], [16.7457634, 48.8347732], [16.7458037, 48.8346709], [16.7458829, 48.8345839], [16.7463174, 48.8343102], [16.7465678, 48.8341824], [16.7472002, 48.8339277], [16.7478894, 48.8337007], [16.7485944, 48.8335061], [16.7492753, 48.8333192], [16.7497543, 48.8331674], [16.7500728, 48.8331196], [16.7507561, 48.8330873], [16.7515238, 48.8330512], [16.7521248, 48.8329823], [16.7526887, 48.8328259], [16.7532985, 48.8325838], [16.7534611, 48.832515], [16.7538057, 48.8323608], [16.7541356, 48.8320913], [16.7543875, 48.8318598], [16.7546265, 48.8316087], [16.7547579, 48.8312708], [16.7549572, 48.8308778], [16.755032, 48.8307189], [16.7551322, 48.8304815], [16.7551722, 48.8302608], [16.7550991, 48.8298797], [16.7549631, 48.829446], [16.7548794, 48.8292423], [16.7547091, 48.8289579], [16.7547259, 48.8287647], [16.7548917, 48.8286124], [16.7551837, 48.8284925], [16.7558002, 48.8283141], [16.7577123, 48.8273672], [16.7570665, 48.8267586], [16.7571872, 48.8253512], [16.7573267, 48.8250722], [16.75767, 48.8239544], [16.7579199, 48.8236635], [16.7584024, 48.8232688], [16.7589601, 48.822849], [16.7591077, 48.8227041], [16.7593499, 48.8223593], [16.7598911, 48.8217628], [16.760444, 48.8212084], [16.7607251, 48.8209629], [16.7610643, 48.8206175], [16.7613206, 48.820442], [16.761715, 48.820245], [16.7626076, 48.819648], [16.762924, 48.8193853], [16.7630062, 48.8190284], [16.7630151, 48.8189191], [16.7630396, 48.8188449], [16.7630881, 48.8187847], [16.763281, 48.8186532], [16.763501, 48.8185372], [16.764144, 48.8182203], [16.7643638, 48.8179974], [16.7646054, 48.8176866], [16.7649756, 48.8174174], [16.7652958, 48.8172998], [16.7655335, 48.8172459], [16.7656339, 48.8172786], [16.7658404, 48.817468], [16.7665199, 48.8174226], [16.7670972, 48.8173339], [16.7675709, 48.8171624], [16.7679058, 48.8169251], [16.7681831, 48.8166178], [16.7683286, 48.8163707], [16.7683454, 48.8163168], [16.7682653, 48.8157125], [16.768293, 48.8155795], [16.7683644, 48.8154807], [16.7684753, 48.8153851], [16.7686957, 48.8152662], [16.7691424, 48.8151549], [16.7701224, 48.8149527], [16.7705565, 48.8148915], [16.7716251, 48.8148367], [16.7719827, 48.8148265], [16.7725367, 48.8147306], [16.7733541, 48.8146049], [16.7734172, 48.8148415], [16.7738376, 48.81543], [16.7739564, 48.8156643], [16.7742057, 48.8160055], [16.7745832, 48.8163953], [16.7751204, 48.8170037], [16.7752589, 48.8169447], [16.7754215, 48.8170629], [16.7755442, 48.8170267], [16.7757507, 48.8169172], [16.7754316, 48.8165181], [16.7752786, 48.8161189], [16.775579, 48.8158487], [16.7760864, 48.8156445], [16.7764213, 48.815718], [16.7765545, 48.8157053], [16.7766504, 48.8156507], [16.7770328, 48.8154689], [16.777352, 48.815346], [16.7778013, 48.8151502], [16.7778687, 48.8149908], [16.7777058, 48.8150622], [16.7775949, 48.8150951], [16.7774861, 48.8150768], [16.7773275, 48.815002], [16.7771812, 48.814928], [16.7767296, 48.8147387], [16.7767965, 48.8145851], [16.7770515, 48.8146901], [16.7774021, 48.8148048], [16.7776454, 48.8148804], [16.7777436, 48.8148719], [16.7779415, 48.8147197], [16.7780367, 48.8145935], [16.7782585, 48.8143103], [16.778374, 48.8142545], [16.7788085, 48.8140701], [16.7790793, 48.8138988], [16.7794575, 48.8134448], [16.7795644, 48.8132547], [16.7795407, 48.8131463], [16.77942, 48.8130315], [16.778744, 48.8126518], [16.7786243, 48.8125283], [16.7785858, 48.8123586], [16.7785777, 48.8119435], [16.7786568, 48.8115616], [16.7787387, 48.8113323], [16.7789613, 48.8111097], [16.7791835, 48.8109713], [16.7796635, 48.8107894], [16.7800557, 48.8106187], [16.7802562, 48.8105388], [16.7804933, 48.810536], [16.7807495, 48.810533], [16.7808634, 48.8105152], [16.7810534, 48.810451], [16.7814984, 48.8103743], [16.7815953, 48.8103237], [16.7817496, 48.8101731], [16.7818044, 48.8100323], [16.7818165, 48.809806], [16.7817777, 48.8097167], [16.7817105, 48.8096066], [16.781471, 48.8094416], [16.7812444, 48.8093474], [16.7811769, 48.809271], [16.7811929, 48.8091917], [16.7813163, 48.8090113], [16.7816136, 48.8087663], [16.78194, 48.8083594], [16.7822067, 48.8079621], [16.7820887, 48.8075081], [16.7819949, 48.8071247], [16.7820309, 48.8069687], [16.7821451, 48.8068279], [16.7825554, 48.8065489], [16.7830046, 48.806325], [16.7826658, 48.8056189], [16.7820865, 48.8045658], [16.7816353, 48.804158], [16.7815729, 48.8040442], [16.7815856, 48.8038706], [16.7815872, 48.8036905], [16.78169, 48.8035602], [16.7820547, 48.8033939], [16.7823587, 48.8032521], [16.7826937, 48.803155], [16.7828962, 48.8031637], [16.7832045, 48.8031277], [16.7838756, 48.8030416], [16.7845539, 48.8029693], [16.7852839, 48.8029309], [16.7853654, 48.8029796], [16.7853852, 48.8031181], [16.7856557, 48.8030938], [16.7859238, 48.8031046], [16.7865389, 48.803284], [16.7870018, 48.8033783], [16.7874578, 48.8034142], [16.7882072, 48.8034802], [16.7888555, 48.8035821], [16.790788, 48.8018334], [16.7905044, 48.8017579], [16.7904343, 48.8016842], [16.7904391, 48.8015589], [16.7906258, 48.8013905], [16.7909228, 48.8012729], [16.7923268, 48.8011041], [16.7933044, 48.800738], [16.7941115, 48.800338], [16.7944135, 48.8002385], [16.7947519, 48.8002287], [16.7950089, 48.800219], [16.795487, 48.8003329], [16.7971512, 48.8009178], [16.7994616, 48.8015955], [16.7997079, 48.8017089], [16.800038, 48.8018972], [16.8004917, 48.8022067], [16.8006148, 48.8025104], [16.800367, 48.8025439], [16.8001146, 48.8025399], [16.7995952, 48.8024798], [16.7992583, 48.8024718], [16.7990299, 48.8025053], [16.7988625, 48.8025503], [16.7990248, 48.8027467], [16.7993212, 48.8028498], [16.7994722, 48.803003], [16.799062, 48.8031708], [16.7993075, 48.8035626], [16.7995195, 48.8039463], [16.7996055, 48.8041401], [16.7996144, 48.8043069], [16.7994333, 48.8044237], [16.7995177, 48.8044986], [16.799664, 48.8045062], [16.7998685, 48.8043508], [16.8002104, 48.8043706], [16.8004091, 48.8044762], [16.8005024, 48.8048508], [16.8003554, 48.8049511], [16.8000174, 48.8049712], [16.7998608, 48.8049126], [16.7996897, 48.8049849], [16.799524, 48.8054775], [16.7985937, 48.8058668], [16.7985535, 48.8059571], [16.7985611, 48.8060492], [16.7986817, 48.8061096], [16.7987983, 48.8061295], [16.7989874, 48.8060627], [16.7995848, 48.8057207], [16.7997445, 48.8057026], [16.7998691, 48.8057327], [16.7999601, 48.8058034], [16.7999914, 48.8058654], [16.7999764, 48.8059447], [16.7998796, 48.8060239], [16.7994464, 48.8062444], [16.7993839, 48.8063071], [16.7993815, 48.8064126], [16.7995774, 48.8069232], [16.799611, 48.8070361], [16.799608, 48.8071914], [16.7992129, 48.8079087], [16.7995404, 48.8077999], [16.7999484, 48.8077563], [16.8002748, 48.8076665], [16.8004187, 48.8076617], [16.8005909, 48.8077006], [16.8006918, 48.8077057], [16.8007555, 48.8076875], [16.8008071, 48.8076466], [16.8008821, 48.8075581], [16.800995, 48.8074613], [16.8011443, 48.8073432], [16.8016183, 48.8073108], [16.8018373, 48.8073078], [16.8019659, 48.8075479], [16.8020691, 48.8078028], [16.8030672, 48.8077797], [16.8045105, 48.8077005], [16.8043388, 48.8071194], [16.8045534, 48.8071123], [16.8046291, 48.8070407], [16.8046688, 48.8066351], [16.8046181, 48.8062396], [16.8044509, 48.8061115], [16.8047393, 48.8054535], [16.8048238, 48.8052135], [16.8048548, 48.8049902], [16.8048204, 48.8046963], [16.8047459, 48.8043796], [16.8046016, 48.80397], [16.8043424, 48.8034546], [16.8041144, 48.803077], [16.8035355, 48.8021824], [16.8028064, 48.801822], [16.8025542, 48.8016036], [16.8029682, 48.801468], [16.8029171, 48.801407], [16.8030364, 48.8013786], [16.8030483, 48.8012997], [16.8042944, 48.8010342], [16.8041225, 48.8007383], [16.8046821, 48.8005267], [16.8048277, 48.8007136], [16.8050465, 48.8006131], [16.8045955, 48.7999587], [16.8043772, 48.8000057], [16.8039904, 48.7995398], [16.8042983, 48.7994432], [16.8041567, 48.7992403], [16.8048736, 48.7990226], [16.80543, 48.7988994], [16.8072827, 48.7985125], [16.8073085, 48.798531], [16.8082056, 48.7983645], [16.8098026, 48.7982416], [16.8098215, 48.7982595], [16.8094745, 48.7984447], [16.8098103, 48.7989197], [16.8099332, 48.7989946], [16.8101706, 48.7991168], [16.8105334, 48.7992463], [16.8107627, 48.7992315], [16.8109893, 48.7992503], [16.811404, 48.7991441], [16.8115397, 48.7994075], [16.8121156, 48.7993291], [16.8124846, 48.7992276], [16.8127506, 48.799192], [16.8130045, 48.799232], [16.8132033, 48.7992358], [16.8137057, 48.7991357], [16.8137045, 48.7989861], [16.8149283, 48.7987139], [16.8150783, 48.7986403], [16.8152536, 48.7987177], [16.8153845, 48.7988506], [16.8158204, 48.7992579], [16.8160237, 48.7993759], [16.8161865, 48.7994578], [16.8163059, 48.7994797], [16.8164231, 48.799452], [16.8166231, 48.7993593], [16.8169995, 48.7990921], [16.8176341, 48.7987274], [16.8177145, 48.7986502], [16.8178146, 48.7984855], [16.8178492, 48.7984577], [16.8180215, 48.7985046], [16.818056, 48.7984297], [16.8185742, 48.7976785], [16.8191333, 48.7974805], [16.8204094, 48.7963447], [16.8213615, 48.795782], [16.8207766, 48.7949735], [16.8212271, 48.7945728], [16.8224054, 48.7936619], [16.8237834, 48.7926724], [16.8239276, 48.7925686], [16.8240675, 48.7924468], [16.8241287, 48.7923392], [16.8241415, 48.7921998], [16.8256414, 48.7913188], [16.8256022, 48.7912837], [16.8254366, 48.791207], [16.8250498, 48.7911603], [16.8252563, 48.7909216], [16.8251176, 48.7907529], [16.8250742, 48.79063], [16.825362, 48.7902877], [16.8252356, 48.7901675], [16.8247482, 48.7900065], [16.8248867, 48.7899193], [16.824568, 48.7898537], [16.8240641, 48.7898299], [16.8234825, 48.7898102], [16.8229507, 48.7897243], [16.8227407, 48.7896745], [16.8222635, 48.789503], [16.8214559, 48.7892323], [16.8207937, 48.7894164], [16.820273, 48.7897193], [16.8200862, 48.7898856], [16.8193668, 48.7898174], [16.8198576, 48.7894591], [16.8203338, 48.7892103], [16.823026, 48.787884], [16.8231996, 48.7880543], [16.8234554, 48.7884161], [16.8235818, 48.788802], [16.8236429, 48.7888852], [16.8237907, 48.7889397], [16.8239129, 48.7889634], [16.8243595, 48.7890023], [16.8251831, 48.7891266], [16.8259806, 48.789215], [16.8266099, 48.7892669], [16.8270873, 48.7892294], [16.8278489, 48.7891378], [16.8282381, 48.7890706], [16.8285325, 48.7889291], [16.8289612, 48.7888689], [16.829443, 48.7888416], [16.8300011, 48.7887863], [16.830751, 48.7887068], [16.8318439, 48.7887597], [16.8332005, 48.7889282], [16.833405, 48.7889169], [16.8338042, 48.7888282], [16.8342461, 48.7887248], [16.834509, 48.7887106], [16.834983, 48.7887299], [16.8353928, 48.7887692], [16.8359498, 48.7888328], [16.8363215, 48.788868], [16.8366593, 48.7888674], [16.8368692, 48.7889534], [16.8370925, 48.789123], [16.837242, 48.789227], [16.8373474, 48.7893256], [16.8372999, 48.7894762], [16.8371694, 48.7897041], [16.8371079, 48.7898445], [16.8370992, 48.7899971], [16.8371138, 48.7901827], [16.8371843, 48.7904006], [16.8373572, 48.790614], [16.8379449, 48.7912516], [16.8380468, 48.7913746], [16.8380499, 48.7915384], [16.8381294, 48.7917236], [16.8381919, 48.7918318], [16.8383787, 48.7919361], [16.8386572, 48.7920132], [16.8389054, 48.7920481], [16.8391975, 48.7920423], [16.8394883, 48.7920025], [16.8396975, 48.7919385], [16.8399645, 48.7917782], [16.8402434, 48.7915346], [16.8406323, 48.7909893], [16.8408666, 48.790788], [16.8415653, 48.7903325], [16.8426494, 48.7901458], [16.8426863, 48.7901904], [16.8435295, 48.7899758], [16.8438155, 48.7899519], [16.8442156, 48.789939], [16.8443385, 48.789867], [16.8443782, 48.7898018], [16.8443237, 48.7897235], [16.8442347, 48.7896908], [16.8441347, 48.7897313], [16.8440737, 48.7897656], [16.8440128, 48.7897301], [16.8439443, 48.7895543], [16.843899, 48.7893939], [16.8439228, 48.7892539], [16.8439779, 48.7891427], [16.8440837, 48.7890824], [16.8442707, 48.7889984], [16.8447302, 48.7888951], [16.8448857, 48.7888121], [16.8449868, 48.7886899], [16.8450025, 48.7885842], [16.8449665, 48.7885031], [16.8449125, 48.7884551], [16.8448323, 48.7884217], [16.8446228, 48.7884268], [16.8435648, 48.7885524], [16.84346, 48.788549], [16.8433809, 48.7885229], [16.8432925, 48.7884693], [16.8431499, 48.7883408], [16.8430874, 48.7882597], [16.8429749, 48.788098], [16.842882, 48.7879515], [16.8426394, 48.7876661], [16.8424851, 48.787393], [16.8425705, 48.7871855], [16.8428453, 48.7869912], [16.84303, 48.7869239], [16.8431664, 48.7869212], [16.8434266, 48.7869672], [16.8436344, 48.7870088], [16.8438075, 48.7869803], [16.8439167, 48.786887], [16.8440542, 48.7866387], [16.844317, 48.7864193], [16.8446521, 48.7860788], [16.8447842, 48.7857412], [16.8445439, 48.7858241], [16.8445166, 48.7856378], [16.8444898, 48.7854926], [16.8446249, 48.785338], [16.8448223, 48.7853067], [16.8450246, 48.7853376], [16.8451213, 48.7853231], [16.8452734, 48.7852282], [16.8454317, 48.7852266], [16.8458829, 48.7853517], [16.8461838, 48.7853844], [16.8483812, 48.7848282], [16.8486276, 48.7850657], [16.8483667, 48.7852079], [16.848182, 48.7853922], [16.8484458, 48.7853808], [16.8485744, 48.7854064], [16.8488024, 48.785803], [16.8502002, 48.7856396], [16.850834, 48.7856054], [16.8514114, 48.785898], [16.8514913, 48.7859253], [16.8517444, 48.7859158], [16.8517952, 48.7859069], [16.8524766, 48.785164], [16.852784, 48.7859856], [16.8531002, 48.7858936], [16.8532863, 48.7858836], [16.8530575, 48.7855696], [16.8535237, 48.7851505], [16.853658, 48.785083], [16.8538652, 48.7850017], [16.8539724, 48.7849841], [16.8540249, 48.7850128], [16.8541667, 48.7853748], [16.8541795, 48.785459], [16.8547814, 48.7854597], [16.8550173, 48.785403], [16.8553041, 48.785929], [16.8556816, 48.7858432], [16.8558039, 48.7858259], [16.8561024, 48.7858358], [16.8561621, 48.7859015], [16.8568913, 48.7856206], [16.8570215, 48.7855495], [16.8570995, 48.7854272], [16.8569478, 48.7851626], [16.8569561, 48.7850532], [16.857368, 48.7843712], [16.8576431, 48.7840709], [16.8581738, 48.7836423], [16.8583087, 48.7833833], [16.8583723, 48.78312], [16.8585927, 48.7828279], [16.859148, 48.7824447], [16.8592559, 48.7822906], [16.8592739, 48.7821229], [16.8592393, 48.7819976], [16.8592758, 48.7819458], [16.8593143, 48.7819526], [16.8595264, 48.7821973], [16.8596373, 48.7822481], [16.8598346, 48.7822389], [16.8599766, 48.7821456], [16.8600396, 48.7820566], [16.8600637, 48.7819002], [16.8600206, 48.7817071], [16.8601265, 48.7814965], [16.8605948, 48.7815946], [16.8607854, 48.7816409], [16.861012, 48.7815621], [16.8610638, 48.7813868], [16.8612037, 48.7813171], [16.8616295, 48.7807551], [16.861677, 48.7806146], [16.8616532, 48.7800226], [16.8610969, 48.7798961], [16.8607262, 48.7797669], [16.8603518, 48.7795838], [16.8597256, 48.779299], [16.8589513, 48.7789092], [16.8584992, 48.7787819], [16.8582342, 48.7786516], [16.858268, 48.7785987], [16.859194, 48.7776557], [16.8603646, 48.776505], [16.8603457, 48.77645], [16.859736, 48.7761488], [16.8592636, 48.7758652], [16.8594358, 48.775477], [16.8596243, 48.7748965], [16.8597778, 48.7742401], [16.8597709, 48.7739461], [16.8597422, 48.7738636], [16.8596844, 48.7737198], [16.8596711, 48.773303], [16.8588429, 48.7733422], [16.8584555, 48.7734123], [16.8571424, 48.7733884], [16.8569543, 48.7734873], [16.856678, 48.7737468], [16.8565154, 48.7738245], [16.8563323, 48.7738609], [16.8561617, 48.7738574], [16.8560887, 48.7738247], [16.8560214, 48.7737561], [16.8560715, 48.7735373], [16.8562154, 48.7732146], [16.8560623, 48.7731354], [16.8558699, 48.7731321], [16.8549893, 48.7737489], [16.8548938, 48.7737846], [16.8547817, 48.7737987], [16.8546452, 48.7737542], [16.8543784, 48.7736472], [16.8541309, 48.7735394], [16.8536737, 48.7733764], [16.8536107, 48.7731854], [16.8532476, 48.7726475], [16.8531242, 48.7725048], [16.8530928, 48.7724581], [16.8528584, 48.7718876], [16.8525751, 48.7715086], [16.8525372, 48.7714192], [16.8526077, 48.7709124], [16.8523146, 48.7706888], [16.8522493, 48.7704456], [16.8521298, 48.7699065], [16.8520963, 48.7696388], [16.8520219, 48.7691843], [16.8520102, 48.7690099], [16.8519456, 48.7687764], [16.8519369, 48.7684862], [16.8519052, 48.7682044], [16.8518124, 48.7677411], [16.8517874, 48.7674594], [16.8516948, 48.7669489], [16.851695, 48.7667664], [16.8511002, 48.7656105], [16.8510812, 48.7654425], [16.8517651, 48.7647786], [16.852444, 48.7650695], [16.853366, 48.7656909], [16.8534279, 48.7656461], [16.8537434, 48.765238], [16.8543579, 48.7647562], [16.8544146, 48.7647591], [16.8547164, 48.7648637], [16.8552081, 48.7646985], [16.8557529, 48.7642261], [16.8563388, 48.7638477], [16.8571386, 48.7633008], [16.8576315, 48.7631184], [16.8582994, 48.7629363], [16.8585193, 48.7626517], [16.8583152, 48.7615663], [16.8582563, 48.7615812], [16.8583407, 48.7614721], [16.8592101, 48.7610495], [16.8594623, 48.7613073], [16.8597057, 48.7612042], [16.859764, 48.7612491], [16.859854, 48.7612007], [16.859874, 48.7612166], [16.8601694, 48.7611112], [16.8608048, 48.7610309], [16.8612823, 48.7609003], [16.8620727, 48.7605883], [16.8624966, 48.7605243], [16.8627151, 48.7605224], [16.8628655, 48.7605712], [16.8629947, 48.7606328], [16.8632727, 48.7607031], [16.863164, 48.7604738], [16.8629301, 48.7599925], [16.8629139, 48.7599228], [16.8628886, 48.7598692], [16.8626043, 48.7595762], [16.8636806, 48.759143], [16.8639755, 48.7590506], [16.8643237, 48.7589931], [16.8646434, 48.7589951], [16.8650672, 48.7590682], [16.865402, 48.7591055], [16.8656996, 48.7590968], [16.865888, 48.7590448], [16.8660396, 48.7589632], [16.8661675, 48.7588409], [16.866615, 48.7584034], [16.867738, 48.75765], [16.867934, 48.7575391], [16.8683761, 48.757357], [16.8694881, 48.7569427], [16.8698569, 48.7569865], [16.8700833, 48.7570408], [16.8700498, 48.7571716], [16.8698626, 48.7574618], [16.8696226, 48.7580619], [16.8694954, 48.759171], [16.869788, 48.7591565], [16.8707434, 48.7594464], [16.8709331, 48.7594221], [16.871016, 48.7593504], [16.8711585, 48.7593231], [16.8712686, 48.7592347], [16.8732963, 48.7599455], [16.8731519, 48.7601373], [16.8730568, 48.7601678], [16.8728946, 48.7603827], [16.8729296, 48.7604676], [16.8727653, 48.7607411], [16.8729411, 48.7608701], [16.8730413, 48.7607803], [16.8736979, 48.7610131], [16.8737792, 48.76107], [16.8738269, 48.761189], [16.8738435, 48.7612716], [16.8735086, 48.7614918], [16.8734116, 48.7615836], [16.87335, 48.7617419], [16.8733747, 48.7619569], [16.8734848, 48.7620619], [16.8736902, 48.7620863], [16.8739384, 48.7621613], [16.8741654, 48.7622828], [16.8743379, 48.7623625], [16.876161, 48.7612432], [16.8771212, 48.7609533], [16.8773861, 48.7608136], [16.8775128, 48.7609356], [16.8774785, 48.7610938], [16.8772837, 48.7614296], [16.8772123, 48.7616636], [16.8773039, 48.7621926], [16.8774, 48.7624309], [16.8775808, 48.7627015], [16.878033, 48.7632336], [16.8780543, 48.763308], [16.8780008, 48.763421], [16.8778292, 48.7635377], [16.8774586, 48.7636984], [16.8762414, 48.7640491], [16.8755654, 48.7643051], [16.8754788, 48.7644924], [16.8755439, 48.7646338], [16.8759611, 48.7651181], [16.8762009, 48.765441], [16.8762413, 48.7655991], [16.8762092, 48.7657371], [16.876059, 48.7658962], [16.875528, 48.7661801], [16.8751693, 48.7663231], [16.8748305, 48.7664054], [16.8746097, 48.7664716], [16.8757876, 48.7679798], [16.8764742, 48.7675422], [16.87668, 48.7673964], [16.8768208, 48.7673247], [16.8770293, 48.7672652], [16.8772919, 48.7672531], [16.8775335, 48.7673118], [16.8777128, 48.767413], [16.8780838, 48.7676129], [16.8784503, 48.7678659], [16.8785363, 48.7679832], [16.8786178, 48.768142], [16.8787083, 48.7684205], [16.8788085, 48.768852], [16.8789045, 48.7688457], [16.8789953, 48.7689621], [16.879494, 48.7692795], [16.8795645, 48.7693506], [16.8795684, 48.769435], [16.8795146, 48.7695466], [16.8796159, 48.7695736], [16.879386, 48.7699919], [16.8805791, 48.7702352], [16.8801845, 48.7707834], [16.879755, 48.7720579], [16.8798408, 48.7729716], [16.8803448, 48.7737379], [16.8811605, 48.7743923], [16.8832338, 48.7760178], [16.8839835, 48.7769471], [16.8845074, 48.7776769], [16.8846882, 48.7776038], [16.8848532, 48.7778192], [16.8847273, 48.7772181], [16.8846744, 48.7770666], [16.8846385, 48.7769792], [16.8845438, 48.7768126], [16.8840571, 48.7761775], [16.883863, 48.7758538], [16.8837606, 48.7755662], [16.8837437, 48.7754352], [16.8837847, 48.7752766], [16.8839472, 48.7749072], [16.8841795, 48.7750595], [16.8843158, 48.7751941], [16.8844524, 48.7754129], [16.8854735, 48.7777719], [16.8855771, 48.7779929], [16.8857227, 48.7784579], [16.8858063, 48.7787453], [16.8858175, 48.778969], [16.8857954, 48.7790796], [16.8856516, 48.7797346], [16.8854897, 48.7800976], [16.8852341, 48.780357], [16.884862, 48.7810026], [16.8847057, 48.7812226], [16.8844919, 48.7814196], [16.8842136, 48.7815844], [16.8839823, 48.7817554], [16.8837661, 48.7818619], [16.883714, 48.7817164], [16.8836194, 48.7817418], [16.883675, 48.7818856], [16.881976, 48.7826109], [16.8810833, 48.7829961], [16.8798906, 48.7835573], [16.8783431, 48.7844214], [16.8768309, 48.7852706], [16.8761319, 48.7856927], [16.8747815, 48.7865818], [16.8737594, 48.7873166], [16.8724104, 48.7884667], [16.8720483, 48.7887761], [16.8719347, 48.7889622], [16.8715403, 48.7889374], [16.8711731, 48.7888938], [16.8706928, 48.7890083], [16.8696494, 48.7892327], [16.8695822, 48.7892936], [16.8695779, 48.789547], [16.8696107, 48.790006], [16.8694636, 48.7903299], [16.8692907, 48.7905543], [16.8691639, 48.7906063], [16.8689744, 48.790582], [16.8687674, 48.7905124], [16.8686364, 48.7904418], [16.8685071, 48.790422], [16.8683415, 48.7904188], [16.8682646, 48.7904467], [16.8681935, 48.79054], [16.8682002, 48.7919169], [16.8679, 48.7924221], [16.8676877, 48.7926559], [16.8675315, 48.7927811], [16.8673311, 48.7930231], [16.8671593, 48.7934842], [16.8671273, 48.7938783], [16.8671268, 48.7942293], [16.8669985, 48.7942705], [16.8668629, 48.7944016], [16.866666, 48.7944472], [16.8665475, 48.7944477], [16.8663611, 48.7944147], [16.8660678, 48.7942557], [16.8659488, 48.7941154], [16.8658631, 48.7939493], [16.8658006, 48.7938774], [16.8657165, 48.7938535], [16.8656091, 48.7938676], [16.8648366, 48.794161], [16.8645362, 48.7943588], [16.8645146, 48.794515], [16.8646165, 48.7947101], [16.8647777, 48.7948925], [16.8656007, 48.7953344], [16.865754, 48.7954049], [16.8657765, 48.7954594], [16.8657647, 48.795525], [16.8656992, 48.795594], [16.8655768, 48.7956332], [16.8654146, 48.7956653], [16.8652785, 48.7956684], [16.8648438, 48.7956126], [16.8647261, 48.7956059], [16.8646275, 48.7956275], [16.8645532, 48.7956598], [16.8645382, 48.7957225], [16.8646167, 48.7958396], [16.8648453, 48.7960475], [16.8649922, 48.7963095], [16.8649708, 48.7964438], [16.8648817, 48.7965603], [16.8646901, 48.7966592], [16.8644961, 48.7967441], [16.8642904, 48.7967869], [16.8641288, 48.7968296], [16.8640213, 48.7968926], [16.8639999, 48.7970092], [16.8640687, 48.797142], [16.8644987, 48.7973873], [16.864842, 48.7979704], [16.8649226, 48.798263], [16.8653412, 48.7985673], [16.8653845, 48.7986704], [16.8653409, 48.7987371], [16.8646182, 48.7990387], [16.8645523, 48.7990834], [16.8646405, 48.799146], [16.8651487, 48.7993292], [16.8652384, 48.7994806], [16.8652283, 48.7997795], [16.8652657, 48.8002151], [16.8653249, 48.8004332], [16.8654697, 48.8007407], [16.8654515, 48.8008168], [16.8652122, 48.8011117], [16.8647909, 48.8013676], [16.864311, 48.8018042], [16.8641028, 48.8020848], [16.8635396, 48.8023055], [16.8630052, 48.8025154], [16.861956, 48.8029596], [16.8618819, 48.8030387], [16.861874, 48.8032423], [16.8618412, 48.8034246], [16.858847, 48.8037247], [16.8550732, 48.8041362], [16.8550777, 48.8041866], [16.8552968, 48.8042168], [16.8552566, 48.8042824], [16.8552505, 48.8043799], [16.855377, 48.8044784], [16.8555188, 48.8045412], [16.8560872, 48.8047869], [16.856888, 48.8052072], [16.8584804, 48.8059817], [16.8585774, 48.8060482], [16.8586143, 48.8061258], [16.8589251, 48.8068573], [16.8590412, 48.8069103], [16.8591299, 48.8069202], [16.8591181, 48.8070304], [16.8583789, 48.8080317], [16.8582616, 48.8081106], [16.8580807, 48.8081553], [16.8569842, 48.8082253], [16.8566174, 48.8081674], [16.8561431, 48.8079877], [16.855796, 48.8078192], [16.8554186, 48.8076736], [16.8552927, 48.8075918], [16.8548671, 48.8067168], [16.8543165, 48.8057071], [16.8542043, 48.8055862], [16.854125, 48.8055456], [16.8539844, 48.8055361], [16.853612, 48.8056376], [16.8534146, 48.8057601], [16.8528504, 48.8064377], [16.8520618, 48.8073789], [16.8501565, 48.8094694], [16.8500151, 48.8097341], [16.8497694, 48.8099733], [16.8495923, 48.8101378], [16.8492303, 48.8105063], [16.8488473, 48.8110274], [16.8487531, 48.8112077], [16.8484526, 48.8116982], [16.8482146, 48.8118562], [16.8478325, 48.8120598], [16.8473712, 48.8122251], [16.8468236, 48.8123562], [16.8465998, 48.8123954], [16.8463165, 48.8119538], [16.8461251, 48.8120014], [16.8460559, 48.8120958], [16.8459962, 48.8122419], [16.8460217, 48.8123804], [16.8462262, 48.8127593], [16.846317, 48.8129872], [16.8465127, 48.8135465], [16.8467231, 48.8141449], [16.8467271, 48.8145303], [16.8466825, 48.814988], [16.8464561, 48.8155244], [16.8461944, 48.8158982], [16.8460444, 48.8160631], [16.8457772, 48.8162998], [16.8445102, 48.8173614], [16.8439891, 48.8177589], [16.8437599, 48.8178819], [16.8432986, 48.8180921], [16.842907, 48.8181804], [16.8425094, 48.8182008], [16.8421023, 48.8182016], [16.841608, 48.81819], [16.8406324, 48.8181402], [16.8404232, 48.8180974], [16.8401568, 48.8179584], [16.839919, 48.8178537]]]]}, "properties": {"id": "58a76618-b296-3367-9aa8-ae0332834b1d", "names": {"primary": "CHKO Soutok", "common": null, "rules": null}, "subtype": "protected", "class": "protected_landscape_seascape", "surface": null}}]}