{"type": "FeatureCollection", "features": [{"type": "Feature", "geometry": {"type": "LineString", "coordinates": [[16.7173129, 48.8003575], [16.7210089, 48.8000303], [16.7225861, 48.7999767], [16.7256092, 48.7998266], [16.7263932, 48.7997877], [16.7268025, 48.7997674], [16.7296027, 48.7995529], [16.734023, 48.7991183], [16.7385399, 48.7981796], [16.742649, 48.7980616], [16.7474126, 48.7979435], [16.7486175, 48.7981279], [16.7524337, 48.7987482], [16.7531732, 48.7987631], [16.7553165, 48.7985184], [16.7583266, 48.7985824], [16.7602765, 48.7986355], [16.7668211, 48.7993168], [16.7677438, 48.7995904], [16.7680334, 48.7996226], [16.7696106, 48.7994348], [16.7699125, 48.7994434], [16.7739558, 48.7995582], [16.7810218, 48.7997724], [16.7816322, 48.7998023]]}, "properties": {"id": "23dc26ac-fcb7-4ff2-bc01-86da4b67a181", "names": {"primary": "Mikulovsk\u00e1", "common": null, "rules": [{"variant": "common", "language": null, "perspectives": null, "value": "Mikulovsk\u00e1", "between": [0.990592108, 1.0], "side": null}]}, "subtype": "road", "class": "tertiary", "subclass": null, "road_surface": [{"value": "paved", "between": [0.990592108, 1.0]}], "road_flags": null, "width_rules": null}}, {"type": "Feature", "geometry": {"type": "LineString", "coordinates": [[16.8514812, 48.7515545], [16.8512775, 48.7518903], [16.8512461, 48.7519423], [16.8501425, 48.7537664], [16.8500577, 48.7539016], [16.8499544, 48.7540526], [16.8498926, 48.7541367], [16.8498046, 48.7542511], [16.8496384, 48.7544497], [16.8493831, 48.7547548], [16.8491744, 48.7550071], [16.8490595, 48.7551261], [16.8489646, 48.7552187], [16.8488765, 48.7552971], [16.8487885, 48.7553661], [16.8486937, 48.7554334], [16.848643, 48.7554683], [16.8485627, 48.7555164], [16.8484534, 48.7555778], [16.8483278, 48.7556416], [16.8481988, 48.7557015], [16.8481053, 48.7557413], [16.8473, 48.7560672], [16.8470761, 48.7561627], [16.8468946, 48.7562489], [16.8467519, 48.7563223], [16.8466317, 48.7563951], [16.8465355, 48.7564597], [16.8464209, 48.7565461], [16.8463102, 48.7566394], [16.8461325, 48.7568015], [16.845947, 48.7569839], [16.8451519, 48.7577611], [16.8446672, 48.7582369], [16.8445135, 48.7583761], [16.8443951, 48.7584723], [16.8442702, 48.7585689], [16.8441379, 48.7586631], [16.8435409, 48.7590574], [16.8424397, 48.7597811], [16.8422902, 48.7598786], [16.8413259, 48.7605201], [16.8405628, 48.7610174], [16.8404185, 48.761103], [16.8401765, 48.761247], [16.8399699, 48.761359], [16.8397544, 48.7614685], [16.8395252, 48.7615825], [16.8391592, 48.7617448], [16.8389508, 48.7618323], [16.8386939, 48.7619278], [16.8384486, 48.762018], [16.838107, 48.7621337], [16.8378727, 48.762208], [16.8349552, 48.7630394], [16.8322743, 48.7638041], [16.829355, 48.7646358], [16.8261838, 48.765541], [16.8237492, 48.7662269], [16.8233038, 48.7663526], [16.8231362, 48.7664083], [16.8229878, 48.7664589], [16.8228331, 48.7665186], [16.8226729, 48.7665965], [16.8225267, 48.7666787], [16.822395, 48.7667587], [16.8222718, 48.7668462], [16.8215376, 48.7674225], [16.8209469, 48.7678848], [16.8208092, 48.7679847], [16.8206522, 48.7680844], [16.8205344, 48.7681501], [16.8203903, 48.7682196], [16.8201963, 48.7682959], [16.8199737, 48.7683685], [16.8197283, 48.7684372], [16.81905, 48.7686158], [16.8185024, 48.7687586], [16.8183121, 48.7688094], [16.8180964, 48.7688627], [16.8179005, 48.7689081], [16.8176931, 48.7689526], [16.8174759, 48.7689953], [16.8172207, 48.7690426], [16.8169599, 48.7690845], [16.814392, 48.76945], [16.8122015, 48.769763], [16.8119068, 48.7698095], [16.811748, 48.7698395], [16.8115635, 48.7698809], [16.8114251, 48.7699182], [16.811303, 48.7699563], [16.8111849, 48.7699973], [16.8110517, 48.7700514], [16.8109021, 48.770119], [16.8107818, 48.7701814], [16.8106711, 48.7702449], [16.8105682, 48.7703122], [16.8104586, 48.7703912], [16.8103645, 48.7704684], [16.8102745, 48.7705507], [16.8101835, 48.7706466], [16.8101091, 48.7707352], [16.8100454, 48.7708217], [16.8099849, 48.7709148], [16.809926, 48.7710192], [16.8098643, 48.7711387], [16.809601, 48.7717194], [16.8094493, 48.7720553], [16.8093829, 48.7722142], [16.8093459, 48.7723123], [16.809319, 48.7724005], [16.8092954, 48.7724989], [16.8092787, 48.772599], [16.8092691, 48.7727082], [16.8092717, 48.7727995], [16.8092794, 48.7729013], [16.8092938, 48.772995], [16.8093229, 48.7731027], [16.8093561, 48.7731956], [16.8093978, 48.7732912], [16.8094481, 48.7733864], [16.8095092, 48.7734869], [16.8095678, 48.7735734], [16.8096579, 48.7736958], [16.8098184, 48.7739019], [16.8099817, 48.7741031], [16.8102625, 48.7744739], [16.8103777, 48.7746449], [16.8104197, 48.7747235], [16.8104752, 48.774827], [16.810513, 48.7749218], [16.8105385, 48.7750152], [16.8105633, 48.7751072], [16.8105814, 48.7752216], [16.8105856, 48.7753295], [16.810578, 48.7754776], [16.8105657, 48.7755671], [16.8105428, 48.7756641], [16.8105048, 48.775775], [16.8104481, 48.7759046], [16.81039, 48.7760098], [16.8103329, 48.7760972], [16.8102646, 48.7761904], [16.8101921, 48.7762742], [16.8100917, 48.7763727], [16.8099288, 48.7765155], [16.8097462, 48.7766438], [16.8095771, 48.7767504], [16.8093482, 48.7768515], [16.8091444, 48.7769296], [16.8087602, 48.7770562], [16.8079775, 48.7772938], [16.806299, 48.7778017], [16.8051073, 48.7781633], [16.8048838, 48.778239], [16.8047484, 48.7782878], [16.8046238, 48.7783379], [16.8045048, 48.7783906], [16.804376, 48.7784557], [16.8042492, 48.7785269], [16.8041476, 48.7785936], [16.8040484, 48.7786638], [16.8039482, 48.7787417], [16.8038661, 48.7788138], [16.8037856, 48.7788924], [16.8037284, 48.7789561], [16.8036733, 48.7790235], [16.8036225, 48.77909], [16.8035668, 48.7791766], [16.8035189, 48.7792567], [16.8034777, 48.7793371], [16.8034429, 48.7794201], [16.8034185, 48.7794929], [16.8033964, 48.7795699], [16.8033829, 48.7796342], [16.8033714, 48.7797042], [16.8033603, 48.7797795], [16.8033417, 48.7800611], [16.8033244, 48.7804088], [16.8032865, 48.7810995], [16.8032362, 48.7820482], [16.8032071, 48.7825655], [16.8032026, 48.7826968], [16.8032036, 48.7828035], [16.80321, 48.7829027], [16.8032221, 48.7829874], [16.8032392, 48.7830718], [16.8032646, 48.7831644], [16.8032995, 48.7832608], [16.8033388, 48.7833433], [16.8033908, 48.783435], [16.8034636, 48.783542], [16.8035274, 48.7836337], [16.8035999, 48.7837241], [16.803667, 48.7837979], [16.8049228, 48.7850728], [16.8062113, 48.7863782], [16.8075213, 48.787708], [16.8080459, 48.7882412], [16.8088269, 48.789033], [16.8090382, 48.7892583], [16.8091226, 48.7893658], [16.8091857, 48.7894609], [16.8092399, 48.7895571], [16.8092942, 48.7896729], [16.8093314, 48.7897742], [16.8093641, 48.7898978], [16.8093772, 48.7899929], [16.8093867, 48.790088], [16.8093863, 48.7901826], [16.8093787, 48.7902828], [16.8093612, 48.7903886], [16.8093358, 48.7904892], [16.8092928, 48.7906123], [16.8092493, 48.7907055], [16.8091897, 48.7908132], [16.8091351, 48.7908955], [16.8090798, 48.7909707], [16.8090163, 48.7910464], [16.8089494, 48.7911188], [16.8088742, 48.7911912], [16.8087955, 48.7912607], [16.8086954, 48.7913382], [16.8086075, 48.7914017], [16.8084903, 48.7914751], [16.8084191, 48.7915154], [16.8083325, 48.7915623], [16.8082352, 48.7916088], [16.8081324, 48.791656], [16.807995, 48.7917124], [16.8067848, 48.7921749], [16.8057873, 48.7925592]]}, "properties": {"id": "6ddd8b1b-ef06-442d-9978-0d100fa00eb4", "names": null, "subtype": "rail", "class": "standard_gauge", "subclass": null, "road_surface": null, "road_flags": null, "width_rules": null}}, {"type": "Feature", "geometry": {"type": "LineString", "coordinates": [[16.826479, 48.7879076], [16.8267654, 48.7880648], [16.8269408, 48.7881838], [16.8271003, 48.788331], [16.827213, 48.7884565], [16.8272686, 48.7884998], [16.8273015, 48.7885254], [16.8274195, 48.788559], [16.827618, 48.7885979], [16.8278701, 48.7886332], [16.8283259, 48.7886144], [16.8293934, 48.7885472], [16.8302624, 48.7884094], [16.8308901, 48.7882892], [16.8312119, 48.7881514], [16.8315445, 48.7879287], [16.8319039, 48.787646], [16.8331699, 48.7866104], [16.8331914, 48.7864478], [16.8331056, 48.78631], [16.8328534, 48.7861439], [16.8325423, 48.7859883], [16.8324399, 48.7859682], [16.8319308, 48.7858682], [16.8313407, 48.785801], [16.830418, 48.7856985], [16.829388, 48.7854582], [16.8283849, 48.7851365], [16.8280817, 48.7850105]]}, "properties": {"id": "4d6c436e-028c-4290-9b7f-95eb1e22af4e", "names": null, "subtype": "road", "class": "track", "subclass": null, "road_surface": null, "road_flags": null, "width_rules": null}}, {"type": "Feature", "geometry": {"type": "LineString", "coordinates": [[16.8324399, 48.7859682], [16.8325584, 48.7858752], [16.8329876, 48.7850623], [16.8335294, 48.7838287], [16.8343094, 48.7820234]]}, "properties": {"id": "d69252d7-3973-4646-ae2f-ab0ffd92f50b", "names": null, "subtype": "road", "class": "track", "subclass": null, "road_surface": null, "road_flags": null, "width_rules": null}}, {"type": "Feature", "geometry": {"type": "LineString", "coordinates": [[16.8318377, 48.7807794], [16.8318908, 48.7808064], [16.8331464, 48.7814452], [16.8338042, 48.7817858], [16.8343094, 48.7820234], [16.8344315, 48.7820808], [16.8380902, 48.783909], [16.8419037, 48.7858144], [16.8439275, 48.7868256], [16.8440969, 48.7869103], [16.8494739, 48.7896401]]}, "properties": {"id": "fdde864a-e9a4-4cff-9160-d92ff966bd00", "names": {"primary": "Ladensk\u00e1 cesta", "common": null, "rules": [{"variant": "common", "language": null, "perspectives": null, "value": "Ladensk\u00e1 cesta", "between": null, "side": null}]}, "subtype": "road", "class": "track", "subclass": null, "road_surface": [{"value": "gravel", "between": null}], "road_flags": [{"values": ["is_bridge"], "between": [0.684371467, 0.693959288]}], "width_rules": null}}, {"type": "Feature", "geometry": {"type": "LineString", "coordinates": [[16.8336055, 48.8025379], [16.8339817, 48.8024941], [16.8344496, 48.8025143], [16.8348293, 48.8024967], [16.8352282, 48.8024209], [16.8355542, 48.8023981], [16.8358418, 48.8024133], [16.8360988, 48.8024941], [16.836552, 48.8026966], [16.8368074, 48.8028188], [16.8370302, 48.8028742], [16.8371799, 48.8028934], [16.8373397, 48.8028798], [16.8377041, 48.8028], [16.8382604, 48.8026756], [16.8385539, 48.8026745], [16.8390175, 48.8026191], [16.8392417, 48.8025537], [16.8398306, 48.8022197], [16.8402361, 48.8019215], [16.8403363, 48.8017843], [16.8404095, 48.8015982], [16.8404901, 48.8012036], [16.8401029, 48.8009228], [16.8395774, 48.8006323], [16.8392936, 48.8004656], [16.839144, 48.800314], [16.8391049, 48.800174], [16.8390788, 48.8000387], [16.8391232, 48.799913], [16.8391655, 48.7998238], [16.8393181, 48.7996731], [16.8416793, 48.7980962], [16.8418859, 48.7979941], [16.8423484, 48.797818], [16.8431724, 48.7975219], [16.8434303, 48.7973592], [16.84367, 48.7971366], [16.8439238, 48.7968859], [16.8441152, 48.7967328], [16.8442929, 48.7966205], [16.8445115, 48.796522], [16.8448874, 48.7963577], [16.8453131, 48.7961354], [16.8459613, 48.7956882], [16.8461991, 48.7955088], [16.8463104, 48.7953814], [16.8466018, 48.7950515], [16.8468127, 48.7947509], [16.8469668, 48.7944579], [16.8471196, 48.7942633], [16.8473573, 48.7940864], [16.8476105, 48.7938969], [16.8477294, 48.7937352], [16.8478406, 48.7933385], [16.847971, 48.7930555], [16.8480937, 48.7928383], [16.8481091, 48.7924365], [16.8481551, 48.7922369], [16.8483085, 48.7918023], [16.8483775, 48.7915143], [16.848485, 48.7912999], [16.849083, 48.7903827], [16.8492981, 48.7898832], [16.8493632, 48.7897708], [16.8494739, 48.7896401]]}, "properties": {"id": "98821021-ac7c-4a27-9f58-76203c530788", "names": {"primary": "Anglick\u00e1 cesta", "common": null, "rules": [{"variant": "common", "language": null, "perspectives": null, "value": "Anglick\u00e1 cesta", "between": null, "side": null}]}, "subtype": "road", "class": "track", "subclass": null, "road_surface": [{"value": "paved", "between": null}], "road_flags": null, "width_rules": null}}, {"type": "Feature", "geometry": {"type": "LineString", "coordinates": [[16.8390788, 48.8000387], [16.8386644, 48.8000468], [16.8368551, 48.7989745], [16.8364854, 48.7985366], [16.8357617, 48.79693], [16.8349968, 48.7973111], [16.8341459, 48.7978713], [16.8309075, 48.8000759], [16.8304466, 48.8003116], [16.8301324, 48.8006513]]}, "properties": {"id": "6027e6be-2ecf-4d33-b5b8-4c2adcdce1ab", "names": null, "subtype": "road", "class": "track", "subclass": null, "road_surface": null, "road_flags": null, "width_rules": null}}, {"type": "Feature", "geometry": {"type": "LineString", "coordinates": [[16.8357617, 48.79693], [16.8354579, 48.7965843], [16.8353285, 48.7965493], [16.8351701, 48.7965375], [16.8350903, 48.7965308], [16.8350359, 48.7965205], [16.8348399, 48.7964648], [16.8328936, 48.7962631], [16.8325467, 48.7962023], [16.8322504, 48.7961262], [16.8318978, 48.7958705], [16.8317571, 48.7957323], [16.831455, 48.7955502], [16.8311223, 48.7952669], [16.8301778, 48.794375], [16.8294953, 48.7937628], [16.8262007, 48.7928444], [16.8249671, 48.7924813], [16.8245, 48.7923808], [16.824199, 48.7922716], [16.8240896, 48.7922245]]}, "properties": {"id": "ab34c1c3-3c60-46e5-98dd-b53e7bcec5e9", "names": null, "subtype": "road", "class": "track", "subclass": null, "road_surface": null, "road_flags": [{"values": ["is_bridge"], "between": [0.063153635, 0.068771305]}], "width_rules": null}}, {"type": "Feature", "geometry": {"type": "LineString", "coordinates": [[16.8336055, 48.8025379], [16.8313442, 48.8012803], [16.8309732, 48.8010646], [16.830496, 48.8007838], [16.8303167, 48.8006961], [16.8301324, 48.8006513]]}, "properties": {"id": "ce15c42b-b012-4123-96bf-9f1fff95e71d", "names": null, "subtype": "road", "class": "track", "subclass": null, "road_surface": [{"value": "paved", "between": null}], "road_flags": null, "width_rules": null}}, {"type": "Feature", "geometry": {"type": "LineString", "coordinates": [[16.8290933, 48.8004923], [16.8294806, 48.8014582], [16.8297062, 48.8020815], [16.8298185, 48.8023178], [16.8299876, 48.8025235], [16.8300421, 48.8027774], [16.8301573, 48.8028921], [16.8306574, 48.803215], [16.8310865, 48.8032425], [16.8320077, 48.8030199], [16.8326078, 48.8029033]]}, "properties": {"id": "0bf5aab3-7af5-4446-aeb5-ae98f1049ae1", "names": null, "subtype": "road", "class": "track", "subclass": null, "road_surface": [{"value": "unpaved", "between": null}], "road_flags": null, "width_rules": null}}, {"type": "Feature", "geometry": {"type": "LineString", "coordinates": [[16.8177789, 48.7984179], [16.8196118, 48.798799], [16.823554, 48.799608], [16.8237153, 48.7996353], [16.8290933, 48.8004923], [16.8301324, 48.8006513]]}, "properties": {"id": "f7c6656a-6dbf-4c16-b3ba-6cea5a95c119", "names": null, "subtype": "road", "class": "track", "subclass": null, "road_surface": [{"value": "paved", "between": null}], "road_flags": null, "width_rules": null}}, {"type": "Feature", "geometry": {"type": "LineString", "coordinates": [[16.8196118, 48.798799], [16.8195165, 48.7989807], [16.8183144, 48.8004528], [16.8179674, 48.8008147], [16.8177071, 48.8009916], [16.8170957, 48.8013344], [16.8170131, 48.8014378]]}, "properties": {"id": "e07ccaa1-0f6a-4e42-98c7-01804319630a", "names": null, "subtype": "road", "class": "track", "subclass": null, "road_surface": [{"value": "paved", "between": null}], "road_flags": null, "width_rules": null}}, {"type": "Feature", "geometry": {"type": "LineString", "coordinates": [[16.8166925, 48.7979588], [16.8174957, 48.7983128], [16.8177789, 48.7984179]]}, "properties": {"id": "52327649-853b-4c62-afcc-2e759f5a13a3", "names": null, "subtype": "road", "class": "residential", "subclass": null, "road_surface": [{"value": "paved", "between": null}], "road_flags": null, "width_rules": null}}, {"type": "Feature", "geometry": {"type": "LineString", "coordinates": [[16.8166925, 48.7977543], [16.8168652, 48.7976713], [16.8170696, 48.7975458], [16.8171736, 48.7974773], [16.8176378, 48.7969821], [16.8178976, 48.7967882]]}, "properties": {"id": "71de00b8-2ec6-48a4-85e7-69bf6896a5b0", "names": {"primary": "Slov\u00e1ck\u00e1", "common": null, "rules": [{"variant": "common", "language": null, "perspectives": null, "value": "Slov\u00e1ck\u00e1", "between": null, "side": null}]}, "subtype": "road", "class": "residential", "subclass": null, "road_surface": null, "road_flags": null, "width_rules": null}}, {"type": "Feature", "geometry": {"type": "LineString", "coordinates": [[16.8159633, 48.7977357], [16.8161117, 48.7975706], [16.8162062, 48.7975006], [16.8162735, 48.7974824], [16.8164189, 48.7974412], [16.8165745, 48.7973805], [16.8167202, 48.7973033], [16.8167693, 48.7972796], [16.8168232, 48.7972393], [16.8168545, 48.7972145], [16.8168873, 48.7971894], [16.8169889, 48.7970853], [16.8170734, 48.7969819], [16.817212, 48.7968652], [16.8174389, 48.7967313], [16.817612, 48.7966464], [16.819321, 48.7956389]]}, "properties": {"id": "f86a3e5e-acd3-46d7-b766-9093e81d0bc4", "names": null, "subtype": "road", "class": "unknown", "subclass": null, "road_surface": null, "road_flags": null, "width_rules": null}}, {"type": "Feature", "geometry": {"type": "LineString", "coordinates": [[16.8178976, 48.7967882], [16.8185256, 48.7963173], [16.8203174, 48.7952122], [16.8207596, 48.7949284], [16.8217186, 48.7941717], [16.822491, 48.7935745], [16.8239555, 48.7925178], [16.8240501, 48.7924189], [16.8240985, 48.7923319], [16.8240896, 48.7922245], [16.8239663, 48.7921326], [16.8237463, 48.7919948], [16.8229469, 48.7914434]]}, "properties": {"id": "63e61cf1-0bbb-4009-86df-1dda3f15ba55", "names": null, "subtype": "road", "class": "track", "subclass": null, "road_surface": null, "road_flags": null, "width_rules": null}}, {"type": "Feature", "geometry": {"type": "LineString", "coordinates": [[16.8184404, 48.7926342], [16.8184684, 48.7926482], [16.8184879, 48.7926547], [16.8185129, 48.7926594], [16.8185397, 48.7926606], [16.8185613, 48.7926587], [16.8185843, 48.7926538], [16.8186034, 48.7926469], [16.8186273, 48.7926332], [16.8186416, 48.7926203], [16.8186522, 48.7926052], [16.8186587, 48.7925837], [16.8186567, 48.7925629], [16.8186485, 48.7925456], [16.8186355, 48.7925306], [16.818614, 48.7925173]]}, "properties": {"id": "04ce6b6d-7aa7-4741-84a4-1c808d8470ab", "names": null, "subtype": "road", "class": "path", "subclass": null, "road_surface": [{"value": "paving_stones", "between": null}], "road_flags": null, "width_rules": null}}, {"type": "Feature", "geometry": {"type": "LineString", "coordinates": [[16.8184404, 48.7926342], [16.8184319, 48.7926238], [16.8184205, 48.7926092], [16.8184135, 48.7925929], [16.8184118, 48.7925813], [16.8184131, 48.7925672], [16.8184181, 48.7925532], [16.8184276, 48.7925389], [16.818443, 48.7925247], [16.8184631, 48.7925127], [16.8184869, 48.7925037], [16.8185132, 48.7924984], [16.8185374, 48.792497], [16.8185598, 48.7924984], [16.8185956, 48.7925068], [16.818614, 48.7925173]]}, "properties": {"id": "a273a58a-562f-4b7c-9c4d-0ef75598e7b5", "names": null, "subtype": "road", "class": "path", "subclass": null, "road_surface": [{"value": "paving_stones", "between": null}], "road_flags": null, "width_rules": null}}, {"type": "Feature", "geometry": {"type": "LineString", "coordinates": [[16.818614, 48.7925173], [16.8187481, 48.792432], [16.8187945, 48.7923898], [16.8188121, 48.7923684], [16.8188259, 48.7923461], [16.8188375, 48.7923205], [16.8188465, 48.7922932], [16.8188955, 48.7920107], [16.8191238, 48.7907419], [16.8192025, 48.7902929], [16.8193028, 48.7900392], [16.8193821, 48.789861]]}, "properties": {"id": "6a7d3e7f-b293-45bd-a25d-be40692f2c55", "names": null, "subtype": "road", "class": "path", "subclass": null, "road_surface": [{"value": "unpaved", "between": null}], "road_flags": null, "width_rules": null}}, {"type": "Feature", "geometry": {"type": "LineString", "coordinates": [[16.8190324, 48.7899179], [16.8189674, 48.7898839], [16.8188509, 48.7898547], [16.8187612, 48.7898252], [16.8182822, 48.7895839], [16.8179175, 48.7893859], [16.817793, 48.7893122], [16.8176739, 48.7892508], [16.8174973, 48.7891688], [16.8173975, 48.7891098], [16.8173077, 48.7890436], [16.8170869, 48.788847], [16.8164848, 48.7884091]]}, "properties": {"id": "e87ab10d-184b-4ccf-aa0e-87fd23b672e1", "names": null, "subtype": "road", "class": "track", "subclass": null, "road_surface": [{"value": "unpaved", "between": null}], "road_flags": null, "width_rules": null}}, {"type": "Feature", "geometry": {"type": "LineString", "coordinates": [[16.8197539, 48.7892496], [16.8198355, 48.7893087], [16.8198767, 48.7893385]]}, "properties": {"id": "1e4ab347-ecdc-45c3-b4bf-faebb1fcb1bd", "names": null, "subtype": "road", "class": "service", "subclass": "parking_aisle", "road_surface": [{"value": "paved", "between": null}], "road_flags": null, "width_rules": null}}, {"type": "Feature", "geometry": {"type": "LineString", "coordinates": [[16.8193022, 48.789723], [16.8192886, 48.7896914], [16.8193677, 48.78958], [16.8196721, 48.7893079], [16.8197539, 48.7892496], [16.8198921, 48.7891833], [16.8202971, 48.7890419], [16.8203722, 48.7890464], [16.8204423, 48.7890511]]}, "properties": {"id": "b62ca297-36dc-42ec-9807-874f3b7fb890", "names": null, "subtype": "road", "class": "service", "subclass": "parking_aisle", "road_surface": [{"value": "paved", "between": null}], "road_flags": null, "width_rules": null}}, {"type": "Feature", "geometry": {"type": "LineString", "coordinates": [[16.8191593, 48.7898246], [16.8192417, 48.7898441], [16.8193821, 48.789861], [16.8198352, 48.7898953], [16.8201314, 48.789926], [16.8204043, 48.7899874], [16.821048, 48.7902278], [16.821277, 48.7903302], [16.8214326, 48.7904165], [16.8219766, 48.7907718], [16.8223665, 48.7910221], [16.8229469, 48.7914434], [16.8228597, 48.7914948], [16.8226802, 48.7916005], [16.8220952, 48.7912188]]}, "properties": {"id": "57d75d99-7acc-41cc-9e94-c21b71fefb64", "names": null, "subtype": "road", "class": "service", "subclass": null, "road_surface": [{"value": "paved", "between": null}], "road_flags": null, "width_rules": null}}, {"type": "Feature", "geometry": {"type": "LineString", "coordinates": [[16.821888, 48.7913533], [16.8220405, 48.7914477]]}, "properties": {"id": "7943562a-c9e3-4302-b659-9938e2dc6f5e", "names": null, "subtype": "road", "class": "service", "subclass": null, "road_surface": [{"value": "paved", "between": null}], "road_flags": null, "width_rules": null}}, {"type": "Feature", "geometry": {"type": "LineString", "coordinates": [[16.8223665, 48.7910221], [16.8222623, 48.7910941], [16.8220952, 48.7912188], [16.821888, 48.7913533], [16.8216881, 48.7914782]]}, "properties": {"id": "309d7896-4393-41a3-96ef-85a378e8c5f0", "names": null, "subtype": "road", "class": "service", "subclass": null, "road_surface": [{"value": "paved", "between": null}], "road_flags": null, "width_rules": null}}, {"type": "Feature", "geometry": {"type": "LineString", "coordinates": [[16.8226802, 48.7916005], [16.8227591, 48.7916713], [16.8226134, 48.7917642]]}, "properties": {"id": "65e09fec-1a2d-4d61-bfac-a7f2b82a56f2", "names": null, "subtype": "road", "class": "service", "subclass": null, "road_surface": [{"value": "paved", "between": null}], "road_flags": null, "width_rules": null}}, {"type": "Feature", "geometry": {"type": "LineString", "coordinates": [[16.8227591, 48.7916713], [16.8231415, 48.7919356]]}, "properties": {"id": "cfdf3e5f-ed41-45ef-abe7-c13687c3dca4", "names": null, "subtype": "road", "class": "service", "subclass": null, "road_surface": [{"value": "paved", "between": null}], "road_flags": null, "width_rules": null}}, {"type": "Feature", "geometry": {"type": "LineString", "coordinates": [[16.8272686, 48.7884998], [16.8269126, 48.788817], [16.8268777, 48.7888647], [16.8268831, 48.7888877], [16.8269179, 48.7889071], [16.8269796, 48.788923], [16.8271057, 48.7889213], [16.8276475, 48.7888629]]}, "properties": {"id": "f78fa013-cfe7-4f17-b437-b53247f2a753", "names": null, "subtype": "road", "class": "track", "subclass": null, "road_surface": null, "road_flags": null, "width_rules": null}}, {"type": "Feature", "geometry": {"type": "LineString", "coordinates": [[16.8280817, 48.7850105], [16.8278534, 48.7848886]]}, "properties": {"id": "e44e3750-941e-4da8-b442-5e3969b1d18d", "names": null, "subtype": "road", "class": "unknown", "subclass": null, "road_surface": null, "road_flags": null, "width_rules": null}}, {"type": "Feature", "geometry": {"type": "LineString", "coordinates": [[16.8271912, 48.7852781], [16.8269581, 48.7850533]]}, "properties": {"id": "166cc846-3e8d-43c5-ba29-f0f16ec7e45f", "names": null, "subtype": "road", "class": "service", "subclass": null, "road_surface": [{"value": "gravel", "between": null}], "road_flags": null, "width_rules": null}}, {"type": "Feature", "geometry": {"type": "LineString", "coordinates": [[16.8266419, 48.7854799], [16.8265353, 48.7853598], [16.8264266, 48.7852374], [16.8266314, 48.7851654], [16.8266374, 48.7851632], [16.8269581, 48.7850533]]}, "properties": {"id": "3a65de5e-e016-4bd8-96de-643098a5b1e7", "names": null, "subtype": "road", "class": "service", "subclass": null, "road_surface": [{"value": "gravel", "between": null}], "road_flags": null, "width_rules": null}}, {"type": "Feature", "geometry": {"type": "LineString", "coordinates": [[16.826154, 48.7857959], [16.8264901, 48.7860992]]}, "properties": {"id": "56f34547-4ad1-48c5-9db2-26ecd77bac0a", "names": null, "subtype": "road", "class": "track", "subclass": null, "road_surface": null, "road_flags": null, "width_rules": null}}, {"type": "Feature", "geometry": {"type": "LineString", "coordinates": [[16.8262385, 48.7856043], [16.8261776, 48.7855297], [16.8261378, 48.785509], [16.8259102, 48.7854353]]}, "properties": {"id": "b7537329-1146-49b6-987d-73cefee7ff4b", "names": null, "subtype": "road", "class": "track", "subclass": null, "road_surface": [{"value": "gravel", "between": null}], "road_flags": null, "width_rules": null}}, {"type": "Feature", "geometry": {"type": "LineString", "coordinates": [[16.8266419, 48.7854799], [16.8265956, 48.7855556], [16.8263026, 48.7857077]]}, "properties": {"id": "11d4ee6f-f8fa-44af-9ec3-5193b3272f9e", "names": null, "subtype": "road", "class": "service", "subclass": null, "road_surface": null, "road_flags": null, "width_rules": null}}, {"type": "Feature", "geometry": {"type": "LineString", "coordinates": [[16.8264266, 48.7852374], [16.8262264, 48.7852894], [16.8260779, 48.7853331], [16.82604, 48.7853438]]}, "properties": {"id": "793d619c-e468-44ef-96c1-fe6822fa269a", "names": null, "subtype": "road", "class": "service", "subclass": null, "road_surface": [{"value": "gravel", "between": null}], "road_flags": null, "width_rules": null}}, {"type": "Feature", "geometry": {"type": "LineString", "coordinates": [[16.82604, 48.7853438], [16.8259102, 48.7854353], [16.8256633, 48.7855685]]}, "properties": {"id": "d878b3fb-d6c9-4e7e-a58c-d19e6059817b", "names": null, "subtype": "road", "class": "track", "subclass": null, "road_surface": null, "road_flags": null, "width_rules": null}}, {"type": "Feature", "geometry": {"type": "LineString", "coordinates": [[16.8255714, 48.7858957], [16.825576, 48.7858361], [16.8256612, 48.7857403], [16.8257451, 48.7856969], [16.8259028, 48.7856385], [16.8260934, 48.7855959], [16.8262385, 48.7856043]]}, "properties": {"id": "7ba67053-2366-4acb-8d92-2ef232ae5e45", "names": null, "subtype": "road", "class": "service", "subclass": null, "road_surface": [{"value": "paved", "between": null}], "road_flags": null, "width_rules": null}}, {"type": "Feature", "geometry": {"type": "LineString", "coordinates": [[16.8263026, 48.7857077], [16.826154, 48.7857959], [16.825779, 48.7860276], [16.8255592, 48.7862185], [16.8254222, 48.7864485], [16.8253776, 48.7867232], [16.8253058, 48.7870976], [16.82518, 48.7871263], [16.8251404, 48.7871375], [16.8249334, 48.7871841]]}, "properties": {"id": "466fc072-9cda-448c-8751-7773ead8b338", "names": null, "subtype": "road", "class": "track", "subclass": null, "road_surface": null, "road_flags": [{"values": ["is_bridge"], "between": [0.907654178, 0.92282656]}], "width_rules": null}}, {"type": "Feature", "geometry": {"type": "LineString", "coordinates": [[16.8266349, 48.7860464], [16.8264901, 48.7860992], [16.825885, 48.7864178], [16.8254879, 48.7866864], [16.8253776, 48.7867232]]}, "properties": {"id": "c93ed7ee-da2e-4112-87b5-daac45bc9e34", "names": null, "subtype": "road", "class": "track", "subclass": null, "road_surface": null, "road_flags": null, "width_rules": null}}, {"type": "Feature", "geometry": {"type": "LineString", "coordinates": [[16.8253058, 48.7870976], [16.8253634, 48.7873515], [16.8254325, 48.787428]]}, "properties": {"id": "e9f33f85-a280-4247-afc2-492925639e7e", "names": null, "subtype": "road", "class": "track", "subclass": null, "road_surface": null, "road_flags": null, "width_rules": null}}, {"type": "Feature", "geometry": {"type": "LineString", "coordinates": [[16.8249334, 48.7871841], [16.8248526, 48.787248], [16.8247751, 48.7873238], [16.8247396, 48.7874388], [16.8246429, 48.7881075], [16.8245598, 48.788435]]}, "properties": {"id": "572be79a-02e8-4328-b39a-20ee796abb93", "names": null, "subtype": "road", "class": "track", "subclass": null, "road_surface": null, "road_flags": null, "width_rules": null}}, {"type": "Feature", "geometry": {"type": "LineString", "coordinates": [[16.8236789, 48.7872859], [16.8236656, 48.7871735], [16.8236655, 48.7871511], [16.8236666, 48.7871345], [16.8236803, 48.78711], [16.8237126, 48.7870853], [16.8241091, 48.7867818], [16.8241334, 48.7867632], [16.8242449, 48.7867356], [16.8243787, 48.7867536]]}, "properties": {"id": "084b4974-e5e7-4550-806e-cdcf4a3244f5", "names": null, "subtype": "road", "class": "service", "subclass": "parking_aisle", "road_surface": [{"value": "paved", "between": null}], "road_flags": null, "width_rules": null}}, {"type": "Feature", "geometry": {"type": "LineString", "coordinates": [[16.8249334, 48.7871841], [16.8247234, 48.7872557], [16.8244002, 48.7874878], [16.8239936, 48.7877256], [16.8241224, 48.787872], [16.8244606, 48.7879601], [16.8246038, 48.7880177], [16.8246429, 48.7881075], [16.8249594, 48.7881075], [16.8250758, 48.7880436], [16.8251242, 48.787967], [16.8251048, 48.7878541], [16.8249594, 48.7873771], [16.8248526, 48.787248]]}, "properties": {"id": "3fdd5d02-f3a8-4ce6-ac17-6439395cafbf", "names": null, "subtype": "road", "class": "track", "subclass": null, "road_surface": null, "road_flags": null, "width_rules": null}}, {"type": "Feature", "geometry": {"type": "LineString", "coordinates": [[16.8318377, 48.7807794], [16.8294664, 48.7833179], [16.8288138, 48.7840066], [16.8285579, 48.7842625], [16.8283852, 48.7844242], [16.8278534, 48.7848886], [16.8276957, 48.7850002], [16.8275667, 48.7850815], [16.8273512, 48.7852042], [16.8271912, 48.7852781], [16.8269475, 48.7853769], [16.8267726, 48.7854358], [16.8266419, 48.7854799], [16.8262385, 48.7856043], [16.8258876, 48.785743], [16.8257366, 48.7858112], [16.8255714, 48.7858957], [16.8254105, 48.7859942], [16.8251967, 48.7861441], [16.8243787, 48.7867536], [16.8236789, 48.7872859], [16.8234138, 48.7874754], [16.8231296, 48.7876979], [16.8229661, 48.7878005], [16.8222767, 48.7881507], [16.8212691, 48.7886771], [16.8204423, 48.7890511], [16.820104, 48.7892158], [16.8198767, 48.7893385], [16.8196321, 48.7894898], [16.8193022, 48.789723], [16.8192261, 48.7897768], [16.8191593, 48.7898246], [16.8190324, 48.7899179], [16.8183262, 48.7904087], [16.8174328, 48.7909827], [16.8160218, 48.7918321], [16.8148611, 48.7925392]]}, "properties": {"id": "238729d7-5824-4129-a7dd-9becbb57d19c", "names": null, "subtype": "road", "class": "tertiary", "subclass": null, "road_surface": [{"value": "paved", "between": null}], "road_flags": null, "width_rules": null}}, {"type": "Feature", "geometry": {"type": "LineString", "coordinates": [[16.82604, 48.7853438], [16.8255616, 48.7852595], [16.8254962, 48.7852442], [16.8254313, 48.7852179], [16.8253213, 48.7851612], [16.8252542, 48.7851157], [16.824996, 48.784888], [16.8246782, 48.7845841], [16.824157, 48.7840051], [16.8237015, 48.7837048]]}, "properties": {"id": "2f6469f2-e292-4757-9a84-dc1dcb590055", "names": null, "subtype": "road", "class": "track", "subclass": null, "road_surface": [{"value": "gravel", "between": null}], "road_flags": null, "width_rules": null}}, {"type": "Feature", "geometry": {"type": "LineString", "coordinates": [[16.8269581, 48.7850533], [16.8266698, 48.7846964], [16.8264683, 48.78435], [16.8260354, 48.7838555]]}, "properties": {"id": "66c40996-c6e8-4f95-9676-490e8d1f879d", "names": null, "subtype": "road", "class": "service", "subclass": null, "road_surface": [{"value": "gravel", "between": null}], "road_flags": null, "width_rules": null}}, {"type": "Feature", "geometry": {"type": "LineString", "coordinates": [[16.8033496, 48.7835725], [16.8034636, 48.783542], [16.8035897, 48.7835116], [16.8044902, 48.7832318], [16.804609, 48.7832076], [16.8047434, 48.7832078], [16.8048754, 48.7832635], [16.8050476, 48.7834017], [16.805479, 48.783756], [16.805577, 48.783841], [16.805811, 48.784124], [16.805924, 48.784199], [16.806325, 48.784399], [16.80664, 48.784644], [16.806822, 48.784763], [16.807144, 48.784929], [16.807866, 48.785389], [16.808118, 48.785644], [16.808237, 48.785815], [16.808378, 48.785946], [16.808583, 48.786062], [16.808742, 48.786113], [16.808932, 48.786162], [16.809818, 48.786329], [16.810485, 48.786396], [16.811208, 48.78657], [16.811813, 48.786771], [16.812101, 48.786819], [16.812476, 48.786855], [16.812854, 48.786836], [16.813163, 48.786772], [16.813311, 48.78671], [16.813799, 48.786426], [16.813975, 48.786343], [16.814176, 48.786267], [16.814644, 48.786153], [16.814857, 48.786146], [16.815307, 48.786219], [16.815423, 48.786244], [16.815632, 48.786326], [16.815726, 48.78639], [16.815876, 48.78656], [16.816093, 48.787041], [16.816292, 48.787422], [16.816543, 48.788053], [16.816577, 48.788121], [16.816746, 48.788324], [16.817107, 48.788616], [16.817485, 48.788952], [16.817973, 48.789313], [16.818304, 48.78947], [16.818872, 48.789681], [16.8192261, 48.7897768]]}, "properties": {"id": "2bd05714-1a5b-4fcd-84c7-1a8b265918b9", "names": null, "subtype": "road", "class": "track", "subclass": null, "road_surface": [{"value": "dirt", "between": [0.0, 0.063747654]}, {"value": "unpaved", "between": [0.063747654, 1.0]}], "road_flags": null, "width_rules": null}}, {"type": "Feature", "geometry": {"type": "LineString", "coordinates": [[16.8058757, 48.7948152], [16.8065449, 48.7945115]]}, "properties": {"id": "29022bfa-b4d9-4812-ac81-2a400bda0c9c", "names": {"primary": "Komensk\u00e9ho", "common": null, "rules": [{"variant": "common", "language": null, "perspectives": null, "value": "Komensk\u00e9ho", "between": null, "side": null}]}, "subtype": "road", "class": "residential", "subclass": null, "road_surface": [{"value": "paved", "between": null}], "road_flags": null, "width_rules": null}}, {"type": "Feature", "geometry": {"type": "LineString", "coordinates": [[16.8066334, 48.7946128], [16.8067887, 48.7945322], [16.8068938, 48.7945155], [16.8070006, 48.7944892], [16.8078265, 48.7939416]]}, "properties": {"id": "bb103a47-3656-4f43-b747-31df61862bdf", "names": {"primary": "Komensk\u00e9ho", "common": null, "rules": [{"variant": "common", "language": null, "perspectives": null, "value": "Komensk\u00e9ho", "between": null, "side": null}]}, "subtype": "road", "class": "service", "subclass": null, "road_surface": null, "road_flags": null, "width_rules": null}}, {"type": "Feature", "geometry": {"type": "LineString", "coordinates": [[16.8082616, 48.7947584], [16.8079125, 48.7945157]]}, "properties": {"id": "e6a04e8b-a3f2-4329-a6e5-574cd0eee9fc", "names": {"primary": "s\u00eddli\u0161t\u011b Osvobozen\u00ed", "common": null, "rules": [{"variant": "common", "language": null, "perspectives": null, "value": "s\u00eddli\u0161t\u011b Osvobozen\u00ed", "between": null, "side": null}, {"variant": "official", "language": null, "perspectives": null, "value": "s\u00eddl. Osvobozen\u00ed", "between": null, "side": null}]}, "subtype": "road", "class": "living_street", "subclass": null, "road_surface": [{"value": "paved", "between": null}], "road_flags": null, "width_rules": null}}, {"type": "Feature", "geometry": {"type": "LineString", "coordinates": [[16.8082616, 48.7947584], [16.8093708, 48.7940583]]}, "properties": {"id": "8c65b2ac-4968-4e71-8218-f3d1016cb4e7", "names": {"primary": "s\u00eddli\u0161t\u011b Osvobozen\u00ed", "common": null, "rules": [{"variant": "common", "language": null, "perspectives": null, "value": "s\u00eddli\u0161t\u011b Osvobozen\u00ed", "between": null, "side": null}, {"variant": "official", "language": null, "perspectives": null, "value": "s\u00eddl. Osvobozen\u00ed", "between": null, "side": null}]}, "subtype": "road", "class": "living_street", "subclass": null, "road_surface": null, "road_flags": null, "width_rules": null}}, {"type": "Feature", "geometry": {"type": "LineString", "coordinates": [[16.8093708, 48.7940583], [16.8100819, 48.7945516], [16.8101203, 48.7945646], [16.8101642, 48.7945698], [16.810262, 48.7945707]]}, "properties": {"id": "9fecbb68-6d88-45e8-826c-f1ebeb582359", "names": {"primary": "s\u00eddli\u0161t\u011b Osvobozen\u00ed", "common": null, "rules": [{"variant": "common", "language": null, "perspectives": null, "value": "s\u00eddli\u0161t\u011b Osvobozen\u00ed", "between": null, "side": null}, {"variant": "official", "language": null, "perspectives": null, "value": "s\u00eddl. Osvobozen\u00ed", "between": null, "side": null}]}, "subtype": "road", "class": "living_street", "subclass": null, "road_surface": null, "road_flags": null, "width_rules": null}}, {"type": "Feature", "geometry": {"type": "LineString", "coordinates": [[16.8093708, 48.7940583], [16.8091213, 48.7938675], [16.80907, 48.7938068], [16.809049, 48.793753], [16.8090526, 48.7937044], [16.8090896, 48.7936561], [16.8093733, 48.7934679], [16.8097685, 48.793188]]}, "properties": {"id": "3416c7bc-d496-45b8-8f7b-73be3e632f1c", "names": null, "subtype": "road", "class": "service", "subclass": "alley", "road_surface": null, "road_flags": null, "width_rules": null}}, {"type": "Feature", "geometry": {"type": "LineString", "coordinates": [[16.810262, 48.7945707], [16.8102684, 48.7945382], [16.8102852, 48.794506], [16.8103094, 48.7944752], [16.8111608, 48.7939176], [16.8120812, 48.7933179], [16.812111, 48.7932834], [16.8121156, 48.7932517], [16.8121072, 48.793224], [16.8120884, 48.793201], [16.8114954, 48.7928085], [16.8114024, 48.7927517], [16.8113636, 48.7927369], [16.8113307, 48.7927338], [16.811298, 48.7927368], [16.8112545, 48.7927539], [16.8094465, 48.7939413], [16.8094153, 48.7939743], [16.8093899, 48.794015], [16.8093708, 48.7940583]]}, "properties": {"id": "7361a9b7-00da-4cf0-a92d-f48af4a900f8", "names": {"primary": "s\u00eddli\u0161t\u011b Osvobozen\u00ed", "common": null, "rules": [{"variant": "common", "language": null, "perspectives": null, "value": "s\u00eddli\u0161t\u011b Osvobozen\u00ed", "between": null, "side": null}, {"variant": "official", "language": null, "perspectives": null, "value": "s\u00eddl. Osvobozen\u00ed", "between": null, "side": null}]}, "subtype": "road", "class": "living_street", "subclass": null, "road_surface": null, "road_flags": null, "width_rules": null}}, {"type": "Feature", "geometry": {"type": "LineString", "coordinates": [[16.8114954, 48.7928085], [16.8115021, 48.7927752], [16.8114973, 48.7927504], [16.8114828, 48.7927247], [16.8109874, 48.7923908]]}, "properties": {"id": "a922ee19-c475-470e-9ec9-29cf84642897", "names": null, "subtype": "road", "class": "service", "subclass": "driveway", "road_surface": null, "road_flags": null, "width_rules": null}}, {"type": "Feature", "geometry": {"type": "LineString", "coordinates": [[16.8142196, 48.7929433], [16.8143382, 48.7930214]]}, "properties": {"id": "77a97d78-332d-48b9-8a63-9c42ca78a369", "names": null, "subtype": "road", "class": "service", "subclass": "driveway", "road_surface": null, "road_flags": null, "width_rules": null}}, {"type": "Feature", "geometry": {"type": "LineString", "coordinates": [[16.8138985, 48.7956153], [16.8167742, 48.7937191], [16.8183188, 48.7927147], [16.8184404, 48.7926342]]}, "properties": {"id": "adcc2d2a-a5b4-464a-a9fe-30d262b964c5", "names": null, "subtype": "road", "class": "path", "subclass": null, "road_surface": [{"value": "unpaved", "between": null}], "road_flags": null, "width_rules": null}}, {"type": "Feature", "geometry": {"type": "LineString", "coordinates": [[16.8129357, 48.7937633], [16.8131207, 48.7938837], [16.8132354, 48.793975], [16.8132726, 48.794056], [16.8132509, 48.7941608], [16.813222, 48.7942201], [16.8132323, 48.7943303], [16.8132592, 48.7944086], [16.8133708, 48.794508]]}, "properties": {"id": "d84d6ca9-0165-4cb9-ad08-1aa09a35b46b", "names": null, "subtype": "road", "class": "service", "subclass": "driveway", "road_surface": null, "road_flags": null, "width_rules": null}}, {"type": "Feature", "geometry": {"type": "LineString", "coordinates": [[16.813042, 48.7923212], [16.8137011, 48.7918515], [16.8148611, 48.7925392]]}, "properties": {"id": "0abab108-a2fd-4aba-8689-6300ef4dd6a9", "names": null, "subtype": "road", "class": "residential", "subclass": null, "road_surface": null, "road_flags": null, "width_rules": null}}, {"type": "Feature", "geometry": {"type": "LineString", "coordinates": [[16.8129863, 48.7937297], [16.8128494, 48.7936405], [16.8123026, 48.7932734], [16.8122221, 48.7932577], [16.8121156, 48.7932517]]}, "properties": {"id": "6043e3ac-3121-495f-8965-4c396869eaa4", "names": null, "subtype": "road", "class": "service", "subclass": null, "road_surface": null, "road_flags": null, "width_rules": null}}, {"type": "Feature", "geometry": {"type": "LineString", "coordinates": [[16.8148611, 48.7925392], [16.8142196, 48.7929433], [16.8132826, 48.7935328], [16.8129863, 48.7937297], [16.8129357, 48.7937633], [16.8120366, 48.7943606], [16.8119338, 48.7944289], [16.8117505, 48.7945538], [16.811375, 48.7948098], [16.8111776, 48.7949272], [16.8109675, 48.7950571], [16.810658, 48.7952507], [16.8104063, 48.795401], [16.8097386, 48.795785]]}, "properties": {"id": "632ec068-39d1-4b99-add3-dd936094d3ae", "names": {"primary": "B\u0159eclavsk\u00e1", "common": null, "rules": [{"variant": "common", "language": null, "perspectives": null, "value": "B\u0159eclavsk\u00e1", "between": [0.689576934, 1.0], "side": null}]}, "subtype": "road", "class": "tertiary", "subclass": null, "road_surface": [{"value": "paved", "between": null}], "road_flags": null, "width_rules": null}}, {"type": "Feature", "geometry": {"type": "LineString", "coordinates": [[16.8117505, 48.7945538], [16.8119903, 48.7946957], [16.8121274, 48.7946096]]}, "properties": {"id": "8700db46-1969-44a1-8b63-badc7b732418", "names": null, "subtype": "road", "class": "service", "subclass": "driveway", "road_surface": null, "road_flags": null, "width_rules": null}}, {"type": "Feature", "geometry": {"type": "LineString", "coordinates": [[16.8119338, 48.7944289], [16.8118122, 48.7943485], [16.8111608, 48.7939176]]}, "properties": {"id": "81179987-53c2-4cae-9e53-37ba9f58c561", "names": null, "subtype": "road", "class": "service", "subclass": null, "road_surface": [{"value": "paved", "between": null}], "road_flags": null, "width_rules": null}}, {"type": "Feature", "geometry": {"type": "LineString", "coordinates": [[16.8113408, 48.7960815], [16.8116146, 48.795926], [16.8119603, 48.7957297], [16.812435, 48.7954493]]}, "properties": {"id": "ffae1651-58b1-4bf2-8835-83e1cfd3ca0e", "names": null, "subtype": "road", "class": "service", "subclass": "driveway", "road_surface": null, "road_flags": null, "width_rules": null}}, {"type": "Feature", "geometry": {"type": "LineString", "coordinates": [[16.8119603, 48.7957297], [16.8121532, 48.7958711]]}, "properties": {"id": "ac5fb90e-6542-4abb-95fb-257c7f03bb7d", "names": null, "subtype": "road", "class": "footway", "subclass": null, "road_surface": null, "road_flags": null, "width_rules": null}}, {"type": "Feature", "geometry": {"type": "LineString", "coordinates": [[16.8131469, 48.7950277], [16.813061, 48.7950725], [16.8125275, 48.7953972], [16.812435, 48.7954493]]}, "properties": {"id": "e7e648a8-cf7b-4b8d-939d-be69e6e05e11", "names": null, "subtype": "road", "class": "footway", "subclass": null, "road_surface": null, "road_flags": null, "width_rules": null}}, {"type": "Feature", "geometry": {"type": "LineString", "coordinates": [[16.813061, 48.7950725], [16.8130631, 48.7950059], [16.8130568, 48.7949731], [16.8130343, 48.7949417], [16.8130067, 48.7949236], [16.8129699, 48.794909], [16.8128993, 48.7948933], [16.8128362, 48.7948789], [16.8127976, 48.7948632], [16.812766, 48.7948436], [16.8127372, 48.7948149], [16.8127026, 48.7947726], [16.8126719, 48.7947434], [16.812646, 48.7947233], [16.8126085, 48.7947023], [16.8125631, 48.7946888], [16.8125126, 48.794682], [16.8124543, 48.7946843], [16.812405, 48.7947002], [16.812365, 48.794723], [16.8123346, 48.7947464], [16.8123109, 48.7947763], [16.8122822, 48.7948044], [16.8122589, 48.7948221], [16.8122346, 48.7948355], [16.8121941, 48.7948554], [16.8121475, 48.7948701], [16.8120947, 48.7948806], [16.8120367, 48.7948892], [16.8119908, 48.7949139], [16.8119771, 48.7949384], [16.8119802, 48.7949682], [16.8119988, 48.7949973], [16.8120325, 48.7950203], [16.8120732, 48.7950359], [16.8121129, 48.7950461], [16.8122107, 48.7950418], [16.8123076, 48.7950199], [16.8123728, 48.7950085], [16.8124373, 48.7950081], [16.8124959, 48.7950167], [16.8125377, 48.7950285], [16.8125783, 48.7950477], [16.8126212, 48.7950945], [16.8126453, 48.7951458], [16.8126199, 48.7952129], [16.8125568, 48.7953119], [16.8125275, 48.7953972], [16.8125622, 48.7955036], [16.8125723, 48.7955466], [16.8125459, 48.795651], [16.8124931, 48.7957108], [16.8124254, 48.795773]]}, "properties": {"id": "2a6355f3-7c14-4f11-9461-959426c2b3a6", "names": null, "subtype": "road", "class": "footway", "subclass": null, "road_surface": null, "road_flags": null, "width_rules": null}}, {"type": "Feature", "geometry": {"type": "LineString", "coordinates": [[16.8125723, 48.7955466], [16.8126225, 48.7955725], [16.8126675, 48.795617], [16.8126736, 48.795651], [16.8126599, 48.7956838], [16.8126159, 48.795732], [16.8125886, 48.7957775], [16.8125756, 48.7958481]]}, "properties": {"id": "2fab8304-9b56-4005-88da-ecda9dcda908", "names": null, "subtype": "road", "class": "footway", "subclass": null, "road_surface": null, "road_flags": null, "width_rules": null}}, {"type": "Feature", "geometry": {"type": "LineString", "coordinates": [[16.8116146, 48.795926], [16.8118045, 48.7960575], [16.8118621, 48.7960495], [16.8119574, 48.796031], [16.8120459, 48.7959948], [16.8121223, 48.7959506], [16.8121532, 48.7958711], [16.8122162, 48.7958145], [16.8123007, 48.795781], [16.812361, 48.7957713], [16.8124254, 48.795773], [16.8125179, 48.7958022], [16.8125756, 48.7958481], [16.8125973, 48.7958942], [16.8126073, 48.7959372], [16.8126051, 48.795978], [16.812644, 48.7960266], [16.8126569, 48.7960344], [16.8126987, 48.7960596], [16.8127189, 48.7960941], [16.8127235, 48.7961237], [16.8127193, 48.7961546], [16.8126972, 48.796184], [16.8126491, 48.7962209], [16.8126115, 48.7962372], [16.8125697, 48.7962443], [16.8124886, 48.796242], [16.8124631, 48.7962456], [16.8124369, 48.7962493], [16.8123926, 48.7962659], [16.8123308, 48.7963045], [16.8122636, 48.7963213], [16.8122148, 48.7963225], [16.8121631, 48.7963139], [16.8120459, 48.7962439], [16.8120298, 48.7961803], [16.8119372, 48.7961467], [16.8118809, 48.796099]]}, "properties": {"id": "ee2bd819-c525-4320-a968-91914ae5b25b", "names": null, "subtype": "road", "class": "footway", "subclass": null, "road_surface": null, "road_flags": null, "width_rules": null}}, {"type": "Feature", "geometry": {"type": "LineString", "coordinates": [[16.8124174, 48.7961383], [16.8124343, 48.7961783], [16.8124416, 48.7961959], [16.8124631, 48.7962456], [16.8124871, 48.796301]]}, "properties": {"id": "f6569d25-f0fc-40df-8fc0-7cd80349d958", "names": null, "subtype": "road", "class": "footway", "subclass": null, "road_surface": null, "road_flags": [{"values": ["is_bridge"], "between": [0.245691906, 0.35364744]}], "width_rules": null}}, {"type": "Feature", "geometry": {"type": "LineString", "coordinates": [[16.8126159, 48.795732], [16.8127575, 48.7959034], [16.8126569, 48.7960344]]}, "properties": {"id": "4ff30a56-ae15-47fc-98a2-9e6bb3ea185a", "names": null, "subtype": "road", "class": "footway", "subclass": null, "road_surface": null, "road_flags": null, "width_rules": null}}, {"type": "Feature", "geometry": {"type": "LineString", "coordinates": [[16.8109757, 48.7973979], [16.8114095, 48.7971421], [16.8116582, 48.7970003], [16.8120572, 48.7967724], [16.8121812, 48.7967057], [16.8126841, 48.7964217], [16.8128743, 48.7963231], [16.8132822, 48.7960595], [16.8133547, 48.7960145], [16.8134285, 48.7959687], [16.8136095, 48.7958563], [16.8137603, 48.7957525], [16.8137315, 48.7957211], [16.8137478, 48.7957108], [16.8138138, 48.795669], [16.8138985, 48.7956153]]}, "properties": {"id": "fe578531-b368-489f-9f18-864936da1b08", "names": null, "subtype": "road", "class": "footway", "subclass": null, "road_surface": [{"value": "paving_stones", "between": null}], "road_flags": null, "width_rules": null}}, {"type": "Feature", "geometry": {"type": "LineString", "coordinates": [[16.8121223, 48.7959506], [16.8121411, 48.7959974], [16.812129, 48.7960628], [16.8120754, 48.7961335], [16.8120298, 48.7961803]]}, "properties": {"id": "c9924b94-4c64-4b2f-a988-762b7132323f", "names": null, "subtype": "road", "class": "footway", "subclass": null, "road_surface": null, "road_flags": null, "width_rules": null}}, {"type": "Feature", "geometry": {"type": "LineString", "coordinates": [[16.8118809, 48.796099], [16.8118621, 48.7960495]]}, "properties": {"id": "aa46d506-f743-4c42-b1d0-b950fbed9357", "names": null, "subtype": "road", "class": "footway", "subclass": null, "road_surface": null, "road_flags": null, "width_rules": null}}, {"type": "Feature", "geometry": {"type": "LineString", "coordinates": [[16.8113408, 48.7960815], [16.812143, 48.7966769], [16.8121812, 48.7967057]]}, "properties": {"id": "edfcfbbd-4606-4f0a-81ab-3accda956fc4", "names": null, "subtype": "road", "class": "service", "subclass": null, "road_surface": [{"value": "paving_stones", "between": null}], "road_flags": null, "width_rules": null}}, {"type": "Feature", "geometry": {"type": "LineString", "coordinates": [[16.8120177, 48.7972592], [16.8117427, 48.7970564], [16.8116582, 48.7970003]]}, "properties": {"id": "d9e1bde0-85a2-4db9-b6fc-1ecc44c4b752", "names": null, "subtype": "road", "class": "footway", "subclass": null, "road_surface": [{"value": "unpaved", "between": null}], "road_flags": null, "width_rules": null}}, {"type": "Feature", "geometry": {"type": "LineString", "coordinates": [[16.8103602, 48.7979269], [16.8109391, 48.7977965], [16.8115107, 48.7976117], [16.8120446, 48.7974581], [16.8121072, 48.7974378], [16.8128637, 48.7972681], [16.8133396, 48.7971846], [16.8139216, 48.7970449], [16.8141627, 48.7969806]]}, "properties": {"id": "a1d72be2-aa7e-487a-9f39-21436e3067b6", "names": null, "subtype": "road", "class": "residential", "subclass": null, "road_surface": [{"value": "paving_stones", "between": null}], "road_flags": null, "width_rules": null}}, {"type": "Feature", "geometry": {"type": "LineString", "coordinates": [[16.8120446, 48.7974581], [16.8120079, 48.7973465], [16.8119993, 48.7973236], [16.8119956, 48.7973092], [16.8119952, 48.7972904], [16.8120013, 48.7972766], [16.8120177, 48.7972592], [16.812036, 48.7972481], [16.8120629, 48.7972345], [16.8132849, 48.7966197], [16.8134033, 48.7965564], [16.8134543, 48.7965177], [16.8134816, 48.7964696], [16.8134975, 48.7964154], [16.8134885, 48.796376], [16.8134508, 48.7963303], [16.813415, 48.7963066], [16.8132859, 48.7962218], [16.8132236, 48.7961808]]}, "properties": {"id": "ac78b2ba-0983-47ea-9e82-a7ef032e82cd", "names": null, "subtype": "road", "class": "service", "subclass": "driveway", "road_surface": null, "road_flags": null, "width_rules": null}}, {"type": "Feature", "geometry": {"type": "LineString", "coordinates": [[16.8103602, 48.7979269], [16.8110996, 48.7984828], [16.8147636, 48.7976782], [16.8151125, 48.7976391], [16.8153939, 48.7976528], [16.8158622, 48.7977078], [16.8159633, 48.7977357], [16.8163883, 48.797853]]}, "properties": {"id": "17d4b25c-4f81-40ab-8d76-0ba068e80e24", "names": {"primary": "Slov\u00e1ck\u00e1", "common": null, "rules": [{"variant": "common", "language": null, "perspectives": null, "value": "Slov\u00e1ck\u00e1", "between": null, "side": null}]}, "subtype": "road", "class": "residential", "subclass": null, "road_surface": [{"value": "paved", "between": null}], "road_flags": null, "width_rules": null}}, {"type": "Feature", "geometry": {"type": "LineString", "coordinates": [[16.813481, 48.7960911], [16.813538, 48.7961238], [16.8136167, 48.7961751]]}, "properties": {"id": "40efa40d-191d-43a5-81d0-2386b59a1c1b", "names": null, "subtype": "road", "class": "path", "subclass": null, "road_surface": [{"value": "gravel", "between": null}], "road_flags": null, "width_rules": null}}, {"type": "Feature", "geometry": {"type": "LineString", "coordinates": [[16.813775, 48.7959602], [16.8137029, 48.7960137], [16.8136182, 48.7960707], [16.813538, 48.7961238], [16.8134533, 48.7961802]]}, "properties": {"id": "3b2bb75c-fe04-4ddb-9473-e7a004cf41c1", "names": null, "subtype": "road", "class": "path", "subclass": null, "road_surface": null, "road_flags": null, "width_rules": null}}, {"type": "Feature", "geometry": {"type": "LineString", "coordinates": [[16.8136944, 48.7961244], [16.8136182, 48.7960707], [16.813568, 48.7960347]]}, "properties": {"id": "5ebd2429-6a3f-4c43-a32c-d2bf69a42f69", "names": null, "subtype": "road", "class": "path", "subclass": null, "road_surface": null, "road_flags": null, "width_rules": null}}, {"type": "Feature", "geometry": {"type": "LineString", "coordinates": [[16.813415, 48.7963066], [16.813532, 48.7962303], [16.8136167, 48.7961751], [16.8136944, 48.7961244], [16.8137816, 48.7960675], [16.8137029, 48.7960137], [16.8136516, 48.7959763]]}, "properties": {"id": "32d06358-fc5b-4067-a561-ab65b3a2e3dc", "names": null, "subtype": "road", "class": "path", "subclass": null, "road_surface": [{"value": "gravel", "between": [0.0, 0.730968378]}], "road_flags": null, "width_rules": [{"value": 2.0, "between": null}]}}, {"type": "Feature", "geometry": {"type": "LineString", "coordinates": [[16.8128743, 48.7963231], [16.8130678, 48.7964679], [16.8132849, 48.7966197]]}, "properties": {"id": "f03e7339-0390-4e53-b941-bd7714258ea0", "names": null, "subtype": "road", "class": "footway", "subclass": null, "road_surface": [{"value": "paving_stones", "between": null}], "road_flags": null, "width_rules": null}}, {"type": "Feature", "geometry": {"type": "LineString", "coordinates": [[16.8131745, 48.7956787], [16.813144, 48.7957225], [16.8131318, 48.7957609], [16.813131, 48.7957985], [16.8131384, 48.7958292], [16.8131596, 48.7958624], [16.8131933, 48.795893], [16.8132354, 48.7959249], [16.8133547, 48.7960145]]}, "properties": {"id": "47939e4a-1571-4827-a363-63a37f0fb0f1", "names": null, "subtype": "road", "class": "footway", "subclass": null, "road_surface": null, "road_flags": null, "width_rules": null}}, {"type": "Feature", "geometry": {"type": "LineString", "coordinates": [[16.8133975, 48.7961418], [16.8132859, 48.7962218]]}, "properties": {"id": "d1652093-3358-4650-903e-945453e5ecec", "names": null, "subtype": "road", "class": "footway", "subclass": null, "road_surface": null, "road_flags": null, "width_rules": null}}, {"type": "Feature", "geometry": {"type": "LineString", "coordinates": [[16.8133975, 48.7961418], [16.8134533, 48.7961802], [16.813532, 48.7962303]]}, "properties": {"id": "c5fd27af-7b83-4ca9-9e27-0c4e7565d154", "names": null, "subtype": "road", "class": "path", "subclass": null, "road_surface": [{"value": "gravel", "between": null}], "road_flags": null, "width_rules": null}}, {"type": "Feature", "geometry": {"type": "LineString", "coordinates": [[16.8136096, 48.7958681], [16.8137065, 48.795935], [16.8136516, 48.7959763], [16.813568, 48.7960347], [16.813481, 48.7960911], [16.8133975, 48.7961418], [16.8133004, 48.7960738], [16.8132822, 48.7960595]]}, "properties": {"id": "f09163b4-df9b-4c0c-86c9-9c2273cc0fbb", "names": null, "subtype": "road", "class": "footway", "subclass": null, "road_surface": null, "road_flags": null, "width_rules": null}}, {"type": "Feature", "geometry": {"type": "LineString", "coordinates": [[16.8137478, 48.7957108], [16.813706, 48.7956695], [16.8136806, 48.7956481], [16.8136406, 48.7956206], [16.813586, 48.7955995], [16.8135201, 48.7955944], [16.8134646, 48.7956001], [16.8133975, 48.7956183], [16.8133393, 48.7956456], [16.8132438, 48.7957143], [16.8132226, 48.7957487], [16.8132211, 48.7957814], [16.8132248, 48.7958079], [16.8132348, 48.7958315], [16.8132523, 48.7958513], [16.8132775, 48.795871], [16.8133057, 48.7958896], [16.8134285, 48.7959687]]}, "properties": {"id": "9abacd50-42d1-45f7-9f3b-937293e6c362", "names": null, "subtype": "road", "class": "footway", "subclass": null, "road_surface": null, "road_flags": null, "width_rules": null}}, {"type": "Feature", "geometry": {"type": "LineString", "coordinates": [[16.8138436, 48.7955946], [16.8136248, 48.7954169], [16.8136039, 48.7954088], [16.8135772, 48.7954059], [16.8135543, 48.7954103], [16.8134362, 48.7954781], [16.8134274, 48.7955439], [16.8133598, 48.7955633], [16.8132867, 48.7955974], [16.8132448, 48.7956242], [16.8131745, 48.7956787], [16.8131392, 48.7956772], [16.813118, 48.795679], [16.8130908, 48.795682], [16.8130733, 48.7956848], [16.8129496, 48.7957519], [16.8129404, 48.795761], [16.8129326, 48.7957715], [16.8129361, 48.7957815], [16.8129463, 48.7957908], [16.8131607, 48.7959645], [16.8132822, 48.7960595]]}, "properties": {"id": "ec9839a2-9d92-4ffa-ab39-62273e13f9c5", "names": null, "subtype": "road", "class": "footway", "subclass": null, "road_surface": null, "road_flags": null, "width_rules": null}}, {"type": "Feature", "geometry": {"type": "LineString", "coordinates": [[16.8134274, 48.7955439], [16.8134646, 48.7956001], [16.8134886, 48.7956353]]}, "properties": {"id": "d24b0e6f-6497-4918-b5ca-f34bfb51f36e", "names": null, "subtype": "road", "class": "steps", "subclass": null, "road_surface": null, "road_flags": null, "width_rules": null}}, {"type": "Feature", "geometry": {"type": "LineString", "coordinates": [[16.8132867, 48.7955974], [16.8133393, 48.7956456], [16.8133788, 48.7956782]]}, "properties": {"id": "402550a1-4f31-4783-b350-1ae850fe6171", "names": null, "subtype": "road", "class": "steps", "subclass": null, "road_surface": null, "road_flags": null, "width_rules": null}}, {"type": "Feature", "geometry": {"type": "LineString", "coordinates": [[16.8131745, 48.7956787], [16.8132438, 48.7957143], [16.8132848, 48.795735]]}, "properties": {"id": "4198be25-d6f4-4e1a-ad74-2b46df47642b", "names": null, "subtype": "road", "class": "steps", "subclass": null, "road_surface": null, "road_flags": null, "width_rules": null}}, {"type": "Feature", "geometry": {"type": "LineString", "coordinates": [[16.8138138, 48.795669], [16.8137758, 48.7956353], [16.8137242, 48.7955951], [16.8136871, 48.7955725], [16.8136525, 48.7955588], [16.8135884, 48.7955404], [16.8135268, 48.7955365], [16.8134274, 48.7955439]]}, "properties": {"id": "f27aaa51-8f76-4701-aae7-27c220c7c344", "names": null, "subtype": "road", "class": "footway", "subclass": null, "road_surface": null, "road_flags": null, "width_rules": null}}, {"type": "Feature", "geometry": {"type": "LineString", "coordinates": [[16.8166925, 48.7977543], [16.8165719, 48.7977622], [16.8164755, 48.797786], [16.8164363, 48.7978099], [16.8163883, 48.797853]]}, "properties": {"id": "75fc47bc-507a-4ba0-a8ef-3391eb80724f", "names": {"primary": "Slov\u00e1ck\u00e1", "common": null, "rules": [{"variant": "common", "language": null, "perspectives": null, "value": "Slov\u00e1ck\u00e1", "between": null, "side": null}]}, "subtype": "road", "class": "residential", "subclass": null, "road_surface": null, "road_flags": null, "width_rules": null}}, {"type": "Feature", "geometry": {"type": "LineString", "coordinates": [[16.8163883, 48.797853], [16.8166925, 48.7979588]]}, "properties": {"id": "c1a96eca-ba20-4115-b12e-5b6699006eca", "names": {"primary": "Slov\u00e1ck\u00e1", "common": null, "rules": [{"variant": "common", "language": null, "perspectives": null, "value": "Slov\u00e1ck\u00e1", "between": null, "side": null}]}, "subtype": "road", "class": "residential", "subclass": null, "road_surface": [{"value": "paved", "between": null}], "road_flags": null, "width_rules": null}}, {"type": "Feature", "geometry": {"type": "LineString", "coordinates": [[16.8166925, 48.7979588], [16.8167619, 48.7979271], [16.8168282, 48.7978794], [16.8168162, 48.7978278], [16.81678, 48.7977841], [16.8166925, 48.7977543]]}, "properties": {"id": "c068b62d-eff0-4a4d-9d4e-f55d82213f0d", "names": {"primary": "Slov\u00e1ck\u00e1", "common": null, "rules": [{"variant": "common", "language": null, "perspectives": null, "value": "Slov\u00e1ck\u00e1", "between": null, "side": null}]}, "subtype": "road", "class": "residential", "subclass": null, "road_surface": null, "road_flags": null, "width_rules": null}}, {"type": "Feature", "geometry": {"type": "LineString", "coordinates": [[16.8177789, 48.7984179], [16.8177532, 48.7985006], [16.8177417, 48.7985316], [16.8176239, 48.7986936], [16.8169622, 48.7990792], [16.8166297, 48.7993211], [16.8164381, 48.7994298], [16.8163178, 48.7994552], [16.8162088, 48.7994377], [16.8160422, 48.7993441], [16.8159989, 48.799326], [16.8158676, 48.7992549], [16.8155107, 48.7989081]]}, "properties": {"id": "c9520e59-c1c2-46f6-b108-24ad543fb7ec", "names": null, "subtype": "road", "class": "track", "subclass": null, "road_surface": [{"value": "unpaved", "between": null}], "road_flags": null, "width_rules": null}}, {"type": "Feature", "geometry": {"type": "LineString", "coordinates": [[16.8160422, 48.7993441], [16.8161984, 48.7993455], [16.8164102, 48.7992585], [16.816751, 48.7990916], [16.8169825, 48.7989815], [16.8172249, 48.7988535], [16.8177532, 48.7985006]]}, "properties": {"id": "149691ff-d2d5-460a-b41d-b7aac21b1f18", "names": null, "subtype": "road", "class": "track", "subclass": null, "road_surface": [{"value": "dirt", "between": null}], "road_flags": null, "width_rules": null}}, {"type": "Feature", "geometry": {"type": "LineString", "coordinates": [[16.8170131, 48.8014378], [16.8166258, 48.8016253]]}, "properties": {"id": "3c899944-bd8e-457a-b9be-9ba3d8ebe1d8", "names": null, "subtype": "road", "class": "service", "subclass": null, "road_surface": null, "road_flags": null, "width_rules": null}}, {"type": "Feature", "geometry": {"type": "LineString", "coordinates": [[16.8126149, 48.800387], [16.8129103, 48.8004534], [16.8134444, 48.8006344], [16.8137099, 48.800739], [16.8138394, 48.8008462]]}, "properties": {"id": "9c728a8d-b41b-449d-906c-b78bb149970a", "names": null, "subtype": "road", "class": "path", "subclass": null, "road_surface": null, "road_flags": null, "width_rules": null}}, {"type": "Feature", "geometry": {"type": "LineString", "coordinates": [[16.8136866, 48.8009881], [16.8137227, 48.8009643], [16.813746, 48.8009066], [16.8137769, 48.8008658], [16.8138394, 48.8008462], [16.8139532, 48.8008262], [16.8140728, 48.8008154], [16.8141941, 48.8008131], [16.8143034, 48.8008245], [16.8144265, 48.800854]]}, "properties": {"id": "c3a7723c-de5d-4a22-92d3-0e287a4f35c5", "names": null, "subtype": "road", "class": "footway", "subclass": null, "road_surface": null, "road_flags": null, "width_rules": null}}, {"type": "Feature", "geometry": {"type": "LineString", "coordinates": [[16.8111024, 48.8006948], [16.8119338, 48.8005273], [16.8120439, 48.8005051], [16.8124411, 48.8004246], [16.8126149, 48.800387], [16.8129343, 48.8003237], [16.8134697, 48.800219], [16.8138093, 48.8001061], [16.8140418, 48.7999791], [16.8144155, 48.7998688], [16.8146588, 48.7997698], [16.8152785, 48.7994874], [16.8155333, 48.799393], [16.8157705, 48.7993367], [16.8159989, 48.799326]]}, "properties": {"id": "3067e7d9-68a8-4760-85c8-80c74ef98e50", "names": null, "subtype": "road", "class": "track", "subclass": null, "road_surface": [{"value": "unpaved", "between": null}], "road_flags": null, "width_rules": null}}, {"type": "Feature", "geometry": {"type": "LineString", "coordinates": [[16.8140418, 48.7999791], [16.814103, 48.7995821], [16.8138797, 48.7994431], [16.8132441, 48.7991989]]}, "properties": {"id": "af136e85-b095-425b-8069-7f1c32dbcf7e", "names": null, "subtype": "road", "class": "track", "subclass": null, "road_surface": [{"value": "paved", "between": null}], "road_flags": null, "width_rules": null}}, {"type": "Feature", "geometry": {"type": "LineString", "coordinates": [[16.8126084, 48.7988685], [16.812579, 48.7989353], [16.8125334, 48.798974], [16.8118309, 48.7991831], [16.8117692, 48.7991734], [16.8114562, 48.7986894]]}, "properties": {"id": "6a1a758b-84d1-4d60-aaf3-651857f4c2a6", "names": null, "subtype": "road", "class": "service", "subclass": null, "road_surface": null, "road_flags": null, "width_rules": null}}, {"type": "Feature", "geometry": {"type": "LineString", "coordinates": [[16.8110996, 48.7984828], [16.8111441, 48.7985924], [16.8111564, 48.7986178], [16.8112695, 48.7986836], [16.8113944, 48.7986942], [16.8114562, 48.7986894], [16.8121792, 48.7985016], [16.8122615, 48.7985064], [16.8126084, 48.7988685], [16.812855, 48.7990051]]}, "properties": {"id": "f24f894a-7c79-4b29-b548-fc30d0ee4e71", "names": null, "subtype": "road", "class": "service", "subclass": null, "road_surface": null, "road_flags": null, "width_rules": null}}, {"type": "Feature", "geometry": {"type": "LineString", "coordinates": [[16.8124411, 48.8004246], [16.812341, 48.8005375], [16.8123054, 48.8006836], [16.8123036, 48.8007557], [16.8123053, 48.8008269], [16.8124016, 48.8018122], [16.8124063, 48.8020468], [16.8123442, 48.8021933]]}, "properties": {"id": "6d0a3b72-c35e-4069-ad85-06bea39e3375", "names": null, "subtype": "road", "class": "track", "subclass": null, "road_surface": null, "road_flags": [{"values": ["is_bridge"], "between": [0.155241549, 0.195391089]}], "width_rules": null}}, {"type": "Feature", "geometry": {"type": "LineString", "coordinates": [[16.8080821, 48.801673], [16.8084333, 48.8015258], [16.8090709, 48.8013617], [16.8093303, 48.8012798], [16.8101408, 48.8009112], [16.810886, 48.800708], [16.8111024, 48.8006948], [16.8112966, 48.8007289], [16.8113622, 48.800784], [16.811491, 48.8010194], [16.8114991, 48.801154], [16.811451, 48.8012833], [16.810878, 48.8019773], [16.8106403, 48.8021032], [16.8104535, 48.8021726], [16.810328, 48.8021824], [16.8096493, 48.8021016], [16.8093791, 48.802083], [16.8090571, 48.802097], [16.8087201, 48.8021488], [16.8085422, 48.8022228], [16.8081294, 48.8026393]]}, "properties": {"id": "d47485f8-3441-42e5-87f8-d44a38730923", "names": null, "subtype": "road", "class": "footway", "subclass": null, "road_surface": [{"value": "unpaved", "between": null}], "road_flags": [{"values": ["is_bridge"], "between": [0.403040873, 0.414940785]}], "width_rules": null}}, {"type": "Feature", "geometry": {"type": "LineString", "coordinates": [[16.8102716, 48.7988327], [16.8100688, 48.7985219]]}, "properties": {"id": "3b2650c5-9077-4dc2-abf2-f2205a79d15c", "names": null, "subtype": "road", "class": "service", "subclass": null, "road_surface": null, "road_flags": null, "width_rules": null}}, {"type": "Feature", "geometry": {"type": "LineString", "coordinates": [[16.8111441, 48.7985924], [16.8102716, 48.7988327], [16.8101673, 48.7988801], [16.8099659, 48.7989353]]}, "properties": {"id": "dff62bdb-fffd-4134-9cbb-55ca81447046", "names": null, "subtype": "road", "class": "service", "subclass": null, "road_surface": null, "road_flags": null, "width_rules": null}}, {"type": "Feature", "geometry": {"type": "LineString", "coordinates": [[16.8099608, 48.7995589], [16.8100961, 48.7995361], [16.8101883, 48.7995532], [16.8102703, 48.799557], [16.810348, 48.7995551], [16.8104877, 48.7995807], [16.8106158, 48.7995817], [16.8107497, 48.7995646], [16.8108951, 48.7995693], [16.8110854, 48.7997401], [16.8112279, 48.7998178], [16.8113501, 48.7999278], [16.8116392, 48.8003569], [16.8117002, 48.8004387], [16.8118183, 48.800495], [16.8119338, 48.8005273]]}, "properties": {"id": "46d27378-a77a-43fd-96c1-a3b7694ab9d3", "names": null, "subtype": "road", "class": "track", "subclass": null, "road_surface": null, "road_flags": null, "width_rules": null}}, {"type": "Feature", "geometry": {"type": "LineString", "coordinates": [[16.8111564, 48.7986178], [16.8110682, 48.7987146], [16.8109873, 48.7988036]]}, "properties": {"id": "571a93f0-e744-42be-a3eb-2b9e665a2d85", "names": null, "subtype": "road", "class": "service", "subclass": null, "road_surface": null, "road_flags": null, "width_rules": null}}, {"type": "Feature", "geometry": {"type": "LineString", "coordinates": [[16.8102523, 48.7978643], [16.8103178, 48.7979024], [16.8103602, 48.7979269]]}, "properties": {"id": "69ce2f69-234d-4eec-8810-b791f1e95cba", "names": {"primary": "Slov\u00e1ck\u00e1", "common": null, "rules": [{"variant": "common", "language": null, "perspectives": null, "value": "Slov\u00e1ck\u00e1", "between": null, "side": null}]}, "subtype": "road", "class": "residential", "subclass": null, "road_surface": [{"value": "paving_stones", "between": null}], "road_flags": null, "width_rules": null}}, {"type": "Feature", "geometry": {"type": "LineString", "coordinates": [[16.8102044, 48.7978334], [16.8109757, 48.7973979]]}, "properties": {"id": "53c47334-6b52-483d-92f4-8244afa6b656", "names": null, "subtype": "road", "class": "service", "subclass": null, "road_surface": [{"value": "paving_stones", "between": null}], "road_flags": null, "width_rules": null}}, {"type": "Feature", "geometry": {"type": "LineString", "coordinates": [[16.8111819, 48.7961602], [16.8108914, 48.7963341], [16.8108046, 48.7963862], [16.8107627, 48.796409], [16.8107264, 48.7964235]]}, "properties": {"id": "c950e835-dfe9-4dd0-86c2-66c64c97c75a", "names": null, "subtype": "road", "class": "footway", "subclass": null, "road_surface": null, "road_flags": null, "width_rules": null}}, {"type": "Feature", "geometry": {"type": "LineString", "coordinates": [[16.8113408, 48.7960815], [16.8112336, 48.7961346], [16.8111819, 48.7961602], [16.8107561, 48.7958475]]}, "properties": {"id": "12c68b16-05ec-4210-966b-1addc4a0cae8", "names": null, "subtype": "road", "class": "service", "subclass": null, "road_surface": [{"value": "paving_stones", "between": null}], "road_flags": null, "width_rules": null}}, {"type": "Feature", "geometry": {"type": "LineString", "coordinates": [[16.8101145, 48.795831], [16.81014, 48.7958162], [16.8105974, 48.7955479], [16.8107053, 48.795485], [16.8108108, 48.7954235], [16.8108726, 48.7953873], [16.8116402, 48.7949381]]}, "properties": {"id": "263f1497-3fd9-4914-aaa3-b4aa8f250699", "names": null, "subtype": "road", "class": "service", "subclass": "parking_aisle", "road_surface": [{"value": "paving_stones", "between": null}], "road_flags": null, "width_rules": null}}, {"type": "Feature", "geometry": {"type": "LineString", "coordinates": [[16.8109639, 48.7955374], [16.8109991, 48.7955424], [16.8110333, 48.7955672], [16.8109698, 48.7956315]]}, "properties": {"id": "f7d2fbd7-666a-4c11-a8e8-fdc3b4c42da6", "names": null, "subtype": "road", "class": "footway", "subclass": null, "road_surface": [{"value": "paving_stones", "between": [0.0, 0.427783185]}], "road_flags": null, "width_rules": null}}, {"type": "Feature", "geometry": {"type": "LineString", "coordinates": [[16.8109386, 48.7956092], [16.8109698, 48.7956315]]}, "properties": {"id": "c3d5d928-3b79-4258-a131-6432fc1057d8", "names": null, "subtype": "road", "class": "steps", "subclass": null, "road_surface": null, "road_flags": null, "width_rules": null}}, {"type": "Feature", "geometry": {"type": "LineString", "coordinates": [[16.8104063, 48.795401], [16.8105974, 48.7955479], [16.8107969, 48.79569], [16.8109008, 48.7957657], [16.8113408, 48.7960815]]}, "properties": {"id": "2b1b5a70-ed5f-46de-851d-cc96e292d675", "names": null, "subtype": "road", "class": "service", "subclass": null, "road_surface": [{"value": "paving_stones", "between": null}], "road_flags": null, "width_rules": null}}, {"type": "Feature", "geometry": {"type": "LineString", "coordinates": [[16.81058, 48.7957969], [16.8107969, 48.79569], [16.8109386, 48.7956092], [16.81097, 48.7955692], [16.8109639, 48.7955374], [16.8108108, 48.7954235]]}, "properties": {"id": "c5a768e8-7771-487a-963a-9ee9aeaddd65", "names": null, "subtype": "road", "class": "service", "subclass": "driveway", "road_surface": [{"value": "paving_stones", "between": [0.336099939, 1.0]}], "road_flags": null, "width_rules": null}}, {"type": "Feature", "geometry": {"type": "LineString", "coordinates": [[16.8107561, 48.7958475], [16.8108085, 48.7958179], [16.8109008, 48.7957657]]}, "properties": {"id": "0b4e825a-d36b-45b1-8486-fc55a12d7de2", "names": null, "subtype": "road", "class": "service", "subclass": null, "road_surface": [{"value": "paving_stones", "between": null}], "road_flags": null, "width_rules": null}}, {"type": "Feature", "geometry": {"type": "LineString", "coordinates": [[16.8101629, 48.7958344], [16.8101855, 48.7958524]]}, "properties": {"id": "62982532-974f-4dab-8c03-55dc697e877c", "names": null, "subtype": "road", "class": "footway", "subclass": null, "road_surface": [{"value": "paving_stones", "between": null}], "road_flags": null, "width_rules": null}}, {"type": "Feature", "geometry": {"type": "LineString", "coordinates": [[16.8101855, 48.7958524], [16.8102317, 48.7958893]]}, "properties": {"id": "13fbd53c-7d3a-4ea9-9dc7-b99b3bcabb3f", "names": null, "subtype": "road", "class": "steps", "subclass": null, "road_surface": [{"value": "paving_stones", "between": null}], "road_flags": null, "width_rules": null}}, {"type": "Feature", "geometry": {"type": "LineString", "coordinates": [[16.8102317, 48.7958893], [16.8102393, 48.7958953], [16.8102512, 48.7959047]]}, "properties": {"id": "36b75058-1d05-45de-ad56-b90c3b8a32bf", "names": null, "subtype": "road", "class": "footway", "subclass": null, "road_surface": [{"value": "paving_stones", "between": null}], "road_flags": null, "width_rules": null}}, {"type": "Feature", "geometry": {"type": "LineString", "coordinates": [[16.8101855, 48.7958524], [16.8101209, 48.7959262], [16.8101505, 48.7959482], [16.8102393, 48.7958953]]}, "properties": {"id": "007f7c19-f4d0-4a2f-9dec-0c2c4c06efe4", "names": null, "subtype": "road", "class": "footway", "subclass": null, "road_surface": [{"value": "paving_stones", "between": null}], "road_flags": null, "width_rules": null}}, {"type": "Feature", "geometry": {"type": "LineString", "coordinates": [[16.8103847, 48.7960467], [16.8103112, 48.7960909], [16.8102963, 48.7961004], [16.8100131, 48.7962815]]}, "properties": {"id": "888df060-8527-42ef-9e0d-c6964ca271f4", "names": null, "subtype": "road", "class": "footway", "subclass": null, "road_surface": null, "road_flags": null, "width_rules": null}}, {"type": "Feature", "geometry": {"type": "LineString", "coordinates": [[16.8102393, 48.7958953], [16.8103325, 48.7958404], [16.8103075, 48.7958192], [16.8101855, 48.7958524]]}, "properties": {"id": "e28744a6-93ba-4eb7-9114-d1feee3c5170", "names": null, "subtype": "road", "class": "footway", "subclass": null, "road_surface": [{"value": "paving_stones", "between": null}], "road_flags": null, "width_rules": null}}, {"type": "Feature", "geometry": {"type": "LineString", "coordinates": [[16.8107561, 48.7958475], [16.8104618, 48.7960027]]}, "properties": {"id": "83ebb00a-b6d1-4c5e-8610-244f6f0b3da9", "names": null, "subtype": "road", "class": "service", "subclass": null, "road_surface": [{"value": "paving_stones", "between": null}], "road_flags": null, "width_rules": null}}, {"type": "Feature", "geometry": {"type": "LineString", "coordinates": [[16.8108914, 48.7963341], [16.8106103, 48.7959416], [16.8104779, 48.7960154], [16.8104618, 48.7960027], [16.8104485, 48.7960102]]}, "properties": {"id": "aa2e17a9-fbae-41a7-a491-e08d0d7928f3", "names": null, "subtype": "road", "class": "footway", "subclass": null, "road_surface": [{"value": "paving_stones", "between": null}], "road_flags": null, "width_rules": null}}, {"type": "Feature", "geometry": {"type": "LineString", "coordinates": [[16.8103112, 48.7960909], [16.810582, 48.7964618]]}, "properties": {"id": "dc5e6245-1b43-42c8-9ef0-5741fd32eedc", "names": null, "subtype": "road", "class": "footway", "subclass": null, "road_surface": null, "road_flags": null, "width_rules": null}}, {"type": "Feature", "geometry": {"type": "LineString", "coordinates": [[16.8102963, 48.7961004], [16.8103163, 48.7962527], [16.8103208, 48.7963007], [16.8103395, 48.7964627]]}, "properties": {"id": "2a1a2130-f4dc-4cde-9f51-46544dfce721", "names": null, "subtype": "road", "class": "footway", "subclass": null, "road_surface": null, "road_flags": null, "width_rules": null}}, {"type": "Feature", "geometry": {"type": "LineString", "coordinates": [[16.8102963, 48.7961004], [16.810222, 48.7962436], [16.8101983, 48.7962923], [16.8101379, 48.7964096]]}, "properties": {"id": "85d27f5d-0342-4519-8b61-b3a147dbe153", "names": null, "subtype": "road", "class": "footway", "subclass": null, "road_surface": null, "road_flags": null, "width_rules": null}}, {"type": "Feature", "geometry": {"type": "LineString", "coordinates": [[16.8095125, 48.7958057], [16.8095917, 48.7958679], [16.809649, 48.7959128], [16.8099507, 48.7959327], [16.8099736, 48.795931], [16.8099908, 48.7959281], [16.8100047, 48.7959232], [16.8100185, 48.7959166], [16.8101629, 48.7958344], [16.81014, 48.7958162]]}, "properties": {"id": "76c69c58-eaf2-45a2-adf3-e868ef4357bd", "names": null, "subtype": "road", "class": "footway", "subclass": null, "road_surface": [{"value": "paved", "between": [0.0, 0.259982539]}, {"value": "paving_stones", "between": [0.259982539, 1.0]}], "road_flags": null, "width_rules": null}}, {"type": "Feature", "geometry": {"type": "LineString", "coordinates": [[16.8097664, 48.7961133], [16.8100263, 48.7959385]]}, "properties": {"id": "53cd86bd-651c-47c7-8384-0e54c28ebbb4", "names": null, "subtype": "road", "class": "path", "subclass": null, "road_surface": [{"value": "unknown", "between": null}], "road_flags": null, "width_rules": null}}, {"type": "Feature", "geometry": {"type": "LineString", "coordinates": [[16.8100047, 48.7959232], [16.8100263, 48.7959385], [16.8100974, 48.7959898]]}, "properties": {"id": "c7842e11-0188-4ca4-9fb8-bda54716b42b", "names": null, "subtype": "road", "class": "footway", "subclass": null, "road_surface": null, "road_flags": null, "width_rules": null}}, {"type": "Feature", "geometry": {"type": "LineString", "coordinates": [[16.8091704, 48.7953901], [16.8102366, 48.7947054], [16.8102592, 48.794676], [16.8102645, 48.7946408], [16.8102663, 48.7946068], [16.810262, 48.7945707]]}, "properties": {"id": "b52ef200-29eb-49a5-9211-b570541e8a65", "names": {"primary": "s\u00eddli\u0161t\u011b Osvobozen\u00ed", "common": null, "rules": [{"variant": "common", "language": null, "perspectives": null, "value": "s\u00eddli\u0161t\u011b Osvobozen\u00ed", "between": null, "side": null}, {"variant": "official", "language": null, "perspectives": null, "value": "s\u00eddl. Osvobozen\u00ed", "between": null, "side": null}]}, "subtype": "road", "class": "living_street", "subclass": null, "road_surface": null, "road_flags": null, "width_rules": null}}, {"type": "Feature", "geometry": {"type": "LineString", "coordinates": [[16.8097386, 48.795785], [16.8096766, 48.7957419], [16.8096484, 48.7957223], [16.8093693, 48.7955283], [16.8091704, 48.7953901]]}, "properties": {"id": "7d6f5e32-0e6b-44b9-b182-c1d17043ddae", "names": {"primary": "s\u00eddli\u0161t\u011b Osvobozen\u00ed", "common": null, "rules": [{"variant": "common", "language": null, "perspectives": null, "value": "s\u00eddli\u0161t\u011b Osvobozen\u00ed", "between": null, "side": null}, {"variant": "official", "language": null, "perspectives": null, "value": "s\u00eddl. Osvobozen\u00ed", "between": null, "side": null}]}, "subtype": "road", "class": "living_street", "subclass": null, "road_surface": [{"value": "paved", "between": null}], "road_flags": null, "width_rules": null}}, {"type": "Feature", "geometry": {"type": "LineString", "coordinates": [[16.8091704, 48.7953901], [16.8091176, 48.7953533], [16.8082616, 48.7947584]]}, "properties": {"id": "e6d2c5d0-cc5a-4a09-96f3-13d2f5bd52d6", "names": {"primary": "s\u00eddli\u0161t\u011b Osvobozen\u00ed", "common": null, "rules": [{"variant": "common", "language": null, "perspectives": null, "value": "s\u00eddli\u0161t\u011b Osvobozen\u00ed", "between": null, "side": null}, {"variant": "official", "language": null, "perspectives": null, "value": "s\u00eddl. Osvobozen\u00ed", "between": null, "side": null}]}, "subtype": "road", "class": "living_street", "subclass": null, "road_surface": [{"value": "paved", "between": null}], "road_flags": null, "width_rules": null}}, {"type": "Feature", "geometry": {"type": "LineString", "coordinates": [[16.8087644, 48.7955656], [16.8091176, 48.7953533]]}, "properties": {"id": "f982413b-eef6-4bdf-aa18-bff62e6dda7d", "names": null, "subtype": "road", "class": "service", "subclass": null, "road_surface": null, "road_flags": null, "width_rules": null}}, {"type": "Feature", "geometry": {"type": "LineString", "coordinates": [[16.8097386, 48.795785], [16.8095917, 48.7958679], [16.8091915, 48.7960942], [16.8088595, 48.7962881], [16.8086602, 48.7964024], [16.8084939, 48.7964959]]}, "properties": {"id": "0f0b1be3-79f2-426a-a4f1-5d073213d021", "names": {"primary": "B\u0159eclavsk\u00e1", "common": null, "rules": [{"variant": "common", "language": null, "perspectives": null, "value": "B\u0159eclavsk\u00e1", "between": null, "side": null}]}, "subtype": "road", "class": "tertiary", "subclass": null, "road_surface": [{"value": "paved", "between": null}], "road_flags": null, "width_rules": null}}, {"type": "Feature", "geometry": {"type": "LineString", "coordinates": [[16.8084939, 48.7964959], [16.8085588, 48.7965547], [16.8095354, 48.7973814], [16.8102044, 48.7978334], [16.8102523, 48.7978643]]}, "properties": {"id": "dbd5de0a-81b7-4acc-99fc-b473f8bb415d", "names": {"primary": "Slov\u00e1ck\u00e1", "common": null, "rules": [{"variant": "common", "language": null, "perspectives": null, "value": "Slov\u00e1ck\u00e1", "between": null, "side": null}]}, "subtype": "road", "class": "residential", "subclass": null, "road_surface": [{"value": "paved", "between": null}], "road_flags": null, "width_rules": null}}, {"type": "Feature", "geometry": {"type": "LineString", "coordinates": [[16.8077022, 48.7968733], [16.8077336, 48.7969078], [16.8077275, 48.7969374], [16.8076758, 48.797023], [16.8074903, 48.7970968], [16.807392, 48.7970781], [16.807329, 48.7970663], [16.8072708, 48.7970376]]}, "properties": {"id": "118b4a03-efd8-41ec-8cae-dc554c321f7b", "names": null, "subtype": "road", "class": "service", "subclass": null, "road_surface": [{"value": "paved", "between": null}], "road_flags": null, "width_rules": null}}, {"type": "Feature", "geometry": {"type": "LineString", "coordinates": [[16.8084939, 48.7964959], [16.8083876, 48.7965552], [16.8082021, 48.7966513], [16.8080377, 48.796731], [16.8078561, 48.7968085]]}, "properties": {"id": "e7a22fc5-d7a8-4fb6-bdd0-f99bd3062e41", "names": {"primary": "B\u0159eclavsk\u00e1", "common": null, "rules": [{"variant": "common", "language": null, "perspectives": null, "value": "B\u0159eclavsk\u00e1", "between": null, "side": null}]}, "subtype": "road", "class": "tertiary", "subclass": null, "road_surface": [{"value": "paved", "between": null}], "road_flags": null, "width_rules": null}}, {"type": "Feature", "geometry": {"type": "LineString", "coordinates": [[16.8065449, 48.7945115], [16.8066334, 48.7946128], [16.806898, 48.7949162], [16.8073224, 48.7953596], [16.8084062, 48.7964141], [16.8084415, 48.7964479], [16.8084939, 48.7964959]]}, "properties": {"id": "f966ac14-4084-4914-a19a-9f498f76e511", "names": {"primary": "Komensk\u00e9ho", "common": null, "rules": [{"variant": "common", "language": null, "perspectives": null, "value": "Komensk\u00e9ho", "between": null, "side": null}]}, "subtype": "road", "class": "residential", "subclass": null, "road_surface": [{"value": "paved", "between": null}], "road_flags": null, "width_rules": null}}, {"type": "Feature", "geometry": {"type": "LineString", "coordinates": [[16.8064901, 48.7955015], [16.8077903, 48.7967455], [16.8078127, 48.7967658], [16.8078561, 48.7968085]]}, "properties": {"id": "82e7de87-44da-42a8-863f-59ed46a53f2c", "names": {"primary": "Komensk\u00e9ho", "common": null, "rules": [{"variant": "common", "language": null, "perspectives": null, "value": "Komensk\u00e9ho", "between": null, "side": null}]}, "subtype": "road", "class": "residential", "subclass": null, "road_surface": [{"value": "paved", "between": null}], "road_flags": null, "width_rules": null}}, {"type": "Feature", "geometry": {"type": "LineString", "coordinates": [[16.8058757, 48.7948152], [16.8062507, 48.7951859], [16.8064901, 48.7955015]]}, "properties": {"id": "2789fd0e-a5a5-4cd8-9f39-b290292a6564", "names": {"primary": "Komensk\u00e9ho", "common": null, "rules": [{"variant": "common", "language": null, "perspectives": null, "value": "Komensk\u00e9ho", "between": null, "side": null}]}, "subtype": "road", "class": "residential", "subclass": null, "road_surface": [{"value": "paved", "between": null}], "road_flags": null, "width_rules": null}}, {"type": "Feature", "geometry": {"type": "LineString", "coordinates": [[16.8053746, 48.7960069], [16.8054459, 48.7959746], [16.8064901, 48.7955015]]}, "properties": {"id": "f0c1df7f-0acd-4d61-9bc3-2df430e8ef32", "names": {"primary": "Komensk\u00e9ho", "common": null, "rules": [{"variant": "common", "language": null, "perspectives": null, "value": "Komensk\u00e9ho", "between": null, "side": null}]}, "subtype": "road", "class": "residential", "subclass": null, "road_surface": [{"value": "paved", "between": null}], "road_flags": null, "width_rules": null}}, {"type": "Feature", "geometry": {"type": "LineString", "coordinates": [[16.8053746, 48.7960069], [16.8065656, 48.7971678], [16.8065924, 48.7971939], [16.8066373, 48.7972504]]}, "properties": {"id": "33c2a4d0-76b3-4b87-9807-be134e19230b", "names": {"primary": "Komensk\u00e9ho", "common": null, "rules": [{"variant": "common", "language": null, "perspectives": null, "value": "Komensk\u00e9ho", "between": null, "side": null}]}, "subtype": "road", "class": "residential", "subclass": null, "road_surface": [{"value": "paved", "between": null}], "road_flags": null, "width_rules": null}}, {"type": "Feature", "geometry": {"type": "LineString", "coordinates": [[16.8063613, 48.7974262], [16.8063491, 48.7974087]]}, "properties": {"id": "7952b451-dce3-45d4-92f2-01125816bc58", "names": null, "subtype": "road", "class": "footway", "subclass": null, "road_surface": null, "road_flags": null, "width_rules": null}}, {"type": "Feature", "geometry": {"type": "LineString", "coordinates": [[16.8065551, 48.7973235], [16.8064901, 48.7973481], [16.8064291, 48.7973839], [16.8063491, 48.7974087], [16.8062786, 48.797427]]}, "properties": {"id": "3f0697cd-5386-42e5-b429-b2291c34a4c2", "names": null, "subtype": "road", "class": "footway", "subclass": null, "road_surface": null, "road_flags": null, "width_rules": null}}, {"type": "Feature", "geometry": {"type": "LineString", "coordinates": [[16.8065551, 48.7973235], [16.8065797, 48.7973256], [16.806671, 48.7974251], [16.8066277, 48.7975004]]}, "properties": {"id": "5395b89d-2091-410e-9e14-955b90ccb4a7", "names": null, "subtype": "road", "class": "footway", "subclass": null, "road_surface": null, "road_flags": null, "width_rules": null}}, {"type": "Feature", "geometry": {"type": "LineString", "coordinates": [[16.8064806, 48.7972286], [16.8065012, 48.7972558], [16.806525, 48.7972839], [16.8065551, 48.7973235]]}, "properties": {"id": "cfdc4962-afa6-40d2-8156-052baf0f20d8", "names": null, "subtype": "road", "class": "footway", "subclass": null, "road_surface": [{"value": "paving_stones", "between": [0.284250315, 1.0]}], "road_flags": null, "width_rules": null}}, {"type": "Feature", "geometry": {"type": "LineString", "coordinates": [[16.8096484, 48.7957223], [16.8095125, 48.7958057], [16.8086818, 48.7962806], [16.8086314, 48.7963166], [16.8084967, 48.7964076], [16.8084415, 48.7964479], [16.8084007, 48.796478], [16.8080754, 48.796646], [16.8078127, 48.7967658], [16.8073313, 48.7969467], [16.8066727, 48.7971723], [16.8065924, 48.7971939], [16.8064806, 48.7972286], [16.8058438, 48.7974294], [16.805373, 48.7975775], [16.8051707, 48.797625], [16.8039027, 48.7980438], [16.8034542, 48.7981792], [16.8031916, 48.7982745]]}, "properties": {"id": "232063c7-fc24-4fe0-af9a-e036cc35f165", "names": null, "subtype": "road", "class": "footway", "subclass": "sidewalk", "road_surface": [{"value": "paving_stones", "between": null}], "road_flags": null, "width_rules": null}}, {"type": "Feature", "geometry": {"type": "LineString", "coordinates": [[16.8078561, 48.7968085], [16.8077022, 48.7968733], [16.8072708, 48.7970376], [16.8070014, 48.7971304], [16.8067713, 48.7972084], [16.8066373, 48.7972504]]}, "properties": {"id": "f82038ec-66d4-4ad7-b12b-719a90da6d49", "names": {"primary": "B\u0159eclavsk\u00e1", "common": null, "rules": [{"variant": "common", "language": null, "perspectives": null, "value": "B\u0159eclavsk\u00e1", "between": null, "side": null}]}, "subtype": "road", "class": "tertiary", "subclass": null, "road_surface": [{"value": "paved", "between": null}], "road_flags": null, "width_rules": null}}, {"type": "Feature", "geometry": {"type": "LineString", "coordinates": [[16.806961, 48.7979438], [16.80704, 48.7979176]]}, "properties": {"id": "3a463784-818f-4d81-ab57-acab84c07da2", "names": null, "subtype": "road", "class": "footway", "subclass": null, "road_surface": null, "road_flags": null, "width_rules": null}}, {"type": "Feature", "geometry": {"type": "LineString", "coordinates": [[16.8073632, 48.7983883], [16.8073399, 48.7983336], [16.8072993, 48.7983276], [16.8072393, 48.7983243], [16.8072169, 48.798256], [16.8070338, 48.7979998], [16.806961, 48.7979438], [16.8069484, 48.7979341], [16.8069438, 48.7979279], [16.8066277, 48.7975004]]}, "properties": {"id": "bf81eeb8-200e-44e9-a119-17858cacdcab", "names": null, "subtype": "road", "class": "footway", "subclass": null, "road_surface": null, "road_flags": null, "width_rules": null}}, {"type": "Feature", "geometry": {"type": "LineString", "coordinates": [[16.8071332, 48.7984353], [16.8070465, 48.7982975]]}, "properties": {"id": "a00bdc6e-0753-4856-8f63-c24400c3ef5e", "names": null, "subtype": "road", "class": "service", "subclass": null, "road_surface": [{"value": "paved", "between": null}], "road_flags": null, "width_rules": null}}, {"type": "Feature", "geometry": {"type": "LineString", "coordinates": [[16.8067898, 48.7983632], [16.8070465, 48.7982975]]}, "properties": {"id": "624b1387-6968-4b22-954e-97ebe58ab64b", "names": null, "subtype": "road", "class": "service", "subclass": "parking_aisle", "road_surface": [{"value": "paved", "between": null}], "road_flags": null, "width_rules": null}}, {"type": "Feature", "geometry": {"type": "LineString", "coordinates": [[16.8070465, 48.7982975], [16.8069743, 48.7981854], [16.8068906, 48.7980556], [16.8066581, 48.7981266], [16.8066301, 48.7981352], [16.8067146, 48.7982558], [16.8067898, 48.7983632]]}, "properties": {"id": "872dbaae-8989-4df1-a673-d1b22f827e12", "names": null, "subtype": "road", "class": "service", "subclass": "parking_aisle", "road_surface": [{"value": "paved", "between": null}], "road_flags": null, "width_rules": null}}, {"type": "Feature", "geometry": {"type": "LineString", "coordinates": [[16.8067146, 48.7982558], [16.8069743, 48.7981854]]}, "properties": {"id": "3def5752-174d-4933-ac38-e950983b8a7d", "names": null, "subtype": "road", "class": "service", "subclass": "parking_aisle", "road_surface": null, "road_flags": null, "width_rules": null}}, {"type": "Feature", "geometry": {"type": "LineString", "coordinates": [[16.8069438, 48.7979279], [16.8069133, 48.7979395], [16.8068917, 48.7980149], [16.8068906, 48.7980556]]}, "properties": {"id": "d7cda0b4-baef-41a7-a32b-5e4419fa2217", "names": null, "subtype": "road", "class": "footway", "subclass": null, "road_surface": null, "road_flags": null, "width_rules": null}}, {"type": "Feature", "geometry": {"type": "LineString", "coordinates": [[16.8066581, 48.7981266], [16.8065956, 48.7980348], [16.8065601, 48.7980462], [16.8065748, 48.7980692], [16.8064162, 48.7981292], [16.8063311, 48.7980018], [16.8063218, 48.797932], [16.8062762, 48.7978662], [16.8061595, 48.7977076], [16.8062728, 48.7975548], [16.8063613, 48.7974262], [16.8066277, 48.7975004]]}, "properties": {"id": "b530ba5a-9cf4-47ee-a349-9f8873e02579", "names": null, "subtype": "road", "class": "footway", "subclass": null, "road_surface": null, "road_flags": null, "width_rules": null}}, {"type": "Feature", "geometry": {"type": "LineString", "coordinates": [[16.8059909, 48.7976381], [16.8058939, 48.7974883]]}, "properties": {"id": "09753bc4-15c0-4e1c-a3c5-2c282feea3a2", "names": null, "subtype": "road", "class": "service", "subclass": null, "road_surface": null, "road_flags": null, "width_rules": null}}, {"type": "Feature", "geometry": {"type": "LineString", "coordinates": [[16.8064112, 48.7992889], [16.8067393, 48.7992138]]}, "properties": {"id": "75f7864d-b9ff-472c-9f51-5c76627188f6", "names": null, "subtype": "road", "class": "footway", "subclass": null, "road_surface": [{"value": "gravel", "between": null}], "road_flags": null, "width_rules": null}}, {"type": "Feature", "geometry": {"type": "LineString", "coordinates": [[16.8063206, 48.7992257], [16.8065714, 48.7989035]]}, "properties": {"id": "e362dbc4-f3fb-43dd-8744-7ce17da17d7f", "names": null, "subtype": "road", "class": "footway", "subclass": null, "road_surface": [{"value": "gravel", "between": null}], "road_flags": null, "width_rules": null}}, {"type": "Feature", "geometry": {"type": "LineString", "coordinates": [[16.8063206, 48.7992257], [16.8063589, 48.7992413]]}, "properties": {"id": "d84f3ef4-1e2a-4e6e-9d13-cc6774c4bec6", "names": null, "subtype": "road", "class": "footway", "subclass": null, "road_surface": [{"value": "unpaved", "between": null}], "road_flags": null, "width_rules": null}}, {"type": "Feature", "geometry": {"type": "LineString", "coordinates": [[16.8055987, 48.799128], [16.8057131, 48.7989681], [16.8058394, 48.7988971], [16.8059924, 48.7988434], [16.8061362, 48.7988235], [16.8062925, 48.7988233], [16.8064771, 48.7988483], [16.8065714, 48.7989035]]}, "properties": {"id": "8889cd74-84f4-4239-b898-fa4e8d422117", "names": null, "subtype": "road", "class": "footway", "subclass": null, "road_surface": [{"value": "gravel", "between": null}], "road_flags": null, "width_rules": null}}, {"type": "Feature", "geometry": {"type": "LineString", "coordinates": [[16.8063589, 48.7992413], [16.8063898, 48.7992628], [16.8064112, 48.7992889], [16.8064216, 48.7993178], [16.8064203, 48.7993475], [16.8064074, 48.7993759], [16.8063838, 48.7994011], [16.806351, 48.7994215], [16.8063114, 48.7994356], [16.8062676, 48.7994424], [16.8062226, 48.7994416], [16.8061794, 48.7994331], [16.8061411, 48.7994175], [16.8061102, 48.7993959], [16.8060888, 48.7993698], [16.8060784, 48.799341], [16.8060797, 48.7993113], [16.8060926, 48.7992829], [16.8061162, 48.7992576], [16.806149, 48.7992373], [16.8061886, 48.7992232], [16.8062324, 48.7992163], [16.8062774, 48.7992172], [16.8063206, 48.7992257]]}, "properties": {"id": "47acc887-d297-4857-9780-c219cdc9b68c", "names": null, "subtype": "road", "class": "footway", "subclass": null, "road_surface": [{"value": "unpaved", "between": null}], "road_flags": null, "width_rules": null}}, {"type": "Feature", "geometry": {"type": "LineString", "coordinates": [[16.8061794, 48.7994331], [16.8059211, 48.7997463]]}, "properties": {"id": "2744a511-5d64-450f-b8b3-65cfbd341910", "names": null, "subtype": "road", "class": "footway", "subclass": null, "road_surface": [{"value": "gravel", "between": null}], "road_flags": null, "width_rules": null}}, {"type": "Feature", "geometry": {"type": "LineString", "coordinates": [[16.8074956, 48.8006832], [16.807317, 48.8003313], [16.8071512, 48.8000045], [16.8070254, 48.7997569], [16.8069051, 48.79952], [16.8067393, 48.7992138], [16.8065714, 48.7989035], [16.8060818, 48.7990165], [16.8055987, 48.799128], [16.8057647, 48.7994464], [16.8059211, 48.7997463], [16.8060465, 48.7999865], [16.8061768, 48.8002356], [16.8063482, 48.8005635], [16.8065188, 48.8008967]]}, "properties": {"id": "92951016-3003-4b53-a6bc-fe39b0adbb6a", "names": null, "subtype": "road", "class": "footway", "subclass": null, "road_surface": [{"value": "unpaved", "between": null}], "road_flags": null, "width_rules": null}}, {"type": "Feature", "geometry": {"type": "LineString", "coordinates": [[16.8065915, 48.7999923], [16.8065222, 48.8000038], [16.8064292, 48.8000082], [16.8063478, 48.7999841], [16.806295, 48.7999305], [16.8062899, 48.7998938], [16.8062963, 48.7998475], [16.8063303, 48.7998083], [16.8063845, 48.7997803], [16.8064708, 48.7997544], [16.8065408, 48.7997411], [16.806645, 48.7997404], [16.806713, 48.79976], [16.806746, 48.7997901], [16.8067652, 48.7998192], [16.8067705, 48.799858], [16.8067609, 48.799905], [16.806729, 48.7999421], [16.806678, 48.7999659]]}, "properties": {"id": "462512f7-bb98-409c-a059-2572230ecdb9", "names": null, "subtype": "road", "class": "footway", "subclass": null, "road_surface": [{"value": "gravel", "between": null}], "road_flags": null, "width_rules": null}}, {"type": "Feature", "geometry": {"type": "LineString", "coordinates": [[16.8063114, 48.7994356], [16.8064101, 48.7996347], [16.8064708, 48.7997544], [16.8065915, 48.7999923]]}, "properties": {"id": "80e8726a-ab50-4795-8636-905be9fe5ac2", "names": null, "subtype": "road", "class": "footway", "subclass": null, "road_surface": [{"value": "gravel", "between": null}], "road_flags": null, "width_rules": null}}, {"type": "Feature", "geometry": {"type": "LineString", "coordinates": [[16.8064074, 48.7993759], [16.8069051, 48.79952]]}, "properties": {"id": "f943f141-086c-4ce1-b5a6-69df4b1d83a3", "names": null, "subtype": "road", "class": "footway", "subclass": null, "road_surface": [{"value": "unpaved", "between": null}], "road_flags": null, "width_rules": null}}, {"type": "Feature", "geometry": {"type": "LineString", "coordinates": [[16.806678, 48.7999659], [16.8065915, 48.7999923]]}, "properties": {"id": "a64db08f-8b4f-40ec-b2bd-fc03f2f948b1", "names": null, "subtype": "road", "class": "footway", "subclass": null, "road_surface": [{"value": "gravel", "between": null}], "road_flags": null, "width_rules": null}}, {"type": "Feature", "geometry": {"type": "LineString", "coordinates": [[16.8073197, 48.7999646], [16.8071512, 48.8000045], [16.8067018, 48.8001111], [16.8066215, 48.8001301], [16.8061768, 48.8002356], [16.8060196, 48.8002729]]}, "properties": {"id": "311a1dda-e77b-400c-a795-e28accb4ae64", "names": null, "subtype": "road", "class": "footway", "subclass": null, "road_surface": [{"value": "unpaved", "between": null}], "road_flags": null, "width_rules": null}}, {"type": "Feature", "geometry": {"type": "LineString", "coordinates": [[16.8078217, 48.7995663], [16.807503, 48.7996426], [16.8071897, 48.7997176], [16.8070254, 48.7997569], [16.8067652, 48.7998192]]}, "properties": {"id": "1968c421-3aa2-42ab-87ee-a766becfd87d", "names": null, "subtype": "road", "class": "footway", "subclass": null, "road_surface": [{"value": "gravel", "between": null}], "road_flags": null, "width_rules": null}}, {"type": "Feature", "geometry": {"type": "LineString", "coordinates": [[16.8070649, 48.7994804], [16.8072789, 48.7995509]]}, "properties": {"id": "0221b743-ff42-4fd6-8b61-3be22b07df83", "names": null, "subtype": "road", "class": "footway", "subclass": null, "road_surface": [{"value": "gravel", "between": null}], "road_flags": null, "width_rules": null}}, {"type": "Feature", "geometry": {"type": "LineString", "coordinates": [[16.8073213, 48.7993035], [16.8072731, 48.7993111], [16.8072133, 48.7992936], [16.8071618, 48.7992312], [16.8071402, 48.7991765], [16.8071684, 48.7991306], [16.8072233, 48.7991184], [16.8072947, 48.7991098], [16.8073512, 48.799147], [16.8073744, 48.7991907], [16.8073827, 48.79924], [16.8073744, 48.7992816]]}, "properties": {"id": "36266bac-302e-4d43-a38a-b7122ca47998", "names": null, "subtype": "road", "class": "footway", "subclass": null, "road_surface": [{"value": "gravel", "between": null}], "road_flags": null, "width_rules": null}}, {"type": "Feature", "geometry": {"type": "LineString", "coordinates": [[16.8040502, 48.7998288], [16.8041454, 48.7998173], [16.8041012, 48.7997395], [16.8038509, 48.7994427], [16.8037922, 48.7993683], [16.8038014, 48.7993205], [16.8044416, 48.7990839], [16.8046804, 48.7990174], [16.8048361, 48.7989789], [16.8052871, 48.7988792], [16.8059389, 48.7987431], [16.8062444, 48.7986761], [16.806907, 48.7985379], [16.8070007, 48.7985184], [16.8073122, 48.7984589], [16.8076936, 48.7983803], [16.8078661, 48.7983512], [16.8080899, 48.7983212], [16.8082586, 48.7983023], [16.8097158, 48.7981917], [16.809734, 48.7981839], [16.8097823, 48.7981649], [16.8103178, 48.7979024]]}, "properties": {"id": "6ee30ce0-0e0c-4e31-80c2-4b1c81eaebce", "names": null, "subtype": "road", "class": "footway", "subclass": "sidewalk", "road_surface": [{"value": "paving_stones", "between": null}], "road_flags": null, "width_rules": null}}, {"type": "Feature", "geometry": {"type": "LineString", "coordinates": [[16.8071618, 48.7992312], [16.8069483, 48.7992825]]}, "properties": {"id": "6b2d33ee-f4fc-486f-ad63-520e90dfeabf", "names": null, "subtype": "road", "class": "footway", "subclass": null, "road_surface": [{"value": "gravel", "between": null}], "road_flags": null, "width_rules": null}}, {"type": "Feature", "geometry": {"type": "LineString", "coordinates": [[16.8065714, 48.7989035], [16.8070611, 48.7987945], [16.8071132, 48.7988987], [16.8072233, 48.7991184]]}, "properties": {"id": "3f7b77e5-4f75-4aee-9f88-1be8d514906b", "names": null, "subtype": "road", "class": "footway", "subclass": null, "road_surface": [{"value": "gravel", "between": null}], "road_flags": null, "width_rules": null}}, {"type": "Feature", "geometry": {"type": "LineString", "coordinates": [[16.8036648, 48.7993259], [16.8037099, 48.7993059], [16.8037415, 48.7992926], [16.8037674, 48.7992814], [16.8039566, 48.7991993], [16.8044195, 48.7990426], [16.8050581, 48.7988737], [16.8059136, 48.7986936], [16.8068778, 48.7984894], [16.8069781, 48.7984681], [16.8071332, 48.7984353], [16.807286, 48.7984041], [16.8073632, 48.7983883], [16.8076638, 48.7983268], [16.8082092, 48.7982639], [16.809687, 48.7981331], [16.8098262, 48.7980895], [16.8102523, 48.7978643]]}, "properties": {"id": "4b78f51e-fd39-437e-874a-2e6fb2c8e9ba", "names": {"primary": "Slov\u00e1ck\u00e1", "common": null, "rules": [{"variant": "common", "language": null, "perspectives": null, "value": "Slov\u00e1ck\u00e1", "between": null, "side": null}]}, "subtype": "road", "class": "residential", "subclass": null, "road_surface": [{"value": "paving_stones", "between": null}], "road_flags": null, "width_rules": null}}, {"type": "Feature", "geometry": {"type": "LineString", "coordinates": [[16.8070007, 48.7985184], [16.8069781, 48.7984681]]}, "properties": {"id": "b3cc599e-c24b-4255-bdfe-71ca3185ea26", "names": null, "subtype": "road", "class": "footway", "subclass": null, "road_surface": null, "road_flags": null, "width_rules": null}}, {"type": "Feature", "geometry": {"type": "LineString", "coordinates": [[16.8070611, 48.7987945], [16.806907, 48.7985379], [16.8068778, 48.7984894]]}, "properties": {"id": "9a7f7b33-fc52-4e0e-be1c-5c766a805d31", "names": null, "subtype": "road", "class": "unknown", "subclass": null, "road_surface": null, "road_flags": null, "width_rules": null}}, {"type": "Feature", "geometry": {"type": "LineString", "coordinates": [[16.8073122, 48.7984589], [16.807286, 48.7984041]]}, "properties": {"id": "e2680bc4-050c-4156-ac9f-bef257a7430c", "names": null, "subtype": "road", "class": "footway", "subclass": null, "road_surface": null, "road_flags": null, "width_rules": null}}, {"type": "Feature", "geometry": {"type": "LineString", "coordinates": [[16.8073744, 48.7991907], [16.8075899, 48.7991299]]}, "properties": {"id": "bc0edc47-eacd-48f1-98e7-38929bf74ea8", "names": null, "subtype": "road", "class": "footway", "subclass": null, "road_surface": [{"value": "gravel", "between": null}], "road_flags": null, "width_rules": null}}, {"type": "Feature", "geometry": {"type": "LineString", "coordinates": [[16.8076475, 48.7989084], [16.8076592, 48.7988296], [16.8076816, 48.7987209], [16.8077122, 48.7986566], [16.8078001, 48.7985785]]}, "properties": {"id": "7689a535-c267-450f-b72c-0f379b599935", "names": null, "subtype": "road", "class": "footway", "subclass": null, "road_surface": [{"value": "gravel", "between": null}], "road_flags": null, "width_rules": null}}, {"type": "Feature", "geometry": {"type": "LineString", "coordinates": [[16.8071638, 48.7987804], [16.8072056, 48.7987425], [16.8074489, 48.7986657], [16.8078001, 48.7985785], [16.8080348, 48.7985168], [16.8082895, 48.7984599], [16.8084752, 48.7984324], [16.8086725, 48.7984125], [16.8088135, 48.7984154], [16.8089085, 48.7984372], [16.8090798, 48.7984817], [16.8092353, 48.7985491], [16.8094152, 48.798641], [16.8094815, 48.7986903], [16.8097535, 48.7989634], [16.8098672, 48.7990497], [16.810004, 48.7991692], [16.8100616, 48.7992422], [16.810063, 48.7993304], [16.8100414, 48.7994281], [16.8100198, 48.7994973], [16.8099608, 48.7995589], [16.8098528, 48.7996006], [16.8097075, 48.7996594], [16.8095793, 48.7997135], [16.8093317, 48.7998092], [16.8092353, 48.7998386], [16.8091288, 48.7998566], [16.8090064, 48.799868], [16.8088725, 48.7998822], [16.8087732, 48.799905], [16.8086955, 48.7999287], [16.8086149, 48.7999619], [16.8085285, 48.800014], [16.8082219, 48.8002056], [16.8080804, 48.8002765]]}, "properties": {"id": "e8df725c-7ba3-4820-ac57-8ad54a27697b", "names": null, "subtype": "road", "class": "footway", "subclass": null, "road_surface": [{"value": "unpaved", "between": null}], "road_flags": null, "width_rules": null}}, {"type": "Feature", "geometry": {"type": "LineString", "coordinates": [[16.8081766, 48.7999417], [16.8082708, 48.7999458], [16.8083788, 48.7999752], [16.8085285, 48.800014]]}, "properties": {"id": "5e2de1d8-860b-49f4-8426-bcbb498d84d3", "names": null, "subtype": "road", "class": "footway", "subclass": null, "road_surface": null, "road_flags": null, "width_rules": null}}, {"type": "Feature", "geometry": {"type": "LineString", "coordinates": [[16.8081221, 48.8001553], [16.8080411, 48.7999853], [16.8079434, 48.8000079]]}, "properties": {"id": "e9ff5df0-7ef4-4b88-a866-91a2afcb1b7c", "names": null, "subtype": "road", "class": "footway", "subclass": null, "road_surface": [{"value": "gravel", "between": null}], "road_flags": null, "width_rules": null}}, {"type": "Feature", "geometry": {"type": "LineString", "coordinates": [[16.8079967, 48.8001165], [16.8079434, 48.8000079]]}, "properties": {"id": "d71c66bc-ecb4-4054-97d3-dbcfe596e209", "names": null, "subtype": "road", "class": "footway", "subclass": null, "road_surface": [{"value": "unpaved", "between": null}], "road_flags": null, "width_rules": null}}, {"type": "Feature", "geometry": {"type": "LineString", "coordinates": [[16.8078305, 48.8000279], [16.8079434, 48.8000079]]}, "properties": {"id": "1338deed-a807-42e1-9bb9-af24a90f6fd9", "names": null, "subtype": "road", "class": "footway", "subclass": null, "road_surface": [{"value": "gravel", "between": null}], "road_flags": null, "width_rules": null}}, {"type": "Feature", "geometry": {"type": "LineString", "coordinates": [[16.8079434, 48.8000079], [16.8078802, 48.7998949], [16.8077859, 48.7998385], [16.8077141, 48.7998248], [16.8075966, 48.7998213], [16.8075481, 48.7998441], [16.8075099, 48.7998638], [16.8074551, 48.7999097], [16.8074302, 48.79996], [16.8074368, 48.8000148], [16.8074833, 48.8001034], [16.8075431, 48.800192], [16.8076079, 48.8002489], [16.807676, 48.8002741], [16.8077508, 48.8002829], [16.8078305, 48.8002785], [16.8078787, 48.8002643], [16.8079385, 48.8002292], [16.80799, 48.8001756], [16.8079967, 48.8001165]]}, "properties": {"id": "59e63b00-f181-42f1-9171-456afc418075", "names": null, "subtype": "road", "class": "footway", "subclass": null, "road_surface": [{"value": "unpaved", "between": null}], "road_flags": null, "width_rules": null}}, {"type": "Feature", "geometry": {"type": "LineString", "coordinates": [[16.8076494, 48.7999272], [16.8076013, 48.7999546], [16.8075963, 48.7999951], [16.8076079, 48.8000191], [16.8076029, 48.8000793], [16.8076312, 48.8001078], [16.8076694, 48.8001318], [16.807686, 48.8001658], [16.8077358, 48.8001833], [16.807779, 48.8001811], [16.8078289, 48.8001614], [16.8078355, 48.8001275], [16.8078272, 48.8000979], [16.8078322, 48.800064], [16.8078305, 48.8000279], [16.8078023, 48.8000005], [16.8077641, 48.7999732], [16.8077408, 48.7999447], [16.8077076, 48.7999327]]}, "properties": {"id": "d1f8c27e-35c1-4c81-85a9-81caf7f28a19", "names": null, "subtype": "road", "class": "footway", "subclass": null, "road_surface": [{"value": "gravel", "between": null}], "road_flags": null, "width_rules": null}}, {"type": "Feature", "geometry": {"type": "LineString", "coordinates": [[16.8077076, 48.7999327], [16.8076494, 48.7999272]]}, "properties": {"id": "3950020a-748d-4b6a-b956-a7bad0cec477", "names": null, "subtype": "road", "class": "footway", "subclass": null, "road_surface": [{"value": "gravel", "between": null}], "road_flags": null, "width_rules": null}}, {"type": "Feature", "geometry": {"type": "LineString", "coordinates": [[16.8077859, 48.7998385], [16.8078988, 48.7997135]]}, "properties": {"id": "56d692b1-c521-4cd8-95dd-85173c2b699f", "names": null, "subtype": "road", "class": "footway", "subclass": null, "road_surface": [{"value": "gravel", "between": null}], "road_flags": null, "width_rules": null}}, {"type": "Feature", "geometry": {"type": "LineString", "coordinates": [[16.8073213, 48.7993035], [16.8074348, 48.7995122], [16.807503, 48.7996426], [16.8075766, 48.7997831], [16.8075966, 48.7998213], [16.8076494, 48.7999272]]}, "properties": {"id": "8fd07925-42db-4095-bfd4-ac2f30882976", "names": null, "subtype": "road", "class": "footway", "subclass": null, "road_surface": [{"value": "gravel", "between": null}], "road_flags": null, "width_rules": null}}, {"type": "Feature", "geometry": {"type": "LineString", "coordinates": [[16.8075931, 48.7994796], [16.8076964, 48.7993303]]}, "properties": {"id": "07f6137e-5943-43b9-8257-ef49bcb878ea", "names": null, "subtype": "road", "class": "footway", "subclass": null, "road_surface": [{"value": "gravel", "between": null}], "road_flags": null, "width_rules": null}}, {"type": "Feature", "geometry": {"type": "LineString", "coordinates": [[16.8081766, 48.7999417], [16.8076475, 48.7989084], [16.8075943, 48.7988752], [16.8075295, 48.7988392], [16.807446, 48.7988136], [16.8073539, 48.7987928], [16.8072401, 48.7987833], [16.8071638, 48.7987804], [16.8070611, 48.7987945]]}, "properties": {"id": "0872fbe4-6cef-42eb-ad5a-6fda958df1b5", "names": null, "subtype": "road", "class": "footway", "subclass": null, "road_surface": [{"value": "gravel", "between": null}], "road_flags": null, "width_rules": null}}, {"type": "Feature", "geometry": {"type": "LineString", "coordinates": [[16.8070649, 48.7994804], [16.8069483, 48.7992825], [16.8068704, 48.7991475], [16.8068678, 48.799062], [16.8069431, 48.7989799], [16.8070054, 48.7989337], [16.8071132, 48.7988987], [16.8072286, 48.7988978], [16.8073688, 48.7989064], [16.807483, 48.7989628], [16.8075271, 48.7990124], [16.8075899, 48.7991299], [16.8076964, 48.7993303], [16.8077581, 48.799445], [16.8078217, 48.7995663], [16.8078988, 48.7997135], [16.8080411, 48.7999853]]}, "properties": {"id": "6ce60767-73f2-4973-ac61-3daf73a6dfbe", "names": null, "subtype": "road", "class": "footway", "subclass": null, "road_surface": [{"value": "gravel", "between": null}], "road_flags": null, "width_rules": null}}, {"type": "Feature", "geometry": {"type": "LineString", "coordinates": [[16.8073744, 48.7992816], [16.8073213, 48.7993035]]}, "properties": {"id": "bc112870-4e91-4889-aab6-de124e4ec1ae", "names": null, "subtype": "road", "class": "footway", "subclass": null, "road_surface": [{"value": "gravel", "between": null}], "road_flags": null, "width_rules": null}}, {"type": "Feature", "geometry": {"type": "LineString", "coordinates": [[16.8071224, 48.7995897], [16.8072789, 48.7995509], [16.8074348, 48.7995122], [16.8075931, 48.7994796], [16.8077581, 48.799445]]}, "properties": {"id": "87ebe09e-df35-4f08-bb6b-95b1ac295285", "names": null, "subtype": "road", "class": "footway", "subclass": null, "road_surface": [{"value": "gravel", "between": null}], "road_flags": null, "width_rules": null}}, {"type": "Feature", "geometry": {"type": "LineString", "coordinates": [[16.8074551, 48.7999097], [16.8072616, 48.7998541], [16.8075766, 48.7997831], [16.8078988, 48.7997135]]}, "properties": {"id": "7c558210-327c-4f6b-bd5a-3767e76285c7", "names": null, "subtype": "road", "class": "footway", "subclass": null, "road_surface": [{"value": "gravel", "between": null}], "road_flags": null, "width_rules": null}}, {"type": "Feature", "geometry": {"type": "LineString", "coordinates": [[16.8070649, 48.7994804], [16.8071224, 48.7995897], [16.8071897, 48.7997176], [16.8072616, 48.7998541], [16.8073197, 48.7999646], [16.8074047, 48.8001261], [16.8074916, 48.8002911], [16.8075466, 48.8003956], [16.8078545, 48.8003269], [16.8080804, 48.8002765]]}, "properties": {"id": "8827b8d9-ea79-4676-8f41-7fafa26ed5c6", "names": null, "subtype": "road", "class": "footway", "subclass": null, "road_surface": [{"value": "unpaved", "between": null}], "road_flags": null, "width_rules": null}}, {"type": "Feature", "geometry": {"type": "LineString", "coordinates": [[16.8074047, 48.8001261], [16.8074833, 48.8001034], [16.8076029, 48.8000793]]}, "properties": {"id": "85b646c0-6513-40ca-823a-ff5f37308b1f", "names": null, "subtype": "road", "class": "footway", "subclass": null, "road_surface": [{"value": "gravel", "between": null}], "road_flags": null, "width_rules": null}}, {"type": "Feature", "geometry": {"type": "LineString", "coordinates": [[16.8075466, 48.8003956], [16.8076851, 48.8005146], [16.8077462, 48.8006257], [16.8080024, 48.8011059]]}, "properties": {"id": "fd510903-5b6a-41f0-977f-5ec5566ff72d", "names": null, "subtype": "road", "class": "footway", "subclass": null, "road_surface": [{"value": "unpaved", "between": null}], "road_flags": null, "width_rules": null}}, {"type": "Feature", "geometry": {"type": "LineString", "coordinates": [[16.8078545, 48.8003269], [16.8078305, 48.8002785], [16.807779, 48.8001811]]}, "properties": {"id": "5f41184c-bdb8-4c52-8c6a-bb7b9c6dffca", "names": null, "subtype": "road", "class": "footway", "subclass": null, "road_surface": [{"value": "unpaved", "between": null}], "road_flags": null, "width_rules": null}}, {"type": "Feature", "geometry": {"type": "LineString", "coordinates": [[16.8081053, 48.8005432], [16.8080787, 48.8003914], [16.8080804, 48.8002765], [16.8081059, 48.800193], [16.8081221, 48.8001553], [16.8081766, 48.7999417]]}, "properties": {"id": "9de7fd0f-8361-4636-b75d-0733d4c866ca", "names": null, "subtype": "road", "class": "footway", "subclass": null, "road_surface": [{"value": "unpaved", "between": null}], "road_flags": null, "width_rules": null}}, {"type": "Feature", "geometry": {"type": "LineString", "coordinates": [[16.8082387, 48.8007855], [16.8080353, 48.8008335]]}, "properties": {"id": "c1b741c3-74b7-4893-a5b6-e0d033857537", "names": null, "subtype": "road", "class": "footway", "subclass": null, "road_surface": [{"value": "unpaved", "between": null}], "road_flags": null, "width_rules": null}}, {"type": "Feature", "geometry": {"type": "LineString", "coordinates": [[16.8083391, 48.800968], [16.8081312, 48.8010138], [16.8080353, 48.8008335], [16.8079368, 48.8006483], [16.8081369, 48.8006007]]}, "properties": {"id": "67df4fac-a045-406a-9953-b71589757751", "names": null, "subtype": "road", "class": "footway", "subclass": null, "road_surface": null, "road_flags": null, "width_rules": null}}, {"type": "Feature", "geometry": {"type": "LineString", "coordinates": [[16.8078161, 48.8011468], [16.8078773, 48.8012791]]}, "properties": {"id": "76f394fc-cfcc-4997-b9c8-7d6cb175a496", "names": null, "subtype": "road", "class": "footway", "subclass": null, "road_surface": [{"value": "paved", "between": null}], "road_flags": null, "width_rules": null}}, {"type": "Feature", "geometry": {"type": "LineString", "coordinates": [[16.8065325, 48.8014305], [16.8072318, 48.8012751], [16.807313, 48.8012573], [16.8078161, 48.8011468], [16.8080024, 48.8011059], [16.8083705, 48.801025]]}, "properties": {"id": "12be0233-1c81-47a2-9e46-878564fde901", "names": null, "subtype": "road", "class": "service", "subclass": null, "road_surface": [{"value": "unpaved", "between": null}], "road_flags": null, "width_rules": null}}, {"type": "Feature", "geometry": {"type": "LineString", "coordinates": [[16.8065555, 48.8018406], [16.8065965, 48.8017401], [16.8067745, 48.8016613], [16.8067987, 48.8016116], [16.8075748, 48.8014268], [16.8076489, 48.8014034], [16.8077092, 48.8013771], [16.8078773, 48.8012791], [16.8080253, 48.8011929], [16.8080363, 48.8011679], [16.8080024, 48.8011059]]}, "properties": {"id": "82706e4b-46af-43da-969a-93b06df93057", "names": null, "subtype": "road", "class": "footway", "subclass": null, "road_surface": [{"value": "unpaved", "between": [0.0, 0.718382384]}, {"value": "paved", "between": [0.718382384, 1.0]}], "road_flags": null, "width_rules": null}}, {"type": "Feature", "geometry": {"type": "LineString", "coordinates": [[16.8068526, 48.8018183], [16.8067745, 48.8016613]]}, "properties": {"id": "2be3c0b6-42ed-4a5c-9344-6818a8e2fe1a", "names": null, "subtype": "road", "class": "footway", "subclass": null, "road_surface": null, "road_flags": null, "width_rules": null}}, {"type": "Feature", "geometry": {"type": "LineString", "coordinates": [[16.8070511, 48.8010727], [16.8070396, 48.8010492]]}, "properties": {"id": "d6948a45-ea99-4e97-a741-1077887ec051", "names": null, "subtype": "road", "class": "footway", "subclass": null, "road_surface": [{"value": "unpaved", "between": null}], "road_flags": null, "width_rules": null}}, {"type": "Feature", "geometry": {"type": "LineString", "coordinates": [[16.8072206, 48.8010917], [16.807313, 48.8012573]]}, "properties": {"id": "6aff5a67-7b37-4842-a3b5-d354f2d7d582", "names": null, "subtype": "road", "class": "footway", "subclass": null, "road_surface": [{"value": "unpaved", "between": null}], "road_flags": null, "width_rules": null}}, {"type": "Feature", "geometry": {"type": "LineString", "coordinates": [[16.8072318, 48.8012751], [16.8071422, 48.8011106]]}, "properties": {"id": "b4433fca-25a2-48b2-af50-f9e4a858b91e", "names": null, "subtype": "road", "class": "footway", "subclass": null, "road_surface": [{"value": "unpaved", "between": null}], "road_flags": null, "width_rules": null}}, {"type": "Feature", "geometry": {"type": "LineString", "coordinates": [[16.8070396, 48.8010492], [16.8070408, 48.8010246], [16.8070547, 48.8010017], [16.8070795, 48.8009833], [16.8071114, 48.8009718], [16.8071472, 48.8009679], [16.8071835, 48.800972], [16.8072156, 48.800984], [16.8072397, 48.8010024], [16.8072532, 48.801025], [16.8072543, 48.8010493], [16.807243, 48.8010724], [16.8072206, 48.8010917], [16.8071973, 48.8011025], [16.8071706, 48.801109], [16.8071422, 48.8011106], [16.8071057, 48.8011053], [16.807074, 48.8010921], [16.8070511, 48.8010727]]}, "properties": {"id": "65f240b3-26eb-40b1-a9c1-22a4bd66faec", "names": null, "subtype": "road", "class": "footway", "subclass": null, "road_surface": [{"value": "unpaved", "between": null}], "road_flags": null, "width_rules": null}}, {"type": "Feature", "geometry": {"type": "LineString", "coordinates": [[16.806053, 48.8010214], [16.8060758, 48.8010159], [16.8062876, 48.8009651], [16.8065188, 48.8008967], [16.8069574, 48.8007886], [16.8070488, 48.8007707], [16.8074956, 48.8006832], [16.8077462, 48.8006257], [16.8081053, 48.8005432], [16.8081369, 48.8006007], [16.8082387, 48.8007855], [16.8083391, 48.800968], [16.8083705, 48.801025], [16.8084032, 48.8010995], [16.8084206, 48.8012142], [16.8083844, 48.8012723], [16.8082362, 48.8014334], [16.8080047, 48.8015676]]}, "properties": {"id": "e2189d36-6fc0-4d02-8496-f04a92e6cbae", "names": null, "subtype": "road", "class": "footway", "subclass": null, "road_surface": [{"value": "unpaved", "between": null}], "road_flags": null, "width_rules": null}}, {"type": "Feature", "geometry": {"type": "LineString", "coordinates": [[16.8071472, 48.8009679], [16.8070488, 48.8007707], [16.806895, 48.800481]]}, "properties": {"id": "737e73a0-f3d1-42a0-8c2c-561cd8ff9ce1", "names": null, "subtype": "road", "class": "footway", "subclass": null, "road_surface": [{"value": "unpaved", "between": null}], "road_flags": null, "width_rules": null}}, {"type": "Feature", "geometry": {"type": "LineString", "coordinates": [[16.8069085, 48.8004283], [16.807317, 48.8003313], [16.8074916, 48.8002911]]}, "properties": {"id": "83807d92-9722-4969-a5a7-31bce1a95ed9", "names": null, "subtype": "road", "class": "footway", "subclass": null, "road_surface": [{"value": "unpaved", "between": null}], "road_flags": null, "width_rules": null}}, {"type": "Feature", "geometry": {"type": "LineString", "coordinates": [[16.8069062, 48.8004689], [16.806895, 48.800481]]}, "properties": {"id": "4bbf6bf2-271c-480e-a33f-69a6954b3024", "names": null, "subtype": "road", "class": "footway", "subclass": null, "road_surface": [{"value": "unpaved", "between": null}], "road_flags": null, "width_rules": null}}, {"type": "Feature", "geometry": {"type": "LineString", "coordinates": [[16.806895, 48.800481], [16.8068774, 48.8004916], [16.8068454, 48.8005002], [16.8068182, 48.8005004], [16.8067904, 48.800494], [16.8067659, 48.80048], [16.806753, 48.8004644], [16.8067486, 48.8004469], [16.8067582, 48.8004212], [16.8067728, 48.8004083], [16.8067904, 48.8003995], [16.8068184, 48.8003931], [16.8068462, 48.8003934], [16.8068709, 48.8003993], [16.8068949, 48.8004125], [16.8069085, 48.8004283], [16.8069133, 48.8004448], [16.8069062, 48.8004689]]}, "properties": {"id": "0fb48a94-b35a-4b06-a798-1828a060432e", "names": null, "subtype": "road", "class": "footway", "subclass": null, "road_surface": [{"value": "unpaved", "between": null}], "road_flags": null, "width_rules": null}}, {"type": "Feature", "geometry": {"type": "LineString", "coordinates": [[16.8068462, 48.8003934], [16.8067018, 48.8001111], [16.8066525, 48.800018], [16.8065915, 48.7999923], [16.8065802, 48.800053], [16.8066215, 48.8001301], [16.8067728, 48.8004083]]}, "properties": {"id": "6f4b8d09-67f6-4411-8cd3-854e8e8b8943", "names": null, "subtype": "road", "class": "footway", "subclass": null, "road_surface": [{"value": "unpaved", "between": null}], "road_flags": null, "width_rules": null}}, {"type": "Feature", "geometry": {"type": "LineString", "coordinates": [[16.8070795, 48.8009833], [16.8069574, 48.8007886], [16.8068182, 48.8005004]]}, "properties": {"id": "bde14be5-3082-4da6-bb95-203d2066b2ed", "names": null, "subtype": "road", "class": "footway", "subclass": null, "road_surface": [{"value": "unpaved", "between": null}], "road_flags": null, "width_rules": null}}, {"type": "Feature", "geometry": {"type": "LineString", "coordinates": [[16.806753, 48.8004644], [16.8063482, 48.8005635], [16.8062012, 48.8005995]]}, "properties": {"id": "da9d7d10-83c0-49a8-9ce7-a992cd81cbf3", "names": null, "subtype": "road", "class": "footway", "subclass": null, "road_surface": [{"value": "unpaved", "between": null}], "road_flags": null, "width_rules": null}}, {"type": "Feature", "geometry": {"type": "LineString", "coordinates": [[16.8057206, 48.8009615], [16.8059889, 48.8009033], [16.8063204, 48.8008272], [16.8062012, 48.8005995], [16.8060196, 48.8002729], [16.8058834, 48.800028], [16.8057534, 48.7997848], [16.8059211, 48.7997463], [16.8064101, 48.7996347], [16.8069051, 48.79952], [16.8070649, 48.7994804]]}, "properties": {"id": "6144a168-304e-4c08-b1a4-531e6824c729", "names": null, "subtype": "road", "class": "footway", "subclass": null, "road_surface": [{"value": "unpaved", "between": null}], "road_flags": null, "width_rules": null}}, {"type": "Feature", "geometry": {"type": "LineString", "coordinates": [[16.8062876, 48.8009651], [16.8064173, 48.8012083], [16.8065325, 48.8014305]]}, "properties": {"id": "d2495ae1-d495-404f-a5b3-eee780570fa8", "names": null, "subtype": "road", "class": "footway", "subclass": null, "road_surface": [{"value": "unpaved", "between": null}], "road_flags": null, "width_rules": null}}, {"type": "Feature", "geometry": {"type": "LineString", "coordinates": [[16.8061741, 48.801263], [16.8062085, 48.8012553], [16.8064173, 48.8012083]]}, "properties": {"id": "1bdc06a1-c624-41aa-b46b-f2dc499201d9", "names": null, "subtype": "road", "class": "footway", "subclass": null, "road_surface": [{"value": "unpaved", "between": null}], "road_flags": null, "width_rules": null}}, {"type": "Feature", "geometry": {"type": "LineString", "coordinates": [[16.8065325, 48.8014305], [16.8064646, 48.8014258], [16.8064047, 48.8014124], [16.8063359, 48.8013836], [16.8062401, 48.8013122], [16.8061741, 48.801263], [16.806053, 48.8010214]]}, "properties": {"id": "d23c5504-6122-4769-99e7-62c4a4daba12", "names": null, "subtype": "road", "class": "service", "subclass": null, "road_surface": [{"value": "unpaved", "between": null}], "road_flags": null, "width_rules": null}}, {"type": "Feature", "geometry": {"type": "LineString", "coordinates": [[16.8056798, 48.8014193], [16.8057009, 48.8014565]]}, "properties": {"id": "09d83c34-f0bc-4f3d-bf03-858230c2f75f", "names": null, "subtype": "road", "class": "footway", "subclass": null, "road_surface": null, "road_flags": null, "width_rules": null}}, {"type": "Feature", "geometry": {"type": "LineString", "coordinates": [[16.8056919, 48.8013032], [16.8056168, 48.8012989]]}, "properties": {"id": "174f869f-ce6a-421a-8f74-a2792ae7d865", "names": null, "subtype": "road", "class": "footway", "subclass": null, "road_surface": [{"value": "unpaved", "between": null}], "road_flags": null, "width_rules": null}}, {"type": "Feature", "geometry": {"type": "LineString", "coordinates": [[16.8044546, 48.8013654], [16.8047507, 48.8012995], [16.8050404, 48.801229], [16.8055298, 48.8011243], [16.8059469, 48.8010423], [16.806053, 48.8010214]]}, "properties": {"id": "c9d96ef4-6c99-4e06-9882-d9ba43b03225", "names": {"primary": "Z\u00e1mek", "common": null, "rules": [{"variant": "common", "language": null, "perspectives": null, "value": "Z\u00e1mek", "between": null, "side": null}]}, "subtype": "road", "class": "service", "subclass": null, "road_surface": [{"value": "unpaved", "between": null}], "road_flags": null, "width_rules": null}}, {"type": "Feature", "geometry": {"type": "LineString", "coordinates": [[16.804576, 48.8015184], [16.8046273, 48.8015239], [16.8046795, 48.8015357], [16.8047529, 48.8015684], [16.8049585, 48.8018832], [16.8052751, 48.8018032]]}, "properties": {"id": "b7c837e1-9f77-4ed3-a0c1-5df55893cee7", "names": null, "subtype": "road", "class": "footway", "subclass": null, "road_surface": [{"value": "unpaved", "between": null}], "road_flags": null, "width_rules": null}}, {"type": "Feature", "geometry": {"type": "LineString", "coordinates": [[16.8047353, 48.8007786], [16.8049361, 48.8011396], [16.8049381, 48.8011413], [16.8050404, 48.801229], [16.805184, 48.8015007]]}, "properties": {"id": "04c60055-add9-446b-8a1e-d9ca8b773bf7", "names": null, "subtype": "road", "class": "footway", "subclass": null, "road_surface": [{"value": "unpaved", "between": null}], "road_flags": null, "width_rules": null}}, {"type": "Feature", "geometry": {"type": "LineString", "coordinates": [[16.8041663, 48.8009025], [16.8047353, 48.8007786], [16.8052805, 48.8006599]]}, "properties": {"id": "29eaa5b4-02e3-4986-ac51-13a165b10089", "names": null, "subtype": "road", "class": "footway", "subclass": null, "road_surface": [{"value": "gravel", "between": null}], "road_flags": null, "width_rules": null}}, {"type": "Feature", "geometry": {"type": "LineString", "coordinates": [[16.8044195, 48.7990426], [16.8044416, 48.7990839], [16.8044532, 48.7991043], [16.8045226, 48.7992279], [16.8047107, 48.7995623], [16.805055, 48.8002224], [16.8052805, 48.8006599], [16.80548, 48.8010262], [16.8055298, 48.8011243], [16.8056168, 48.8012989], [16.8055645, 48.801331], [16.8055598, 48.8013805], [16.8056074, 48.8014171], [16.8056798, 48.8014193], [16.8057348, 48.801388], [16.8057402, 48.8013425], [16.8056919, 48.8013032]]}, "properties": {"id": "ac005f9d-5a9d-4dd4-9a99-90b19ece3502", "names": null, "subtype": "road", "class": "footway", "subclass": null, "road_surface": [{"value": "unpaved", "between": null}], "road_flags": null, "width_rules": null}}, {"type": "Feature", "geometry": {"type": "LineString", "coordinates": [[16.8057206, 48.8009615], [16.805282, 48.8001669]]}, "properties": {"id": "af13b945-0203-4014-bf21-1a66980c3156", "names": null, "subtype": "road", "class": "footway", "subclass": null, "road_surface": [{"value": "gravel", "between": null}], "road_flags": null, "width_rules": null}}, {"type": "Feature", "geometry": {"type": "LineString", "coordinates": [[16.805055, 48.8002224], [16.805282, 48.8001669], [16.8055571, 48.8000969], [16.8058834, 48.800028], [16.8060465, 48.7999865], [16.806295, 48.7999305]]}, "properties": {"id": "b13445ad-f788-423d-b6f2-f830f189c1e3", "names": null, "subtype": "road", "class": "footway", "subclass": null, "road_surface": [{"value": "gravel", "between": null}], "road_flags": null, "width_rules": null}}, {"type": "Feature", "geometry": {"type": "LineString", "coordinates": [[16.806053, 48.8010214], [16.8060331, 48.8009848], [16.8059889, 48.8009033], [16.8055571, 48.8000969], [16.8051029, 48.7992541]]}, "properties": {"id": "ffc564b3-9eae-4991-9685-ef6de3bcbada", "names": null, "subtype": "road", "class": "footway", "subclass": null, "road_surface": [{"value": "unpaved", "between": null}], "road_flags": null, "width_rules": null}}, {"type": "Feature", "geometry": {"type": "LineString", "coordinates": [[16.8060888, 48.7993698], [16.8057647, 48.7994464]]}, "properties": {"id": "192cfbb5-399c-497c-91f7-510a04c791cc", "names": null, "subtype": "road", "class": "footway", "subclass": null, "road_surface": [{"value": "gravel", "between": null}], "road_flags": null, "width_rules": null}}, {"type": "Feature", "geometry": {"type": "LineString", "coordinates": [[16.8060926, 48.7992829], [16.8055987, 48.799128]]}, "properties": {"id": "090c92bf-56d6-48c5-b8d0-fe045a744899", "names": null, "subtype": "road", "class": "footway", "subclass": null, "road_surface": [{"value": "gravel", "between": null}], "road_flags": null, "width_rules": null}}, {"type": "Feature", "geometry": {"type": "LineString", "coordinates": [[16.8043882, 48.7989823], [16.8044721, 48.7989035], [16.8047878, 48.798823], [16.8058249, 48.7985583]]}, "properties": {"id": "dc27121b-fd73-41dc-acd3-1d72069db4d1", "names": null, "subtype": "road", "class": "footway", "subclass": null, "road_surface": [{"value": "dirt", "between": null}], "road_flags": null, "width_rules": null}}, {"type": "Feature", "geometry": {"type": "LineString", "coordinates": [[16.804912, 48.7992943], [16.8046934, 48.7992719], [16.8045226, 48.7992279]]}, "properties": {"id": "abd2c0c5-9c3f-4158-aac1-67b43e47d32b", "names": null, "subtype": "road", "class": "footway", "subclass": null, "road_surface": [{"value": "unpaved", "between": null}], "road_flags": null, "width_rules": null}}, {"type": "Feature", "geometry": {"type": "LineString", "coordinates": [[16.8055987, 48.799128], [16.8051029, 48.7992541], [16.804912, 48.7992943], [16.8047858, 48.7994406], [16.8047107, 48.7995623]]}, "properties": {"id": "5c0fcf7e-0a0e-499b-95d7-e5f9084bdae0", "names": null, "subtype": "road", "class": "footway", "subclass": null, "road_surface": [{"value": "gravel", "between": null}], "road_flags": null, "width_rules": null}}, {"type": "Feature", "geometry": {"type": "LineString", "coordinates": [[16.8040397, 48.7998685], [16.8041205, 48.7998865], [16.8041635, 48.799908], [16.8041965, 48.7999361], [16.8042957, 48.8001184], [16.804303, 48.8001334], [16.8042982, 48.8001541], [16.804278, 48.8001671], [16.8042306, 48.800181]]}, "properties": {"id": "345d69dc-3064-4d0f-9268-63f7f5990a26", "names": null, "subtype": "road", "class": "service", "subclass": null, "road_surface": [{"value": "paved", "between": null}], "road_flags": null, "width_rules": null}}, {"type": "Feature", "geometry": {"type": "LineString", "coordinates": [[16.8042306, 48.800181], [16.8040397, 48.7998685]]}, "properties": {"id": "11f3797e-dabe-4a17-bc06-5c8ed6d0273c", "names": null, "subtype": "road", "class": "service", "subclass": null, "road_surface": [{"value": "paved", "between": null}], "road_flags": null, "width_rules": null}}, {"type": "Feature", "geometry": {"type": "LineString", "coordinates": [[16.8041216, 48.8002129], [16.8039424, 48.799931]]}, "properties": {"id": "3d098aa0-06c3-4d09-a798-ace376214e9a", "names": null, "subtype": "road", "class": "service", "subclass": null, "road_surface": [{"value": "paved", "between": null}], "road_flags": null, "width_rules": null}}, {"type": "Feature", "geometry": {"type": "LineString", "coordinates": [[16.8036648, 48.7993259], [16.803786, 48.7994657], [16.8039687, 48.7996763], [16.8040341, 48.7997736], [16.8040502, 48.7998288], [16.8040397, 48.7998685], [16.8040247, 48.7998871], [16.8039966, 48.7999083], [16.8039424, 48.799931], [16.8038537, 48.7999569], [16.8037652, 48.7999743]]}, "properties": {"id": "32ea3f1f-8a8e-4413-9c62-7d8d9c38f189", "names": {"primary": "B\u0159eclavsk\u00e1", "common": null, "rules": [{"variant": "common", "language": null, "perspectives": null, "value": "B\u0159eclavsk\u00e1", "between": [0.0, 0.736831761], "side": null}, {"variant": "common", "language": null, "perspectives": null, "value": "Z\u00e1meck\u00e9 n\u00e1m\u011bst\u00ed", "between": [0.736831761, 1.0], "side": null}]}, "subtype": "road", "class": "tertiary", "subclass": null, "road_surface": [{"value": "paved", "between": null}], "road_flags": null, "width_rules": null}}, {"type": "Feature", "geometry": {"type": "LineString", "coordinates": [[16.8034329, 48.7991792], [16.803481, 48.799156], [16.8035199, 48.7991372], [16.8035903, 48.7991027]]}, "properties": {"id": "63c266c6-e78d-43b2-9155-ecf0c9fd68d0", "names": null, "subtype": "road", "class": "footway", "subclass": null, "road_surface": null, "road_flags": null, "width_rules": null}}, {"type": "Feature", "geometry": {"type": "LineString", "coordinates": [[16.8030438, 48.7985911], [16.8030879, 48.7986196], [16.8032307, 48.7987633], [16.8035903, 48.7991027], [16.8037102, 48.7992189], [16.8037373, 48.7992514], [16.8037674, 48.7992814], [16.8037905, 48.7993079], [16.8038014, 48.7993205]]}, "properties": {"id": "cd33ef46-89e1-40f0-adc3-de49ceb74a25", "names": null, "subtype": "road", "class": "footway", "subclass": null, "road_surface": null, "road_flags": null, "width_rules": null}}, {"type": "Feature", "geometry": {"type": "LineString", "coordinates": [[16.8031916, 48.7982745], [16.8030225, 48.7984054], [16.8029147, 48.7985179], [16.8029042, 48.7985686], [16.8029078, 48.7986387], [16.803005, 48.7987981], [16.8032904, 48.7990523], [16.8034329, 48.7991792], [16.8035325, 48.7992679], [16.8035677, 48.7993007], [16.8037295, 48.7994858], [16.8038369, 48.7996086], [16.8039691, 48.7998386], [16.8039194, 48.7998654], [16.8036883, 48.7999272], [16.8035781, 48.799933], [16.803267, 48.7998884], [16.8032072, 48.7998435], [16.8031166, 48.7998368], [16.8030904, 48.7998357], [16.8030274, 48.7998331], [16.8029196, 48.799828], [16.8028403, 48.7998226], [16.802771, 48.7998045]]}, "properties": {"id": "53c7148e-cdf4-4128-9b0b-b99afa6a3272", "names": null, "subtype": "road", "class": "footway", "subclass": null, "road_surface": [{"value": "paving_stones", "between": [0.0, 0.45859684]}], "road_flags": null, "width_rules": null}}, {"type": "Feature", "geometry": {"type": "LineString", "coordinates": [[16.8035805, 48.7992503], [16.8035325, 48.7992679], [16.8035018, 48.7992791], [16.8034449, 48.7993], [16.8032351, 48.7993769], [16.8030899, 48.7992232]]}, "properties": {"id": "0b6a8ea1-8a87-43b8-8f9d-d5975f9cdea0", "names": null, "subtype": "road", "class": "service", "subclass": "driveway", "road_surface": null, "road_flags": null, "width_rules": null}}, {"type": "Feature", "geometry": {"type": "LineString", "coordinates": [[16.8033119, 48.7995125], [16.8031954, 48.7994374], [16.803174, 48.7994065], [16.8032351, 48.7993769]]}, "properties": {"id": "8ce68f19-9037-4591-95a8-3dfe8b22e6ee", "names": null, "subtype": "road", "class": "footway", "subclass": null, "road_surface": null, "road_flags": null, "width_rules": null}}, {"type": "Feature", "geometry": {"type": "LineString", "coordinates": [[16.803035, 48.7996373], [16.8033119, 48.7995125], [16.8033761, 48.7994353], [16.8034196, 48.7994126]]}, "properties": {"id": "9824657a-897b-4aae-af7e-57c7863f3aea", "names": null, "subtype": "road", "class": "service", "subclass": "driveway", "road_surface": [{"value": "paved", "between": null}], "road_flags": null, "width_rules": null}}, {"type": "Feature", "geometry": {"type": "LineString", "coordinates": [[16.8037295, 48.7994858], [16.803786, 48.7994657], [16.8038509, 48.7994427]]}, "properties": {"id": "9a062cb4-16ff-4ed4-bebc-89117ebb6002", "names": null, "subtype": "road", "class": "footway", "subclass": "crosswalk", "road_surface": null, "road_flags": null, "width_rules": null}}, {"type": "Feature", "geometry": {"type": "LineString", "coordinates": [[16.8037544, 48.8001513], [16.8038584, 48.8001336], [16.8039054, 48.8001247]]}, "properties": {"id": "755ea098-877a-4bc2-b069-de9be0005a83", "names": null, "subtype": "road", "class": "footway", "subclass": "crosswalk", "road_surface": [{"value": "paved", "between": null}], "road_flags": null, "width_rules": null}}, {"type": "Feature", "geometry": {"type": "LineString", "coordinates": [[16.8030796, 48.7999007], [16.803253, 48.7999264], [16.8035211, 48.7999661], [16.8036177, 48.7999767], [16.8036881, 48.7999803], [16.8037652, 48.7999743]]}, "properties": {"id": "69a1e78c-19f9-4754-9d3e-c1c2952dfcfb", "names": {"primary": "Mikulovsk\u00e1", "common": null, "rules": [{"variant": "common", "language": null, "perspectives": null, "value": "Mikulovsk\u00e1", "between": null, "side": null}]}, "subtype": "road", "class": "tertiary", "subclass": null, "road_surface": [{"value": "paved", "between": null}], "road_flags": null, "width_rules": null}}, {"type": "Feature", "geometry": {"type": "LineString", "coordinates": [[16.803267, 48.7998884], [16.8032646, 48.7998974], [16.803253, 48.7999264], [16.8032315, 48.7999798]]}, "properties": {"id": "c5c83381-9d29-463a-b4b5-50f09ef7f419", "names": null, "subtype": "road", "class": "footway", "subclass": "crosswalk", "road_surface": [{"value": "paved", "between": null}], "road_flags": null, "width_rules": null}}, {"type": "Feature", "geometry": {"type": "LineString", "coordinates": [[16.8039014, 48.8002198], [16.8037799, 48.800245], [16.8036069, 48.8002775], [16.8035731, 48.8002839]]}, "properties": {"id": "c22330c5-1bd3-43ac-916f-f44103ce1b9c", "names": null, "subtype": "road", "class": "footway", "subclass": null, "road_surface": null, "road_flags": [{"values": ["is_tunnel"], "between": [0.372142034, 0.89735531]}], "width_rules": null}}, {"type": "Feature", "geometry": {"type": "LineString", "coordinates": [[16.8039435, 48.8002929], [16.8040204, 48.8002894], [16.8040473, 48.8002947], [16.8040751, 48.8003112], [16.8042078, 48.8005315]]}, "properties": {"id": "2d9139e6-57e2-427e-831e-610454340c8e", "names": null, "subtype": "road", "class": "service", "subclass": "parking_aisle", "road_surface": null, "road_flags": null, "width_rules": null}}, {"type": "Feature", "geometry": {"type": "LineString", "coordinates": [[16.8042078, 48.8005315], [16.804161, 48.8005456], [16.8041245, 48.800562], [16.8041017, 48.8005768]]}, "properties": {"id": "83968bca-4c83-4bf2-a6d3-141ba5115048", "names": null, "subtype": "road", "class": "service", "subclass": "parking_aisle", "road_surface": null, "road_flags": null, "width_rules": null}}, {"type": "Feature", "geometry": {"type": "LineString", "coordinates": [[16.8042306, 48.800181], [16.8041216, 48.8002129], [16.8039293, 48.8002682]]}, "properties": {"id": "1efdb6e9-bf7a-4f6a-9b12-c26fcaa0d354", "names": null, "subtype": "road", "class": "service", "subclass": null, "road_surface": [{"value": "paved", "between": null}], "road_flags": null, "width_rules": null}}, {"type": "Feature", "geometry": {"type": "LineString", "coordinates": [[16.8043689, 48.8005014], [16.8042899, 48.8003349], [16.8042931, 48.8003088], [16.8043102, 48.8002891], [16.8043412, 48.8002762], [16.8043757, 48.8002662], [16.8044052, 48.8002683], [16.8044258, 48.8002768], [16.8044433, 48.8002954], [16.8045194, 48.8004194], [16.8045234, 48.8004362], [16.8045187, 48.8004543], [16.8045024, 48.8004686]]}, "properties": {"id": "d45de256-22e7-4b5b-98dd-5429a8d7cb4c", "names": null, "subtype": "road", "class": "service", "subclass": "parking_aisle", "road_surface": [{"value": "paved", "between": null}], "road_flags": null, "width_rules": null}}, {"type": "Feature", "geometry": {"type": "LineString", "coordinates": [[16.8045024, 48.8004686], [16.8043689, 48.8005014]]}, "properties": {"id": "b37a9f86-854e-4aa0-8793-996d41f7c741", "names": null, "subtype": "road", "class": "service", "subclass": "parking_aisle", "road_surface": [{"value": "paved", "between": null}], "road_flags": null, "width_rules": null}}, {"type": "Feature", "geometry": {"type": "LineString", "coordinates": [[16.8043689, 48.8005014], [16.8042078, 48.8005315]]}, "properties": {"id": "e00af13a-cb5c-46c6-b0e2-5dd4e18d95eb", "names": null, "subtype": "road", "class": "service", "subclass": "parking_aisle", "road_surface": null, "road_flags": null, "width_rules": null}}, {"type": "Feature", "geometry": {"type": "LineString", "coordinates": [[16.8040068, 48.8006849], [16.8040328, 48.8007158]]}, "properties": {"id": "776ca55d-9763-47cb-b804-91f34d007122", "names": {"primary": "Z\u00e1mek", "common": null, "rules": [{"variant": "common", "language": null, "perspectives": null, "value": "Z\u00e1mek", "between": null, "side": null}]}, "subtype": "road", "class": "service", "subclass": null, "road_surface": [{"value": "paving_stones", "between": null}], "road_flags": null, "width_rules": null}}, {"type": "Feature", "geometry": {"type": "LineString", "coordinates": [[16.8040068, 48.8006849], [16.8039571, 48.8006239]]}, "properties": {"id": "f199e046-cb8c-44ae-8823-b5fc723469f3", "names": null, "subtype": "road", "class": "footway", "subclass": "crosswalk", "road_surface": [{"value": "paved", "between": null}], "road_flags": null, "width_rules": null}}, {"type": "Feature", "geometry": {"type": "LineString", "coordinates": [[16.8040328, 48.8007158], [16.8041663, 48.8009025], [16.8042336, 48.8010106], [16.8044546, 48.8013654]]}, "properties": {"id": "555fc4ea-d9a2-4bbf-ba89-8eb923cdda95", "names": {"primary": "Z\u00e1mek", "common": null, "rules": [{"variant": "common", "language": null, "perspectives": null, "value": "Z\u00e1mek", "between": null, "side": null}]}, "subtype": "road", "class": "service", "subclass": null, "road_surface": [{"value": "paving_stones", "between": [0.0, 0.457356355]}, {"value": "unpaved", "between": [0.457356355, 1.0]}], "road_flags": null, "width_rules": null}}, {"type": "Feature", "geometry": {"type": "LineString", "coordinates": [[16.8032846, 48.8016479], [16.8033126, 48.8017232], [16.8033611, 48.8017938], [16.8034286, 48.8018573], [16.8035127, 48.8019116], [16.8036105, 48.8019547], [16.8037188, 48.8019852], [16.8038336, 48.8020021], [16.8039513, 48.8020047], [16.8040676, 48.801993], [16.8041787, 48.8019674], [16.8042825, 48.8019279], [16.8043732, 48.8018764], [16.8044476, 48.8018146], [16.8045002, 48.8017427], [16.8045241, 48.8016806], [16.8045463, 48.8015848], [16.804576, 48.8015184], [16.8044546, 48.8013654]]}, "properties": {"id": "89219328-4d0a-4de2-b6d9-63455156d6f9", "names": null, "subtype": "road", "class": "footway", "subclass": null, "road_surface": [{"value": "unpaved", "between": null}], "road_flags": null, "width_rules": null}}, {"type": "Feature", "geometry": {"type": "LineString", "coordinates": [[16.802984, 48.8019754], [16.8027359, 48.8018281], [16.8023967, 48.8015516], [16.8023232, 48.8014812], [16.8022548, 48.801405], [16.8021369, 48.8012585]]}, "properties": {"id": "99825577-1a43-4ee2-bdcd-b15594741a48", "names": {"primary": "21. dubna", "common": null, "rules": [{"variant": "common", "language": null, "perspectives": null, "value": "21. dubna", "between": null, "side": null}]}, "subtype": "road", "class": "secondary", "subclass": null, "road_surface": [{"value": "paved", "between": null}], "road_flags": null, "width_rules": null}}, {"type": "Feature", "geometry": {"type": "LineString", "coordinates": [[16.8037652, 48.7999743], [16.8038584, 48.8001336], [16.8039014, 48.8002198], [16.8039293, 48.8002682], [16.8039435, 48.8002929], [16.8041017, 48.8005768], [16.8041019, 48.8006008], [16.8040951, 48.8006224], [16.8040798, 48.8006438], [16.8040526, 48.8006665], [16.8040068, 48.8006849], [16.8027704, 48.8009513], [16.8026957, 48.8009631], [16.8026402, 48.8009692], [16.8025767, 48.8009728], [16.8025139, 48.8009791], [16.8024521, 48.8009927], [16.8023112, 48.801039], [16.8022301, 48.8010677], [16.8021153, 48.8011203], [16.8020561, 48.8011474]]}, "properties": {"id": "c8824388-c636-4446-840b-b414c2b50b1d", "names": {"primary": "21. dubna", "common": null, "rules": [{"variant": "common", "language": null, "perspectives": null, "value": "Z\u00e1meck\u00e9 n\u00e1m\u011bst\u00ed", "between": [0.0, 0.360260584], "side": null}, {"variant": "common", "language": null, "perspectives": null, "value": "21. dubna", "between": [0.360260584, 1.0], "side": null}]}, "subtype": "road", "class": "residential", "subclass": null, "road_surface": [{"value": "paved", "between": null}], "road_flags": null, "width_rules": null}}, {"type": "Feature", "geometry": {"type": "LineString", "coordinates": [[16.8037544, 48.8001513], [16.8037261, 48.8000872], [16.8036888, 48.8000582], [16.8032315, 48.7999798], [16.8031126, 48.799962], [16.8030705, 48.7999558], [16.8030127, 48.7999473], [16.8028901, 48.7999277], [16.8028638, 48.7999133], [16.8027323, 48.7998958], [16.8025889, 48.7998877], [16.8024133, 48.7998799], [16.8022073, 48.7998745], [16.801981, 48.7998758], [16.8016501, 48.7999048], [16.8014423, 48.7999307], [16.8013912, 48.7999409], [16.8013587, 48.7999532], [16.801291, 48.7999917], [16.8012725, 48.8000539], [16.801284, 48.8000803], [16.801291, 48.8000964], [16.8013151, 48.8001386], [16.8015782, 48.8004586]]}, "properties": {"id": "187c9779-48cd-4ab9-b678-54b81024b74a", "names": null, "subtype": "road", "class": "footway", "subclass": null, "road_surface": [{"value": "paving_stones", "between": [0.0, 0.220822558]}], "road_flags": null, "width_rules": null}}, {"type": "Feature", "geometry": {"type": "LineString", "coordinates": [[16.8022663, 48.8009618], [16.8021772, 48.8008271], [16.8020893, 48.8006942]]}, "properties": {"id": "ca88f22e-1ac2-4e69-8742-1ae2a15f12f6", "names": null, "subtype": "road", "class": "service", "subclass": "parking_aisle", "road_surface": null, "road_flags": null, "width_rules": null}}, {"type": "Feature", "geometry": {"type": "LineString", "coordinates": [[16.8016267, 48.8004428], [16.8020722, 48.8002912], [16.8023178, 48.8002225], [16.8024623, 48.8001953], [16.8029767, 48.8000982], [16.8030321, 48.8000858], [16.8030424, 48.8000796], [16.8030489, 48.8000707], [16.8030705, 48.7999558], [16.8030713, 48.7999508], [16.8030796, 48.7999007]]}, "properties": {"id": "582a9a27-3399-4088-a833-313753c9ea9f", "names": {"primary": "Peka\u0159sk\u00e1", "common": null, "rules": [{"variant": "common", "language": null, "perspectives": null, "value": "Peka\u0159sk\u00e1", "between": null, "side": null}]}, "subtype": "road", "class": "residential", "subclass": null, "road_surface": [{"value": "paving_stones", "between": null}], "road_flags": null, "width_rules": null}}, {"type": "Feature", "geometry": {"type": "LineString", "coordinates": [[16.8018817, 48.8009285], [16.801978, 48.8008952], [16.8020981, 48.8008522], [16.8021772, 48.8008271]]}, "properties": {"id": "49f845cb-049b-42e2-9e2f-75153e3e0509", "names": null, "subtype": "road", "class": "service", "subclass": null, "road_surface": null, "road_flags": null, "width_rules": null}}, {"type": "Feature", "geometry": {"type": "LineString", "coordinates": [[16.8015213, 48.8004763], [16.8015782, 48.8004586], [16.8016022, 48.8004504], [16.8016267, 48.8004428], [16.8016512, 48.8004738], [16.80171, 48.8005482], [16.801725, 48.8005938], [16.8019547, 48.8008823], [16.801978, 48.8008952], [16.8020164, 48.8009167], [16.8022032, 48.8010262], [16.8022301, 48.8010677], [16.8024046, 48.8013365], [16.802333, 48.8013692], [16.8022548, 48.801405], [16.8021931, 48.8014332]]}, "properties": {"id": "bb73eb43-b7a6-426d-9a9f-da5a62bee92d", "names": {"primary": "Peka\u0159sk\u00e1", "common": null, "rules": [{"variant": "common", "language": null, "perspectives": null, "value": "Peka\u0159sk\u00e1", "between": [0.0, 0.059663428], "side": null}]}, "subtype": "road", "class": "footway", "subclass": null, "road_surface": [{"value": "paving_stones", "between": [0.0, 0.059663428]}], "road_flags": null, "width_rules": null}}, {"type": "Feature", "geometry": {"type": "LineString", "coordinates": [[16.8020561, 48.8011474], [16.8019285, 48.8009873], [16.8018817, 48.8009285], [16.8015213, 48.8004763]]}, "properties": {"id": "b2caadb3-f14a-45fa-94b4-81c5a1ea506f", "names": {"primary": "Malinovsk\u00e9ho", "common": null, "rules": [{"variant": "common", "language": null, "perspectives": null, "value": "Malinovsk\u00e9ho", "between": null, "side": null}]}, "subtype": "road", "class": "secondary", "subclass": null, "road_surface": [{"value": "paved", "between": null}], "road_flags": null, "width_rules": null}}, {"type": "Feature", "geometry": {"type": "LineString", "coordinates": [[16.8021829, 48.8015037], [16.8021371, 48.8014588], [16.8019656, 48.8012905]]}, "properties": {"id": "d4e26a10-9b99-43e2-a388-0d57d17076d0", "names": null, "subtype": "road", "class": "service", "subclass": null, "road_surface": [{"value": "paving_stones", "between": null}], "road_flags": null, "width_rules": null}}, {"type": "Feature", "geometry": {"type": "LineString", "coordinates": [[16.8021369, 48.8012585], [16.8020561, 48.8011474]]}, "properties": {"id": "19ec8d2f-4041-4779-8686-311e12f8509a", "names": {"primary": "Malinovsk\u00e9ho", "common": null, "rules": [{"variant": "common", "language": null, "perspectives": null, "value": "Malinovsk\u00e9ho", "between": null, "side": null}]}, "subtype": "road", "class": "secondary", "subclass": null, "road_surface": [{"value": "paved", "between": null}], "road_flags": null, "width_rules": null}}, {"type": "Feature", "geometry": {"type": "LineString", "coordinates": [[16.8021371, 48.8014588], [16.8021759, 48.8014411], [16.8021931, 48.8014332]]}, "properties": {"id": "64d346ef-70b1-4a23-8345-5147fed83d2e", "names": null, "subtype": "road", "class": "footway", "subclass": null, "road_surface": null, "road_flags": null, "width_rules": null}}, {"type": "Feature", "geometry": {"type": "LineString", "coordinates": [[16.8021055, 48.8019468], [16.8021432, 48.8019227], [16.8022151, 48.8018703], [16.8022526, 48.8018339], [16.8023424, 48.8016113]]}, "properties": {"id": "19edd514-f574-4e54-8a25-aba053459b8f", "names": null, "subtype": "road", "class": "footway", "subclass": null, "road_surface": null, "road_flags": null, "width_rules": null}}, {"type": "Feature", "geometry": {"type": "LineString", "coordinates": [[16.8020523, 48.801311], [16.8021436, 48.8014146], [16.8021759, 48.8014411], [16.8022029, 48.8014707], [16.8022514, 48.8015171], [16.8023424, 48.8016113], [16.80255, 48.8017706], [16.8026078, 48.8018307], [16.8026056, 48.8018838], [16.8025707, 48.8019185], [16.8024716, 48.8019716], [16.802297, 48.8020603], [16.8022307, 48.8020697], [16.8021573, 48.8020617], [16.8020974, 48.8020401], [16.8020128, 48.8020059], [16.8019691, 48.8019889], [16.8018277, 48.8019337], [16.8018031, 48.8019575]]}, "properties": {"id": "3154229a-20ca-401b-b033-f7302589059a", "names": null, "subtype": "road", "class": "footway", "subclass": "sidewalk", "road_surface": [{"value": "paving_stones", "between": [0.0, 0.547702464]}], "road_flags": null, "width_rules": null}}, {"type": "Feature", "geometry": {"type": "LineString", "coordinates": [[16.8018455, 48.8018137], [16.8021432, 48.8019227]]}, "properties": {"id": "a7d4aef8-18a4-49d8-8903-50b05a3f5408", "names": null, "subtype": "road", "class": "footway", "subclass": null, "road_surface": null, "road_flags": null, "width_rules": null}}, {"type": "Feature", "geometry": {"type": "LineString", "coordinates": [[16.8021371, 48.8014588], [16.802052, 48.8015041], [16.8019278, 48.8016601]]}, "properties": {"id": "fa4bf316-f0c3-451f-8cb8-43365b0e3461", "names": null, "subtype": "road", "class": "footway", "subclass": null, "road_surface": null, "road_flags": null, "width_rules": null}}, {"type": "Feature", "geometry": {"type": "LineString", "coordinates": [[16.8019278, 48.8016601], [16.8019144, 48.8017244], [16.8018666, 48.801792], [16.8018455, 48.8018137], [16.8018317, 48.8018279], [16.8017238, 48.8019307]]}, "properties": {"id": "33944ba5-571b-4b5f-a8de-2a83e4372996", "names": null, "subtype": "road", "class": "steps", "subclass": null, "road_surface": null, "road_flags": null, "width_rules": null}}, {"type": "Feature", "geometry": {"type": "LineString", "coordinates": [[16.8021369, 48.8012585], [16.802023, 48.8012798], [16.8019656, 48.8012905], [16.801789, 48.8013084], [16.8016021, 48.8013195], [16.8014543, 48.8013133], [16.8013173, 48.8013001], [16.8011773, 48.8012771], [16.8010099, 48.8012195], [16.8003756, 48.8009165]]}, "properties": {"id": "14a6e1cd-b922-408c-a73f-b9860ac6922d", "names": {"primary": "Poddo\u0161\u00ed", "common": null, "rules": [{"variant": "common", "language": null, "perspectives": null, "value": "Poddo\u0161\u00ed", "between": null, "side": null}]}, "subtype": "road", "class": "residential", "subclass": null, "road_surface": [{"value": "paving_stones", "between": [0.0, 0.183208341]}, {"value": "paved", "between": [0.183208341, 1.0]}], "road_flags": null, "width_rules": null}}, {"type": "Feature", "geometry": {"type": "LineString", "coordinates": [[16.8003756, 48.8009165], [16.8007155, 48.8007454], [16.8008891, 48.8006733], [16.801368, 48.800524], [16.801431, 48.8005044], [16.8014481, 48.8004991], [16.8015213, 48.8004763]]}, "properties": {"id": "622e652c-71eb-4a3e-9dab-fdde8d75bd94", "names": {"primary": "Peka\u0159sk\u00e1", "common": null, "rules": [{"variant": "common", "language": null, "perspectives": null, "value": "Peka\u0159sk\u00e1", "between": null, "side": null}]}, "subtype": "road", "class": "residential", "subclass": null, "road_surface": [{"value": "paved", "between": [0.0, 0.872722094]}, {"value": "paving_stones", "between": [0.872722094, 1.0]}], "road_flags": null, "width_rules": null}}, {"type": "Feature", "geometry": {"type": "LineString", "coordinates": [[16.8020523, 48.801311], [16.8020416, 48.8012996], [16.802023, 48.8012798], [16.8020007, 48.801256], [16.8015605, 48.8006997], [16.8015827, 48.8006632], [16.8014719, 48.800528], [16.8014481, 48.8004991], [16.801421, 48.800466], [16.8012918, 48.8003083], [16.8011422, 48.8001552], [16.8010581, 48.800116], [16.8009124, 48.8000782], [16.8008231, 48.8000755], [16.8007579, 48.8000864], [16.8005093, 48.8001457], [16.8003712, 48.8001763], [16.80028, 48.8001953], [16.8001939, 48.800214], [16.8000501, 48.8002341], [16.799942, 48.8002472], [16.7997716, 48.8002632], [16.799643, 48.8002711], [16.7995213, 48.8002796], [16.7994805, 48.8002852], [16.7994641, 48.8002931], [16.799463, 48.800311]]}, "properties": {"id": "6fe33336-b545-4204-a072-e5e8dc5c45e2", "names": null, "subtype": "road", "class": "footway", "subclass": null, "road_surface": [{"value": "paving_stones", "between": null}], "road_flags": null, "width_rules": null}}, {"type": "Feature", "geometry": {"type": "LineString", "coordinates": [[16.8015213, 48.8004763], [16.8013258, 48.8002563], [16.8012316, 48.8001503], [16.8012116, 48.8001278], [16.8011685, 48.8000792], [16.8011472, 48.8000551]]}, "properties": {"id": "d70e48d0-9108-4f60-9681-86e56be4d3f8", "names": null, "subtype": "road", "class": "secondary", "subclass": null, "road_surface": [{"value": "paved", "between": null}], "road_flags": null, "width_rules": null}}, {"type": "Feature", "geometry": {"type": "LineString", "coordinates": [[16.8011807, 48.7999626], [16.8012218, 48.7999497], [16.8012714, 48.7999341], [16.8013381, 48.799916], [16.8014689, 48.7998863], [16.8016614, 48.7998613], [16.801854, 48.799847], [16.8021873, 48.7998345], [16.8023155, 48.7998337]]}, "properties": {"id": "66ca1451-68f1-4fab-9c13-940c5896f7ed", "names": {"primary": "Mikulovsk\u00e1", "common": null, "rules": [{"variant": "common", "language": null, "perspectives": null, "value": "Mikulovsk\u00e1", "between": null, "side": null}]}, "subtype": "road", "class": "tertiary", "subclass": null, "road_surface": [{"value": "paved", "between": null}], "road_flags": null, "width_rules": null}}, {"type": "Feature", "geometry": {"type": "LineString", "coordinates": [[16.8017432, 48.7994738], [16.8016847, 48.7995571], [16.8015539, 48.7997792], [16.8015308, 48.7998414]]}, "properties": {"id": "4aa7035b-2e61-481e-a681-fe990b95f8ad", "names": null, "subtype": "road", "class": "footway", "subclass": null, "road_surface": null, "road_flags": null, "width_rules": null}}, {"type": "Feature", "geometry": {"type": "LineString", "coordinates": [[16.800146, 48.79875], [16.800177, 48.7987944], [16.8002462, 48.7988913], [16.8004466, 48.799132], [16.8006222, 48.7992734], [16.8007925, 48.7994766], [16.800812, 48.7995689], [16.8010152, 48.7997926], [16.8010585, 48.7998412], [16.8011612, 48.7998911], [16.8013145, 48.7998734], [16.8015308, 48.7998414], [16.8016479, 48.7998272], [16.8018469, 48.7998084], [16.8020313, 48.7997987], [16.8022286, 48.7997976], [16.8022537, 48.7997884], [16.802277, 48.799773], [16.80229, 48.7997548], [16.8022952, 48.7997354], [16.8022909, 48.7997178], [16.8022727, 48.7996944], [16.8017432, 48.7994738], [16.8016647, 48.7994416], [16.8015242, 48.7993778], [16.8013747, 48.799315], [16.801253, 48.799258], [16.8011907, 48.7992244]]}, "properties": {"id": "9d0dd378-99ad-49d1-a77c-6934a5603a5a", "names": null, "subtype": "road", "class": "footway", "subclass": "sidewalk", "road_surface": null, "road_flags": null, "width_rules": null}}, {"type": "Feature", "geometry": {"type": "LineString", "coordinates": [[16.8013145, 48.7998734], [16.8013381, 48.799916], [16.8013536, 48.7999439], [16.8013587, 48.7999532]]}, "properties": {"id": "63fe3528-dd1b-4c02-aa66-b40512b721a7", "names": null, "subtype": "road", "class": "footway", "subclass": "crosswalk", "road_surface": null, "road_flags": null, "width_rules": null}}, {"type": "Feature", "geometry": {"type": "LineString", "coordinates": [[16.801291, 48.8000964], [16.8012749, 48.8001028], [16.8012116, 48.8001278], [16.8011511, 48.8001517], [16.8011422, 48.8001552]]}, "properties": {"id": "a0fa9c5a-dd60-4ed9-96aa-f1a77137735b", "names": null, "subtype": "road", "class": "footway", "subclass": "crosswalk", "road_surface": [{"value": "paved", "between": null}], "road_flags": null, "width_rules": null}}, {"type": "Feature", "geometry": {"type": "LineString", "coordinates": [[16.8011807, 48.7999626], [16.8011893, 48.7999872], [16.8011861, 48.8000123], [16.8011717, 48.8000357], [16.8011472, 48.8000551]]}, "properties": {"id": "88d1c4d3-47d5-4003-be2b-29afd2665930", "names": null, "subtype": "road", "class": "secondary", "subclass": null, "road_surface": [{"value": "paved", "between": null}], "road_flags": null, "width_rules": null}}, {"type": "Feature", "geometry": {"type": "LineString", "coordinates": [[16.8010152, 48.7999165], [16.801054, 48.7999104], [16.8010937, 48.7999125], [16.8011304, 48.7999228], [16.8011604, 48.79994], [16.8011807, 48.7999626]]}, "properties": {"id": "28dffcf0-ae96-4fe4-84cb-362fb7f05eb4", "names": null, "subtype": "road", "class": "secondary", "subclass": null, "road_surface": [{"value": "paved", "between": null}], "road_flags": null, "width_rules": null}}, {"type": "Feature", "geometry": {"type": "LineString", "coordinates": [[16.8011472, 48.8000551], [16.801108, 48.8000707], [16.8010629, 48.800076], [16.8010179, 48.8000704], [16.800979, 48.8000545], [16.8009512, 48.8000305], [16.8009384, 48.8000015]]}, "properties": {"id": "2e6917c2-27ca-4a2d-aa5b-635ded935f6a", "names": null, "subtype": "road", "class": "secondary", "subclass": null, "road_surface": [{"value": "paved", "between": null}], "road_flags": null, "width_rules": null}}, {"type": "Feature", "geometry": {"type": "LineString", "coordinates": [[16.8009384, 48.8000015], [16.8009407, 48.7999752], [16.8009555, 48.7999506], [16.8009812, 48.7999304], [16.8010152, 48.7999165]]}, "properties": {"id": "aefced94-e0b0-4f1b-a7be-7a70e319d2e7", "names": null, "subtype": "road", "class": "secondary", "subclass": null, "road_surface": [{"value": "paved", "between": null}], "road_flags": null, "width_rules": null}}, {"type": "Feature", "geometry": {"type": "LineString", "coordinates": [[16.8008693, 48.7998552], [16.8009453, 48.7998226], [16.8010152, 48.7997926]]}, "properties": {"id": "721abb59-41c1-4e29-9c2f-8946f466e339", "names": null, "subtype": "road", "class": "footway", "subclass": "crosswalk", "road_surface": null, "road_flags": null, "width_rules": null}}, {"type": "Feature", "geometry": {"type": "LineString", "coordinates": [[16.8008231, 48.8000755], [16.8008185, 48.8000685], [16.8007977, 48.8000372], [16.8007771, 48.8000062], [16.8007729, 48.7999998]]}, "properties": {"id": "e283b9ff-9f75-462a-855f-15f0e6b04fdf", "names": null, "subtype": "road", "class": "footway", "subclass": "crosswalk", "road_surface": null, "road_flags": null, "width_rules": null}}, {"type": "Feature", "geometry": {"type": "LineString", "coordinates": [[16.8017667, 48.7994404], [16.801329, 48.7992485], [16.8012718, 48.7992221], [16.8012231, 48.7991923], [16.8008023, 48.7989231], [16.8007549, 48.7988964], [16.8005729, 48.7988086], [16.8005158, 48.7987885], [16.8004579, 48.7987736], [16.8003921, 48.7987586], [16.8003163, 48.7987314], [16.8002642, 48.7986985], [16.8002089, 48.7986635], [16.7998063, 48.7982768]]}, "properties": {"id": "4509255d-d0c6-458b-9949-039d8bf2eb29", "names": {"primary": "\u010cechova", "common": null, "rules": [{"variant": "common", "language": null, "perspectives": null, "value": "\u010cechova", "between": null, "side": null}]}, "subtype": "road", "class": "residential", "subclass": null, "road_surface": null, "road_flags": null, "width_rules": null}}, {"type": "Feature", "geometry": {"type": "LineString", "coordinates": [[16.8007911, 48.7984866], [16.8006404, 48.7985046], [16.8005534, 48.7985208], [16.8003863, 48.7985654], [16.8002515, 48.7986366], [16.8002089, 48.7986635]]}, "properties": {"id": "eb5fd506-52ea-4929-8c31-ca42f84018d7", "names": null, "subtype": "road", "class": "service", "subclass": "alley", "road_surface": null, "road_flags": null, "width_rules": null}}, {"type": "Feature", "geometry": {"type": "LineString", "coordinates": [[16.8020218, 48.7983639], [16.8014822, 48.7984923], [16.8013503, 48.7985046], [16.8012007, 48.7985087]]}, "properties": {"id": "4fcc16aa-ca62-48a5-84af-f79cbc724715", "names": {"primary": "Cihl\u00e1\u0159sk\u00e1", "common": null, "rules": [{"variant": "common", "language": null, "perspectives": null, "value": "Cihl\u00e1\u0159sk\u00e1", "between": null, "side": null}]}, "subtype": "road", "class": "residential", "subclass": null, "road_surface": null, "road_flags": null, "width_rules": null}}, {"type": "Feature", "geometry": {"type": "LineString", "coordinates": [[16.8021404, 48.7985614], [16.8021058, 48.7985037], [16.8020835, 48.7984667]]}, "properties": {"id": "faf369e1-ca59-4baf-b26e-235a2d85ed0c", "names": {"primary": "Valtick\u00e1", "common": null, "rules": [{"variant": "common", "language": null, "perspectives": null, "value": "Valtick\u00e1", "between": null, "side": null}]}, "subtype": "road", "class": "residential", "subclass": null, "road_surface": [{"value": "paved", "between": null}], "road_flags": null, "width_rules": null}}, {"type": "Feature", "geometry": {"type": "LineString", "coordinates": [[16.8020835, 48.7984667], [16.8020218, 48.7983639]]}, "properties": {"id": "731673b8-61f4-4399-92b2-3e605c85da9e", "names": {"primary": "Valtick\u00e1", "common": null, "rules": [{"variant": "common", "language": null, "perspectives": null, "value": "Valtick\u00e1", "between": null, "side": null}]}, "subtype": "road", "class": "residential", "subclass": null, "road_surface": [{"value": "paved", "between": null}], "road_flags": null, "width_rules": null}}, {"type": "Feature", "geometry": {"type": "LineString", "coordinates": [[16.8021404, 48.7985614], [16.8024348, 48.798472], [16.8025466, 48.7984056], [16.8026548, 48.7984177]]}, "properties": {"id": "5f9af399-8897-4ab9-9dad-24d29de70af7", "names": null, "subtype": "road", "class": "service", "subclass": "driveway", "road_surface": null, "road_flags": null, "width_rules": null}}, {"type": "Feature", "geometry": {"type": "LineString", "coordinates": [[16.8021404, 48.7985614], [16.8018303, 48.7986808], [16.8018163, 48.7986939], [16.8018048, 48.7987176], [16.8018053, 48.7987563], [16.8018315, 48.7988764], [16.8018606, 48.799065], [16.8018868, 48.7991962], [16.8018969, 48.7992823], [16.8018935, 48.7993175], [16.8018809, 48.7993465], [16.8017667, 48.7994404]]}, "properties": {"id": "a0e26d8d-bb9d-4a18-be58-cabad6110975", "names": {"primary": "\u010cechova", "common": null, "rules": [{"variant": "common", "language": null, "perspectives": null, "value": "\u010cechova", "between": null, "side": null}]}, "subtype": "road", "class": "residential", "subclass": null, "road_surface": null, "road_flags": null, "width_rules": null}}, {"type": "Feature", "geometry": {"type": "LineString", "coordinates": [[16.80235, 48.7996718], [16.8020158, 48.7995498], [16.8017667, 48.7994404]]}, "properties": {"id": "fa6e220c-81c9-4ef7-8123-5a77177db7e2", "names": {"primary": "\u010cechova", "common": null, "rules": [{"variant": "common", "language": null, "perspectives": null, "value": "\u010cechova", "between": null, "side": null}]}, "subtype": "road", "class": "residential", "subclass": null, "road_surface": null, "road_flags": null, "width_rules": null}}, {"type": "Feature", "geometry": {"type": "LineString", "coordinates": [[16.80235, 48.7996718], [16.8023155, 48.7998337]]}, "properties": {"id": "46ad044d-73a6-46c0-97fd-b865a325ba43", "names": {"primary": "\u010cechova", "common": null, "rules": [{"variant": "common", "language": null, "perspectives": null, "value": "\u010cechova", "between": null, "side": null}]}, "subtype": "road", "class": "residential", "subclass": null, "road_surface": [{"value": "paved", "between": null}], "road_flags": null, "width_rules": null}}, {"type": "Feature", "geometry": {"type": "LineString", "coordinates": [[16.8027329, 48.7998573], [16.8026615, 48.7998076], [16.8026031, 48.7997772], [16.80235, 48.7996718]]}, "properties": {"id": "a59ca8d9-43ff-4191-b3e2-ee34f2174f46", "names": {"primary": "\u010cechova", "common": null, "rules": [{"variant": "common", "language": null, "perspectives": null, "value": "\u010cechova", "between": null, "side": null}]}, "subtype": "road", "class": "residential", "subclass": null, "road_surface": null, "road_flags": null, "width_rules": null}}, {"type": "Feature", "geometry": {"type": "LineString", "coordinates": [[16.8023155, 48.7998337], [16.8025678, 48.7998457], [16.8027329, 48.7998573]]}, "properties": {"id": "3bb68a31-25cf-4b54-a785-b71fb83723b3", "names": {"primary": "Mikulovsk\u00e1", "common": null, "rules": [{"variant": "common", "language": null, "perspectives": null, "value": "Mikulovsk\u00e1", "between": null, "side": null}]}, "subtype": "road", "class": "tertiary", "subclass": null, "road_surface": [{"value": "paved", "between": null}], "road_flags": null, "width_rules": null}}, {"type": "Feature", "geometry": {"type": "LineString", "coordinates": [[16.8027329, 48.7998573], [16.8028902, 48.7998738], [16.8030796, 48.7999007]]}, "properties": {"id": "bc687010-a6ce-4312-a608-604aaf3a6ab4", "names": {"primary": "Mikulovsk\u00e1", "common": null, "rules": [{"variant": "common", "language": null, "perspectives": null, "value": "Mikulovsk\u00e1", "between": null, "side": null}]}, "subtype": "road", "class": "tertiary", "subclass": null, "road_surface": [{"value": "paved", "between": null}], "road_flags": null, "width_rules": null}}, {"type": "Feature", "geometry": {"type": "LineString", "coordinates": [[16.8029512, 48.7990266], [16.8032904, 48.7990523], [16.8033786, 48.7990589]]}, "properties": {"id": "f9659a5a-03d6-46bf-84ef-e251d77ad29d", "names": null, "subtype": "road", "class": "service", "subclass": "driveway", "road_surface": null, "road_flags": null, "width_rules": null}}, {"type": "Feature", "geometry": {"type": "LineString", "coordinates": [[16.8030796, 48.7999007], [16.8030858, 48.7998641], [16.8030904, 48.7998357], [16.8030833, 48.7997921], [16.8030699, 48.7997147], [16.803035, 48.7996373], [16.8028328, 48.7994113], [16.8024774, 48.7990619], [16.8023244, 48.7988674], [16.8021404, 48.7985614]]}, "properties": {"id": "7b29a77a-3a64-499c-85cf-4c3d70a74ba3", "names": {"primary": "Valtick\u00e1", "common": null, "rules": [{"variant": "common", "language": null, "perspectives": null, "value": "Valtick\u00e1", "between": null, "side": null}]}, "subtype": "road", "class": "residential", "subclass": null, "road_surface": [{"value": "paved", "between": [0.0, 0.178606266]}, {"value": "paving_stones", "between": [0.178606266, 1.0]}], "road_flags": null, "width_rules": null}}, {"type": "Feature", "geometry": {"type": "LineString", "coordinates": [[16.8029147, 48.7985179], [16.8026548, 48.7984177]]}, "properties": {"id": "46d3ac40-8443-4b47-82fc-6719e5d93605", "names": null, "subtype": "road", "class": "footway", "subclass": null, "road_surface": null, "road_flags": null, "width_rules": null}}, {"type": "Feature", "geometry": {"type": "LineString", "coordinates": [[16.8020835, 48.7984667], [16.8022618, 48.7983777], [16.802404, 48.7982695], [16.8025, 48.798185], [16.8025959, 48.7980654], [16.8027139, 48.7979854], [16.8029127, 48.7978689], [16.8030839, 48.797844]]}, "properties": {"id": "44e79881-3b21-419b-9c37-708c43dc2fd0", "names": {"primary": "Cihl\u00e1\u0159sk\u00e1", "common": null, "rules": [{"variant": "common", "language": null, "perspectives": null, "value": "Cihl\u00e1\u0159sk\u00e1", "between": null, "side": null}]}, "subtype": "road", "class": "residential", "subclass": null, "road_surface": null, "road_flags": null, "width_rules": null}}, {"type": "Feature", "geometry": {"type": "LineString", "coordinates": [[16.8015945, 48.7975826], [16.8018845, 48.7974561], [16.802231, 48.7974194], [16.8023388, 48.7975483], [16.8020443, 48.7976394]]}, "properties": {"id": "b30f2dcb-7bd6-48a3-a624-c250a1621d7d", "names": null, "subtype": "road", "class": "service", "subclass": "driveway", "road_surface": null, "road_flags": null, "width_rules": null}}, {"type": "Feature", "geometry": {"type": "LineString", "coordinates": [[16.8018054, 48.7979012], [16.8018919, 48.79789], [16.8019513, 48.7978823], [16.802979, 48.7975761]]}, "properties": {"id": "1ee02c6a-a17e-492c-b71f-d9e36d90dd79", "names": {"primary": "Valtick\u00e1", "common": null, "rules": [{"variant": "common", "language": null, "perspectives": null, "value": "Valtick\u00e1", "between": null, "side": null}]}, "subtype": "road", "class": "residential", "subclass": null, "road_surface": null, "road_flags": null, "width_rules": null}}, {"type": "Feature", "geometry": {"type": "LineString", "coordinates": [[16.8020218, 48.7983639], [16.8018571, 48.7980763], [16.8018054, 48.7979012]]}, "properties": {"id": "3bb1f08a-ee89-4d1e-baf4-577d093acad2", "names": {"primary": "Valtick\u00e1", "common": null, "rules": [{"variant": "common", "language": null, "perspectives": null, "value": "Valtick\u00e1", "between": null, "side": null}]}, "subtype": "road", "class": "residential", "subclass": null, "road_surface": [{"value": "paved", "between": null}], "road_flags": null, "width_rules": null}}, {"type": "Feature", "geometry": {"type": "LineString", "coordinates": [[16.8009665, 48.7979589], [16.8009831, 48.7979757], [16.8009906, 48.7979945], [16.8009903, 48.798089], [16.8009958, 48.7981415], [16.8010088, 48.7981868], [16.801036, 48.7982433], [16.8010579, 48.798279], [16.8012007, 48.7985087]]}, "properties": {"id": "61e1cd49-a64b-4c5e-9664-24d1f7f3cb90", "names": {"primary": "Cihl\u00e1\u0159sk\u00e1", "common": null, "rules": [{"variant": "common", "language": null, "perspectives": null, "value": "Cihl\u00e1\u0159sk\u00e1", "between": null, "side": null}]}, "subtype": "road", "class": "residential", "subclass": null, "road_surface": null, "road_flags": null, "width_rules": null}}, {"type": "Feature", "geometry": {"type": "LineString", "coordinates": [[16.8012007, 48.7985087], [16.8008981, 48.7985059], [16.8008446, 48.7985002], [16.8007911, 48.7984866], [16.8007519, 48.798469], [16.8007087, 48.7984486], [16.8003916, 48.7982547], [16.8003537, 48.7982254], [16.8003298, 48.7981962], [16.8003164, 48.7981631], [16.8003109, 48.7981328], [16.8003076, 48.7979742]]}, "properties": {"id": "e957c73f-b2b0-46bb-8da8-782a849e089c", "names": {"primary": "Cihl\u00e1\u0159sk\u00e1", "common": null, "rules": [{"variant": "common", "language": null, "perspectives": null, "value": "Cihl\u00e1\u0159sk\u00e1", "between": null, "side": null}]}, "subtype": "road", "class": "residential", "subclass": null, "road_surface": null, "road_flags": null, "width_rules": null}}, {"type": "Feature", "geometry": {"type": "LineString", "coordinates": [[16.8009665, 48.7979589], [16.8009403, 48.7979457], [16.8008992, 48.7979387], [16.8003076, 48.7979742]]}, "properties": {"id": "5293f921-022f-4de0-9e45-34d61cd005b6", "names": {"primary": "Cihl\u00e1\u0159sk\u00e1", "common": null, "rules": [{"variant": "common", "language": null, "perspectives": null, "value": "Cihl\u00e1\u0159sk\u00e1", "between": null, "side": null}]}, "subtype": "road", "class": "residential", "subclass": null, "road_surface": null, "road_flags": null, "width_rules": null}}, {"type": "Feature", "geometry": {"type": "LineString", "coordinates": [[16.8003076, 48.7979742], [16.8003242, 48.7973239], [16.8008233, 48.7972766], [16.8009663, 48.7975092], [16.8010258, 48.7978013], [16.8010301, 48.797846], [16.8010275, 48.7978813], [16.8010097, 48.7979147], [16.8009665, 48.7979589]]}, "properties": {"id": "815ebccb-1ff0-46cd-a692-201071eff79d", "names": {"primary": "Cihl\u00e1\u0159sk\u00e1", "common": null, "rules": [{"variant": "common", "language": null, "perspectives": null, "value": "Cihl\u00e1\u0159sk\u00e1", "between": null, "side": null}]}, "subtype": "road", "class": "residential", "subclass": null, "road_surface": null, "road_flags": null, "width_rules": null}}, {"type": "Feature", "geometry": {"type": "LineString", "coordinates": [[16.8018054, 48.7979012], [16.8017857, 48.7978153], [16.8015945, 48.7975826], [16.8011153, 48.7970547], [16.8006678, 48.7965592], [16.8005185, 48.7963774], [16.800287, 48.7960955], [16.8002316, 48.7960171]]}, "properties": {"id": "9de42a31-b4f7-4f90-a968-c2512cd2e043", "names": {"primary": "Valtick\u00e1", "common": null, "rules": [{"variant": "common", "language": null, "perspectives": null, "value": "Valtick\u00e1", "between": null, "side": null}]}, "subtype": "road", "class": "residential", "subclass": null, "road_surface": [{"value": "paved", "between": null}], "road_flags": null, "width_rules": null}}, {"type": "Feature", "geometry": {"type": "LineString", "coordinates": [[16.8018919, 48.79789], [16.8018508, 48.7978129], [16.8014646, 48.7973685], [16.8011172, 48.7969692], [16.8008181, 48.7966335], [16.8006451, 48.7964153], [16.8003056, 48.7959909], [16.8000734, 48.7957092]]}, "properties": {"id": "3c240c4a-2c7c-4699-80e7-05a379fe2a97", "names": null, "subtype": "road", "class": "footway", "subclass": "sidewalk", "road_surface": [{"value": "paving_stones", "between": null}], "road_flags": null, "width_rules": null}}, {"type": "Feature", "geometry": {"type": "LineString", "coordinates": [[16.8005185, 48.7963774], [16.8003829, 48.7964298]]}, "properties": {"id": "7ab05d64-f8a6-4d87-a55c-72c75b9ce78c", "names": null, "subtype": "road", "class": "service", "subclass": null, "road_surface": [{"value": "paved", "between": null}], "road_flags": null, "width_rules": null}}, {"type": "Feature", "geometry": {"type": "LineString", "coordinates": [[16.8035318, 48.7973994], [16.8032799, 48.7971176], [16.802891, 48.7968251], [16.8025648, 48.796643], [16.8020998, 48.7964885], [16.8016925, 48.7963936], [16.8011864, 48.7962175], [16.8006021, 48.7959708], [16.8001207, 48.7956916], [16.8000734, 48.7957092]]}, "properties": {"id": "1c0dd82b-624d-4837-acfa-c03e9bb7a2c1", "names": null, "subtype": "road", "class": "footway", "subclass": null, "road_surface": null, "road_flags": null, "width_rules": null}}, {"type": "Feature", "geometry": {"type": "LineString", "coordinates": [[16.8019656, 48.794389], [16.8031959, 48.7955233], [16.8037129, 48.7960648]]}, "properties": {"id": "9ea3ad58-bd5d-43c7-81ae-4e836e64eb5a", "names": null, "subtype": "road", "class": "footway", "subclass": null, "road_surface": null, "road_flags": null, "width_rules": null}}, {"type": "Feature", "geometry": {"type": "LineString", "coordinates": [[16.8037129, 48.7960648], [16.8035647, 48.7968081], [16.8035318, 48.7973994]]}, "properties": {"id": "f507a270-785f-4101-a4d4-29cf063b83f3", "names": null, "subtype": "road", "class": "footway", "subclass": null, "road_surface": null, "road_flags": null, "width_rules": null}}, {"type": "Feature", "geometry": {"type": "LineString", "coordinates": [[16.8045915, 48.7975873], [16.8043506, 48.7976679], [16.8037397, 48.7969399], [16.8035647, 48.7968081], [16.8033287, 48.7966761], [16.8029138, 48.7964602], [16.8026834, 48.7962994]]}, "properties": {"id": "109bde27-8465-4c14-8a2c-1c94c496ab0a", "names": null, "subtype": "road", "class": "service", "subclass": null, "road_surface": null, "road_flags": null, "width_rules": null}}, {"type": "Feature", "geometry": {"type": "LineString", "coordinates": [[16.802979, 48.7975761], [16.8030732, 48.7975658], [16.8031462, 48.7975724], [16.8032293, 48.7976039], [16.8033626, 48.7977088], [16.803491, 48.7979705], [16.8034448, 48.7980677], [16.8034017, 48.7981113], [16.8031916, 48.7982745]]}, "properties": {"id": "bed1ed0b-b92b-40cb-a499-6bda27fda510", "names": null, "subtype": "road", "class": "footway", "subclass": null, "road_surface": [{"value": "paving_stones", "between": null}], "road_flags": null, "width_rules": null}}, {"type": "Feature", "geometry": {"type": "LineString", "coordinates": [[16.8034997, 48.7982379], [16.8034542, 48.7981792], [16.8034017, 48.7981113]]}, "properties": {"id": "b8a0010c-cfd2-4deb-855d-7ef1ba79e273", "names": null, "subtype": "road", "class": "service", "subclass": "driveway", "road_surface": null, "road_flags": null, "width_rules": null}}, {"type": "Feature", "geometry": {"type": "LineString", "coordinates": [[16.8044195, 48.7990426], [16.8043882, 48.7989823], [16.8039351, 48.7981051], [16.8039027, 48.7980438], [16.803606, 48.7974824], [16.8035318, 48.7973994]]}, "properties": {"id": "c670db3e-8b10-4328-8fc2-c0856e338fc0", "names": null, "subtype": "road", "class": "footway", "subclass": null, "road_surface": null, "road_flags": null, "width_rules": null}}, {"type": "Feature", "geometry": {"type": "LineString", "coordinates": [[16.8066373, 48.7972504], [16.806525, 48.7972839], [16.8058939, 48.7974883], [16.8052317, 48.797698], [16.8049584, 48.7977835], [16.8044804, 48.7979333], [16.8039351, 48.7981051], [16.8034997, 48.7982379], [16.8032129, 48.7983395], [16.8031582, 48.7983668], [16.8031105, 48.7983971], [16.8030796, 48.7984247], [16.8030441, 48.7984614], [16.8030227, 48.7984867], [16.8030034, 48.7985168], [16.8029887, 48.7985561], [16.8029856, 48.798593], [16.8029936, 48.7986331], [16.8030109, 48.7986763], [16.8030406, 48.7987263], [16.8030754, 48.7987676], [16.8031148, 48.798809], [16.8033786, 48.7990589], [16.803481, 48.799156], [16.8035805, 48.7992503], [16.8036648, 48.7993259]]}, "properties": {"id": "688a5bda-2e8b-4d78-a906-303cf038d507", "names": {"primary": "B\u0159eclavsk\u00e1", "common": null, "rules": [{"variant": "common", "language": null, "perspectives": null, "value": "B\u0159eclavsk\u00e1", "between": null, "side": null}]}, "subtype": "road", "class": "tertiary", "subclass": null, "road_surface": [{"value": "paved", "between": null}], "road_flags": null, "width_rules": null}}, {"type": "Feature", "geometry": {"type": "LineString", "coordinates": [[16.8053686, 48.7978867], [16.8052642, 48.79816], [16.8051, 48.7985092], [16.8050355, 48.7986571], [16.8047878, 48.798823]]}, "properties": {"id": "fdfbbd3e-1b2b-4507-bc8e-080706ae3a38", "names": null, "subtype": "road", "class": "path", "subclass": null, "road_surface": [{"value": "dirt", "between": null}], "road_flags": null, "width_rules": null}}, {"type": "Feature", "geometry": {"type": "LineString", "coordinates": [[16.8037129, 48.7960648], [16.8042738, 48.7965524], [16.8051707, 48.797625], [16.8052317, 48.797698], [16.8053686, 48.7978867], [16.8056843, 48.7983219], [16.8058249, 48.7985583], [16.8059136, 48.7986936], [16.8059389, 48.7987431], [16.8059468, 48.7987617], [16.8059924, 48.7988434], [16.8060818, 48.7990165], [16.8061886, 48.7992232]]}, "properties": {"id": "7065b423-9aff-4d84-a9aa-bfe375f6a5b5", "names": null, "subtype": "road", "class": "footway", "subclass": null, "road_surface": [{"value": "dirt", "between": [0.0, 0.843348686]}, {"value": "unpaved", "between": [0.843348686, 1.0]}], "road_flags": null, "width_rules": null}}, {"type": "Feature", "geometry": {"type": "LineString", "coordinates": [[16.8058438, 48.7974294], [16.8058939, 48.7974883]]}, "properties": {"id": "02aa46c8-6d36-476c-8710-b91167e26357", "names": null, "subtype": "road", "class": "footway", "subclass": null, "road_surface": [{"value": "paving_stones", "between": null}], "road_flags": null, "width_rules": null}}, {"type": "Feature", "geometry": {"type": "LineString", "coordinates": [[16.8051657, 48.7930594], [16.8052258, 48.7930795], [16.8052801, 48.7931129], [16.8059384, 48.7937968], [16.8065449, 48.7945115]]}, "properties": {"id": "1c4f72b2-84e8-427e-8066-c34299f5de61", "names": {"primary": "Komensk\u00e9ho", "common": null, "rules": [{"variant": "common", "language": null, "perspectives": null, "value": "Komensk\u00e9ho", "between": null, "side": null}]}, "subtype": "road", "class": "residential", "subclass": null, "road_surface": [{"value": "paved", "between": null}], "road_flags": null, "width_rules": null}}, {"type": "Feature", "geometry": {"type": "LineString", "coordinates": [[16.8044935, 48.7934856], [16.8058757, 48.7948152]]}, "properties": {"id": "b820fa16-996e-44ef-b70d-10f74b397b85", "names": {"primary": "Komensk\u00e9ho", "common": null, "rules": [{"variant": "common", "language": null, "perspectives": null, "value": "Komensk\u00e9ho", "between": null, "side": null}]}, "subtype": "road", "class": "residential", "subclass": null, "road_surface": [{"value": "paved", "between": null}], "road_flags": null, "width_rules": null}}, {"type": "Feature", "geometry": {"type": "LineString", "coordinates": [[16.8035609, 48.7934144], [16.803418, 48.7934752], [16.8033139, 48.7935224], [16.8031448, 48.793606], [16.8030397, 48.7936551], [16.8028848, 48.7937222]]}, "properties": {"id": "f8d6e9c4-42c9-4dd4-83b2-a441ee618c0e", "names": null, "subtype": "rail", "class": "standard_gauge", "subclass": null, "road_surface": null, "road_flags": null, "width_rules": null}}, {"type": "Feature", "geometry": {"type": "LineString", "coordinates": [[16.8049706, 48.792985], [16.8048482, 48.7930506], [16.8046699, 48.7931454], [16.804404, 48.7932615], [16.8041148, 48.7933772], [16.8035468, 48.7935933], [16.8033215, 48.7936723]]}, "properties": {"id": "097c8984-6edb-4f9d-8503-ae479cfc9604", "names": null, "subtype": "rail", "class": "unknown", "subclass": null, "road_surface": null, "road_flags": null, "width_rules": null}}, {"type": "Feature", "geometry": {"type": "LineString", "coordinates": [[16.8030563, 48.7938469], [16.8030544, 48.7937857], [16.8030649, 48.7937512], [16.8030861, 48.7937226], [16.803113, 48.7936997], [16.8046663, 48.7930752], [16.804734, 48.7930603], [16.8047955, 48.7930533], [16.8048482, 48.7930506], [16.8049136, 48.7930519]]}, "properties": {"id": "28899089-c5cb-4132-b6c9-b6dd66355536", "names": null, "subtype": "road", "class": "service", "subclass": null, "road_surface": [{"value": "paved", "between": null}], "road_flags": null, "width_rules": null}}, {"type": "Feature", "geometry": {"type": "LineString", "coordinates": [[16.8049136, 48.7930519], [16.8039681, 48.7934954], [16.8030563, 48.7938469]]}, "properties": {"id": "b30ac82d-b943-4631-8598-03b794105f3f", "names": null, "subtype": "road", "class": "track", "subclass": null, "road_surface": null, "road_flags": null, "width_rules": null}}, {"type": "Feature", "geometry": {"type": "LineString", "coordinates": [[16.805478, 48.7927016], [16.8053315, 48.7927714], [16.8052378, 48.7928131], [16.8051344, 48.7928581], [16.8050319, 48.7928985], [16.8048818, 48.7929546], [16.8047297, 48.7930131], [16.8039819, 48.7933033], [16.8028848, 48.7937222]]}, "properties": {"id": "ca9f6dbe-0b05-4779-ba33-2191a091e603", "names": null, "subtype": "rail", "class": "standard_gauge", "subclass": null, "road_surface": null, "road_flags": null, "width_rules": null}}, {"type": "Feature", "geometry": {"type": "LineString", "coordinates": [[16.8057873, 48.7925592], [16.8050016, 48.7928606], [16.8038793, 48.7932911], [16.8035609, 48.7934144]]}, "properties": {"id": "fbeab3f8-d646-4be2-9df9-a22992561338", "names": null, "subtype": "rail", "class": "standard_gauge", "subclass": null, "road_surface": null, "road_flags": null, "width_rules": null}}, {"type": "Feature", "geometry": {"type": "LineString", "coordinates": [[16.804734, 48.7930603], [16.8048569, 48.7929985], [16.8050463, 48.7929152]]}, "properties": {"id": "6849c278-5053-4ba5-943b-e64e98c57512", "names": null, "subtype": "road", "class": "path", "subclass": null, "road_surface": null, "road_flags": null, "width_rules": null}}, {"type": "Feature", "geometry": {"type": "LineString", "coordinates": [[16.8049136, 48.7930519], [16.8051657, 48.7930594]]}, "properties": {"id": "0bfd4635-6a45-4e76-a38f-75aa0e870023", "names": null, "subtype": "road", "class": "service", "subclass": null, "road_surface": null, "road_flags": null, "width_rules": null}}, {"type": "Feature", "geometry": {"type": "LineString", "coordinates": [[16.8052041, 48.7928468], [16.8050892, 48.7929176], [16.8050613, 48.792934], [16.8049706, 48.792985]]}, "properties": {"id": "d2892b2d-1dff-43f3-81d6-88d92b702b4d", "names": null, "subtype": "rail", "class": "unknown", "subclass": null, "road_surface": null, "road_flags": null, "width_rules": null}}, {"type": "Feature", "geometry": {"type": "LineString", "coordinates": [[16.805478, 48.7927016], [16.8052041, 48.7928468]]}, "properties": {"id": "d88a2290-2d12-44c9-afc5-e71b21b1709e", "names": null, "subtype": "rail", "class": "unknown", "subclass": null, "road_surface": null, "road_flags": null, "width_rules": null}}, {"type": "Feature", "geometry": {"type": "LineString", "coordinates": [[16.8057873, 48.7925592], [16.8056594, 48.792615], [16.8055586, 48.7926614], [16.805478, 48.7927016]]}, "properties": {"id": "68612a8f-a2a9-4505-8643-58ac4c96ce85", "names": null, "subtype": "rail", "class": "standard_gauge", "subclass": null, "road_surface": null, "road_flags": null, "width_rules": null}}, {"type": "Feature", "geometry": {"type": "LineString", "coordinates": [[16.8051657, 48.7930594], [16.8050891, 48.7929674], [16.8050808, 48.7929575], [16.8050613, 48.792934], [16.8050463, 48.7929152], [16.8050319, 48.7928985], [16.8050016, 48.7928606], [16.8049701, 48.7928222], [16.8049646, 48.7928162], [16.8045017, 48.7923121], [16.8042871, 48.7919587], [16.8041691, 48.7917396], [16.8040725, 48.7911812], [16.803976, 48.7904461], [16.8039092, 48.790217], [16.8038495, 48.7900071], [16.8037615, 48.7895992], [16.803697, 48.789202], [16.8036304, 48.7889519], [16.8035789, 48.7887485], [16.8035623, 48.7885834], [16.803554, 48.78845], [16.8034825, 48.7880357], [16.8034545, 48.7875982], [16.8034503, 48.7874773], [16.8034503, 48.7870532], [16.8034341, 48.7868273], [16.8033942, 48.7867144], [16.8033895, 48.7865892], [16.8034288, 48.7864382], [16.8037087, 48.7859582], [16.8038327, 48.7856651], [16.8038833, 48.7854993], [16.8038516, 48.7852727], [16.80374, 48.7850456], [16.803697, 48.7848264], [16.803697, 48.7844801], [16.8036327, 48.7840135], [16.8035468, 48.7837943], [16.8033496, 48.7835725]]}, "properties": {"id": "e93eb126-eef3-4b95-9f20-75532e5a52df", "names": null, "subtype": "road", "class": "track", "subclass": null, "road_surface": [{"value": "gravel", "between": [0.0, 0.010726428]}, {"value": "paved", "between": [0.010726428, 0.028303811]}, {"value": "gravel", "between": [0.028303811, 1.0]}], "road_flags": null, "width_rules": null}}, {"type": "Feature", "geometry": {"type": "LineString", "coordinates": [[16.8035609, 48.7934144], [16.8017266, 48.7941158], [16.8005888, 48.7945522], [16.8002705, 48.7946745]]}, "properties": {"id": "cecd11c8-d8d6-4ab2-a0dc-e5deac053428", "names": null, "subtype": "rail", "class": "standard_gauge", "subclass": null, "road_surface": null, "road_flags": null, "width_rules": null}}, {"type": "Feature", "geometry": {"type": "LineString", "coordinates": [[16.8038793, 48.7932911], [16.80369, 48.7933557], [16.8035801, 48.7933884], [16.803378, 48.7934461], [16.8031978, 48.7934986], [16.8030085, 48.7935531], [16.8028661, 48.793597], [16.8027487, 48.793634], [16.8024907, 48.7937223], [16.8016094, 48.7940605], [16.8014175, 48.7941348], [16.8013127, 48.794181], [16.8011679, 48.794248], [16.8008204, 48.7944188], [16.8005473, 48.794551], [16.8004193, 48.7946113], [16.8002705, 48.7946745]]}, "properties": {"id": "6379dba2-4bb5-4156-a94d-9e1c1c7655a8", "names": null, "subtype": "rail", "class": "standard_gauge", "subclass": null, "road_surface": null, "road_flags": null, "width_rules": null}}, {"type": "Feature", "geometry": {"type": "LineString", "coordinates": [[16.8028848, 48.7937222], [16.8018, 48.7941404], [16.8014948, 48.7942563], [16.8013339, 48.7943168]]}, "properties": {"id": "99c21bdc-b629-4a84-93a6-68e27407488c", "names": null, "subtype": "rail", "class": "standard_gauge", "subclass": null, "road_surface": null, "road_flags": null, "width_rules": null}}, {"type": "Feature", "geometry": {"type": "LineString", "coordinates": [[16.799715, 48.7953306], [16.7997811, 48.7952824], [16.7998525, 48.7952447], [16.801615, 48.7945429], [16.8017183, 48.7944961], [16.8019656, 48.794389], [16.8030563, 48.7938469], [16.8031218, 48.7939079], [16.8053746, 48.7960069]]}, "properties": {"id": "458b4f9c-64c5-4e1f-84b2-7ba16ef887d3", "names": {"primary": "N\u00e1dra\u017en\u00ed", "common": null, "rules": [{"variant": "common", "language": null, "perspectives": null, "value": "N\u00e1dra\u017en\u00ed", "between": [0.0, 0.501593733], "side": null}, {"variant": "common", "language": null, "perspectives": null, "value": "Komensk\u00e9ho", "between": [0.501593733, 1.0], "side": null}]}, "subtype": "road", "class": "residential", "subclass": null, "road_surface": [{"value": "paved", "between": null}], "road_flags": null, "width_rules": null}}, {"type": "Feature", "geometry": {"type": "LineString", "coordinates": [[16.8018145, 48.7941585], [16.8018, 48.7941404], [16.8017918, 48.7941303]]}, "properties": {"id": "5f30ee16-2ff5-40cd-b5c5-d53b3ebc8c58", "names": null, "subtype": "road", "class": "path", "subclass": null, "road_surface": null, "road_flags": null, "width_rules": null}}, {"type": "Feature", "geometry": {"type": "LineString", "coordinates": [[16.8015116, 48.7942766], [16.8014948, 48.7942563], [16.8014865, 48.7942478]]}, "properties": {"id": "5b571aa0-1494-424f-91df-2b46ec19f8f3", "names": null, "subtype": "road", "class": "path", "subclass": null, "road_surface": null, "road_flags": null, "width_rules": null}}, {"type": "Feature", "geometry": {"type": "LineString", "coordinates": [[16.8019397, 48.7941095], [16.8018145, 48.7941585], [16.8015116, 48.7942766], [16.8017183, 48.7944961]]}, "properties": {"id": "d5655673-17e8-4c6b-a132-cc3ffea7385b", "names": null, "subtype": "road", "class": "path", "subclass": null, "road_surface": null, "road_flags": null, "width_rules": null}}, {"type": "Feature", "geometry": {"type": "LineString", "coordinates": [[16.8013339, 48.7943168], [16.8011854, 48.794367], [16.8010693, 48.7944032], [16.8008695, 48.7944603], [16.800752, 48.794497], [16.8005888, 48.7945522]]}, "properties": {"id": "626c1fb0-0eee-4708-8e9e-e681ee03a589", "names": null, "subtype": "rail", "class": "standard_gauge", "subclass": null, "road_surface": null, "road_flags": null, "width_rules": null}}, {"type": "Feature", "geometry": {"type": "LineString", "coordinates": [[16.8013339, 48.7943168], [16.7997578, 48.7949218]]}, "properties": {"id": "02dbc41d-3878-40ae-9928-4040dbfe08e9", "names": null, "subtype": "rail", "class": "standard_gauge", "subclass": null, "road_surface": null, "road_flags": null, "width_rules": null}}, {"type": "Feature", "geometry": {"type": "LineString", "coordinates": [[16.8002705, 48.7946745], [16.7997248, 48.7948831]]}, "properties": {"id": "5d5dca02-2431-418a-afe0-defe450f47cf", "names": null, "subtype": "rail", "class": "standard_gauge", "subclass": null, "road_surface": null, "road_flags": null, "width_rules": null}}, {"type": "Feature", "geometry": {"type": "LineString", "coordinates": [[16.8000388, 48.7935706], [16.7997432, 48.7932001]]}, "properties": {"id": "02c3f47a-13da-44c1-bb68-4ec6fe38e6a3", "names": null, "subtype": "road", "class": "unknown", "subclass": null, "road_surface": null, "road_flags": null, "width_rules": null}}, {"type": "Feature", "geometry": {"type": "LineString", "coordinates": [[16.7984014, 48.7936833], [16.7997432, 48.7932001], [16.7999169, 48.7931376]]}, "properties": {"id": "1ee5d3be-c056-4f0c-bd25-e0a80bd59773", "names": null, "subtype": "road", "class": "service", "subclass": null, "road_surface": null, "road_flags": null, "width_rules": null}}, {"type": "Feature", "geometry": {"type": "LineString", "coordinates": [[16.7992143, 48.794703], [16.799261, 48.7946868], [16.7992827, 48.7946765], [16.7992968, 48.7946637], [16.7993184, 48.7946254], [16.7993646, 48.7945572], [16.7994138, 48.7945091], [16.799454, 48.7944699], [16.7995315, 48.7944119], [16.7995971, 48.7943795], [16.7997163, 48.7943265], [16.7998325, 48.7942882]]}, "properties": {"id": "f3a6365c-ff1c-400a-b03f-26d8bb75326e", "names": null, "subtype": "road", "class": "unknown", "subclass": null, "road_surface": null, "road_flags": null, "width_rules": null}}, {"type": "Feature", "geometry": {"type": "LineString", "coordinates": [[16.7979776, 48.7947806], [16.7980391, 48.7948078]]}, "properties": {"id": "dce65d7c-58d9-4a66-9038-265a3ccbaec6", "names": null, "subtype": "road", "class": "service", "subclass": null, "road_surface": null, "road_flags": null, "width_rules": null}}, {"type": "Feature", "geometry": {"type": "LineString", "coordinates": [[16.7977055, 48.7948883], [16.7972535, 48.7943957], [16.7972186, 48.7943515], [16.7972253, 48.7943348], [16.797291, 48.7942915], [16.7976171, 48.7941529], [16.7980513, 48.7939435], [16.7981085, 48.7939102], [16.7981621, 48.7938727], [16.7983098, 48.793761], [16.7984265, 48.7937145]]}, "properties": {"id": "231b4c77-46f5-4e1f-af6d-ea15f7b51b2b", "names": null, "subtype": "road", "class": "service", "subclass": null, "road_surface": null, "road_flags": null, "width_rules": null}}, {"type": "Feature", "geometry": {"type": "LineString", "coordinates": [[16.7980012, 48.7906999], [16.7993648, 48.7924281]]}, "properties": {"id": "7ccfcf57-c268-4b28-857d-2158142974bf", "names": null, "subtype": "road", "class": "service", "subclass": null, "road_surface": null, "road_flags": null, "width_rules": null}}, {"type": "Feature", "geometry": {"type": "LineString", "coordinates": [[16.7964632, 48.7912371], [16.7980012, 48.7906999], [16.8004366, 48.7898571], [16.8004856, 48.7898589], [16.8005352, 48.7898717], [16.8005754, 48.7898995], [16.8018186, 48.7914325], [16.8022065, 48.7919164], [16.8025515, 48.792342], [16.802689, 48.7925254], [16.8026964, 48.7925541], [16.8026937, 48.7925735], [16.8026816, 48.7925903], [16.8026005, 48.7926354], [16.8017569, 48.7929344], [16.8003876, 48.7934398], [16.8002884, 48.7934716], [16.8002415, 48.793476], [16.8001945, 48.7934628], [16.8001543, 48.7934168], [16.7999169, 48.7931376], [16.7993648, 48.7924281]]}, "properties": {"id": "c0932c69-f7e8-4487-8f79-e42c68e9e0ec", "names": null, "subtype": "road", "class": "service", "subclass": null, "road_surface": null, "road_flags": null, "width_rules": null}}, {"type": "Feature", "geometry": {"type": "LineString", "coordinates": [[16.799715, 48.7953306], [16.7995254, 48.7950929], [16.7992143, 48.794703], [16.799182, 48.7946625], [16.7989116, 48.7942934], [16.7986643, 48.7940088], [16.7984265, 48.7937145], [16.7984014, 48.7936833], [16.798248, 48.7934724], [16.7974975, 48.7925438], [16.7971808, 48.792136], [16.7968084, 48.7916686], [16.7964632, 48.7912371], [16.795798, 48.7904033], [16.7954403, 48.7899562], [16.7951026, 48.789528], [16.7943426, 48.7885755], [16.7937807, 48.7878663], [16.7934537, 48.787456], [16.7932513, 48.7872025], [16.7931421, 48.7870597]]}, "properties": {"id": "b54dc9ee-b988-4674-a1f5-3ee3aca9d86b", "names": null, "subtype": "road", "class": "secondary", "subclass": null, "road_surface": [{"value": "paved", "between": [0.0, 0.028760222]}, {"value": "paved", "between": [0.224393261, 1.0]}], "road_flags": null, "width_rules": null}}, {"type": "Feature", "geometry": {"type": "LineString", "coordinates": [[16.7951026, 48.789528], [16.7954229, 48.7894172], [16.797163, 48.7888023], [16.7973256, 48.7886714], [16.7976026, 48.7885008]]}, "properties": {"id": "fd0fd476-c895-4ec9-b7cc-94f2e6a25eda", "names": null, "subtype": "road", "class": "service", "subclass": null, "road_surface": [{"value": "paved", "between": [0.0, 0.121756612]}], "road_flags": null, "width_rules": null}}, {"type": "Feature", "geometry": {"type": "LineString", "coordinates": [[16.798455, 48.7948883], [16.7983444, 48.7949314], [16.7981827, 48.7947528], [16.7978504, 48.7943993], [16.7976171, 48.7941529], [16.7974055, 48.7939193], [16.797062, 48.7935476], [16.7967327, 48.7932001]]}, "properties": {"id": "ed5c31b3-f865-4a3d-839e-5dbe5e89134e", "names": null, "subtype": "road", "class": "footway", "subclass": null, "road_surface": null, "road_flags": null, "width_rules": null}}, {"type": "Feature", "geometry": {"type": "LineString", "coordinates": [[16.7963697, 48.7967007], [16.7949087, 48.7961046]]}, "properties": {"id": "db836d26-ec81-49f3-ac06-d96a72ccbab0", "names": null, "subtype": "road", "class": "track", "subclass": null, "road_surface": [{"value": "gravel", "between": null}], "road_flags": null, "width_rules": null}}, {"type": "Feature", "geometry": {"type": "LineString", "coordinates": [[16.7967278, 48.7976612], [16.7964672, 48.7974116], [16.796369, 48.7974536]]}, "properties": {"id": "557fa546-45ff-4aa7-af3a-737031c631e4", "names": {"primary": "Na Zahrad\u00e1ch", "common": null, "rules": [{"variant": "common", "language": null, "perspectives": null, "value": "Na Zahrad\u00e1ch", "between": null, "side": null}]}, "subtype": "road", "class": "living_street", "subclass": null, "road_surface": null, "road_flags": null, "width_rules": null}}, {"type": "Feature", "geometry": {"type": "LineString", "coordinates": [[16.7960586, 48.7978965], [16.7967278, 48.7976612]]}, "properties": {"id": "a5f4220b-a461-4fc4-8e05-05919c41b719", "names": null, "subtype": "road", "class": "residential", "subclass": null, "road_surface": null, "road_flags": null, "width_rules": null}}, {"type": "Feature", "geometry": {"type": "LineString", "coordinates": [[16.7965393, 48.7981094], [16.7969627, 48.7979382]]}, "properties": {"id": "b6b1ceb9-2a27-4def-a36c-e1340ba4e243", "names": null, "subtype": "road", "class": "residential", "subclass": null, "road_surface": null, "road_flags": null, "width_rules": null}}, {"type": "Feature", "geometry": {"type": "LineString", "coordinates": [[16.7969627, 48.7979382], [16.7967278, 48.7976612]]}, "properties": {"id": "ee88cd03-b4af-488d-9f7f-218e3a1b34a1", "names": {"primary": "\u010cechova", "common": null, "rules": [{"variant": "common", "language": null, "perspectives": null, "value": "\u010cechova", "between": null, "side": null}]}, "subtype": "road", "class": "residential", "subclass": null, "road_surface": null, "road_flags": null, "width_rules": null}}, {"type": "Feature", "geometry": {"type": "LineString", "coordinates": [[16.7973008, 48.7983391], [16.7969627, 48.7979382]]}, "properties": {"id": "6fb70c36-db60-4d32-a8a9-75c6aaa26491", "names": {"primary": "\u010cechova", "common": null, "rules": [{"variant": "common", "language": null, "perspectives": null, "value": "\u010cechova", "between": null, "side": null}]}, "subtype": "road", "class": "residential", "subclass": null, "road_surface": null, "road_flags": null, "width_rules": null}}, {"type": "Feature", "geometry": {"type": "LineString", "coordinates": [[16.797899, 48.7981216], [16.7974984, 48.7982537], [16.7973008, 48.7983391]]}, "properties": {"id": "15bd3373-0afe-47dc-bebf-c3a7f8dee7e2", "names": {"primary": "Na Zahrad\u00e1ch", "common": null, "rules": [{"variant": "common", "language": null, "perspectives": null, "value": "Na Zahrad\u00e1ch", "between": null, "side": null}]}, "subtype": "road", "class": "living_street", "subclass": null, "road_surface": null, "road_flags": null, "width_rules": null}}, {"type": "Feature", "geometry": {"type": "LineString", "coordinates": [[16.7978303, 48.7972821], [16.7967278, 48.7976612]]}, "properties": {"id": "731919be-f85f-4b00-a893-147b2a227e48", "names": {"primary": "Na Zahrad\u00e1ch", "common": null, "rules": [{"variant": "common", "language": null, "perspectives": null, "value": "Na Zahrad\u00e1ch", "between": null, "side": null}]}, "subtype": "road", "class": "living_street", "subclass": null, "road_surface": null, "road_flags": null, "width_rules": null}}, {"type": "Feature", "geometry": {"type": "LineString", "coordinates": [[16.7978303, 48.7972821], [16.7974745, 48.7971429], [16.7972124, 48.7970343], [16.7963697, 48.7967007]]}, "properties": {"id": "81175ff4-d1b2-4be3-a91b-859d2c9ddb31", "names": {"primary": "\u010cechova \u2161", "common": null, "rules": [{"variant": "common", "language": null, "perspectives": null, "value": "\u010cechova \u2161", "between": null, "side": null}, {"variant": "alternate", "language": null, "perspectives": null, "value": "\u010cechova II", "between": null, "side": null}]}, "subtype": "road", "class": "living_street", "subclass": null, "road_surface": [{"value": "paved", "between": [0.0, 0.423910462]}, {"value": "gravel", "between": [0.423910462, 1.0]}], "road_flags": null, "width_rules": null}}, {"type": "Feature", "geometry": {"type": "LineString", "coordinates": [[16.7976892, 48.7956888], [16.797531, 48.795769], [16.7974816, 48.7958536], [16.7974486, 48.7960186], [16.7975376, 48.7961945]]}, "properties": {"id": "73887c91-ecd0-4025-8b6b-89c7cb3c25ba", "names": null, "subtype": "road", "class": "service", "subclass": null, "road_surface": null, "road_flags": null, "width_rules": null}}, {"type": "Feature", "geometry": {"type": "LineString", "coordinates": [[16.7981827, 48.7947528], [16.7980391, 48.7948078], [16.7982674, 48.7950416], [16.798324, 48.7951057], [16.7981878, 48.7951575], [16.7978551, 48.795284], [16.7975852, 48.7949704], [16.7976985, 48.7949238], [16.7977055, 48.7948883], [16.7979776, 48.7947806]]}, "properties": {"id": "61e19235-dae7-42f9-8716-6217547f4524", "names": null, "subtype": "road", "class": "service", "subclass": null, "road_surface": null, "road_flags": null, "width_rules": null}}, {"type": "Feature", "geometry": {"type": "LineString", "coordinates": [[16.7984313, 48.7964902], [16.7984101, 48.7965274], [16.7983808, 48.7965538], [16.7983392, 48.796572], [16.7981235, 48.7966492], [16.7978616, 48.7963386]]}, "properties": {"id": "1754448a-a89b-4611-9987-754c9adb94a2", "names": null, "subtype": "road", "class": "service", "subclass": null, "road_surface": null, "road_flags": null, "width_rules": null}}, {"type": "Feature", "geometry": {"type": "LineString", "coordinates": [[16.7983287, 48.7961002], [16.7981655, 48.7961559], [16.798133, 48.7961674]]}, "properties": {"id": "b8ddd4a7-ed6f-4a4d-97c7-c8a72cd2fe7f", "names": null, "subtype": "road", "class": "footway", "subclass": null, "road_surface": null, "road_flags": null, "width_rules": null}}, {"type": "Feature", "geometry": {"type": "LineString", "coordinates": [[16.7984102, 48.7954021], [16.7976892, 48.7956888], [16.798133, 48.7961674], [16.7984313, 48.7964902], [16.7988585, 48.7963267], [16.7991628, 48.7962052], [16.7995228, 48.7960528]]}, "properties": {"id": "c905ff4d-8bb6-4fe2-8512-2a3a90a6e334", "names": null, "subtype": "road", "class": "service", "subclass": null, "road_surface": null, "road_flags": null, "width_rules": null}}, {"type": "Feature", "geometry": {"type": "LineString", "coordinates": [[16.798358, 48.7960901], [16.7983287, 48.7961002]]}, "properties": {"id": "6313283b-0a58-4c1f-8522-8d16e92c707e", "names": null, "subtype": "road", "class": "steps", "subclass": null, "road_surface": null, "road_flags": null, "width_rules": null}}, {"type": "Feature", "geometry": {"type": "LineString", "coordinates": [[16.7991628, 48.7962052], [16.7991225, 48.7961659], [16.7987811, 48.7957761], [16.7987514, 48.7957421], [16.7986764, 48.79578], [16.7986586, 48.7958088], [16.7986125, 48.7958837], [16.7983701, 48.7960846], [16.798358, 48.7960901]]}, "properties": {"id": "a5eeedc8-b6e1-4c95-8d67-5e1bd192fcf8", "names": null, "subtype": "road", "class": "footway", "subclass": null, "road_surface": null, "road_flags": null, "width_rules": null}}, {"type": "Feature", "geometry": {"type": "LineString", "coordinates": [[16.7981878, 48.7951575], [16.7982867, 48.7952688], [16.7984102, 48.7954021], [16.7987514, 48.7957421], [16.7991415, 48.7955779], [16.7992341, 48.795542]]}, "properties": {"id": "f03a0869-862b-44b9-b41e-8cb858bb8614", "names": null, "subtype": "road", "class": "service", "subclass": null, "road_surface": null, "road_flags": null, "width_rules": null}}, {"type": "Feature", "geometry": {"type": "LineString", "coordinates": [[16.7992341, 48.795542], [16.7992617, 48.7955094], [16.7993242, 48.7954843], [16.7993784, 48.7954804]]}, "properties": {"id": "781da649-8376-43d0-a7a9-3e10b9c34698", "names": null, "subtype": "road", "class": "service", "subclass": null, "road_surface": null, "road_flags": null, "width_rules": null}}, {"type": "Feature", "geometry": {"type": "LineString", "coordinates": [[16.7993784, 48.7954804], [16.7993526, 48.7955165], [16.7992925, 48.795538], [16.7992341, 48.795542]]}, "properties": {"id": "cb2700bc-ae6c-4ca8-a788-5e208be87df7", "names": null, "subtype": "road", "class": "service", "subclass": null, "road_surface": null, "road_flags": null, "width_rules": null}}, {"type": "Feature", "geometry": {"type": "LineString", "coordinates": [[16.7993784, 48.7954804], [16.7994918, 48.7954287], [16.799715, 48.7953306]]}, "properties": {"id": "c8eefcfb-6b5b-41ab-96c0-1904d564ffbf", "names": null, "subtype": "road", "class": "service", "subclass": null, "road_surface": null, "road_flags": null, "width_rules": null}}, {"type": "Feature", "geometry": {"type": "LineString", "coordinates": [[16.7996959, 48.795992], [16.7997456, 48.7959726]]}, "properties": {"id": "126b0594-2cb3-4cc2-93fe-4bf4b771666c", "names": null, "subtype": "road", "class": "service", "subclass": null, "road_surface": null, "road_flags": null, "width_rules": null}}, {"type": "Feature", "geometry": {"type": "LineString", "coordinates": [[16.7997456, 48.7959726], [16.7999801, 48.795878], [16.7999839, 48.7958765], [16.8000648, 48.7958443]]}, "properties": {"id": "41fc5023-15b1-4c12-9eda-325590b6bfe3", "names": null, "subtype": "road", "class": "service", "subclass": null, "road_surface": null, "road_flags": null, "width_rules": null}}, {"type": "Feature", "geometry": {"type": "LineString", "coordinates": [[16.8002316, 48.7960171], [16.8003056, 48.7959909]]}, "properties": {"id": "78346506-7d10-43d3-86ca-9fdce6f87f3a", "names": null, "subtype": "road", "class": "footway", "subclass": "sidewalk", "road_surface": null, "road_flags": null, "width_rules": null}}, {"type": "Feature", "geometry": {"type": "LineString", "coordinates": [[16.7997456, 48.7959726], [16.7999564, 48.7962459], [16.7999651, 48.7962843], [16.799973, 48.7963789], [16.7999645, 48.796415], [16.7999267, 48.7964493], [16.7997699, 48.7965512], [16.7997407, 48.7966203], [16.799576, 48.7966909]]}, "properties": {"id": "8a02eae3-47ae-494c-b6c7-5c8ac63ea3dc", "names": null, "subtype": "road", "class": "service", "subclass": null, "road_surface": null, "road_flags": null, "width_rules": null}}, {"type": "Feature", "geometry": {"type": "LineString", "coordinates": [[16.7996959, 48.795992], [16.7996814, 48.7960255], [16.7996134, 48.7960518], [16.7995938, 48.7960594], [16.7995228, 48.7960528]]}, "properties": {"id": "e9ba0c92-a350-4246-acd0-f11df0055850", "names": null, "subtype": "road", "class": "service", "subclass": null, "road_surface": null, "road_flags": null, "width_rules": null}}, {"type": "Feature", "geometry": {"type": "LineString", "coordinates": [[16.7995228, 48.7960528], [16.7996282, 48.7960081], [16.7996531, 48.7959976], [16.7996959, 48.795992]]}, "properties": {"id": "740e982f-ca43-4e70-8f13-1012b941df2c", "names": null, "subtype": "road", "class": "service", "subclass": null, "road_surface": null, "road_flags": null, "width_rules": null}}, {"type": "Feature", "geometry": {"type": "LineString", "coordinates": [[16.7992888, 48.7979885], [16.799323, 48.7979625], [16.7994431, 48.7978746], [16.7992205, 48.7977514], [16.7992993, 48.797699], [16.7994148, 48.7976411], [16.7994512, 48.7976151], [16.7994774, 48.7975838], [16.7995229, 48.7974228], [16.7995187, 48.7973813], [16.7994983, 48.7973486], [16.7992896, 48.7971123], [16.7989683, 48.7967926], [16.7987893, 48.7966024], [16.7987746, 48.7965753], [16.7988278, 48.7965379], [16.7989372, 48.7964197], [16.7988585, 48.7963267]]}, "properties": {"id": "011b5fd1-45e8-47e5-a426-63d0b7b7f73c", "names": null, "subtype": "road", "class": "service", "subclass": null, "road_surface": null, "road_flags": null, "width_rules": null}}, {"type": "Feature", "geometry": {"type": "LineString", "coordinates": [[16.7996419, 48.7980816], [16.7996275, 48.798025], [16.7996114, 48.7979346], [16.7996004, 48.7978384], [16.7995966, 48.7977518], [16.7996035, 48.7976642], [16.7996138, 48.7975784], [16.7996306, 48.7974979], [16.799661, 48.7974051], [16.7997052, 48.7972964], [16.7997509, 48.7971942], [16.7998511, 48.7969791], [16.8000583, 48.7965305], [16.8001082, 48.7963964], [16.8001313, 48.7962839], [16.8001409, 48.7961874], [16.8001429, 48.7961163], [16.800134, 48.7960296], [16.8001148, 48.7959603], [16.8000648, 48.7958443], [16.8000013, 48.7957284], [16.7999478, 48.7956396], [16.7998794, 48.7955407], [16.799715, 48.7953306]]}, "properties": {"id": "8f550316-1953-49f8-bfca-2f0d43b1e3c0", "names": null, "subtype": "road", "class": "secondary", "subclass": null, "road_surface": [{"value": "paved", "between": null}], "road_flags": null, "width_rules": null}}, {"type": "Feature", "geometry": {"type": "LineString", "coordinates": [[16.7998511, 48.7969791], [16.8000497, 48.7970009], [16.8002535, 48.7969905], [16.8003864, 48.7969467], [16.8003893, 48.79686], [16.8001393, 48.7966306]]}, "properties": {"id": "b6237e1f-88ce-4486-a3f6-26339356a5ec", "names": null, "subtype": "road", "class": "track", "subclass": null, "road_surface": null, "road_flags": null, "width_rules": null}}, {"type": "Feature", "geometry": {"type": "LineString", "coordinates": [[16.8000734, 48.7957092], [16.8000013, 48.7957284], [16.7999225, 48.7957493], [16.7999583, 48.7958245], [16.7999839, 48.7958765], [16.8000111, 48.7959316], [16.800042, 48.7960019], [16.8000585, 48.7960726], [16.8000637, 48.7961576], [16.8000515, 48.7962875], [16.8000273, 48.7963941], [16.7999789, 48.7965304], [16.7997561, 48.7970186], [16.7996119, 48.7973404], [16.7995773, 48.7974282], [16.7995436, 48.7975331], [16.7995237, 48.7976414], [16.7995202, 48.7977133], [16.7995228, 48.7978278], [16.7995401, 48.7979818], [16.7995289, 48.7979949], [16.7995314, 48.7980057], [16.7995532, 48.7980806], [16.7995699, 48.798138], [16.7995734, 48.7981503], [16.7995856, 48.7981612], [16.7995931, 48.7981745], [16.7996742, 48.7983635], [16.7996999, 48.7984073], [16.7997805, 48.7985228], [16.7999503, 48.7987566], [16.799997, 48.7988149], [16.8000463, 48.7988655], [16.8000891, 48.7989085], [16.8001628, 48.7989871], [16.8002178, 48.7991156], [16.8003969, 48.7993178], [16.8005601, 48.799458], [16.8008368, 48.7997874], [16.8008693, 48.7998552]]}, "properties": {"id": "df97dee7-15c2-454e-be42-27d05e096057", "names": null, "subtype": "road", "class": "footway", "subclass": null, "road_surface": null, "road_flags": null, "width_rules": null}}, {"type": "Feature", "geometry": {"type": "LineString", "coordinates": [[16.7998063, 48.7982768], [16.7996419, 48.7980816]]}, "properties": {"id": "ee9ff545-8cbb-4247-8c2e-d1f04a05b3c2", "names": null, "subtype": "road", "class": "footway", "subclass": null, "road_surface": null, "road_flags": null, "width_rules": null}}, {"type": "Feature", "geometry": {"type": "LineString", "coordinates": [[16.7996419, 48.7980816], [16.7995532, 48.7980806], [16.799456, 48.7980794], [16.7992888, 48.7979885], [16.7988951, 48.7977745]]}, "properties": {"id": "b0ac79c8-0040-4edd-b7e8-079d6cf2c92d", "names": {"primary": "\u010cechova \u2161", "common": null, "rules": [{"variant": "common", "language": null, "perspectives": null, "value": "\u010cechova \u2161", "between": null, "side": null}, {"variant": "alternate", "language": null, "perspectives": null, "value": "\u010cechova II", "between": null, "side": null}]}, "subtype": "road", "class": "living_street", "subclass": null, "road_surface": [{"value": "paved", "between": null}], "road_flags": null, "width_rules": null}}, {"type": "Feature", "geometry": {"type": "LineString", "coordinates": [[16.7988951, 48.7977745], [16.797899, 48.7981216]]}, "properties": {"id": "c0a1babe-1e06-4ff7-aa67-b4f423ed822d", "names": {"primary": "Na Zahrad\u00e1ch", "common": null, "rules": [{"variant": "common", "language": null, "perspectives": null, "value": "Na Zahrad\u00e1ch", "between": null, "side": null}]}, "subtype": "road", "class": "living_street", "subclass": null, "road_surface": null, "road_flags": null, "width_rules": null}}, {"type": "Feature", "geometry": {"type": "LineString", "coordinates": [[16.7988951, 48.7977745], [16.7985961, 48.7976054], [16.7983185, 48.797468], [16.7978303, 48.7972821]]}, "properties": {"id": "4d29f905-274f-4a48-b345-35eaa5e21fcb", "names": {"primary": "\u010cechova \u2161", "common": null, "rules": [{"variant": "common", "language": null, "perspectives": null, "value": "\u010cechova \u2161", "between": null, "side": null}, {"variant": "alternate", "language": null, "perspectives": null, "value": "\u010cechova II", "between": null, "side": null}]}, "subtype": "road", "class": "living_street", "subclass": null, "road_surface": [{"value": "paved", "between": null}], "road_flags": null, "width_rules": null}}, {"type": "Feature", "geometry": {"type": "LineString", "coordinates": [[16.79768, 48.7970475], [16.7987893, 48.7966024]]}, "properties": {"id": "7b6025d8-5766-40c5-bc5b-4bd61e015a13", "names": null, "subtype": "road", "class": "track", "subclass": null, "road_surface": null, "road_flags": null, "width_rules": null}}, {"type": "Feature", "geometry": {"type": "LineString", "coordinates": [[16.797899, 48.7981216], [16.798459, 48.7988015]]}, "properties": {"id": "e7862dd3-1658-4997-bdc3-34086bfd6d3a", "names": {"primary": "Na Zahrad\u00e1ch", "common": null, "rules": [{"variant": "common", "language": null, "perspectives": null, "value": "Na Zahrad\u00e1ch", "between": null, "side": null}]}, "subtype": "road", "class": "living_street", "subclass": null, "road_surface": null, "road_flags": null, "width_rules": null}}, {"type": "Feature", "geometry": {"type": "LineString", "coordinates": [[16.798156, 48.7989244], [16.798459, 48.7988015]]}, "properties": {"id": "80e43cd0-b882-4d73-bd79-14678e7bf218", "names": {"primary": "Na Zahrad\u00e1ch", "common": null, "rules": [{"variant": "common", "language": null, "perspectives": null, "value": "Na Zahrad\u00e1ch", "between": null, "side": null}]}, "subtype": "road", "class": "living_street", "subclass": null, "road_surface": null, "road_flags": null, "width_rules": null}}, {"type": "Feature", "geometry": {"type": "LineString", "coordinates": [[16.7983435, 48.7996335], [16.7977278, 48.7988521], [16.7976996, 48.7987908], [16.7976565, 48.7987293], [16.7976088, 48.798671], [16.7975531, 48.7986056], [16.797497, 48.7985602], [16.797436, 48.7985287], [16.7973664, 48.7985006], [16.7973128, 48.798431], [16.7973008, 48.7983391]]}, "properties": {"id": "27bc0859-b47f-4e9d-9673-29a0664fa51e", "names": {"primary": "\u010cechova", "common": null, "rules": [{"variant": "common", "language": null, "perspectives": null, "value": "\u010cechova", "between": null, "side": null}]}, "subtype": "road", "class": "residential", "subclass": null, "road_surface": null, "road_flags": null, "width_rules": null}}, {"type": "Feature", "geometry": {"type": "LineString", "coordinates": [[16.7978296, 48.7999536], [16.7975978, 48.7998581]]}, "properties": {"id": "1f055997-efeb-446a-9627-f9dad2ed57af", "names": {"primary": "Mikulovsk\u00e1", "common": null, "rules": [{"variant": "common", "language": null, "perspectives": null, "value": "Mikulovsk\u00e1", "between": null, "side": null}]}, "subtype": "road", "class": "tertiary", "subclass": null, "road_surface": [{"value": "paved", "between": null}], "road_flags": null, "width_rules": null}}, {"type": "Feature", "geometry": {"type": "LineString", "coordinates": [[16.7983435, 48.7996335], [16.7982181, 48.7996634], [16.7977789, 48.7997474], [16.7976561, 48.7998001], [16.7975978, 48.7998581]]}, "properties": {"id": "82364c21-c1a7-4d04-87f7-e2831ce9726a", "names": {"primary": "\u010cechova", "common": null, "rules": [{"variant": "common", "language": null, "perspectives": null, "value": "\u010cechova", "between": null, "side": null}]}, "subtype": "road", "class": "residential", "subclass": null, "road_surface": [{"value": "paved", "between": null}], "road_flags": null, "width_rules": null}}, {"type": "Feature", "geometry": {"type": "LineString", "coordinates": [[16.7978296, 48.7999536], [16.7979254, 48.7999873], [16.7981276, 48.8000518], [16.7983852, 48.8001275], [16.7986236, 48.8001794], [16.7988557, 48.8002102], [16.7991409, 48.8002312], [16.7993585, 48.8002433]]}, "properties": {"id": "271ac15c-63b9-4298-b3a3-bf62378a925e", "names": {"primary": "Mikulovsk\u00e1", "common": null, "rules": [{"variant": "common", "language": null, "perspectives": null, "value": "Mikulovsk\u00e1", "between": null, "side": null}]}, "subtype": "road", "class": "tertiary", "subclass": null, "road_surface": [{"value": "paved", "between": null}], "road_flags": null, "width_rules": null}}, {"type": "Feature", "geometry": {"type": "LineString", "coordinates": [[16.798459, 48.7988015], [16.7987508, 48.7986832]]}, "properties": {"id": "671b3023-2795-4491-9871-150b418dfd8a", "names": {"primary": "Na Zahrad\u00e1ch", "common": null, "rules": [{"variant": "common", "language": null, "perspectives": null, "value": "Na Zahrad\u00e1ch", "between": null, "side": null}]}, "subtype": "road", "class": "living_street", "subclass": null, "road_surface": null, "road_flags": null, "width_rules": null}}, {"type": "Feature", "geometry": {"type": "LineString", "coordinates": [[16.8000217, 48.798878], [16.7995522, 48.7991779], [16.7993229, 48.7992946], [16.7991463, 48.7993675], [16.7987609, 48.7995105], [16.7983435, 48.7996335]]}, "properties": {"id": "71bf2809-fd55-474f-bf4b-7ce13fdf3ea9", "names": {"primary": "\u010cechova", "common": null, "rules": [{"variant": "common", "language": null, "perspectives": null, "value": "\u010cechova", "between": null, "side": null}]}, "subtype": "road", "class": "residential", "subclass": null, "road_surface": [{"value": "paved", "between": null}], "road_flags": null, "width_rules": null}}, {"type": "Feature", "geometry": {"type": "LineString", "coordinates": [[16.800146, 48.79875], [16.8002642, 48.7986985]]}, "properties": {"id": "015891b9-7157-41c7-aac3-9b16c0ff13da", "names": null, "subtype": "road", "class": "footway", "subclass": null, "road_surface": null, "road_flags": null, "width_rules": null}}, {"type": "Feature", "geometry": {"type": "LineString", "coordinates": [[16.799997, 48.7988149], [16.8000702, 48.7987843], [16.800146, 48.79875]]}, "properties": {"id": "6859a811-676e-4736-aede-3d15bf469513", "names": null, "subtype": "road", "class": "footway", "subclass": "crosswalk", "road_surface": null, "road_flags": null, "width_rules": null}}, {"type": "Feature", "geometry": {"type": "LineString", "coordinates": [[16.8010152, 48.7999165], [16.8009945, 48.7998881], [16.8009453, 48.7998226], [16.8008942, 48.7997503], [16.8008312, 48.7996769], [16.8007437, 48.7995728], [16.8006335, 48.7994419], [16.8000702, 48.7987843], [16.8000333, 48.7987418], [16.7999133, 48.7985884], [16.7998564, 48.7985127], [16.7998055, 48.7984369], [16.7997681, 48.7983739], [16.7997272, 48.7982978], [16.7996872, 48.7982113], [16.7996654, 48.798155], [16.7996419, 48.7980816]]}, "properties": {"id": "e80143f7-3e13-402f-8de8-57c1d021f713", "names": null, "subtype": "road", "class": "secondary", "subclass": null, "road_surface": [{"value": "paved", "between": null}], "road_flags": null, "width_rules": null}}, {"type": "Feature", "geometry": {"type": "LineString", "coordinates": [[16.8000217, 48.798878], [16.8000463, 48.7988655]]}, "properties": {"id": "c5819228-fc09-4556-b7a8-46ac4f6af28e", "names": null, "subtype": "road", "class": "footway", "subclass": null, "road_surface": null, "road_flags": null, "width_rules": null}}, {"type": "Feature", "geometry": {"type": "LineString", "coordinates": [[16.7995522, 48.7991779], [16.7996763, 48.7992998], [16.7999906, 48.7997234]]}, "properties": {"id": "17657c99-96e1-470f-941d-e6c45c957cd1", "names": null, "subtype": "road", "class": "service", "subclass": null, "road_surface": null, "road_flags": null, "width_rules": null}}, {"type": "Feature", "geometry": {"type": "LineString", "coordinates": [[16.7993585, 48.8002433], [16.799588, 48.8002411], [16.7997561, 48.8002312], [16.7998945, 48.8002214], [16.8001308, 48.8001934], [16.800431, 48.8001303], [16.8006417, 48.800077], [16.8007977, 48.8000372], [16.8008976, 48.8000118], [16.8009384, 48.8000015]]}, "properties": {"id": "65af49d3-8554-4e9d-b3c9-2ff685a4a002", "names": {"primary": "Mikulovsk\u00e1", "common": null, "rules": [{"variant": "common", "language": null, "perspectives": null, "value": "Mikulovsk\u00e1", "between": null, "side": null}]}, "subtype": "road", "class": "tertiary", "subclass": null, "road_surface": [{"value": "paved", "between": null}], "road_flags": null, "width_rules": null}}, {"type": "Feature", "geometry": {"type": "LineString", "coordinates": [[16.7987078, 48.7995608], [16.7984061, 48.799653], [16.7982166, 48.7996977], [16.798083, 48.7997256], [16.7979183, 48.7997562], [16.7978423, 48.7997736], [16.797812, 48.7997899], [16.7977869, 48.7998133], [16.7977783, 48.7998459], [16.7977805, 48.7998689], [16.7978044, 48.7998937], [16.7978445, 48.7999116], [16.7981918, 48.8000303], [16.7984236, 48.8000932], [16.7986177, 48.8001326], [16.7987957, 48.8001604], [16.7990227, 48.8001818], [16.799254, 48.8001958], [16.799391, 48.8001998], [16.7995365, 48.8001989], [16.7996577, 48.8001939], [16.7998433, 48.800179], [16.8000016, 48.8001612], [16.8001237, 48.8001419], [16.8002726, 48.8001168], [16.8004693, 48.8000724], [16.8007729, 48.7999998], [16.8008519, 48.7999653], [16.8008847, 48.7999113], [16.8008693, 48.7998552]]}, "properties": {"id": "75773746-4b13-4329-b627-4a7f5e8e5325", "names": null, "subtype": "road", "class": "footway", "subclass": "sidewalk", "road_surface": null, "road_flags": null, "width_rules": null}}, {"type": "Feature", "geometry": {"type": "LineString", "coordinates": [[16.8003756, 48.8009165], [16.7997039, 48.8005608], [16.7996067, 48.8005007], [16.7995045, 48.8004261], [16.7994344, 48.8003533], [16.7993911, 48.8002965], [16.7993585, 48.8002433]]}, "properties": {"id": "65ab64f0-c9cd-46c1-9d91-1ee1f5635c5d", "names": {"primary": "Poddo\u0161\u00ed", "common": null, "rules": [{"variant": "common", "language": null, "perspectives": null, "value": "Poddo\u0161\u00ed", "between": null, "side": null}]}, "subtype": "road", "class": "residential", "subclass": null, "road_surface": [{"value": "paved", "between": null}], "road_flags": null, "width_rules": null}}, {"type": "Feature", "geometry": {"type": "LineString", "coordinates": [[16.798663, 48.801205], [16.7990586, 48.8012969], [16.7993925, 48.8013676], [16.7996407, 48.8014568], [16.7998244, 48.8015239]]}, "properties": {"id": "9a3b2491-f69c-4535-83e5-0aabc6d47233", "names": null, "subtype": "road", "class": "footway", "subclass": null, "road_surface": null, "road_flags": null, "width_rules": null}}, {"type": "Feature", "geometry": {"type": "LineString", "coordinates": [[16.7947047, 48.7992974], [16.7947837, 48.7993307], [16.7948328, 48.799349], [16.7950802, 48.7994554], [16.7953429, 48.7995633], [16.7955379, 48.7996326], [16.7957715, 48.7997083], [16.7959814, 48.7997669], [16.7961876, 48.7998183], [16.7964019, 48.7998587], [16.7966113, 48.7998883], [16.7967992, 48.7999051], [16.7970705, 48.7999226], [16.7976888, 48.799949], [16.7978296, 48.7999536]]}, "properties": {"id": "dc3f8596-2a8f-4413-91ea-e5c30428ed73", "names": {"primary": "Mikulovsk\u00e1", "common": null, "rules": [{"variant": "common", "language": null, "perspectives": null, "value": "Mikulovsk\u00e1", "between": null, "side": null}]}, "subtype": "road", "class": "residential", "subclass": null, "road_surface": [{"value": "paved", "between": null}], "road_flags": null, "width_rules": null}}, {"type": "Feature", "geometry": {"type": "LineString", "coordinates": [[16.7975978, 48.7998581], [16.7973312, 48.7997515], [16.797143, 48.7996905], [16.7968425, 48.7996072], [16.795747, 48.7993634], [16.7954053, 48.799307], [16.7951868, 48.7992833], [16.7950369, 48.7992816], [16.7948665, 48.7992836], [16.7947047, 48.7992974]]}, "properties": {"id": "839d4986-a37d-4626-9eec-273cb86310d0", "names": {"primary": "Mikulovsk\u00e1", "common": null, "rules": [{"variant": "common", "language": null, "perspectives": null, "value": "Mikulovsk\u00e1", "between": null, "side": null}]}, "subtype": "road", "class": "tertiary", "subclass": null, "road_surface": [{"value": "paved", "between": null}], "road_flags": null, "width_rules": null}}, {"type": "Feature", "geometry": {"type": "LineString", "coordinates": [[16.7931296, 48.799297], [16.7931923, 48.7993861]]}, "properties": {"id": "ea1dcbad-60b9-413e-9bc1-50b3ea7aa14c", "names": {"primary": "Mikulovsk\u00e1", "common": null, "rules": [{"variant": "common", "language": null, "perspectives": null, "value": "Mikulovsk\u00e1", "between": null, "side": null}]}, "subtype": "road", "class": "tertiary", "subclass": null, "road_surface": [{"value": "paved", "between": null}], "road_flags": null, "width_rules": null}}, {"type": "Feature", "geometry": {"type": "LineString", "coordinates": [[16.7926635, 48.7995476], [16.7928653, 48.8000337], [16.7928183, 48.8000795], [16.7926566, 48.8001327]]}, "properties": {"id": "d595bed5-c966-4cef-b75e-4bdb6fd4e4aa", "names": {"primary": "Nejdeck\u00e1", "common": null, "rules": [{"variant": "common", "language": null, "perspectives": null, "value": "Nejdeck\u00e1", "between": null, "side": null}]}, "subtype": "road", "class": "service", "subclass": "driveway", "road_surface": null, "road_flags": null, "width_rules": null}}, {"type": "Feature", "geometry": {"type": "LineString", "coordinates": [[16.7922286, 48.7991376], [16.792581, 48.7991513], [16.7929136, 48.7992256], [16.7931296, 48.799297]]}, "properties": {"id": "b9f8d815-60ee-4ff4-8fcd-5d7cb38910b8", "names": {"primary": "Mikulovsk\u00e1", "common": null, "rules": [{"variant": "common", "language": null, "perspectives": null, "value": "Mikulovsk\u00e1", "between": null, "side": null}]}, "subtype": "road", "class": "tertiary", "subclass": null, "road_surface": [{"value": "paved", "between": null}], "road_flags": null, "width_rules": null}}, {"type": "Feature", "geometry": {"type": "LineString", "coordinates": [[16.7922286, 48.7991376], [16.7922209, 48.7990933], [16.7922123, 48.7990434], [16.7912599, 48.7979234], [16.7919251, 48.79769], [16.7931283, 48.7991325], [16.7931539, 48.79918], [16.7931591, 48.7992291], [16.7931296, 48.799297]]}, "properties": {"id": "0bbe543f-8b05-48cf-9852-3943a5c26cb0", "names": {"primary": "V\u00e1clavkova", "common": null, "rules": [{"variant": "common", "language": null, "perspectives": null, "value": "V\u00e1clavkova", "between": null, "side": null}]}, "subtype": "road", "class": "residential", "subclass": null, "road_surface": [{"value": "paved", "between": null}], "road_flags": null, "width_rules": null}}, {"type": "Feature", "geometry": {"type": "LineString", "coordinates": [[16.7931923, 48.7993861], [16.7934211, 48.7993688], [16.7937165, 48.7993648], [16.7947047, 48.7992974]]}, "properties": {"id": "0b17a0a9-82c7-45d0-b8a5-2ff3ca8b5882", "names": {"primary": "Mikulovsk\u00e1", "common": null, "rules": [{"variant": "common", "language": null, "perspectives": null, "value": "Mikulovsk\u00e1", "between": null, "side": null}]}, "subtype": "road", "class": "tertiary", "subclass": null, "road_surface": [{"value": "paved", "between": null}], "road_flags": null, "width_rules": null}}, {"type": "Feature", "geometry": {"type": "LineString", "coordinates": [[16.794729, 48.7997398], [16.7948328, 48.799349]]}, "properties": {"id": "4bccb492-1321-4745-89b0-8fe2970a97fc", "names": null, "subtype": "road", "class": "service", "subclass": null, "road_surface": null, "road_flags": null, "width_rules": null}}, {"type": "Feature", "geometry": {"type": "LineString", "coordinates": [[16.7949087, 48.7961046], [16.7942225, 48.7962859], [16.7939184, 48.7963765], [16.7936223, 48.7964742], [16.793344, 48.7965702], [16.7930523, 48.7966804], [16.7927378, 48.7968239], [16.7924502, 48.7969533]]}, "properties": {"id": "9ce81cbb-24cb-4469-affa-2b6ccbbf4181", "names": null, "subtype": "road", "class": "track", "subclass": null, "road_surface": [{"value": "gravel", "between": null}], "road_flags": null, "width_rules": null}}, {"type": "Feature", "geometry": {"type": "LineString", "coordinates": [[16.7927378, 48.7968239], [16.7927644, 48.7968538], [16.7934965, 48.7976809]]}, "properties": {"id": "66ecc7ea-595e-478d-8183-e90b7ef1fab5", "names": null, "subtype": "road", "class": "track", "subclass": null, "road_surface": [{"value": "unpaved", "between": null}], "road_flags": null, "width_rules": null}}, {"type": "Feature", "geometry": {"type": "LineString", "coordinates": [[16.7932219, 48.7978129], [16.7930475, 48.7976084], [16.7926566, 48.7971684], [16.7925004, 48.7969962], [16.7924502, 48.7969533]]}, "properties": {"id": "259b54a2-e599-47d8-acd2-829388aabdb3", "names": null, "subtype": "road", "class": "service", "subclass": null, "road_surface": [{"value": "gravel", "between": null}], "road_flags": null, "width_rules": null}}, {"type": "Feature", "geometry": {"type": "LineString", "coordinates": [[16.7924502, 48.7969533], [16.7916304, 48.7973226], [16.7914658, 48.797407], [16.7913934, 48.7974508], [16.7913187, 48.7975105], [16.7911998, 48.797638], [16.7909856, 48.7978613], [16.7909374, 48.7979244], [16.7909132, 48.7979711], [16.7909029, 48.7980317], [16.7909039, 48.7980915]]}, "properties": {"id": "d5a87d28-5201-43fd-9353-ebb1ef44ac4f", "names": null, "subtype": "road", "class": "service", "subclass": null, "road_surface": [{"value": "gravel", "between": null}], "road_flags": null, "width_rules": null}}, {"type": "Feature", "geometry": {"type": "LineString", "coordinates": [[16.7916304, 48.7973226], [16.7915777, 48.7972923], [16.7915368, 48.7972777], [16.7914761, 48.7972654], [16.7908469, 48.797177], [16.7901475, 48.7970801], [16.7894529, 48.7969724], [16.7887337, 48.796854], [16.7884453, 48.7967971], [16.7883005, 48.7967578], [16.7881803, 48.7967179], [16.7881056, 48.7966856], [16.7880775, 48.7966794], [16.7880402, 48.7966771], [16.788004, 48.7966848], [16.7879631, 48.7966986], [16.7877158, 48.7967916], [16.7876447, 48.7968101], [16.7875709, 48.7968305], [16.7875173, 48.7968543], [16.7874328, 48.7969047], [16.787253, 48.796993]]}, "properties": {"id": "deacf92c-b87e-46f4-b2ce-b9a23d52fc28", "names": null, "subtype": "road", "class": "track", "subclass": null, "road_surface": [{"value": "unpaved", "between": null}], "road_flags": null, "width_rules": null}}, {"type": "Feature", "geometry": {"type": "LineString", "coordinates": [[16.7901415, 48.7993749], [16.7885577, 48.7977343]]}, "properties": {"id": "4610cf5e-8e5f-4aff-b276-43ed5975fed7", "names": null, "subtype": "road", "class": "residential", "subclass": null, "road_surface": [{"value": "paved", "between": null}], "road_flags": null, "width_rules": null}}, {"type": "Feature", "geometry": {"type": "LineString", "coordinates": [[16.7902668, 48.7993566], [16.7902055, 48.7992598], [16.7901143, 48.7991697], [16.7898568, 48.7989118], [16.7896161, 48.7986549]]}, "properties": {"id": "d2419a1b-2c19-4294-93fe-3ebb2ecd3f5a", "names": null, "subtype": "road", "class": "unknown", "subclass": null, "road_surface": null, "road_flags": null, "width_rules": null}}, {"type": "Feature", "geometry": {"type": "LineString", "coordinates": [[16.7904066, 48.7998385], [16.7906336, 48.800171]]}, "properties": {"id": "2454627d-1983-4564-901b-3ad04750a8da", "names": null, "subtype": "road", "class": "service", "subclass": "driveway", "road_surface": [{"value": "paving_stones", "between": null}], "road_flags": null, "width_rules": null}}, {"type": "Feature", "geometry": {"type": "LineString", "coordinates": [[16.7909039, 48.7980915], [16.7909142, 48.7981851], [16.7909231, 48.7982186], [16.790943, 48.7982507], [16.7910488, 48.798364], [16.7916869, 48.7990295], [16.7917768, 48.7991262], [16.7917965, 48.7991754]]}, "properties": {"id": "570091ae-300e-435f-ad98-8d5b558c2b98", "names": null, "subtype": "road", "class": "residential", "subclass": null, "road_surface": [{"value": "gravel", "between": [0.0, 0.868300538]}, {"value": "paving_stones", "between": [0.868300538, 1.0]}], "road_flags": null, "width_rules": null}}, {"type": "Feature", "geometry": {"type": "LineString", "coordinates": [[16.7917965, 48.7991754], [16.7922286, 48.7991376]]}, "properties": {"id": "ed985054-8f1f-410c-a5e5-8ca2baeb02c2", "names": {"primary": "Mikulovsk\u00e1", "common": null, "rules": [{"variant": "common", "language": null, "perspectives": null, "value": "Mikulovsk\u00e1", "between": null, "side": null}]}, "subtype": "road", "class": "tertiary", "subclass": null, "road_surface": [{"value": "paved", "between": null}], "road_flags": null, "width_rules": null}}, {"type": "Feature", "geometry": {"type": "LineString", "coordinates": [[16.792106, 48.7997674], [16.792263, 48.8000338], [16.7922134, 48.8001072], [16.7918836, 48.8002324], [16.7918076, 48.8002613], [16.7913459, 48.8004031]]}, "properties": {"id": "645d9b45-39f4-45b6-8c4b-055b608ae7e8", "names": null, "subtype": "road", "class": "service", "subclass": null, "road_surface": null, "road_flags": null, "width_rules": null}}, {"type": "Feature", "geometry": {"type": "LineString", "coordinates": [[16.7901415, 48.7993749], [16.7902668, 48.7993566], [16.7909248, 48.7992607], [16.7917965, 48.7991754]]}, "properties": {"id": "c22db6d6-fd27-4662-a21d-dd61e45e99e2", "names": {"primary": "Mikulovsk\u00e1", "common": null, "rules": [{"variant": "common", "language": null, "perspectives": null, "value": "Mikulovsk\u00e1", "between": null, "side": null}]}, "subtype": "road", "class": "tertiary", "subclass": null, "road_surface": [{"value": "paved", "between": null}], "road_flags": null, "width_rules": null}}, {"type": "Feature", "geometry": {"type": "LineString", "coordinates": [[16.7909502, 48.7998571], [16.7910223, 48.7999671], [16.7910777, 48.8000517]]}, "properties": {"id": "fd79c3dc-fa4a-4275-8f8b-ed5bb56ce489", "names": null, "subtype": "road", "class": "service", "subclass": "parking_aisle", "road_surface": null, "road_flags": null, "width_rules": null}}, {"type": "Feature", "geometry": {"type": "LineString", "coordinates": [[16.7910439, 48.800246], [16.7917735, 48.8000787], [16.7918836, 48.8002324]]}, "properties": {"id": "a264ed95-24b8-46fb-9d82-74b2fd7ff78d", "names": null, "subtype": "road", "class": "service", "subclass": null, "road_surface": null, "road_flags": null, "width_rules": null}}, {"type": "Feature", "geometry": {"type": "LineString", "coordinates": [[16.7875585, 48.801075], [16.7878838, 48.8013683], [16.7885582, 48.8021744]]}, "properties": {"id": "583fc03a-a23a-4502-8f3c-26fa15de111a", "names": null, "subtype": "road", "class": "unknown", "subclass": null, "road_surface": null, "road_flags": null, "width_rules": null}}, {"type": "Feature", "geometry": {"type": "LineString", "coordinates": [[16.7835795, 48.802267], [16.7845648, 48.8019721], [16.7858117, 48.801599], [16.7875585, 48.801075], [16.78779, 48.8010051], [16.7899109, 48.800365], [16.7906336, 48.800171], [16.7910777, 48.8000517], [16.7915005, 48.7999382], [16.792106, 48.7997674], [16.7926635, 48.7995476], [16.7928976, 48.7994555], [16.7929692, 48.7994316], [16.7930438, 48.7994118], [16.7931172, 48.7993969], [16.7931923, 48.7993861]]}, "properties": {"id": "f922f7c9-beaf-48b2-acd3-3bc17287b51b", "names": {"primary": "Nejdeck\u00e1", "common": null, "rules": [{"variant": "common", "language": null, "perspectives": null, "value": "Nejdeck\u00e1", "between": null, "side": null}]}, "subtype": "road", "class": "residential", "subclass": null, "road_surface": [{"value": "paved", "between": null}], "road_flags": null, "width_rules": null}}, {"type": "Feature", "geometry": {"type": "LineString", "coordinates": [[16.7872263, 48.7975845], [16.7875992, 48.7979224], [16.789072, 48.79944], [16.7891708, 48.7995581]]}, "properties": {"id": "98bc35c5-21d7-4b82-95d2-2521018dad4b", "names": null, "subtype": "road", "class": "track", "subclass": null, "road_surface": null, "road_flags": null, "width_rules": null}}, {"type": "Feature", "geometry": {"type": "LineString", "coordinates": [[16.7874871, 48.8000108], [16.7871819, 48.8001187]]}, "properties": {"id": "159ff8e7-8498-435d-a6fc-1ada38864414", "names": null, "subtype": "road", "class": "unknown", "subclass": null, "road_surface": null, "road_flags": null, "width_rules": null}}, {"type": "Feature", "geometry": {"type": "LineString", "coordinates": [[16.787038, 48.799946], [16.7870764, 48.8000647], [16.7870338, 48.8001443], [16.7866951, 48.8002068]]}, "properties": {"id": "f288d206-954c-4bde-a222-95034bf255f3", "names": null, "subtype": "road", "class": "unknown", "subclass": null, "road_surface": null, "road_flags": null, "width_rules": null}}, {"type": "Feature", "geometry": {"type": "LineString", "coordinates": [[16.7867151, 48.8008499], [16.7873883, 48.8006786], [16.7874835, 48.8006803], [16.7875586, 48.8007104], [16.7876056, 48.8007598], [16.78779, 48.8010051]]}, "properties": {"id": "c5c73d95-7c23-4a2d-85f8-a2b99ba30e66", "names": null, "subtype": "road", "class": "service", "subclass": null, "road_surface": null, "road_flags": null, "width_rules": null}}, {"type": "Feature", "geometry": {"type": "LineString", "coordinates": [[16.7871819, 48.8001187], [16.7871595, 48.8001907], [16.7874835, 48.8006803], [16.7878752, 48.8005224], [16.7874871, 48.8000108]]}, "properties": {"id": "20be34a4-f1bc-413f-91b8-ccb9de31e903", "names": null, "subtype": "road", "class": "unknown", "subclass": null, "road_surface": null, "road_flags": null, "width_rules": null}}, {"type": "Feature", "geometry": {"type": "LineString", "coordinates": [[16.7857443, 48.7999232], [16.7857736, 48.8000125], [16.7861062, 48.8005461], [16.7864388, 48.8010195]]}, "properties": {"id": "70cc93ab-9e63-4ec7-9630-5aa813b80e85", "names": null, "subtype": "road", "class": "service", "subclass": null, "road_surface": null, "road_flags": null, "width_rules": null}}, {"type": "Feature", "geometry": {"type": "LineString", "coordinates": [[16.7852569, 48.8000827], [16.7853955, 48.800167], [16.7854434, 48.8002062], [16.7855356, 48.8003353], [16.7855555, 48.8003954], [16.7855164, 48.800504]]}, "properties": {"id": "8fde2b4e-a0b3-49c9-95d4-84c869c81674", "names": null, "subtype": "road", "class": "service", "subclass": null, "road_surface": [{"value": "paved", "between": null}], "road_flags": null, "width_rules": null}}, {"type": "Feature", "geometry": {"type": "LineString", "coordinates": [[16.7857013, 48.8014547], [16.7859937, 48.8013812], [16.7860349, 48.8013495], [16.7860663, 48.8013063], [16.7860767, 48.8012554], [16.7860579, 48.8011202], [16.7859918, 48.8009984], [16.7857186, 48.800656], [16.7855164, 48.800504], [16.7850122, 48.8006628]]}, "properties": {"id": "404a0ad4-132f-44e0-9c38-a18b3ae59578", "names": null, "subtype": "road", "class": "service", "subclass": null, "road_surface": null, "road_flags": null, "width_rules": null}}, {"type": "Feature", "geometry": {"type": "LineString", "coordinates": [[16.7845648, 48.8019721], [16.7842567, 48.801606]]}, "properties": {"id": "e0a749cb-cd5f-4efc-9111-1aea45141b6d", "names": null, "subtype": "road", "class": "unknown", "subclass": null, "road_surface": null, "road_flags": null, "width_rules": null}}, {"type": "Feature", "geometry": {"type": "LineString", "coordinates": [[16.7845105, 48.7998871], [16.7845302, 48.7999927], [16.7846277, 48.8001354], [16.7849356, 48.8005578], [16.7850122, 48.8006628], [16.7855123, 48.8013138], [16.7855753, 48.8013708], [16.7857013, 48.8014547], [16.7857538, 48.8015189], [16.7858117, 48.801599]]}, "properties": {"id": "8eb241e5-fcf2-402f-86a9-85ba5200682e", "names": null, "subtype": "road", "class": "service", "subclass": null, "road_surface": null, "road_flags": null, "width_rules": null}}, {"type": "Feature", "geometry": {"type": "LineString", "coordinates": [[16.7846277, 48.8001354], [16.7851594, 48.8001061], [16.7852569, 48.8000827], [16.7852609, 48.7999094]]}, "properties": {"id": "82e6e94f-8aac-460d-8d31-481da664e226", "names": null, "subtype": "road", "class": "service", "subclass": null, "road_surface": null, "road_flags": null, "width_rules": null}}, {"type": "Feature", "geometry": {"type": "LineString", "coordinates": [[16.7816322, 48.7998023], [16.7829679, 48.7998416], [16.7845105, 48.7998871], [16.7852609, 48.7999094], [16.7857443, 48.7999232], [16.7869243, 48.7999579], [16.787038, 48.799946], [16.7871676, 48.7999324], [16.7891708, 48.7995581], [16.7901415, 48.7993749]]}, "properties": {"id": "1ac273aa-8bed-4da0-b913-442e50e62f7e", "names": {"primary": "Mikulovsk\u00e1", "common": null, "rules": [{"variant": "common", "language": null, "perspectives": null, "value": "Mikulovsk\u00e1", "between": null, "side": null}]}, "subtype": "road", "class": "tertiary", "subclass": null, "road_surface": [{"value": "paved", "between": null}], "road_flags": null, "width_rules": null}}, {"type": "Feature", "geometry": {"type": "LineString", "coordinates": [[16.7871676, 48.7999324], [16.7872263, 48.7975845], [16.787253, 48.796993], [16.7872936, 48.7960907], [16.7873975, 48.7959498]]}, "properties": {"id": "5dd6d285-1448-4d80-bdba-a6c72a7eb546", "names": null, "subtype": "road", "class": "track", "subclass": null, "road_surface": null, "road_flags": null, "width_rules": null}}, {"type": "Feature", "geometry": {"type": "LineString", "coordinates": [[16.7840976, 48.7931709], [16.7861715, 48.7939421], [16.7871513, 48.7943698], [16.7880603, 48.7947509], [16.7886714, 48.7949894], [16.7895949, 48.7952486], [16.7904449, 48.7954819], [16.7917907, 48.7957618], [16.792617, 48.7959718]]}, "properties": {"id": "d9098679-e79a-4f54-b048-5e2c051c6d63", "names": null, "subtype": "road", "class": "track", "subclass": null, "road_surface": null, "road_flags": null, "width_rules": null}}, {"type": "Feature", "geometry": {"type": "LineString", "coordinates": [[16.7819583, 48.7908684], [16.7853173, 48.7922351], [16.7898827, 48.7940762], [16.7949087, 48.7961046]]}, "properties": {"id": "5f079443-05e1-4afe-8a4b-306ab84fbcc8", "names": null, "subtype": "road", "class": "track", "subclass": null, "road_surface": null, "road_flags": null, "width_rules": null}}, {"type": "Feature", "geometry": {"type": "LineString", "coordinates": [[16.7850202, 48.7887708], [16.7852575, 48.7890682], [16.7876682, 48.7902027], [16.7876682, 48.7903161], [16.7854297, 48.7920791], [16.7853173, 48.7922351], [16.7840976, 48.7931709], [16.7816914, 48.7950667], [16.7814022, 48.7952241], [16.781735, 48.7952512], [16.7873975, 48.7959498], [16.7926165, 48.7966141], [16.7930274, 48.7966669], [16.7930523, 48.7966804]]}, "properties": {"id": "f32b7b7f-d73c-4cc5-8216-c721e59c6d37", "names": null, "subtype": "road", "class": "track", "subclass": null, "road_surface": null, "road_flags": null, "width_rules": null}}, {"type": "Feature", "geometry": {"type": "LineString", "coordinates": [[16.7876682, 48.7902027], [16.7897788, 48.7913021], [16.7910448, 48.7919948], [16.7919484, 48.7924581]]}, "properties": {"id": "52cbb6c3-fb05-436f-816f-24a20c040f31", "names": null, "subtype": "road", "class": "track", "subclass": null, "road_surface": null, "road_flags": null, "width_rules": null}}, {"type": "Feature", "geometry": {"type": "LineString", "coordinates": [[16.795798, 48.7904033], [16.7938099, 48.791148], [16.7929155, 48.7917276], [16.7925883, 48.7920151], [16.7919484, 48.7924581], [16.7898827, 48.7940762], [16.7886714, 48.7949894], [16.7873975, 48.7959498]]}, "properties": {"id": "7ace2ab5-4430-4ce9-b537-502e3a2e4375", "names": null, "subtype": "road", "class": "track", "subclass": null, "road_surface": null, "road_flags": null, "width_rules": null}}, {"type": "Feature", "geometry": {"type": "LineString", "coordinates": [[16.7958634, 48.7842898], [16.7958004, 48.784459], [16.795613, 48.7844777], [16.7955636, 48.7844719], [16.7955261, 48.7845529], [16.7954738, 48.7845776], [16.7954175, 48.7846377], [16.7953997, 48.7847129], [16.7955015, 48.7849251], [16.7956849, 48.7853074], [16.7959959, 48.7859637], [16.7959586, 48.7860757], [16.7958715, 48.7861167], [16.7931421, 48.7870597]]}, "properties": {"id": "91427368-a0f8-486a-ab19-2aba4162e0ba", "names": {"primary": "Rybni\u010dn\u00ed z\u00e1me\u010dek", "common": null, "rules": [{"variant": "common", "language": null, "perspectives": null, "value": "Rybni\u010dn\u00ed z\u00e1me\u010dek", "between": [0.100840354, 0.146578114], "side": null}]}, "subtype": "road", "class": "unclassified", "subclass": null, "road_surface": [{"value": "gravel", "between": [0.0, 0.146578114]}, {"value": "paved", "between": [0.146578114, 1.0]}], "road_flags": null, "width_rules": null}}, {"type": "Feature", "geometry": {"type": "LineString", "coordinates": [[16.7937228, 48.7832749], [16.7940569, 48.7833933], [16.7942624, 48.7836764], [16.7949816, 48.7840456], [16.7956143, 48.7842661]]}, "properties": {"id": "76959194-8c77-4577-bcf3-f0a1922a4234", "names": null, "subtype": "road", "class": "path", "subclass": null, "road_surface": [{"value": "unpaved", "between": null}], "road_flags": null, "width_rules": null}}, {"type": "Feature", "geometry": {"type": "LineString", "coordinates": [[16.7792537, 48.785908], [16.7815439, 48.7859624], [16.783539, 48.7859391], [16.7850972, 48.7858458], [16.7866437, 48.7856902], [16.7869978, 48.7856824], [16.7872457, 48.7857213], [16.7877534, 48.7856747], [16.7885579, 48.7855699], [16.7892799, 48.7854312], [16.7893909, 48.785404], [16.7894933, 48.7853655], [16.7895604, 48.7853288], [16.7896234, 48.785279], [16.7896737, 48.7852113], [16.7897326, 48.785146], [16.7897965, 48.785099], [16.7898968, 48.7850419], [16.7900771, 48.7849596], [16.7901964, 48.7849097], [16.7903305, 48.7848604], [16.7904923, 48.7848118], [16.7906114, 48.7847717], [16.7907473, 48.7847216], [16.7908969, 48.7846768], [16.7910249, 48.7846485], [16.7911981, 48.7846133]]}, "properties": {"id": "f2df8e4e-e09d-444d-be10-b1afa2bd66c4", "names": null, "subtype": "road", "class": "track", "subclass": null, "road_surface": null, "road_flags": null, "width_rules": null}}, {"type": "Feature", "geometry": {"type": "LineString", "coordinates": [[16.7931421, 48.7870597], [16.7911981, 48.7846133], [16.7906294, 48.7838988], [16.7904921, 48.7837242], [16.7903577, 48.7835549], [16.7898163, 48.7828829], [16.7888579, 48.7816673], [16.787324, 48.7797229], [16.7873007, 48.7796956], [16.7857763, 48.7778014], [16.7852146, 48.7770996]]}, "properties": {"id": "0e3a25ec-8dec-4e4f-b35f-022c0b199220", "names": null, "subtype": "road", "class": "secondary", "subclass": null, "road_surface": [{"value": "paved", "between": null}], "road_flags": null, "width_rules": null}}, {"type": "Feature", "geometry": {"type": "LineString", "coordinates": [[16.7958634, 48.7842898], [16.796385, 48.7842262], [16.7965291, 48.7841933], [16.7967018, 48.7841619], [16.7973938, 48.7838968], [16.7978284, 48.7838332], [16.7979708, 48.7838041]]}, "properties": {"id": "882f22aa-f629-46b1-9aff-d8743942e4ff", "names": null, "subtype": "road", "class": "path", "subclass": null, "road_surface": [{"value": "dirt", "between": null}], "road_flags": null, "width_rules": null}}, {"type": "Feature", "geometry": {"type": "LineString", "coordinates": [[16.795639, 48.783305], [16.7957801, 48.7834692], [16.795734, 48.7838836], [16.7956976, 48.7841318], [16.7956143, 48.7842661], [16.7955636, 48.7844719]]}, "properties": {"id": "7f8b437f-ced8-458e-9187-fcd936d02bb1", "names": null, "subtype": "road", "class": "path", "subclass": null, "road_surface": [{"value": "unpaved", "between": null}], "road_flags": null, "width_rules": null}}, {"type": "Feature", "geometry": {"type": "LineString", "coordinates": [[16.7793915, 48.7879229], [16.7792537, 48.785908], [16.77282, 48.7858535]]}, "properties": {"id": "cca409ff-1856-43b1-b734-2a90a732e3a9", "names": null, "subtype": "road", "class": "track", "subclass": null, "road_surface": null, "road_flags": null, "width_rules": null}}, {"type": "Feature", "geometry": {"type": "LineString", "coordinates": [[16.7565892, 48.7883289], [16.7569316, 48.7887255], [16.7571559, 48.7889122], [16.7585724, 48.7897483], [16.7592861, 48.7901168], [16.761445, 48.7884703], [16.7639063, 48.7870897], [16.7646087, 48.7867358], [16.765691, 48.7861591], [16.7658356, 48.7861331], [16.7660884, 48.7861625], [16.770144, 48.7866358], [16.7719971, 48.7868228], [16.7732576, 48.7869768], [16.7793915, 48.7879229], [16.7811375, 48.7881922], [16.782165, 48.7883415], [16.7850202, 48.7887708], [16.7907107, 48.7879736], [16.7916824, 48.7877556], [16.7932513, 48.7872025]]}, "properties": {"id": "7c561085-69a9-42dc-a6e5-3254cedb91eb", "names": null, "subtype": "road", "class": "track", "subclass": null, "road_surface": null, "road_flags": null, "width_rules": null}}, {"type": "Feature", "geometry": {"type": "LineString", "coordinates": [[16.7813903, 48.795366], [16.7807332, 48.7955866], [16.7806626, 48.7956975], [16.7806246, 48.7964128], [16.7809124, 48.7965702], [16.7812608, 48.7967665]]}, "properties": {"id": "d2e43503-69c8-4be8-a324-fab99b5a2f47", "names": null, "subtype": "road", "class": "track", "subclass": null, "road_surface": null, "road_flags": null, "width_rules": null}}, {"type": "Feature", "geometry": {"type": "LineString", "coordinates": [[16.7829679, 48.7998416], [16.7830124, 48.7999149], [16.7831424, 48.8001291], [16.7833596, 48.8004471], [16.7837401, 48.8009013], [16.7842179, 48.8014718], [16.784277, 48.8015813]]}, "properties": {"id": "3f16088d-bae2-44d0-8654-e9c3d1434ebc", "names": null, "subtype": "road", "class": "service", "subclass": null, "road_surface": null, "road_flags": null, "width_rules": null}}, {"type": "Feature", "geometry": {"type": "LineString", "coordinates": [[16.784277, 48.8015813], [16.7842567, 48.801606], [16.7842072, 48.8016661], [16.7836815, 48.8018357], [16.7835098, 48.8018729], [16.7834575, 48.8018508], [16.7834079, 48.8018004], [16.783306, 48.80166], [16.7833328, 48.8016087], [16.7834575, 48.8015707], [16.7835461, 48.801531], [16.7835461, 48.8014921], [16.7834964, 48.8014206], [16.7833167, 48.801175], [16.7833301, 48.8011132], [16.7834267, 48.8010301], [16.7837401, 48.8009013]]}, "properties": {"id": "a609b0ab-a6cf-42c0-a5c0-056a6e74c532", "names": null, "subtype": "road", "class": "service", "subclass": null, "road_surface": null, "road_flags": null, "width_rules": null}}, {"type": "Feature", "geometry": {"type": "LineString", "coordinates": [[16.7835795, 48.802267], [16.7816322, 48.7998023]]}, "properties": {"id": "339210ee-3d6a-4ea7-ba05-658fd4ca80a3", "names": null, "subtype": "road", "class": "unclassified", "subclass": null, "road_surface": [{"value": "paved", "between": null}], "road_flags": null, "width_rules": null}}, {"type": "Feature", "geometry": {"type": "LineString", "coordinates": [[16.7810218, 48.7997724], [16.7812608, 48.7967665], [16.7813903, 48.795366], [16.7814022, 48.7952241], [16.7773577, 48.7947189], [16.7706756, 48.7939071], [16.764946, 48.793211], [16.7646745, 48.7931177], [16.7592861, 48.7901168], [16.7524397, 48.7953079]]}, "properties": {"id": "cf6abad7-2e89-4d01-80ef-1f52e1dd36ef", "names": null, "subtype": "road", "class": "track", "subclass": null, "road_surface": null, "road_flags": null, "width_rules": null}}, {"type": "Feature", "geometry": {"type": "LineString", "coordinates": [[16.7719327, 48.8088293], [16.7730009, 48.8082486], [16.7731233, 48.8081688], [16.7742347, 48.8074439], [16.7767695, 48.8055474], [16.7772979, 48.8051543], [16.77768, 48.8049331], [16.7788069, 48.8043828], [16.778938, 48.8043188], [16.7803781, 48.8036567], [16.7808589, 48.8033975], [16.7811831, 48.8030711], [16.7814774, 48.8028907], [16.7835795, 48.802267]]}, "properties": {"id": "a812ca29-ea59-4696-881a-9453299ad9ab", "names": null, "subtype": "road", "class": "tertiary", "subclass": null, "road_surface": [{"value": "paved", "between": null}], "road_flags": null, "width_rules": null}}, {"type": "Feature", "geometry": {"type": "LineString", "coordinates": [[16.7808589, 48.8033975], [16.7808871, 48.8036834], [16.7809305, 48.8040355], [16.7812857, 48.8046575], [16.7816409, 48.8051887], [16.7818498, 48.8057639], [16.7818838, 48.8058853], [16.7819005, 48.8059086], [16.7819452, 48.8059282], [16.7820177, 48.8059404], [16.7820772, 48.8059551], [16.7821702, 48.8059956], [16.7822521, 48.8060397], [16.7823618, 48.8061046], [16.7824511, 48.8061303], [16.7825534, 48.8061303], [16.782639, 48.8061156], [16.7826985, 48.8060838], [16.7827264, 48.8060544], [16.7827171, 48.8060127], [16.7824753, 48.8055484], [16.7822112, 48.8049885], [16.7821293, 48.8047961], [16.7820772, 48.8047202], [16.7820251, 48.8046565], [16.7819377, 48.8045793], [16.7818094, 48.8044531]]}, "properties": {"id": "86cca380-0f00-46c9-8a4a-0e233aa82c27", "names": null, "subtype": "road", "class": "track", "subclass": null, "road_surface": null, "road_flags": null, "width_rules": null}}, {"type": "Feature", "geometry": {"type": "LineString", "coordinates": [[16.7808871, 48.8036834], [16.7810057, 48.8036667], [16.7810851, 48.8036199], [16.7811603, 48.8034988], [16.7812397, 48.8034823], [16.7813066, 48.8035126], [16.7814319, 48.8037603]]}, "properties": {"id": "73d495e8-cdaa-4d6a-9bb7-810407218787", "names": null, "subtype": "road", "class": "track", "subclass": null, "road_surface": null, "road_flags": null, "width_rules": null}}, {"type": "Feature", "geometry": {"type": "LineString", "coordinates": [[16.7792608, 48.8071287], [16.7795557, 48.8071044], [16.7794402, 48.8062092], [16.7792065, 48.806142]]}, "properties": {"id": "f52881ff-e910-4368-b0dc-c405c3ad0201", "names": null, "subtype": "road", "class": "unknown", "subclass": null, "road_surface": null, "road_flags": null, "width_rules": null}}, {"type": "Feature", "geometry": {"type": "LineString", "coordinates": [[16.7788069, 48.8043828], [16.7788637, 48.8044495], [16.7789025, 48.8045229], [16.7789308, 48.8046191], [16.7789604, 48.8049338], [16.7791436, 48.8059576], [16.7791385, 48.8060739], [16.7790921, 48.8061411], [16.779048, 48.806198], [16.7790118, 48.8062404], [16.7789957, 48.8062766], [16.7789876, 48.8063578], [16.7789903, 48.8064276], [16.7790088, 48.8066921], [16.7790682, 48.8070793], [16.7790644, 48.8072587], [16.7791517, 48.8072526]]}, "properties": {"id": "19f5386c-26b3-42e5-a6ed-4b5e8e120c34", "names": null, "subtype": "road", "class": "unknown", "subclass": null, "road_surface": null, "road_flags": null, "width_rules": null}}, {"type": "Feature", "geometry": {"type": "LineString", "coordinates": [[16.7792608, 48.8071287], [16.7791517, 48.8072526]]}, "properties": {"id": "443a1cc2-8fee-4f70-a8c8-35f19ca18463", "names": null, "subtype": "road", "class": "unknown", "subclass": null, "road_surface": null, "road_flags": null, "width_rules": null}}, {"type": "Feature", "geometry": {"type": "LineString", "coordinates": [[16.7783339, 48.8110289], [16.7788446, 48.8109656], [16.7792385, 48.8108832], [16.7795219, 48.8107632], [16.7798531, 48.8104792]]}, "properties": {"id": "6a307bef-a063-4812-8cfd-3e3e07dc1f39", "names": null, "subtype": "road", "class": "track", "subclass": null, "road_surface": null, "road_flags": null, "width_rules": null}}, {"type": "Feature", "geometry": {"type": "LineString", "coordinates": [[16.7759312, 48.8155691], [16.7761657, 48.8156346], [16.7763706, 48.8156826], [16.7764735, 48.8156897], [16.7765627, 48.8156681], [16.7766632, 48.8156108], [16.7767505, 48.815564], [16.7768819, 48.8154933], [16.7770965, 48.8154015], [16.7772493, 48.8153467], [16.7773727, 48.815292], [16.7776168, 48.8152054], [16.7778904, 48.8151083], [16.7790035, 48.8147674], [16.779025, 48.8147533], [16.7790303, 48.8147374], [16.7790223, 48.8147179], [16.7787541, 48.814506], [16.7787112, 48.8144689], [16.7787031, 48.8144424], [16.7787165, 48.814423], [16.7787836, 48.8143806], [16.7789525, 48.8142729], [16.7791564, 48.8141192], [16.7792612, 48.8140397], [16.7793899, 48.8139019], [16.7796099, 48.8136529], [16.7797118, 48.8135098], [16.7798084, 48.8133402], [16.7799705, 48.8130302]]}, "properties": {"id": "00d156e2-449e-4eb1-8552-04113a2c5c11", "names": null, "subtype": "road", "class": "track", "subclass": null, "road_surface": null, "road_flags": null, "width_rules": null}}, {"type": "Feature", "geometry": {"type": "LineString", "coordinates": [[16.7764367, 48.8140679], [16.7766242, 48.814173], [16.7768328, 48.8142699], [16.7770072, 48.8143395], [16.7772994, 48.8144415], [16.7777663, 48.8138589], [16.7776337, 48.8138086]]}, "properties": {"id": "eb49ddcc-61bb-405f-980b-72cd21eb8da4", "names": null, "subtype": "road", "class": "service", "subclass": null, "road_surface": null, "road_flags": [{"values": ["is_bridge"], "between": [0.229126975, 0.322359669]}], "width_rules": null}}, {"type": "Feature", "geometry": {"type": "LineString", "coordinates": [[16.7762872, 48.8136209], [16.7765252, 48.8137912], [16.7765725, 48.81386], [16.7765632, 48.8139302], [16.7764973, 48.8140053], [16.7764367, 48.8140679], [16.7761263, 48.814324], [16.7760316, 48.8144243], [16.7759991, 48.8144931], [16.7759759, 48.8145882]]}, "properties": {"id": "bb711d13-b73f-4d86-8d2a-a5f562db0b45", "names": null, "subtype": "road", "class": "tertiary", "subclass": null, "road_surface": [{"value": "paved", "between": null}], "road_flags": null, "width_rules": null}}, {"type": "Feature", "geometry": {"type": "LineString", "coordinates": [[16.7754842, 48.8126585], [16.7756014, 48.8129503], [16.7758693, 48.8132888], [16.7762872, 48.8136209]]}, "properties": {"id": "87917da3-0b66-43cd-8e59-16f1eff5dbbf", "names": null, "subtype": "road", "class": "tertiary", "subclass": null, "road_surface": [{"value": "paved", "between": null}], "road_flags": null, "width_rules": null}}, {"type": "Feature", "geometry": {"type": "LineString", "coordinates": [[16.7754842, 48.8126585], [16.775683, 48.8127099], [16.7761207, 48.8131516], [16.7764392, 48.8134432], [16.7764595, 48.8135234], [16.7762872, 48.8136209]]}, "properties": {"id": "c963aea1-10c1-4677-a11b-6ecb69f2da21", "names": null, "subtype": "road", "class": "residential", "subclass": null, "road_surface": null, "road_flags": null, "width_rules": null}}, {"type": "Feature", "geometry": {"type": "LineString", "coordinates": [[16.7773535, 48.811158], [16.7775439, 48.8112027], [16.7776386, 48.8112536], [16.7781627, 48.8116114], [16.7782052, 48.8116497]]}, "properties": {"id": "64d200ee-05e6-4bed-954e-e11ff0a96661", "names": null, "subtype": "road", "class": "track", "subclass": null, "road_surface": null, "road_flags": null, "width_rules": null}}, {"type": "Feature", "geometry": {"type": "LineString", "coordinates": [[16.7761335, 48.8116841], [16.7766872, 48.8113914], [16.7769649, 48.8112488], [16.7773535, 48.811158], [16.7774825, 48.8111278], [16.7783339, 48.8110289], [16.7784174, 48.8111498], [16.7784842, 48.8115566], [16.7784842, 48.8119194], [16.7782504, 48.8124141]]}, "properties": {"id": "2ac03aa2-adb3-492a-89bb-bf69e6ccac2f", "names": null, "subtype": "road", "class": "service", "subclass": "driveway", "road_surface": null, "road_flags": null, "width_rules": null}}, {"type": "Feature", "geometry": {"type": "LineString", "coordinates": [[16.7742347, 48.8074439], [16.776414, 48.8092588], [16.777182, 48.8101053], [16.7772821, 48.8103912], [16.7771486, 48.8109189], [16.7769649, 48.8112488]]}, "properties": {"id": "c1faf200-8440-44b7-ad00-e294304ef973", "names": null, "subtype": "road", "class": "track", "subclass": null, "road_surface": [{"value": "dirt", "between": null}], "road_flags": null, "width_rules": null}}, {"type": "Feature", "geometry": {"type": "LineString", "coordinates": [[16.7752574, 48.8122668], [16.7753747, 48.8121795], [16.7761335, 48.8116841]]}, "properties": {"id": "1f585157-ddbc-4344-abc0-075f866bcc16", "names": null, "subtype": "road", "class": "residential", "subclass": null, "road_surface": null, "road_flags": null, "width_rules": null}}, {"type": "Feature", "geometry": {"type": "LineString", "coordinates": [[16.7766872, 48.8113914], [16.7763305, 48.8110069], [16.7740266, 48.8089619], [16.7731233, 48.8081688]]}, "properties": {"id": "e96acc51-cc92-4172-8b06-aecaa4e71d63", "names": null, "subtype": "road", "class": "track", "subclass": null, "road_surface": [{"value": "dirt", "between": null}], "road_flags": null, "width_rules": null}}, {"type": "Feature", "geometry": {"type": "LineString", "coordinates": [[16.777289, 48.8182306], [16.7773897, 48.8184422], [16.777482, 48.8186514], [16.77766, 48.8190788], [16.7777074, 48.8191873], [16.777745, 48.8192803]]}, "properties": {"id": "b5c119e1-3b59-4411-9f77-b16e109ac000", "names": null, "subtype": "road", "class": "track", "subclass": null, "road_surface": [{"value": "gravel", "between": null}], "road_flags": null, "width_rules": null}}, {"type": "Feature", "geometry": {"type": "LineString", "coordinates": [[16.777289, 48.8182306], [16.7771978, 48.8180807], [16.7771319, 48.8179996], [16.7767739, 48.8176222], [16.776419, 48.8171979], [16.7763298, 48.8170076], [16.7762634, 48.8168659], [16.7760959, 48.8161943], [16.7759312, 48.8155691]]}, "properties": {"id": "c6d314f4-2bf1-4bad-8aa0-8a2d98fc5c74", "names": null, "subtype": "road", "class": "track", "subclass": null, "road_surface": [{"value": "gravel", "between": null}], "road_flags": null, "width_rules": null}}, {"type": "Feature", "geometry": {"type": "LineString", "coordinates": [[16.7882288, 48.8187184], [16.7872525, 48.8185382], [16.7867912, 48.8183793], [16.7865528, 48.8182042], [16.7859543, 48.8177647], [16.7855842, 48.8174538], [16.7850424, 48.8168533], [16.7846454, 48.8163482], [16.7844791, 48.8161963], [16.7843182, 48.8161963], [16.7838568, 48.8163623], [16.7826981, 48.816931], [16.7811853, 48.8176587], [16.7794955, 48.8184428], [16.7789055, 48.8187395], [16.7781759, 48.8191104], [16.777745, 48.8192803]]}, "properties": {"id": "c59ea57d-dfe9-4e5f-9415-cde98aa65edc", "names": null, "subtype": "road", "class": "track", "subclass": null, "road_surface": [{"value": "unpaved", "between": null}], "road_flags": null, "width_rules": null}}, {"type": "Feature", "geometry": {"type": "LineString", "coordinates": [[16.7836315, 48.8204456], [16.7830092, 48.8202442], [16.7826391, 48.8201135], [16.7820705, 48.8199263], [16.7815662, 48.8198027], [16.7812604, 48.8197462], [16.7809761, 48.8197639], [16.7806489, 48.8198062], [16.7803646, 48.819838], [16.780091, 48.8199051], [16.779812, 48.8199511], [16.7794741, 48.8199475], [16.7793507, 48.8199016], [16.7781759, 48.8194001], [16.7778862, 48.819287], [16.777745, 48.8192803]]}, "properties": {"id": "c4c419a5-1a2a-49eb-acb4-a5ddae77f879", "names": null, "subtype": "road", "class": "track", "subclass": null, "road_surface": [{"value": "unpaved", "between": null}], "road_flags": null, "width_rules": null}}, {"type": "Feature", "geometry": {"type": "LineString", "coordinates": [[16.777745, 48.8192803], [16.7777169, 48.8194026], [16.777514, 48.8198034], [16.7760506, 48.8225292], [16.7758843, 48.8228106], [16.7757062, 48.8229592], [16.7755045, 48.8230374], [16.7749463, 48.8231625], [16.7746888, 48.8232836], [16.7742909, 48.8235936], [16.7737283, 48.8238268], [16.7733196, 48.8240417], [16.7731044, 48.8242541], [16.7729897, 48.8245893], [16.7728928, 48.8248774], [16.7726525, 48.8252432], [16.772043, 48.8259397], [16.7715697, 48.826426], [16.7714238, 48.8265336], [16.7713075, 48.826591]]}, "properties": {"id": "1a5d6354-cca4-40c0-ad86-91e122ecf85b", "names": null, "subtype": "road", "class": "track", "subclass": null, "road_surface": [{"value": "dirt", "between": [0.0, 0.972659566]}, {"value": "gravel", "between": [0.972659566, 1.0]}], "road_flags": null, "width_rules": null}}, {"type": "Feature", "geometry": {"type": "LineString", "coordinates": [[16.8026333, 48.8219221], [16.8026184, 48.8219432], [16.8025985, 48.8219803], [16.8025787, 48.8220343], [16.8025636, 48.8220923], [16.8025405, 48.8221704], [16.8025207, 48.8222506], [16.8024868, 48.822396], [16.8023446, 48.8230718], [16.8021549, 48.8239081], [16.8020236, 48.8249181], [16.8020338, 48.8252596], [16.8020928, 48.8255685]]}, "properties": {"id": "af96253a-8796-4e7d-8aaf-b95684a1b67c", "names": null, "subtype": "road", "class": "service", "subclass": null, "road_surface": null, "road_flags": null, "width_rules": null}}, {"type": "Feature", "geometry": {"type": "LineString", "coordinates": [[16.8090918, 48.8181631], [16.8088653, 48.8182929], [16.8085113, 48.8184227], [16.8082905, 48.8185081], [16.8079029, 48.8187032], [16.8075871, 48.8188148], [16.8074021, 48.8188825], [16.806642, 48.8191944], [16.8063659, 48.8193382], [16.8060918, 48.8194699], [16.8057193, 48.8196532], [16.8053833, 48.819856], [16.8050367, 48.8200652], [16.8046931, 48.8202971], [16.8042139, 48.8206148], [16.8039979, 48.8207555], [16.8035925, 48.8210758], [16.8031541, 48.8214367], [16.802769, 48.8217676], [16.8026894, 48.8218493], [16.802643, 48.8219072], [16.8026333, 48.8219221]]}, "properties": {"id": "e07faadc-0108-46e6-ac55-3a5fcd3b2316", "names": null, "subtype": "road", "class": "service", "subclass": null, "road_surface": null, "road_flags": null, "width_rules": null}}, {"type": "Feature", "geometry": {"type": "LineString", "coordinates": [[16.8025403, 48.8218722], [16.8025609, 48.8218844]]}, "properties": {"id": "1f0df8e9-e9c5-48ff-94a4-c190961807c9", "names": null, "subtype": "road", "class": "path", "subclass": null, "road_surface": [{"value": "unpaved", "between": null}], "road_flags": null, "width_rules": null}}, {"type": "Feature", "geometry": {"type": "LineString", "coordinates": [[16.8025609, 48.8218844], [16.8026333, 48.8219221]]}, "properties": {"id": "8685b83d-4329-4de3-b1df-37f3ea16c4f1", "names": null, "subtype": "road", "class": "footway", "subclass": null, "road_surface": [{"value": "paved", "between": null}], "road_flags": null, "width_rules": null}}, {"type": "Feature", "geometry": {"type": "LineString", "coordinates": [[16.7838028, 48.8308942], [16.7839071, 48.8308934], [16.7843491, 48.8308956], [16.7847074, 48.8308925], [16.7852559, 48.830874], [16.7858619, 48.8308161], [16.7864235, 48.8307313], [16.7869957, 48.8306398], [16.7879537, 48.8304096], [16.7886423, 48.8302076], [16.7892055, 48.8300055], [16.7899673, 48.8296665], [16.7904997, 48.8293645], [16.791071, 48.8289867], [16.7914653, 48.8287033], [16.7922565, 48.8280137], [16.7926911, 48.8276438], [16.7934045, 48.827032], [16.7939383, 48.8266382], [16.7941032, 48.8265278], [16.7945538, 48.8262753], [16.7949119, 48.8260811], [16.7953035, 48.8259151], [16.7966741, 48.8253774], [16.79757, 48.8250463], [16.7988762, 48.8245501], [16.7995937, 48.8242243], [16.7998593, 48.8240883], [16.8004856, 48.8237192], [16.8007672, 48.8235179], [16.8009697, 48.8233669], [16.8020023, 48.8224557], [16.8025403, 48.8218722], [16.8038303, 48.8207604], [16.8046913, 48.8201926], [16.8055657, 48.8196442], [16.8065621, 48.8191285], [16.807403, 48.8187691], [16.8081084, 48.8184945], [16.8088205, 48.8182323], [16.8090918, 48.8181631]]}, "properties": {"id": "ead4826d-b1b2-4174-a2aa-ae3b74a6fc2c", "names": null, "subtype": "road", "class": "track", "subclass": null, "road_surface": [{"value": "gravel", "between": null}], "road_flags": null, "width_rules": null}}, {"type": "Feature", "geometry": {"type": "LineString", "coordinates": [[16.77251, 48.82689], [16.7730725, 48.8272578], [16.7752541, 48.8276072], [16.7765987, 48.8278996], [16.7775369, 48.8281797], [16.7789629, 48.8286437], [16.780085, 48.8291162], [16.78116, 48.82943], [16.78229, 48.82974], [16.78387, 48.82994], [16.78531, 48.82992], [16.78677, 48.82972], [16.78809, 48.82936], [16.78929, 48.82884], [16.79007, 48.82836], [16.79113, 48.82746], [16.79197, 48.82674], [16.79283, 48.82606], [16.79372, 48.8255], [16.79476, 48.82502], [16.79591, 48.82461], [16.79719, 48.82409], [16.79836, 48.82364], [16.79946, 48.82308], [16.80036, 48.82242], [16.80118, 48.82164], [16.80198, 48.82089], [16.80288, 48.82021], [16.80381, 48.81954], [16.8048, 48.81889], [16.80592, 48.81832], [16.8064, 48.81813], [16.806971, 48.8177083], [16.8071365, 48.8175693]]}, "properties": {"id": "e88d762c-11d9-4510-912e-7c4ccbaac5e7", "names": null, "subtype": "road", "class": "track", "subclass": null, "road_surface": null, "road_flags": null, "width_rules": null}}, {"type": "Feature", "geometry": {"type": "LineString", "coordinates": [[16.7712048, 48.8267649], [16.7713306, 48.8267787], [16.77251, 48.82689], [16.77383, 48.82709], [16.77516, 48.82735], [16.77652, 48.82763], [16.77779, 48.82797], [16.77903, 48.8284], [16.7802, 48.82888], [16.7811683, 48.8292045], [16.7822885, 48.8295143], [16.783289, 48.8296537], [16.7838232, 48.8297281], [16.7852795, 48.8297576], [16.7866776, 48.8294866], [16.7881473, 48.8291234], [16.789133, 48.8286515], [16.7897933, 48.8282871], [16.7909341, 48.8273062], [16.7917419, 48.8265729], [16.7925386, 48.8258981], [16.7932875, 48.8254559], [16.7941076, 48.8250707], [16.795249, 48.824576], [16.7974405, 48.8237467], [16.7984263, 48.823378], [16.7990833, 48.8230709], [16.799912, 48.8224653], [16.8020762, 48.820407], [16.8030912, 48.8196895], [16.8032096, 48.8194763], [16.8033997, 48.8183786], [16.8036016, 48.8174571], [16.8038677, 48.8161821], [16.8040857, 48.8150642], [16.8042864, 48.8147658], [16.8045192, 48.8146367]]}, "properties": {"id": "8987fe95-e8e2-4c0d-a8e2-3d42f61d2f26", "names": null, "subtype": "road", "class": "track", "subclass": null, "road_surface": null, "road_flags": null, "width_rules": null}}, {"type": "Feature", "geometry": {"type": "LineString", "coordinates": [[16.7865528, 48.8182042], [16.7867089, 48.8181528], [16.7867953, 48.8179815], [16.7870708, 48.8174354], [16.7875735, 48.8167479]]}, "properties": {"id": "c3497907-6f7a-4516-bfbc-c32fa9efc1e5", "names": null, "subtype": "road", "class": "unknown", "subclass": null, "road_surface": null, "road_flags": null, "width_rules": null}}, {"type": "Feature", "geometry": {"type": "LineString", "coordinates": [[16.7843182, 48.8161963], [16.7856378, 48.814741], [16.786539, 48.8138331], [16.7867858, 48.8135117], [16.7873222, 48.8129994], [16.7876977, 48.812837], [16.7880357, 48.812784], [16.788658, 48.8127946], [16.7891783, 48.8127416], [16.789924, 48.8127204], [16.7903263, 48.8126921], [16.7922575, 48.8126038]]}, "properties": {"id": "a6a92a79-c9e9-4efc-bb54-d7a4f787fa18", "names": null, "subtype": "road", "class": "track", "subclass": null, "road_surface": [{"value": "unpaved", "between": null}], "road_flags": null, "width_rules": null}}, {"type": "Feature", "geometry": {"type": "LineString", "coordinates": [[16.7989345, 48.8025812], [16.7986905, 48.8026812], [16.7984631, 48.8027905], [16.7981087, 48.8029608], [16.79753, 48.8032388], [16.7972071, 48.803394], [16.796832, 48.8035574], [16.7965773, 48.8036854], [16.7965003, 48.8037097], [16.7963695, 48.8037273], [16.7962389, 48.803725], [16.7961116, 48.8037141], [16.7955588, 48.8036147], [16.7952237, 48.8035243], [16.7949758, 48.8034271], [16.7947948, 48.803372], [16.7946407, 48.8033478], [16.794185, 48.8033389], [16.7940241, 48.8033323], [16.7937897, 48.8033411], [16.7935518, 48.8033787], [16.7932469, 48.8034293], [16.7924192, 48.8036942], [16.791843, 48.8039545], [16.7915112, 48.8043563], [16.7913505, 48.8045085], [16.791172, 48.8047028], [16.7909048, 48.8048087], [16.7907562, 48.804847], [16.7905466, 48.8048636], [16.7901555, 48.8048557], [16.7897912, 48.8048786], [16.7894967, 48.8049203], [16.7888408, 48.8049123], [16.7880535, 48.8048527], [16.7879992, 48.8048535], [16.787581, 48.8048594], [16.7874103, 48.8048837], [16.7872862, 48.8049366], [16.7871523, 48.8050403], [16.7870999, 48.8050907], [16.7859451, 48.8062008], [16.7848371, 48.8073373], [16.7838436, 48.8083145], [16.7838147, 48.808343], [16.7834234, 48.8087297], [16.7832197, 48.8089226], [16.7829458, 48.8091448], [16.7826277, 48.8094005], [16.7826006, 48.8094223], [16.7823984, 48.8096412], [16.7822028, 48.8099312], [16.7821818, 48.8099727], [16.782105, 48.8101244], [16.7820202, 48.8102403], [16.7819257, 48.8103348], [16.7818083, 48.8104078], [16.7817317, 48.810449], [16.7816486, 48.8104937], [16.7808726, 48.8109102], [16.7807768, 48.8109659], [16.7799532, 48.8114448], [16.7795946, 48.8117798], [16.7795641, 48.81185], [16.7794968, 48.8120052], [16.7794609, 48.8122757], [16.7795848, 48.8125462], [16.779845, 48.8128377], [16.779901, 48.8129005], [16.7799705, 48.8130302], [16.7801391, 48.8133449], [16.7801724, 48.8134274], [16.7803704, 48.8139182], [16.780373, 48.8140172], [16.7803836, 48.814412], [16.7803216, 48.8147618], [16.7801293, 48.8151076], [16.78009, 48.8151549], [16.7798352, 48.8154585], [16.7796662, 48.8157275], [16.7795437, 48.8158515], [16.7793172, 48.816038], [16.7788287, 48.8163436], [16.7785845, 48.8165017], [16.7784831, 48.8166688], [16.7784831, 48.8169284], [16.7785196, 48.8170091], [16.7785734, 48.8171096], [16.7785914, 48.8171681], [16.7785958, 48.8172475], [16.7785783, 48.8173395], [16.7785488, 48.8173993], [16.7784718, 48.817496], [16.7781055, 48.8177667], [16.7775766, 48.8180914], [16.777532, 48.8181166], [16.7774751, 48.8181489], [16.777289, 48.8182306]]}, "properties": {"id": "cdf0327c-c9da-432f-8970-9ceae9b4e1b1", "names": null, "subtype": "road", "class": "track", "subclass": null, "road_surface": [{"value": "paved", "between": null}], "road_flags": [{"values": ["is_bridge"], "between": [0.935787691, 0.940104303]}], "width_rules": null}}, {"type": "Feature", "geometry": {"type": "LineString", "coordinates": [[16.7993413, 48.8028134], [16.7993504, 48.8027017], [16.7993356, 48.8026036], [16.7993194, 48.8025187]]}, "properties": {"id": "e96f9f1b-51aa-44f1-aafb-0cec4a271be0", "names": null, "subtype": "road", "class": "unknown", "subclass": null, "road_surface": null, "road_flags": null, "width_rules": null}}, {"type": "Feature", "geometry": {"type": "LineString", "coordinates": [[16.800081, 48.8025888], [16.7999846, 48.8026876], [16.8000091, 48.8034116]]}, "properties": {"id": "7fcf0f9a-570e-4652-89f4-d8c95a924373", "names": null, "subtype": "road", "class": "service", "subclass": null, "road_surface": [{"value": "unpaved", "between": null}], "road_flags": null, "width_rules": null}}, {"type": "Feature", "geometry": {"type": "LineString", "coordinates": [[16.7998121, 48.8031925], [16.7998035, 48.802939], [16.7997951, 48.8026903], [16.7999846, 48.8026876], [16.8002113, 48.8026842], [16.8004337, 48.802681], [16.8004743, 48.8038798]]}, "properties": {"id": "b81a1235-2d31-427b-8fe2-98ec24d032a6", "names": null, "subtype": "road", "class": "service", "subclass": null, "road_surface": [{"value": "unpaved", "between": null}], "road_flags": null, "width_rules": null}}, {"type": "Feature", "geometry": {"type": "LineString", "coordinates": [[16.8002113, 48.8026842], [16.8002448, 48.8036757]]}, "properties": {"id": "1af12398-dd0a-4236-982c-26899204733a", "names": null, "subtype": "road", "class": "service", "subclass": "parking_aisle", "road_surface": [{"value": "unpaved", "between": null}], "road_flags": null, "width_rules": null}}, {"type": "Feature", "geometry": {"type": "LineString", "coordinates": [[16.7994972, 48.8029593], [16.7998035, 48.802939]]}, "properties": {"id": "25d20f92-2163-4c9f-bb77-d57fa8157ab6", "names": null, "subtype": "road", "class": "service", "subclass": null, "road_surface": [{"value": "unpaved", "between": null}], "road_flags": null, "width_rules": null}}, {"type": "Feature", "geometry": {"type": "LineString", "coordinates": [[16.7989345, 48.8025812], [16.7990213, 48.8026812], [16.7991569, 48.8027491], [16.7993413, 48.8028134], [16.7994227, 48.8028741], [16.7994972, 48.8029593], [16.799683, 48.8032171], [16.800117, 48.8036708], [16.8002417, 48.8038279], [16.8004315, 48.8041566], [16.8005237, 48.8044531], [16.8005726, 48.8048889], [16.800616, 48.8051676], [16.8005617, 48.8054748], [16.8004315, 48.8057534], [16.8003827, 48.8058249], [16.8001929, 48.8059642], [16.7999015, 48.8061467], [16.7997137, 48.8062633], [16.7996547, 48.8064505], [16.7996976, 48.8066731]]}, "properties": {"id": "eab4823e-52ee-465b-a4bf-e6cf7da4343d", "names": null, "subtype": "road", "class": "service", "subclass": null, "road_surface": [{"value": "dirt", "between": null}], "road_flags": null, "width_rules": null}}, {"type": "Feature", "geometry": {"type": "LineString", "coordinates": [[16.798956, 48.8147958], [16.7989938, 48.8148409], [16.7990023, 48.8148483]]}, "properties": {"id": "a62b372c-4482-42bd-a094-8476e223b87d", "names": null, "subtype": "road", "class": "path", "subclass": null, "road_surface": [{"value": "dirt", "between": null}], "road_flags": null, "width_rules": null}}, {"type": "Feature", "geometry": {"type": "LineString", "coordinates": [[16.7989938, 48.8148409], [16.7992202, 48.814809], [16.7995381, 48.8147538], [16.7997124, 48.8147189], [16.799771, 48.8146724], [16.7998133, 48.8146454]]}, "properties": {"id": "b8c5227f-0757-4adb-972d-211451fadee0", "names": null, "subtype": "road", "class": "path", "subclass": null, "road_surface": [{"value": "dirt", "between": [0.0, 0.934154783]}], "road_flags": [{"values": ["is_bridge"], "between": [0.934154783, 1.0]}], "width_rules": null}}, {"type": "Feature", "geometry": {"type": "LineString", "coordinates": [[16.8033156, 48.8141986], [16.8028432, 48.8142637], [16.8019031, 48.8144262], [16.8014471, 48.8145313], [16.8006679, 48.8147008], [16.8002039, 48.8147944], [16.7995441, 48.8149437], [16.799241, 48.8150373], [16.7991552, 48.8150435], [16.7990415, 48.8149329], [16.7990023, 48.8148483]]}, "properties": {"id": "028b25ae-7d4c-41bf-b794-131a697a115f", "names": null, "subtype": "road", "class": "path", "subclass": null, "road_surface": [{"value": "unpaved", "between": [0.0, 0.971489892]}, {"value": "dirt", "between": [0.971489892, 1.0]}], "road_flags": [{"values": ["is_bridge"], "between": [0.971489892, 1.0]}], "width_rules": null}}, {"type": "Feature", "geometry": {"type": "LineString", "coordinates": [[16.8034001, 48.8138003], [16.8033206, 48.8137965], [16.8032804, 48.8138566], [16.8030953, 48.8139722], [16.8027614, 48.8140923], [16.802347, 48.8141789], [16.8018776, 48.8142734], [16.8013278, 48.8143935], [16.8009777, 48.8144491], [16.8007524, 48.8144686], [16.8006492, 48.814427], [16.8004815, 48.8143661], [16.8003857, 48.8143555], [16.8001395, 48.8143855], [16.8000966, 48.8144244], [16.8001215, 48.8144827], [16.8000215, 48.8145405], [16.7998794, 48.814598], [16.7998133, 48.8146454]]}, "properties": {"id": "6eea7497-d40e-4c1c-a3c7-b2c7a0d7fe31", "names": null, "subtype": "road", "class": "path", "subclass": null, "road_surface": [{"value": "unpaved", "between": null}], "road_flags": null, "width_rules": null}}, {"type": "Feature", "geometry": {"type": "LineString", "coordinates": [[16.8045035, 48.813398], [16.8042697, 48.8135262], [16.8040273, 48.8136726], [16.8038893, 48.8137404], [16.8036747, 48.8137269], [16.8034986, 48.8137027], [16.8034001, 48.8138003], [16.8033415, 48.8138726], [16.80329, 48.8139717], [16.8032797, 48.8140099], [16.8032786, 48.8140521], [16.8032995, 48.8141434], [16.8033156, 48.8141986], [16.8033252, 48.8142405]]}, "properties": {"id": "a0d05eb7-dcdf-4cd9-9c60-7432aa159630", "names": null, "subtype": "road", "class": "track", "subclass": null, "road_surface": [{"value": "gravel", "between": null}], "road_flags": [{"values": ["is_bridge"], "between": [0.86046166, 0.927950138]}], "width_rules": null}}, {"type": "Feature", "geometry": {"type": "LineString", "coordinates": [[16.8056286, 48.8117189], [16.8057454, 48.8116928], [16.8057749, 48.8116628], [16.8057732, 48.8116141]]}, "properties": {"id": "d40997ff-9f71-4b70-bbf9-0a8a014b6836", "names": null, "subtype": "road", "class": "path", "subclass": null, "road_surface": null, "road_flags": null, "width_rules": null}}, {"type": "Feature", "geometry": {"type": "LineString", "coordinates": [[16.8047449, 48.8112846], [16.8048754, 48.8112931], [16.8049896, 48.8112978]]}, "properties": {"id": "2a77ab26-4b0c-4d04-a440-08f3ae152918", "names": null, "subtype": "road", "class": "track", "subclass": null, "road_surface": [{"value": "gravel", "between": null}], "road_flags": null, "width_rules": null}}, {"type": "Feature", "geometry": {"type": "LineString", "coordinates": [[16.8056286, 48.8117189], [16.8053716, 48.8116647], [16.8052234, 48.8116096], [16.8051541, 48.8115667], [16.805103, 48.8115099], [16.8050425, 48.8114215], [16.8049896, 48.8112978], [16.805002, 48.8111893], [16.8050437, 48.8109016], [16.80518, 48.81002], [16.8052, 48.80954], [16.80518, 48.80917], [16.80469, 48.8079], [16.80453, 48.80745], [16.80462, 48.80719], [16.80499, 48.80678], [16.80509, 48.80644], [16.805, 48.80625], [16.80485, 48.80601], [16.80489, 48.80569], [16.8050533, 48.8052528], [16.8051196, 48.8048862], [16.8051251, 48.8047996], [16.8049, 48.80432], [16.8048817, 48.8040679]]}, "properties": {"id": "672fd108-9793-4bf0-99c2-f5a2983c0035", "names": null, "subtype": "road", "class": "track", "subclass": null, "road_surface": [{"value": "unpaved", "between": null}], "road_flags": null, "width_rules": null}}, {"type": "Feature", "geometry": {"type": "LineString", "coordinates": [[16.8046164, 48.8055287], [16.8043293, 48.8055127]]}, "properties": {"id": "f23ed777-3e2e-4b71-a28e-72c0a2b4339e", "names": null, "subtype": "road", "class": "service", "subclass": "driveway", "road_surface": null, "road_flags": null, "width_rules": null}}, {"type": "Feature", "geometry": {"type": "LineString", "coordinates": [[16.8039996, 48.8068692], [16.8037041, 48.8068455], [16.8035104, 48.8068299], [16.8029195, 48.806919], [16.8029859, 48.8071441], [16.8030263, 48.8073176]]}, "properties": {"id": "45f75afd-442a-471c-b03d-c860bc900137", "names": null, "subtype": "road", "class": "service", "subclass": null, "road_surface": null, "road_flags": null, "width_rules": null}}, {"type": "Feature", "geometry": {"type": "LineString", "coordinates": [[16.8037041, 48.8068455], [16.8035697, 48.8070237], [16.8036243, 48.8073613], [16.803489, 48.8074473], [16.8034701, 48.8075645]]}, "properties": {"id": "1292b1ad-6c63-430d-ab5f-7908ad684950", "names": null, "subtype": "road", "class": "service", "subclass": null, "road_surface": null, "road_flags": null, "width_rules": null}}, {"type": "Feature", "geometry": {"type": "LineString", "coordinates": [[16.8041816, 48.8033749], [16.8043029, 48.8035953], [16.8043613, 48.8036945], [16.8045333, 48.8040462], [16.8045769, 48.8041537], [16.8046895, 48.804444], [16.8047191, 48.8045981], [16.8047434, 48.8047247], [16.8047469, 48.8048008], [16.8047505, 48.804878], [16.8047465, 48.8050443], [16.8047311, 48.8051903], [16.8046658, 48.805428], [16.8046164, 48.8055287], [16.8040764, 48.8066453], [16.8040405, 48.8067338], [16.8039996, 48.8068692], [16.8039957, 48.8069724], [16.8040027, 48.807117], [16.8040337, 48.8072435], [16.8040651, 48.8073694], [16.8042513, 48.8078881], [16.8043251, 48.8080936], [16.8045091, 48.8085836], [16.804765, 48.809411], [16.8048452, 48.8099904], [16.8048319, 48.8104934], [16.8047449, 48.8112846], [16.8045107, 48.8133185], [16.8045035, 48.813398], [16.8044904, 48.813542], [16.8044744, 48.8140971]]}, "properties": {"id": "feb79451-039d-487f-8f37-905103ddc093", "names": {"primary": "21. dubna", "common": null, "rules": [{"variant": "common", "language": null, "perspectives": null, "value": "21. dubna", "between": [0.0, 0.446001202], "side": null}]}, "subtype": "road", "class": "secondary", "subclass": null, "road_surface": [{"value": "paved", "between": null}], "road_flags": [{"values": ["is_bridge"], "between": [0.949132611, 1.0]}], "width_rules": null}}, {"type": "Feature", "geometry": {"type": "LineString", "coordinates": [[16.802573, 48.8083974], [16.8024528, 48.8079048], [16.8024896, 48.8078046], [16.8026662, 48.8077723], [16.8029727, 48.8077497], [16.803213, 48.8077077], [16.8034043, 48.8076221], [16.8034701, 48.8075645]]}, "properties": {"id": "b84c4e78-82ad-42f6-a5f8-05d38353b086", "names": null, "subtype": "road", "class": "track", "subclass": null, "road_surface": null, "road_flags": null, "width_rules": null}}, {"type": "Feature", "geometry": {"type": "LineString", "coordinates": [[16.8018375, 48.8065091], [16.8017945, 48.806858], [16.8019061, 48.8068971], [16.8020793, 48.8069049], [16.8021932, 48.8068502], [16.8022333, 48.8065332]]}, "properties": {"id": "bb52ddb4-6044-4f8c-b86d-152ed80d3f8c", "names": null, "subtype": "road", "class": "service", "subclass": null, "road_surface": null, "road_flags": null, "width_rules": null}}, {"type": "Feature", "geometry": {"type": "LineString", "coordinates": [[16.8021932, 48.8068502], [16.8023404, 48.8069268], [16.8023285, 48.8070737]]}, "properties": {"id": "df89e4f1-9e75-4591-a0af-a7297af9832f", "names": null, "subtype": "road", "class": "service", "subclass": null, "road_surface": null, "road_flags": null, "width_rules": null}}, {"type": "Feature", "geometry": {"type": "LineString", "coordinates": [[16.8040764, 48.8066453], [16.8026135, 48.8065563], [16.8022333, 48.8065332], [16.8018375, 48.8065091], [16.8016379, 48.806497]]}, "properties": {"id": "c6f546d0-e49e-41a1-9c1d-296464c768a3", "names": null, "subtype": "road", "class": "service", "subclass": null, "road_surface": null, "road_flags": null, "width_rules": null}}, {"type": "Feature", "geometry": {"type": "LineString", "coordinates": [[16.8026135, 48.8065563], [16.8026063, 48.806244], [16.8027238, 48.8055109], [16.8028132, 48.8048619], [16.8027545, 48.8040984], [16.8026399, 48.8038679], [16.8025168, 48.8037352], [16.8024701, 48.8036368]]}, "properties": {"id": "e840973d-136e-4f0e-8980-218297b47790", "names": null, "subtype": "road", "class": "track", "subclass": null, "road_surface": null, "road_flags": [{"values": ["is_bridge"], "between": [0.912790107, 0.965251747]}], "width_rules": null}}, {"type": "Feature", "geometry": {"type": "LineString", "coordinates": [[16.8018373, 48.8032693], [16.8015657, 48.8032711]]}, "properties": {"id": "5352d02b-ea13-41d3-8ce5-7e0e4a72c6c3", "names": null, "subtype": "road", "class": "service", "subclass": "driveway", "road_surface": null, "road_flags": null, "width_rules": null}}, {"type": "Feature", "geometry": {"type": "LineString", "coordinates": [[16.8014814, 48.8027993], [16.8016091, 48.8028007], [16.8016525, 48.8027886], [16.8018873, 48.8027935], [16.8020187, 48.8027962]]}, "properties": {"id": "f95f1b42-d2a8-4dc6-9e0b-99fe153bccd3", "names": null, "subtype": "road", "class": "service", "subclass": null, "road_surface": null, "road_flags": null, "width_rules": null}}, {"type": "Feature", "geometry": {"type": "LineString", "coordinates": [[16.8015619, 48.8026312], [16.8014814, 48.8027993], [16.8014067, 48.8029556], [16.8012515, 48.802953], [16.8012835, 48.8026636], [16.8012872, 48.8026306], [16.8013836, 48.8026115], [16.8015608, 48.8026058]]}, "properties": {"id": "5e3b7e2e-728c-442e-a9ba-9ed8704434de", "names": null, "subtype": "road", "class": "service", "subclass": "driveway", "road_surface": null, "road_flags": null, "width_rules": null}}, {"type": "Feature", "geometry": {"type": "LineString", "coordinates": [[16.8010249, 48.8025227], [16.8009764, 48.8024585], [16.8008718, 48.8023004], [16.8007605, 48.8021255], [16.8006827, 48.802053], [16.8005499, 48.8019356], [16.8003783, 48.8018296], [16.8002509, 48.8017686], [16.8000846, 48.8016776], [16.7999142, 48.8015875], [16.7998244, 48.8015239]]}, "properties": {"id": "9511286e-8063-42a8-9055-447c1a1469c2", "names": null, "subtype": "road", "class": "track", "subclass": null, "road_surface": [{"value": "paved", "between": null}], "road_flags": null, "width_rules": null}}, {"type": "Feature", "geometry": {"type": "LineString", "coordinates": [[16.8009193, 48.8022287], [16.8007484, 48.8019996], [16.8002367, 48.8015971]]}, "properties": {"id": "c3d03cb8-2e53-4c01-ae9f-680be63a4bed", "names": null, "subtype": "road", "class": "service", "subclass": null, "road_surface": null, "road_flags": null, "width_rules": null}}, {"type": "Feature", "geometry": {"type": "LineString", "coordinates": [[16.8011658, 48.8025192], [16.8010955, 48.8024476], [16.8010372, 48.8023881]]}, "properties": {"id": "30f9839e-e90b-4edf-889c-75444c37a592", "names": null, "subtype": "road", "class": "service", "subclass": null, "road_surface": [{"value": "paving_stones", "between": null}], "road_flags": null, "width_rules": null}}, {"type": "Feature", "geometry": {"type": "LineString", "coordinates": [[16.8012835, 48.8026636], [16.8010048, 48.8026629]]}, "properties": {"id": "ae220ade-c7f2-407b-9b07-f6975457d1d4", "names": null, "subtype": "road", "class": "service", "subclass": "driveway", "road_surface": null, "road_flags": null, "width_rules": null}}, {"type": "Feature", "geometry": {"type": "LineString", "coordinates": [[16.8015562, 48.8024938], [16.8015586, 48.8025513], [16.8015608, 48.8026058], [16.8015619, 48.8026312], [16.8019088, 48.8026337], [16.8018873, 48.8027935], [16.8018626, 48.8029765]]}, "properties": {"id": "bb8bd6ee-4035-49aa-bb7f-9ca4629952a2", "names": null, "subtype": "road", "class": "service", "subclass": "driveway", "road_surface": null, "road_flags": null, "width_rules": null}}, {"type": "Feature", "geometry": {"type": "LineString", "coordinates": [[16.8015586, 48.8025513], [16.8019821, 48.802333], [16.8019496, 48.8023079]]}, "properties": {"id": "c344e654-bdf9-4c45-81a1-004c61a03504", "names": null, "subtype": "road", "class": "footway", "subclass": "sidewalk", "road_surface": null, "road_flags": null, "width_rules": null}}, {"type": "Feature", "geometry": {"type": "LineString", "coordinates": [[16.8021028, 48.802069], [16.8020399, 48.8021462], [16.8014626, 48.8024477], [16.8013734, 48.8024656], [16.8012987, 48.8024668], [16.801212, 48.8024153], [16.8011725, 48.8023919], [16.8011269, 48.8023426]]}, "properties": {"id": "6718dd1c-fc42-4bda-885f-3803ce079a19", "names": null, "subtype": "road", "class": "service", "subclass": "parking_aisle", "road_surface": [{"value": "paved", "between": null}], "road_flags": null, "width_rules": null}}, {"type": "Feature", "geometry": {"type": "LineString", "coordinates": [[16.8019807, 48.8020273], [16.801212, 48.8024153]]}, "properties": {"id": "b7b2ed25-66f6-49ad-a8fc-4e68b5d083ab", "names": null, "subtype": "road", "class": "service", "subclass": "parking_aisle", "road_surface": [{"value": "paved", "between": null}], "road_flags": null, "width_rules": null}}, {"type": "Feature", "geometry": {"type": "LineString", "coordinates": [[16.8010372, 48.8023881], [16.8009193, 48.8022287], [16.8009846, 48.8021849], [16.8015378, 48.8018974], [16.8016592, 48.8019088], [16.8017238, 48.8019307], [16.8018031, 48.8019575], [16.8018697, 48.8019801], [16.8019807, 48.8020273], [16.8021028, 48.802069]]}, "properties": {"id": "bdce86b9-1602-4b1c-b20f-2b53fae5b14e", "names": null, "subtype": "road", "class": "service", "subclass": "parking_aisle", "road_surface": [{"value": "paving_stones", "between": null}], "road_flags": null, "width_rules": null}}, {"type": "Feature", "geometry": {"type": "LineString", "coordinates": [[16.8010372, 48.8023881], [16.8011269, 48.8023426], [16.8018697, 48.8019801]]}, "properties": {"id": "abdb67d0-b592-4bb5-8ee6-491ec9c1d01d", "names": null, "subtype": "road", "class": "service", "subclass": "parking_aisle", "road_surface": [{"value": "paving_stones", "between": null}], "road_flags": null, "width_rules": null}}, {"type": "Feature", "geometry": {"type": "LineString", "coordinates": [[16.8044546, 48.8013654], [16.8032846, 48.8016479], [16.802812, 48.8017598], [16.8027946, 48.8017669], [16.8027359, 48.8018281], [16.8026435, 48.8019223], [16.8025974, 48.8019625], [16.8025393, 48.8019951], [16.8024831, 48.8020227], [16.8023066, 48.8021095], [16.8022839, 48.8021224], [16.8020459, 48.8022573], [16.8019496, 48.8023079], [16.8018205, 48.8023757], [16.8015562, 48.8024938], [16.8013904, 48.8025149], [16.8011658, 48.8025192], [16.8010895, 48.8025206], [16.8010249, 48.8025227], [16.8009293, 48.8025257], [16.8008727, 48.8025275], [16.8005237, 48.8025669], [16.8003934, 48.8025873], [16.8002616, 48.8025945], [16.800081, 48.8025888], [16.8000431, 48.8025843], [16.7995637, 48.8025276], [16.7994372, 48.802523], [16.7993194, 48.8025187], [16.7992708, 48.8025169], [16.7990539, 48.8025419], [16.7989345, 48.8025812]]}, "properties": {"id": "7e1e826a-31a2-4450-9116-584431223cbc", "names": {"primary": "Z\u00e1mek", "common": null, "rules": [{"variant": "common", "language": null, "perspectives": null, "value": "Z\u00e1mek", "between": [0.0, 0.307773098], "side": null}]}, "subtype": "road", "class": "service", "subclass": null, "road_surface": [{"value": "unpaved", "between": [0.0, 0.28981316]}, {"value": "paving_stones", "between": [0.28981316, 0.640980145]}, {"value": "paved", "between": [0.640980145, 1.0]}], "road_flags": [{"values": ["is_bridge"], "between": [0.676565364, 0.734594927]}], "width_rules": null}}, {"type": "Feature", "geometry": {"type": "LineString", "coordinates": [[16.8019807, 48.8020273], [16.8020128, 48.8020059], [16.8020547, 48.8019792]]}, "properties": {"id": "fb1a32dc-6c02-457b-8a5e-1a1eaf3bc1ca", "names": null, "subtype": "road", "class": "footway", "subclass": null, "road_surface": null, "road_flags": null, "width_rules": null}}, {"type": "Feature", "geometry": {"type": "LineString", "coordinates": [[16.8020547, 48.8019792], [16.8021055, 48.8019468]]}, "properties": {"id": "8227fd7f-496a-46be-971d-2416f80df53f", "names": null, "subtype": "road", "class": "steps", "subclass": null, "road_surface": null, "road_flags": null, "width_rules": null}}, {"type": "Feature", "geometry": {"type": "LineString", "coordinates": [[16.8021028, 48.802069], [16.8022208, 48.8021008], [16.8022839, 48.8021224]]}, "properties": {"id": "a08edff0-5881-4d65-a90b-0349a77abece", "names": null, "subtype": "road", "class": "service", "subclass": "parking_aisle", "road_surface": [{"value": "paving_stones", "between": null}], "road_flags": null, "width_rules": null}}, {"type": "Feature", "geometry": {"type": "LineString", "coordinates": [[16.8023661, 48.8028733], [16.8023372, 48.8028821], [16.8022116, 48.8029181], [16.8019026, 48.8030561], [16.8018373, 48.8032693], [16.8017769, 48.8034666], [16.8017638, 48.8037995], [16.8017002, 48.8038845], [16.8012712, 48.8038774]]}, "properties": {"id": "a17152bf-1c37-4859-8303-766d439e53c7", "names": null, "subtype": "road", "class": "service", "subclass": null, "road_surface": null, "road_flags": null, "width_rules": null}}, {"type": "Feature", "geometry": {"type": "LineString", "coordinates": [[16.802471, 48.8032181], [16.8024877, 48.8033863], [16.8024539, 48.8035931], [16.8024701, 48.8036368]]}, "properties": {"id": "e8f66f1f-a990-490c-a8c8-62feed0b400b", "names": null, "subtype": "road", "class": "residential", "subclass": null, "road_surface": null, "road_flags": null, "width_rules": null}}, {"type": "Feature", "geometry": {"type": "LineString", "coordinates": [[16.802984, 48.8019754], [16.80272, 48.8023053], [16.8026941, 48.8023338], [16.8026685, 48.8023574], [16.8026091, 48.8024054], [16.8025868, 48.8024283], [16.8025732, 48.8024593], [16.8025573, 48.8025234], [16.8025422, 48.8025713], [16.8025216, 48.8026143], [16.8023661, 48.8028733], [16.8023268, 48.8029739], [16.8023191, 48.8030027], [16.8023188, 48.8030364], [16.802327, 48.8031542], [16.8023294, 48.8031889], [16.8023436, 48.8032057], [16.8023566, 48.803215], [16.8023758, 48.8032217], [16.8024028, 48.8032234], [16.802471, 48.8032181]]}, "properties": {"id": "0b415462-121b-4699-a23b-08f5cb029a55", "names": null, "subtype": "road", "class": "residential", "subclass": null, "road_surface": null, "road_flags": null, "width_rules": null}}, {"type": "Feature", "geometry": {"type": "LineString", "coordinates": [[16.8038932, 48.8029134], [16.8037474, 48.8026838], [16.8035356, 48.8023977], [16.8034627, 48.8023144], [16.8034247, 48.802276], [16.8033687, 48.8022241], [16.8032056, 48.8021148], [16.802984, 48.8019754]]}, "properties": {"id": "ae517859-9260-4f01-a35d-fefb855e79a1", "names": {"primary": "21. dubna", "common": null, "rules": [{"variant": "common", "language": null, "perspectives": null, "value": "21. dubna", "between": null, "side": null}]}, "subtype": "road", "class": "secondary", "subclass": null, "road_surface": [{"value": "paved", "between": null}], "road_flags": null, "width_rules": null}}, {"type": "Feature", "geometry": {"type": "LineString", "coordinates": [[16.8045767, 48.8040418], [16.8043668, 48.8035789], [16.8042357, 48.8033612], [16.8040532, 48.8030682], [16.8040376, 48.8030396], [16.8038489, 48.8027401], [16.8038033, 48.8026689], [16.8037819, 48.802639], [16.8036603, 48.8024481], [16.8034788, 48.8022512], [16.8033139, 48.8021236], [16.8031283, 48.8019979], [16.803118, 48.8019932], [16.8029561, 48.8019056], [16.8029169, 48.8018716], [16.8027946, 48.8017669], [16.8025973, 48.8015844], [16.8024458, 48.801435], [16.8024211, 48.8013956], [16.8024046, 48.8013365], [16.8024046, 48.80127], [16.8024252, 48.8011865], [16.802453, 48.8011036], [16.8024671, 48.8010782], [16.8024942, 48.8010581], [16.8025314, 48.8010418], [16.8027561, 48.8009909], [16.8034025, 48.8008537], [16.8040328, 48.8007158]]}, "properties": {"id": "a2be4121-76af-43ad-ae58-1d6bc056c7f8", "names": null, "subtype": "road", "class": "footway", "subclass": null, "road_surface": [{"value": "paving_stones", "between": [0.0, 0.160428178]}, {"value": "paved", "between": [0.160428178, 0.231282784]}, {"value": "paving_stones", "between": [0.231282784, 0.672153653]}], "road_flags": [{"values": ["is_bridge"], "between": [0.160428178, 0.231282784]}], "width_rules": null}}, {"type": "Feature", "geometry": {"type": "LineString", "coordinates": [[16.8041787, 48.8019674], [16.8042582, 48.8020889], [16.8043432, 48.80223], [16.8043876, 48.8023157]]}, "properties": {"id": "12e1f099-6d72-4ff7-8b9f-b6b389ef97a0", "names": null, "subtype": "road", "class": "footway", "subclass": null, "road_surface": [{"value": "unpaved", "between": null}], "road_flags": null, "width_rules": null}}, {"type": "Feature", "geometry": {"type": "LineString", "coordinates": [[16.8042152, 48.8024182], [16.8042457, 48.8023846]]}, "properties": {"id": "4967fcb3-bdd5-4c37-bcc5-fba703926acd", "names": null, "subtype": "road", "class": "service", "subclass": null, "road_surface": [{"value": "unpaved", "between": null}], "road_flags": null, "width_rules": null}}, {"type": "Feature", "geometry": {"type": "LineString", "coordinates": [[16.8042457, 48.8023846], [16.8042857, 48.8023555], [16.8043336, 48.8023323], [16.8043876, 48.8023157], [16.8044425, 48.8023068], [16.8044989, 48.8023049], [16.8045548, 48.8023099], [16.8046083, 48.8023218], [16.8046575, 48.8023401], [16.8047006, 48.8023641], [16.8047361, 48.8023931], [16.8047627, 48.8024259], [16.80478, 48.8024633], [16.8047858, 48.8025023], [16.8047798, 48.8025412], [16.8047623, 48.8025786], [16.8047339, 48.8026129], [16.8046958, 48.8026429], [16.8046494, 48.8026674], [16.8045966, 48.8026853], [16.8045395, 48.8026961], [16.8044803, 48.8026991], [16.8044213, 48.8026945], [16.8043649, 48.8026822], [16.8043132, 48.8026629], [16.8042684, 48.8026372], [16.8042322, 48.8026062], [16.8042059, 48.8025711], [16.8041907, 48.8025332], [16.8041871, 48.8024941], [16.8041954, 48.8024552], [16.8042152, 48.8024182]]}, "properties": {"id": "f5cfe307-c96a-41a0-93bc-b9b2c0fbe83c", "names": null, "subtype": "road", "class": "service", "subclass": null, "road_surface": [{"value": "unpaved", "between": null}], "road_flags": null, "width_rules": null}}, {"type": "Feature", "geometry": {"type": "LineString", "coordinates": [[16.8042059, 48.8025711], [16.8040785, 48.8026], [16.803887, 48.8026467], [16.8038033, 48.8026689], [16.8037474, 48.8026838]]}, "properties": {"id": "170c0185-89ed-4dcf-848c-45458363e1d7", "names": null, "subtype": "road", "class": "service", "subclass": null, "road_surface": [{"value": "unpaved", "between": [0.0, 0.275421711]}, {"value": "paving_stones", "between": [0.275421711, 0.69244913]}, {"value": "paved", "between": [0.69244913, 1.0]}], "road_flags": [{"values": ["is_covered", "is_tunnel"], "between": [0.275421711, 0.69244913]}], "width_rules": null}}, {"type": "Feature", "geometry": {"type": "LineString", "coordinates": [[16.8041816, 48.8033749], [16.804, 48.8030816], [16.8038932, 48.8029134]]}, "properties": {"id": "7fa2b52a-3552-47b8-9c41-1bb3aaf89bd6", "names": {"primary": "21. dubna", "common": null, "rules": [{"variant": "common", "language": null, "perspectives": null, "value": "21. dubna", "between": null, "side": null}]}, "subtype": "road", "class": "secondary", "subclass": null, "road_surface": [{"value": "paved", "between": null}], "road_flags": [{"values": ["is_bridge"], "between": [0.0, 0.63469291]}], "width_rules": null}}, {"type": "Feature", "geometry": {"type": "LineString", "coordinates": [[16.8045513, 48.8033912], [16.8044869, 48.8033629]]}, "properties": {"id": "3cee1d03-55bc-4464-90d8-59313d3d1dfb", "names": null, "subtype": "road", "class": "steps", "subclass": null, "road_surface": null, "road_flags": null, "width_rules": null}}, {"type": "Feature", "geometry": {"type": "LineString", "coordinates": [[16.8044869, 48.8033629], [16.8043668, 48.8035789], [16.8043029, 48.8035953]]}, "properties": {"id": "3da2494e-bbe1-4231-9f3b-f511a1fdc3ab", "names": null, "subtype": "road", "class": "footway", "subclass": null, "road_surface": [{"value": "paved", "between": [0.835583112, 1.0]}], "road_flags": null, "width_rules": null}}, {"type": "Feature", "geometry": {"type": "LineString", "coordinates": [[16.802471, 48.8032181], [16.8025363, 48.8032131], [16.8033639, 48.8030803], [16.8038932, 48.8029134]]}, "properties": {"id": "fe7fbea6-73b1-400f-88bb-ee96a26987d2", "names": null, "subtype": "road", "class": "residential", "subclass": null, "road_surface": null, "road_flags": null, "width_rules": null}}, {"type": "Feature", "geometry": {"type": "LineString", "coordinates": [[16.8045769, 48.8041537], [16.8040703, 48.8042508], [16.803888, 48.8043361], [16.8029609, 48.8045172]]}, "properties": {"id": "ebff7b51-5833-41cc-985e-6d202021e108", "names": null, "subtype": "road", "class": "service", "subclass": "driveway", "road_surface": null, "road_flags": null, "width_rules": null}}, {"type": "Feature", "geometry": {"type": "LineString", "coordinates": [[16.8047469, 48.8048008], [16.8040191, 48.804902]]}, "properties": {"id": "00213211-c693-4f34-a0d8-367b6ce649f8", "names": null, "subtype": "road", "class": "service", "subclass": "driveway", "road_surface": null, "road_flags": null, "width_rules": null}}, {"type": "Feature", "geometry": {"type": "LineString", "coordinates": [[16.804179, 48.8040729], [16.8040389, 48.8037828]]}, "properties": {"id": "56370ab0-4e6c-4256-a48f-247b2e8eb7bf", "names": null, "subtype": "road", "class": "service", "subclass": "driveway", "road_surface": null, "road_flags": null, "width_rules": null}}, {"type": "Feature", "geometry": {"type": "LineString", "coordinates": [[16.8043613, 48.8036945], [16.8041007, 48.8037591], [16.8040389, 48.8037828], [16.8038369, 48.8038602], [16.8039312, 48.8041329], [16.8040799, 48.8041424], [16.804179, 48.8040729]]}, "properties": {"id": "d7048e9d-b99e-4734-bb7f-2128c34eb768", "names": null, "subtype": "road", "class": "service", "subclass": "driveway", "road_surface": null, "road_flags": null, "width_rules": null}}, {"type": "Feature", "geometry": {"type": "LineString", "coordinates": [[16.8048817, 48.8040679], [16.8047685, 48.8038805], [16.8046881, 48.8036226], [16.8046076, 48.8034972], [16.8045513, 48.8033912]]}, "properties": {"id": "38de2362-c8db-44cd-aad7-b541e91050bd", "names": null, "subtype": "road", "class": "path", "subclass": null, "road_surface": [{"value": "dirt", "between": null}], "road_flags": null, "width_rules": null}}, {"type": "Feature", "geometry": {"type": "LineString", "coordinates": [[16.8047191, 48.8045981], [16.8044076, 48.8046546]]}, "properties": {"id": "173f0280-cc27-43d2-a3ef-a0a4398e4dfc", "names": null, "subtype": "road", "class": "service", "subclass": "driveway", "road_surface": null, "road_flags": null, "width_rules": null}}, {"type": "Feature", "geometry": {"type": "LineString", "coordinates": [[16.8064674, 48.8062069], [16.806428, 48.8061401], [16.8066222, 48.8058998], [16.8066812, 48.8057614], [16.8067284, 48.8054934], [16.8066283, 48.8050804], [16.8065135, 48.8048009], [16.8062447, 48.8046232], [16.8058747, 48.8044839], [16.8057567, 48.8044289], [16.8056125, 48.8043724], [16.8056088, 48.8042931], [16.8056394, 48.8042149], [16.8053036, 48.8041192], [16.8051355, 48.8040833], [16.8049971, 48.8040839], [16.8048817, 48.8040679], [16.8047172, 48.8040451], [16.8045767, 48.8040418], [16.8045333, 48.8040462]]}, "properties": {"id": "1ad099e5-fe38-404a-b205-b4f78f0a742d", "names": null, "subtype": "road", "class": "path", "subclass": null, "road_surface": [{"value": "unpaved", "between": [0.0, 0.960986885]}, {"value": "gravel", "between": [0.960986885, 1.0]}], "road_flags": [{"values": ["is_bridge"], "between": [0.639430095, 0.669933961]}, {"values": ["is_bridge"], "between": [0.871288253, 0.900554698]}], "width_rules": null}}, {"type": "Feature", "geometry": {"type": "LineString", "coordinates": [[16.8047627, 48.8024259], [16.8048883, 48.8023982], [16.8050743, 48.8023527], [16.8053595, 48.8023081]]}, "properties": {"id": "cc8dac85-d8d9-4e11-9568-e490829b65e2", "names": null, "subtype": "road", "class": "footway", "subclass": null, "road_surface": [{"value": "unpaved", "between": [0.0, 0.212315971]}, {"value": "paving_stones", "between": [0.212315971, 0.530244409]}, {"value": "unpaved", "between": [0.530244409, 1.0]}], "road_flags": [{"values": ["is_covered", "is_tunnel"], "between": [0.212315971, 0.530244409]}], "width_rules": null}}, {"type": "Feature", "geometry": {"type": "LineString", "coordinates": [[16.806412, 48.8018688], [16.806756, 48.8020099], [16.8073488, 48.8023497], [16.8077331, 48.8026084]]}, "properties": {"id": "ee16ac68-ede1-426d-9802-327d286625cc", "names": null, "subtype": "road", "class": "footway", "subclass": null, "road_surface": [{"value": "unpaved", "between": null}], "road_flags": null, "width_rules": null}}, {"type": "Feature", "geometry": {"type": "LineString", "coordinates": [[16.8080047, 48.8015676], [16.8080821, 48.801673], [16.8077466, 48.8018377], [16.8076186, 48.8019164], [16.8075082, 48.802114], [16.8075209, 48.8022253], [16.807735, 48.8025389], [16.8077331, 48.8026084], [16.807753, 48.8026581]]}, "properties": {"id": "bad8eba1-e3a3-44e9-ab2f-ea44aa1feb88", "names": null, "subtype": "road", "class": "footway", "subclass": null, "road_surface": [{"value": "unpaved", "between": null}], "road_flags": null, "width_rules": null}}, {"type": "Feature", "geometry": {"type": "LineString", "coordinates": [[16.8082492, 48.8034113], [16.8082609, 48.8034411]]}, "properties": {"id": "6e1def06-5f8b-472a-b943-e201defe3a8c", "names": null, "subtype": "road", "class": "steps", "subclass": null, "road_surface": [{"value": "paved", "between": null}], "road_flags": null, "width_rules": null}}, {"type": "Feature", "geometry": {"type": "LineString", "coordinates": [[16.8082609, 48.8034411], [16.8082885, 48.8034945]]}, "properties": {"id": "3e8aa24c-3ee6-4692-95b4-691b4e355900", "names": null, "subtype": "road", "class": "footway", "subclass": null, "road_surface": [{"value": "unpaved", "between": null}], "road_flags": null, "width_rules": null}}, {"type": "Feature", "geometry": {"type": "LineString", "coordinates": [[16.8082468, 48.8034053], [16.8083124, 48.8033957], [16.8083571, 48.8033984], [16.8084242, 48.8033639]]}, "properties": {"id": "62881b9f-53c2-4b3a-8a67-d465a10c4241", "names": null, "subtype": "road", "class": "footway", "subclass": null, "road_surface": null, "road_flags": null, "width_rules": null}}, {"type": "Feature", "geometry": {"type": "LineString", "coordinates": [[16.8082471, 48.8033457], [16.8083393, 48.8033322]]}, "properties": {"id": "eef0721d-4a48-4e4d-87d5-fcbf798a3cc5", "names": null, "subtype": "road", "class": "footway", "subclass": null, "road_surface": null, "road_flags": null, "width_rules": null}}, {"type": "Feature", "geometry": {"type": "LineString", "coordinates": [[16.8082321, 48.8033724], [16.8082185, 48.8033403]]}, "properties": {"id": "041dac8c-d824-45f9-8708-3bd9df48e78e", "names": null, "subtype": "road", "class": "footway", "subclass": null, "road_surface": null, "road_flags": null, "width_rules": null}}, {"type": "Feature", "geometry": {"type": "LineString", "coordinates": [[16.8082363, 48.8033186], [16.8082471, 48.8033457], [16.8082321, 48.8033724], [16.8082468, 48.8034053], [16.8082492, 48.8034113]]}, "properties": {"id": "151129e4-03e8-4db9-a2d5-de52f1fe9926", "names": null, "subtype": "road", "class": "footway", "subclass": null, "road_surface": [{"value": "unpaved", "between": null}], "road_flags": null, "width_rules": null}}, {"type": "Feature", "geometry": {"type": "LineString", "coordinates": [[16.8077192, 48.8030307], [16.8077403, 48.803074], [16.8079497, 48.8034735]]}, "properties": {"id": "26f8cbc0-2739-498f-8ae7-60aa73ac0e0c", "names": null, "subtype": "road", "class": "footway", "subclass": null, "road_surface": [{"value": "unpaved", "between": [0.0, 0.097171335]}, {"value": "paved", "between": [0.097171335, 1.0]}], "road_flags": [{"values": ["is_bridge"], "between": [0.097171335, 1.0]}], "width_rules": null}}, {"type": "Feature", "geometry": {"type": "LineString", "coordinates": [[16.807753, 48.8026581], [16.807726, 48.8027548], [16.807649, 48.8029283], [16.8076573, 48.8030007]]}, "properties": {"id": "239dbf01-a2c4-464f-94e3-bfc912e7920e", "names": null, "subtype": "road", "class": "footway", "subclass": null, "road_surface": [{"value": "unpaved", "between": null}], "road_flags": null, "width_rules": null}}, {"type": "Feature", "geometry": {"type": "LineString", "coordinates": [[16.8102407, 48.8058206], [16.8100503, 48.8057205], [16.8098305, 48.805663], [16.8093327, 48.8055386], [16.8088864, 48.805239], [16.8080452, 48.8046341], [16.8074959, 48.8043062], [16.8070153, 48.804148], [16.8065518, 48.8040519], [16.8062993, 48.8039645]]}, "properties": {"id": "9d2aba2f-19f0-481f-912e-a34e65444749", "names": null, "subtype": "road", "class": "path", "subclass": null, "road_surface": [{"value": "dirt", "between": null}], "road_flags": null, "width_rules": null}}, {"type": "Feature", "geometry": {"type": "LineString", "coordinates": [[16.8079497, 48.8034735], [16.8079918, 48.8035344], [16.8075506, 48.8037538], [16.807226, 48.803831], [16.8062993, 48.8039645], [16.8062044, 48.803979], [16.8060173, 48.8040459], [16.8056394, 48.8042149]]}, "properties": {"id": "3ce36a34-b6b8-45b9-bc03-1c953018feda", "names": null, "subtype": "road", "class": "path", "subclass": null, "road_surface": [{"value": "unpaved", "between": null}], "road_flags": null, "width_rules": null}}, {"type": "Feature", "geometry": {"type": "LineString", "coordinates": [[16.8065974, 48.8063059], [16.8064674, 48.8062069]]}, "properties": {"id": "a89a077d-ac6c-4ede-a8b3-917a454c8d9f", "names": null, "subtype": "road", "class": "footway", "subclass": null, "road_surface": [{"value": "unpaved", "between": null}], "road_flags": [{"values": ["is_bridge"], "between": null}], "width_rules": null}}, {"type": "Feature", "geometry": {"type": "LineString", "coordinates": [[16.8079918, 48.8035344], [16.8082885, 48.8034945], [16.808581, 48.8034814], [16.8089161, 48.8034929], [16.8092061, 48.8035857], [16.8094763, 48.8037621], [16.8095706, 48.8038972], [16.8095953, 48.8040744], [16.8095618, 48.8045055], [16.8096082, 48.8048873], [16.8097253, 48.8051628], [16.8102407, 48.8058206], [16.8103255, 48.8059328], [16.8104017, 48.8062849], [16.8104541, 48.8064113], [16.8105284, 48.8065025], [16.8107425, 48.8067076], [16.8107976, 48.8068153], [16.8108213, 48.8069477], [16.8107721, 48.8072641], [16.8107955, 48.8073563], [16.8109991, 48.8077131], [16.8110578, 48.808104], [16.8111087, 48.8082417], [16.8111441, 48.8083409], [16.8112177, 48.8084483], [16.8114253, 48.8086542], [16.8116918, 48.8089108], [16.8118452, 48.8090088], [16.8126039, 48.8092572], [16.8129419, 48.809546], [16.8137183, 48.8096905], [16.81377, 48.8098022], [16.8137554, 48.8099302], [16.8136599, 48.810175], [16.8137922, 48.8103431], [16.8139912, 48.810652], [16.8140084, 48.8106809], [16.8141895, 48.8111534], [16.8142845, 48.8115594], [16.8144677, 48.8119336], [16.8144212, 48.8122234], [16.814433, 48.8124983], [16.8143483, 48.8128945], [16.8138825, 48.813401], [16.8136244, 48.8135832], [16.8134098, 48.813706], [16.8127906, 48.8140133]]}, "properties": {"id": "890d10ff-03de-4318-9a54-f19be2647d43", "names": null, "subtype": "road", "class": "path", "subclass": null, "road_surface": [{"value": "unpaved", "between": null}], "road_flags": null, "width_rules": null}}, {"type": "Feature", "geometry": {"type": "LineString", "coordinates": [[16.8080047, 48.8015676], [16.8075817, 48.8016921], [16.8068526, 48.8018183], [16.8067111, 48.8018409], [16.8065555, 48.8018406], [16.806412, 48.8018688], [16.80607, 48.8018126], [16.8057831, 48.8018827], [16.8056411, 48.8019552], [16.8053595, 48.8023081], [16.805495, 48.8028744], [16.8057002, 48.8030209], [16.8062718, 48.8031547], [16.8067655, 48.8031403], [16.8076573, 48.8030007], [16.8077192, 48.8030307], [16.8083039, 48.8029324], [16.8085636, 48.802943], [16.8088104, 48.8030105], [16.809054, 48.8030232], [16.8092976, 48.8029831], [16.8094177, 48.8029628], [16.810931, 48.8026283], [16.811381, 48.8025566], [16.8121699, 48.8022949], [16.8123442, 48.8021933]]}, "properties": {"id": "a6fda456-3e27-41e3-ad15-b627aedd2d01", "names": null, "subtype": "road", "class": "footway", "subclass": null, "road_surface": [{"value": "unpaved", "between": null}], "road_flags": null, "width_rules": null}}, {"type": "Feature", "geometry": {"type": "LineString", "coordinates": [[16.8196181, 48.8065689], [16.8194918, 48.8065726], [16.8193195, 48.8065725], [16.8186139, 48.8063971], [16.818396, 48.806281], [16.8180232, 48.8061921], [16.8178981, 48.8061816], [16.8170646, 48.8062747], [16.8165261, 48.8062294], [16.8163067, 48.806211], [16.8156902, 48.8060721], [16.8151637, 48.8059136], [16.8147965, 48.805857], [16.8143101, 48.8058219], [16.8134077, 48.8058384], [16.812886, 48.8057666], [16.8126952, 48.8057102], [16.8124917, 48.8056713], [16.8123215, 48.8056948], [16.8121424, 48.8057205], [16.8120295, 48.8057256], [16.8117749, 48.8054512], [16.8112808, 48.804988], [16.811155, 48.8048642], [16.8109939, 48.8046871], [16.8109277, 48.8045691], [16.8108819, 48.8042949], [16.810831, 48.8040042], [16.8107495, 48.8037911], [16.8106211, 48.803565], [16.8103998, 48.8033897], [16.8100383, 48.8031886], [16.8094177, 48.8029628], [16.8090724, 48.8028429], [16.8083215, 48.8026787], [16.8081294, 48.8026393], [16.8079464, 48.8026393], [16.807753, 48.8026581]]}, "properties": {"id": "932183ba-c6e9-40c8-9c1a-2d9a74332e62", "names": null, "subtype": "road", "class": "path", "subclass": null, "road_surface": [{"value": "unpaved", "between": null}], "road_flags": null, "width_rules": null}}, {"type": "Feature", "geometry": {"type": "LineString", "coordinates": [[16.8144155, 48.7998688], [16.8144512, 48.7999318], [16.8145252, 48.8000324], [16.814691, 48.800188], [16.8148401, 48.8003533], [16.8149239, 48.8005101], [16.815015, 48.800664], [16.815123, 48.8008146], [16.8152288, 48.8009448], [16.8153516, 48.8011364], [16.8154339, 48.801209], [16.8155632, 48.8013721], [16.8157226, 48.8015643], [16.8157888, 48.8016466], [16.8158358, 48.801754], [16.8159578, 48.8019389], [16.8161297, 48.8021383], [16.816367, 48.802433], [16.8166705, 48.8027825], [16.8169799, 48.8031208], [16.817107, 48.8033264], [16.8173089, 48.8035741], [16.8173294, 48.8036631], [16.8172677, 48.8037231], [16.8171815, 48.8037886], [16.8171472, 48.8038412], [16.8170967, 48.8039119], [16.8169895, 48.8039373], [16.8169359, 48.8039412], [16.8168969, 48.8039578], [16.816812, 48.804055], [16.8167221, 48.8042067], [16.8167147, 48.8042697], [16.8167328, 48.8043329], [16.8168621, 48.8046582], [16.8170179, 48.8051499], [16.8168562, 48.8057964], [16.8165652, 48.8061023], [16.8165261, 48.8062294]]}, "properties": {"id": "b960f1b6-07e1-4dc8-9e30-8bc9619ed664", "names": null, "subtype": "road", "class": "track", "subclass": null, "road_surface": [{"value": "unpaved", "between": [0.663500641, 1.0]}], "road_flags": [{"values": ["is_bridge"], "between": [0.612234976, 0.624465228]}], "width_rules": null}}, {"type": "Feature", "geometry": {"type": "LineString", "coordinates": [[16.8120295, 48.8057256], [16.8123129, 48.8059805], [16.8125757, 48.8064357], [16.8126357, 48.8066246], [16.8125974, 48.8068085], [16.8121504, 48.8076689], [16.8120566, 48.8079336], [16.8121638, 48.8081585], [16.812358, 48.808282], [16.8127933, 48.8084805], [16.8130411, 48.8087848], [16.8133893, 48.809067], [16.81355, 48.8091949], [16.8137978, 48.8092302], [16.8143604, 48.8094287], [16.8145211, 48.8095081], [16.8147555, 48.8104034], [16.8150875, 48.8107019], [16.815156, 48.8107601], [16.8153548, 48.810878], [16.8154586, 48.8109362], [16.8158033, 48.8110366], [16.8159866, 48.8110802]]}, "properties": {"id": "d7015524-e3d1-4ebd-9011-74582335ffaf", "names": null, "subtype": "road", "class": "path", "subclass": null, "road_surface": [{"value": "dirt", "between": null}], "road_flags": null, "width_rules": null}}, {"type": "Feature", "geometry": {"type": "LineString", "coordinates": [[16.8082706, 48.8033136], [16.8083052, 48.803286], [16.8083564, 48.803279], [16.8084678, 48.8032785], [16.8086801, 48.8033036], [16.8090102, 48.8033425], [16.8094217, 48.8033822], [16.8096381, 48.8034103], [16.8098428, 48.8034476], [16.8100132, 48.803497], [16.8102438, 48.8036065], [16.8104007, 48.8036825], [16.8105107, 48.8038265], [16.8105804, 48.8039449], [16.8106019, 48.8041833], [16.8105791, 48.8044819], [16.8105912, 48.8046851], [16.8106891, 48.8048935], [16.810799, 48.8050693], [16.8110606, 48.8053184], [16.8114683, 48.8057008], [16.8118143, 48.8060471], [16.8120275, 48.8062741], [16.8121482, 48.8064384], [16.8122059, 48.8066397], [16.8122072, 48.8068597], [16.8120852, 48.807039], [16.8117874, 48.8075548], [16.8117284, 48.8077155], [16.8116708, 48.807939], [16.8117351, 48.8081042], [16.8118746, 48.8082578], [16.812285, 48.8085157], [16.8125666, 48.8086827], [16.8128214, 48.8089671], [16.8132361, 48.8092348], [16.8135979, 48.8093673], [16.8139293, 48.8094343], [16.8142098, 48.8095748], [16.8143846, 48.809789], [16.8144232, 48.8100554], [16.8145736, 48.8104021], [16.8147891, 48.8107462], [16.815092, 48.8110541], [16.8153827, 48.8112763], [16.8159762, 48.8114222], [16.8163889, 48.8113927], [16.816954, 48.8114195], [16.8170822, 48.8114235]]}, "properties": {"id": "5ae3ba68-9154-4c5a-9449-c6585359bc32", "names": {"primary": "Plavby z\u00e1meck\u00fdm parkem mezi z\u00e1mkem, Minaretem a Janohradem", "common": null, "rules": [{"variant": "common", "language": null, "perspectives": null, "value": "Plavby z\u00e1meck\u00fdm parkem mezi z\u00e1mkem, Minaretem a Janohradem", "between": null, "side": null}]}, "subtype": "water", "class": null, "subclass": null, "road_surface": null, "road_flags": null, "width_rules": null}}, {"type": "Feature", "geometry": {"type": "LineString", "coordinates": [[16.8131207, 48.8109324], [16.8136449, 48.8107703], [16.8140084, 48.8106809]]}, "properties": {"id": "3e30432f-e817-41fd-8e07-28e20d66cedf", "names": {"primary": "D\u0159ev\u011bn\u00fd most", "common": null, "rules": [{"variant": "common", "language": null, "perspectives": null, "value": "D\u0159ev\u011bn\u00fd most", "between": [0.0, 0.598712934], "side": null}]}, "subtype": "road", "class": "path", "subclass": null, "road_surface": [{"value": "unpaved", "between": [0.598712934, 1.0]}], "road_flags": [{"values": ["is_bridge"], "between": [0.0, 0.598712934]}], "width_rules": null}}, {"type": "Feature", "geometry": {"type": "LineString", "coordinates": [[16.8139912, 48.810652], [16.8137175, 48.8106204], [16.8136732, 48.8104618], [16.8137922, 48.8103431]]}, "properties": {"id": "64805714-908d-4f0e-a64c-8218711b7471", "names": null, "subtype": "road", "class": "path", "subclass": null, "road_surface": [{"value": "dirt", "between": null}], "road_flags": null, "width_rules": null}}, {"type": "Feature", "geometry": {"type": "LineString", "coordinates": [[16.8136244, 48.8135832], [16.8138317, 48.8137107], [16.8152112, 48.8142979]]}, "properties": {"id": "cc6b1197-f56f-432b-ae9b-2c5939e01e83", "names": null, "subtype": "road", "class": "path", "subclass": null, "road_surface": [{"value": "unpaved", "between": null}], "road_flags": null, "width_rules": null}}, {"type": "Feature", "geometry": {"type": "LineString", "coordinates": [[16.8170822, 48.8114235], [16.8166724, 48.8119612], [16.8164691, 48.812511], [16.8163489, 48.8129087], [16.8160369, 48.8135963], [16.815752, 48.8139684], [16.8154068, 48.8143338]]}, "properties": {"id": "2ff3405e-2774-4c60-a246-0b8694e6ab67", "names": {"primary": "Plavby z\u00e1meck\u00fdm parkem mezi z\u00e1mkem, Minaretem a Janohradem", "common": null, "rules": [{"variant": "common", "language": null, "perspectives": null, "value": "Plavby z\u00e1meck\u00fdm parkem mezi z\u00e1mkem, Minaretem a Janohradem", "between": null, "side": null}]}, "subtype": "water", "class": null, "subclass": null, "road_surface": null, "road_flags": null, "width_rules": null}}, {"type": "Feature", "geometry": {"type": "LineString", "coordinates": [[16.8152112, 48.8142979], [16.8148494, 48.8146185], [16.8144335, 48.8149575], [16.8142351, 48.8150472], [16.8138615, 48.8150155], [16.8131658, 48.8145604], [16.8127718, 48.8142915]]}, "properties": {"id": "7669d1c6-ce55-498b-8e44-5e28620f040a", "names": null, "subtype": "road", "class": "track", "subclass": null, "road_surface": null, "road_flags": null, "width_rules": null}}, {"type": "Feature", "geometry": {"type": "LineString", "coordinates": [[16.8127906, 48.8140133], [16.812764, 48.8139767], [16.812707, 48.8139281], [16.8125414, 48.8138707], [16.8124636, 48.813989], [16.8124688, 48.8140682]]}, "properties": {"id": "8aba1b95-f097-457a-9f05-0a5e6172634a", "names": null, "subtype": "road", "class": "path", "subclass": null, "road_surface": null, "road_flags": null, "width_rules": null}}, {"type": "Feature", "geometry": {"type": "LineString", "coordinates": [[16.8127906, 48.8140133], [16.8124688, 48.8140682]]}, "properties": {"id": "db6c4006-d95b-483e-ba2d-218f6d6d5b81", "names": null, "subtype": "road", "class": "track", "subclass": null, "road_surface": [{"value": "unpaved", "between": null}], "road_flags": null, "width_rules": null}}, {"type": "Feature", "geometry": {"type": "LineString", "coordinates": [[16.8124688, 48.8140682], [16.8124979, 48.8141551], [16.8125919, 48.8143304], [16.8127718, 48.8142915], [16.8129235, 48.8142557], [16.8127906, 48.8140133]]}, "properties": {"id": "a54cf29b-07bd-43c2-80f7-9ff5cef4e482", "names": null, "subtype": "road", "class": "track", "subclass": null, "road_surface": [{"value": "unpaved", "between": null}], "road_flags": null, "width_rules": null}}, {"type": "Feature", "geometry": {"type": "LineString", "coordinates": [[16.8111877, 48.8143436], [16.8113565, 48.8144518], [16.8125018, 48.8147697], [16.8129927, 48.8147856], [16.8131697, 48.814722], [16.8131965, 48.8146602], [16.8131658, 48.8145604]]}, "properties": {"id": "57f94d6d-c31e-42ee-9488-028c82f14f3e", "names": null, "subtype": "road", "class": "track", "subclass": null, "road_surface": null, "road_flags": null, "width_rules": null}}, {"type": "Feature", "geometry": {"type": "LineString", "coordinates": [[16.8105023, 48.8141824], [16.8106552, 48.8141356]]}, "properties": {"id": "0691fd17-9aac-432b-96b3-167c9d1cb843", "names": null, "subtype": "road", "class": "path", "subclass": null, "road_surface": null, "road_flags": null, "width_rules": null}}, {"type": "Feature", "geometry": {"type": "LineString", "coordinates": [[16.8101348, 48.8140544], [16.8103481, 48.8140358]]}, "properties": {"id": "d1c733b7-1f71-41c4-b7f5-8d714cbe0525", "names": null, "subtype": "road", "class": "path", "subclass": null, "road_surface": null, "road_flags": null, "width_rules": null}}, {"type": "Feature", "geometry": {"type": "LineString", "coordinates": [[16.8142351, 48.8150472], [16.8142024, 48.8151048], [16.8140488, 48.8151773], [16.8138508, 48.8152067], [16.8131827, 48.8153271], [16.8126342, 48.8153317], [16.8122123, 48.81529], [16.811924, 48.8152622], [16.8117341, 48.8151465], [16.8113684, 48.8148547], [16.8110025, 48.8145401], [16.8105023, 48.8141824], [16.8101348, 48.8140544], [16.8099135, 48.8140111], [16.8089747, 48.8137974], [16.8086623, 48.8137161], [16.8083806, 48.8136455], [16.8082076, 48.8136375], [16.8073587, 48.8135324], [16.8071642, 48.8135192], [16.8049192, 48.8135263], [16.8044904, 48.813542]]}, "properties": {"id": "e486cb8a-48c8-43c9-bae1-78d545d39f60", "names": null, "subtype": "road", "class": "path", "subclass": null, "road_surface": null, "road_flags": null, "width_rules": null}}, {"type": "Feature", "geometry": {"type": "LineString", "coordinates": [[16.8124688, 48.8140682], [16.8122053, 48.8140709], [16.8117281, 48.8141256], [16.8114503, 48.8141326], [16.8109956, 48.8140584], [16.810834, 48.8140081], [16.8106015, 48.813882], [16.8100998, 48.8135079], [16.8099051, 48.8133962], [16.8097557, 48.8133733], [16.8094352, 48.8133778], [16.8092886, 48.8133479], [16.8090998, 48.8132649], [16.8082643, 48.812689], [16.8078288, 48.8124889], [16.8069314, 48.8122344], [16.8066046, 48.8121101], [16.805907, 48.8117545], [16.8056286, 48.8117189]]}, "properties": {"id": "cc290fea-038e-43c2-bd64-1c1c88a4bd7d", "names": null, "subtype": "road", "class": "path", "subclass": null, "road_surface": [{"value": "unpaved", "between": null}], "road_flags": null, "width_rules": null}}, {"type": "Feature", "geometry": {"type": "LineString", "coordinates": [[16.8124979, 48.8141551], [16.8123153, 48.8141686], [16.8117002, 48.8144187], [16.8115349, 48.8144421], [16.8114507, 48.8144315], [16.8111877, 48.8143436], [16.8106552, 48.8141356], [16.8103481, 48.8140358], [16.8100844, 48.8139502], [16.8095326, 48.8136384], [16.8090633, 48.8134062], [16.8079826, 48.8128557], [16.8067945, 48.8124184], [16.8061988, 48.8122414], [16.8059256, 48.8121311], [16.8057793, 48.811998], [16.8056286, 48.8117189]]}, "properties": {"id": "7a559c8f-a35e-4ce0-a49c-4042a2521364", "names": null, "subtype": "road", "class": "track", "subclass": null, "road_surface": [{"value": "paved", "between": [0.021816723, 1.0]}], "road_flags": null, "width_rules": null}}, {"type": "Feature", "geometry": {"type": "LineString", "coordinates": [[16.8083524, 48.8092256], [16.8084639, 48.8092686], [16.8084704, 48.8092693], [16.8084745, 48.8092516], [16.8084683, 48.8092366], [16.8083712, 48.8091763]]}, "properties": {"id": "25ae8ad3-894b-4ac1-95ea-676eb0bcc042", "names": null, "subtype": "road", "class": "path", "subclass": null, "road_surface": [{"value": "dirt", "between": null}], "road_flags": [{"values": ["is_tunnel"], "between": [0.0, 0.40379675]}], "width_rules": [{"value": 0.5, "between": [0.0, 0.40379675]}]}}, {"type": "Feature", "geometry": {"type": "LineString", "coordinates": [[16.805907, 48.8117545], [16.8057732, 48.8116141], [16.8057698, 48.8115448], [16.8058111, 48.8114279], [16.805848, 48.8113087], [16.8058755, 48.811214], [16.8059242, 48.8111132], [16.8062188, 48.8108194], [16.8065005, 48.8106839], [16.8068061, 48.8105173], [16.806871, 48.8104501], [16.8071121, 48.810101], [16.8072206, 48.8099799], [16.8073564, 48.8099416], [16.8075856, 48.8099152], [16.8077558, 48.8098647], [16.8078963, 48.8097874], [16.8081131, 48.8095925], [16.8082511, 48.8094097], [16.8083478, 48.8092355], [16.8083524, 48.8092256], [16.8083566, 48.8092157], [16.8083712, 48.8091763], [16.8083865, 48.809124], [16.8084107, 48.8089964], [16.8083608, 48.8089256], [16.808321, 48.8089068], [16.8082626, 48.8088772], [16.8081787, 48.8088295], [16.8075022, 48.8087474], [16.8073061, 48.80868], [16.8066309, 48.8082285], [16.8064517, 48.808014], [16.8064561, 48.8079111], [16.8064933, 48.8078166], [16.806562, 48.8077104], [16.8066836, 48.8075644], [16.8071088, 48.8071782], [16.8071658, 48.8070306], [16.8071598, 48.8068064], [16.8070669, 48.806649], [16.8068477, 48.8064589], [16.8065974, 48.8063059]]}, "properties": {"id": "e9d76b2b-b58a-4396-8282-69e1f75193d2", "names": null, "subtype": "road", "class": "path", "subclass": null, "road_surface": [{"value": "unpaved", "between": [0.0, 0.049486053]}, {"value": "gravel", "between": [0.049486053, 0.066432302]}, {"value": "unpaved", "between": [0.066432302, 1.0]}], "road_flags": [{"values": ["is_bridge"], "between": [0.032765253, 0.049486053]}, {"values": ["is_bridge"], "between": [0.066432302, 0.079859042]}, {"values": ["is_bridge"], "between": [0.223294698, 0.276738634]}, {"values": ["is_tunnel"], "between": [0.453290242, 0.456170979]}, {"values": ["is_tunnel"], "between": [0.502525796, 0.50930179]}], "width_rules": null}}, {"type": "Feature", "geometry": {"type": "LineString", "coordinates": [[16.8068061, 48.8105173], [16.8070839, 48.8106373], [16.8072783, 48.8108117], [16.8075939, 48.8109294], [16.8078162, 48.8110544], [16.8078705, 48.8111902], [16.8077851, 48.8113032], [16.8076378, 48.8113552], [16.8075031, 48.8113552], [16.8071296, 48.8112276], [16.8066314, 48.8111843], [16.8063741, 48.8111075], [16.8062004, 48.8111188], [16.8059242, 48.8111132]]}, "properties": {"id": "0c5bdd15-3e99-41fc-9b4f-1532a61875cc", "names": null, "subtype": "road", "class": "path", "subclass": null, "road_surface": [{"value": "unpaved", "between": null}], "road_flags": null, "width_rules": null}}, {"type": "Feature", "geometry": {"type": "LineString", "coordinates": [[16.828072, 48.8176232], [16.827975, 48.8174323], [16.8278788, 48.8173387], [16.8263439, 48.8171117], [16.8255076, 48.817188], [16.8251597, 48.8172528], [16.8246712, 48.8172922], [16.8219127, 48.8173546], [16.8209886, 48.8173384], [16.8201979, 48.8173616], [16.8194108, 48.8173431], [16.8182652, 48.8173708], [16.8167823, 48.8173917], [16.8154153, 48.8174264], [16.814073, 48.8174773], [16.8137075, 48.8174888], [16.8131699, 48.8174819], [16.8126428, 48.8175259], [16.8121157, 48.8175698], [16.8112934, 48.8175883], [16.8111001, 48.8176092], [16.8098841, 48.8180265], [16.8096936, 48.8180467], [16.8096097, 48.8182261]]}, "properties": {"id": "d3a93013-b459-4639-bf4d-416ff0ed6328", "names": null, "subtype": "road", "class": "track", "subclass": null, "road_surface": [{"value": "unpaved", "between": null}], "road_flags": null, "width_rules": null}}, {"type": "Feature", "geometry": {"type": "LineString", "coordinates": [[16.8208625, 48.8179142], [16.8208827, 48.8180918]]}, "properties": {"id": "3946af7f-40b3-4fd0-8838-0656d6600511", "names": null, "subtype": "road", "class": "service", "subclass": null, "road_surface": null, "road_flags": null, "width_rules": null}}, {"type": "Feature", "geometry": {"type": "LineString", "coordinates": [[16.8320504, 48.8180659], [16.8318196, 48.8184859], [16.8314604, 48.8191098], [16.8311546, 48.8196007], [16.8276892, 48.8256509], [16.8247924, 48.8306938], [16.8235156, 48.8330315], [16.8232743, 48.8340405], [16.8232138, 48.8345392], [16.823226, 48.8349242], [16.8232635, 48.8354221], [16.8234325, 48.8361], [16.8237859, 48.8369397]]}, "properties": {"id": "cbabbafa-c14c-4e59-97e6-a9512647cce5", "names": null, "subtype": "road", "class": "track", "subclass": null, "road_surface": null, "road_flags": null, "width_rules": null}}, {"type": "Feature", "geometry": {"type": "LineString", "coordinates": [[16.8237859, 48.8369397], [16.8238261, 48.8367543], [16.8237349, 48.8365231], [16.8235794, 48.8362194], [16.8234479, 48.8357374], [16.8233916, 48.8353896], [16.8233514, 48.8347488], [16.8233728, 48.8342544], [16.8234533, 48.8337671], [16.8236035, 48.8331915], [16.8238717, 48.8325807], [16.8243062, 48.8318108], [16.8252343, 48.8301935], [16.826334, 48.8282406], [16.8273425, 48.8265031], [16.8285495, 48.8244371], [16.8298531, 48.8222049], [16.8310815, 48.8200116], [16.8317521, 48.8188601], [16.8318196, 48.8184859]]}, "properties": {"id": "4a2692be-35ae-44e8-8755-88ba044563c5", "names": null, "subtype": "road", "class": "track", "subclass": null, "road_surface": null, "road_flags": null, "width_rules": null}}, {"type": "Feature", "geometry": {"type": "LineString", "coordinates": [[16.8448192, 48.8222788], [16.844085, 48.822045], [16.8436999, 48.8219368], [16.8434116, 48.8218687], [16.8428015, 48.8217344], [16.8415109, 48.8214756], [16.8413521, 48.8214426], [16.8411956, 48.821408], [16.8410409, 48.8213686], [16.8408863, 48.8213261], [16.8407611, 48.8212903], [16.8405819, 48.8212312], [16.8404048, 48.821166], [16.8402156, 48.8210905], [16.8400743, 48.8210259], [16.839913, 48.8209474], [16.8397488, 48.8208607], [16.8395647, 48.8207563], [16.8392011, 48.8205429], [16.8382011, 48.8199387], [16.8376835, 48.8196196], [16.8374341, 48.8194778], [16.8372213, 48.8193705], [16.8370858, 48.8193013], [16.8367878, 48.81916], [16.836451, 48.8190297], [16.8340217, 48.8181453], [16.8333146, 48.8179329], [16.8329773, 48.8178481], [16.8327095, 48.8178013], [16.8323992, 48.8177496], [16.8320426, 48.8177021], [16.8318304, 48.8176777], [16.8315819, 48.8176541], [16.8311593, 48.8176217], [16.8308359, 48.817603], [16.8305032, 48.8175916], [16.8301691, 48.8175864], [16.829748, 48.8175851], [16.8293282, 48.8175856], [16.8288859, 48.8175929], [16.8284903, 48.8176081], [16.828072, 48.8176232], [16.8255629, 48.8177211], [16.8208625, 48.8179142], [16.8197937, 48.8179579], [16.8119769, 48.8182664], [16.8115487, 48.8182809], [16.8111863, 48.8182901], [16.8109541, 48.8182908], [16.8106365, 48.8182834], [16.8102934, 48.8182716], [16.8100262, 48.8182557], [16.8097831, 48.8182391], [16.8096097, 48.8182261], [16.8093548, 48.8181981], [16.8090918, 48.8181631], [16.808679, 48.8180791], [16.8083391, 48.818], [16.8079728, 48.8178963], [16.8076206, 48.8177767], [16.8072424, 48.8176136], [16.8071365, 48.8175693], [16.8070188, 48.8175175], [16.8068891, 48.8174535], [16.8065703, 48.8172889], [16.8064068, 48.8172004], [16.8062782, 48.8171243], [16.806178, 48.8170619], [16.8060464, 48.8169673], [16.8059226, 48.8168695], [16.8058042, 48.8167779], [16.8057033, 48.8166919], [16.805618, 48.8166142], [16.8055394, 48.8165314], [16.8054374, 48.8164211], [16.8053341, 48.816308], [16.8052131, 48.8161589], [16.8051121, 48.816016], [16.8050021, 48.8158555], [16.8049336, 48.8157461], [16.804841, 48.8155829], [16.8047462, 48.8154057], [16.8046835, 48.8152515], [16.804635, 48.815119], [16.8045856, 48.8149581], [16.8045309, 48.8147477], [16.8045192, 48.8146367], [16.8044891, 48.8143405], [16.8044744, 48.8140971]]}, "properties": {"id": "685cd064-3957-43d9-9e22-900b70b7812a", "names": null, "subtype": "road", "class": "secondary", "subclass": null, "road_surface": [{"value": "paved", "between": null}], "road_flags": [{"values": ["is_bridge"], "between": [0.197609083, 0.205575307]}, {"values": ["is_bridge"], "between": [0.305014131, 0.311963138]}, {"values": ["is_bridge"], "between": [0.828833297, 0.863726187]}], "width_rules": null}}, {"type": "Feature", "geometry": {"type": "LineString", "coordinates": [[16.8232546, 48.8163416], [16.8233536, 48.8162996], [16.8234442, 48.8163024], [16.8235, 48.8163182], [16.823564, 48.8163971]]}, "properties": {"id": "efc6aa9b-aca6-41c5-ba2c-b0afffb774b7", "names": null, "subtype": "road", "class": "track", "subclass": null, "road_surface": [{"value": "paved", "between": null}], "road_flags": null, "width_rules": null}}, {"type": "Feature", "geometry": {"type": "LineString", "coordinates": [[16.823564, 48.8163971], [16.8239175, 48.8165521], [16.8244342, 48.816697]]}, "properties": {"id": "c20a6e2d-fe3f-42eb-86f9-a921d2d5c882", "names": null, "subtype": "road", "class": "unknown", "subclass": null, "road_surface": null, "road_flags": null, "width_rules": null}}, {"type": "Feature", "geometry": {"type": "LineString", "coordinates": [[16.8170822, 48.8114235], [16.8173181, 48.8110783], [16.8178466, 48.8105375], [16.8184808, 48.8100636], [16.8189931, 48.8096861], [16.8196395, 48.8095094], [16.8206558, 48.809496], [16.8212331, 48.8095629], [16.8220787, 48.8099244], [16.8222332, 48.8100636], [16.8221682, 48.8106446], [16.8221235, 48.8111452], [16.8221804, 48.8113942], [16.8226194, 48.8118708], [16.8231195, 48.812101], [16.8237578, 48.8122402], [16.8244123, 48.8122643], [16.8251888, 48.8121492], [16.8254084, 48.8120555], [16.8257661, 48.8118387], [16.8259328, 48.8116887], [16.826132, 48.8112684], [16.8262133, 48.8108936], [16.8262946, 48.8107303], [16.8265182, 48.8105214], [16.82675, 48.8104652], [16.8270874, 48.8104786], [16.8273191, 48.8106044], [16.8275021, 48.8108989], [16.8277785, 48.8112577], [16.8282583, 48.8115442], [16.8290185, 48.811852], [16.829486, 48.8118279], [16.8299861, 48.8119297], [16.8302178, 48.812002], [16.8307545, 48.8123152], [16.830974, 48.8127837], [16.8312382, 48.8133861], [16.83147, 48.8136565], [16.8316651, 48.8137207], [16.8319985, 48.8136806], [16.8322912, 48.8135655], [16.8325026, 48.8133914], [16.8327059, 48.8130943], [16.8327953, 48.8128747], [16.8327872, 48.8126365], [16.8325636, 48.8123259], [16.8322627, 48.8120234], [16.8315407, 48.8117763], [16.8307126, 48.8113149], [16.8303516, 48.8109839], [16.8302029, 48.8108813], [16.8301463, 48.8106529], [16.8301888, 48.8104991], [16.8303728, 48.8103779], [16.8305852, 48.8102847], [16.830932, 48.8102893], [16.8312859, 48.810583], [16.8317673, 48.8108441], [16.8320929, 48.8109746], [16.8327795, 48.8110258], [16.8331971, 48.8110958], [16.8335864, 48.8110212], [16.8338554, 48.8109093], [16.8338554, 48.8107555], [16.833735, 48.8105364], [16.8331759, 48.8103546], [16.83256, 48.8100796], [16.8321566, 48.8098045], [16.8317602, 48.8094409], [16.8316965, 48.8091379], [16.8318451, 48.8088023], [16.832107, 48.8085366], [16.8325176, 48.808117], [16.8327228, 48.8077674], [16.8326945, 48.8074457], [16.8324468, 48.8070775], [16.8318593, 48.8066159], [16.8314487, 48.806215], [16.831109, 48.8056043], [16.8308825, 48.8051148], [16.8310559, 48.8044204]]}, "properties": {"id": "9f98db11-5ada-45c6-8367-42f21aa9f9da", "names": {"primary": "Plavby z\u00e1meck\u00fdm parkem mezi Minaretem a Janohradem", "common": null, "rules": [{"variant": "common", "language": null, "perspectives": null, "value": "Plavby z\u00e1meck\u00fdm parkem mezi Minaretem a Janohradem", "between": null, "side": null}]}, "subtype": "water", "class": null, "subclass": null, "road_surface": null, "road_flags": null, "width_rules": null}}, {"type": "Feature", "geometry": {"type": "LineString", "coordinates": [[16.8335803, 48.8050082], [16.8336979, 48.805064], [16.8340171, 48.8052035], [16.8342539, 48.8053069], [16.8348343, 48.8055195], [16.8349373, 48.8055445], [16.8350675, 48.8055641], [16.8351571, 48.8061448], [16.8351664, 48.8064755], [16.8351102, 48.8067901], [16.8351365, 48.8071578], [16.8352545, 48.8077241], [16.8354081, 48.808003], [16.8357922, 48.8083879], [16.8359366, 48.8084979], [16.8359339, 48.8085903], [16.8358233, 48.808871], [16.8356452, 48.8091464], [16.8348872, 48.8101573], [16.8343071, 48.8110811], [16.8336516, 48.812092], [16.833104, 48.8129696], [16.832818, 48.8133942], [16.8323783, 48.813801], [16.8318414, 48.8142664], [16.8314233, 48.8145578], [16.8308244, 48.8149397], [16.83039, 48.8151351], [16.8299134, 48.8153548], [16.8290184, 48.8157013], [16.8283506, 48.815883], [16.8272688, 48.8161139], [16.8263246, 48.8162738], [16.8255449, 48.816336], [16.8250701, 48.8163839], [16.8243741, 48.8164656], [16.8240774, 48.816455], [16.8239641, 48.8164479], [16.8237374, 48.8164159], [16.823564, 48.8163971], [16.8234678, 48.8163888], [16.8233436, 48.8163644], [16.8232546, 48.8163416], [16.8231041, 48.8162771], [16.8225718, 48.8160706], [16.8219477, 48.8158553], [16.8216452, 48.8157783], [16.8214149, 48.8157421], [16.8211091, 48.8157285], [16.8204835, 48.8157059], [16.8192187, 48.8156606], [16.8176927, 48.8156312], [16.8163935, 48.8155995], [16.8156993, 48.815638], [16.8150463, 48.8156878], [16.8145204, 48.8157648], [16.8140633, 48.8158938], [16.8137058, 48.8160273], [16.8131834, 48.8160997], [16.8123173, 48.8160839], [16.8118499, 48.8160114], [16.8112381, 48.8158802], [16.8100103, 48.8155556], [16.8059739, 48.8145299], [16.8055789, 48.8144369], [16.805248, 48.8143583], [16.8049714, 48.8143369], [16.8044891, 48.8143405]]}, "properties": {"id": "f3d97a16-5f8b-46da-9609-962a00c7b530", "names": null, "subtype": "road", "class": "service", "subclass": null, "road_surface": [{"value": "paved", "between": null}], "road_flags": null, "width_rules": [{"value": 3.0, "between": null}]}}, {"type": "Feature", "geometry": {"type": "LineString", "coordinates": [[16.8170131, 48.8014378], [16.8170874, 48.8015358], [16.8178145, 48.8022868], [16.818364, 48.8028636], [16.8188969, 48.8034786], [16.8203252, 48.8045444], [16.8203815, 48.8046075], [16.8204339, 48.8046693], [16.8204419, 48.8046785], [16.8205472, 48.8047846], [16.8212186, 48.8051193], [16.8214913, 48.805245], [16.8218795, 48.805424], [16.8219223, 48.8054721], [16.8219675, 48.8055229], [16.821958, 48.8056145], [16.821813, 48.8058241]]}, "properties": {"id": "c745ce7f-8c72-4689-8c9e-40cff94c1d40", "names": null, "subtype": "road", "class": "track", "subclass": null, "road_surface": [{"value": "dirt", "between": null}], "road_flags": [{"values": ["is_bridge"], "between": [0.691646191, 0.704252116]}], "width_rules": null}}, {"type": "Feature", "geometry": {"type": "LineString", "coordinates": [[16.8262011, 48.8089805], [16.825738, 48.8086481], [16.8253497, 48.8083679], [16.8242591, 48.8076768], [16.8237675, 48.8073286], [16.8231991, 48.8069997], [16.8230528, 48.806915], [16.8229518, 48.8068396], [16.8229095, 48.8068091], [16.8223009, 48.8063708], [16.8219761, 48.806138], [16.821947, 48.8060008], [16.8219676, 48.8058956], [16.8220737, 48.8057242], [16.8220199, 48.8056009], [16.8219675, 48.8055229]]}, "properties": {"id": "07a3fb2e-27da-4afe-ad82-7538b483b7be", "names": null, "subtype": "road", "class": "track", "subclass": null, "road_surface": [{"value": "dirt", "between": null}], "road_flags": null, "width_rules": null}}, {"type": "Feature", "geometry": {"type": "LineString", "coordinates": [[16.8307128, 48.8040807], [16.8306363, 48.8041887], [16.8305391, 48.8044177], [16.8304788, 48.804735], [16.8304661, 48.8050913], [16.8304957, 48.8053495], [16.8307926, 48.8060565], [16.8310388, 48.806513], [16.8311001, 48.8066564], [16.8311455, 48.8069723], [16.8311149, 48.8070558], [16.8307472, 48.8075262], [16.8306077, 48.8076744], [16.8303309, 48.8078386], [16.8299907, 48.8079207], [16.8295173, 48.8079792], [16.8289415, 48.8078519], [16.8285019, 48.8078693], [16.8282283, 48.8079242], [16.8278585, 48.8079444], [16.8275341, 48.8080474], [16.8273418, 48.8080905], [16.8271664, 48.8081031], [16.8270322, 48.8080878], [16.8269498, 48.8080286], [16.8269149, 48.8079235], [16.8270438, 48.8072256], [16.8270914, 48.8069723], [16.8269952, 48.8068853], [16.8266191, 48.8067496], [16.826225, 48.8065861], [16.8258911, 48.8065081], [16.8255889, 48.8064706], [16.8253353, 48.8064761], [16.8252223, 48.8065311], [16.8251124, 48.8067037], [16.8249835, 48.8068547], [16.8248472, 48.8069785], [16.8247077, 48.8070412], [16.8245429, 48.8070704], [16.8241435, 48.8070788], [16.823817, 48.8071184], [16.8234303, 48.8070676], [16.8231991, 48.8069997]]}, "properties": {"id": "2b0cd93f-43b8-47ea-bac1-b05e8367c84b", "names": null, "subtype": "road", "class": "track", "subclass": null, "road_surface": null, "road_flags": null, "width_rules": null}}, {"type": "Feature", "geometry": {"type": "LineString", "coordinates": [[16.8219223, 48.8054721], [16.8220463, 48.8049643], [16.8221205, 48.8047603], [16.8223423, 48.8045814], [16.8240156, 48.8037334], [16.8244665, 48.8035816], [16.8250652, 48.8035535], [16.8261498, 48.8036377], [16.8284544, 48.803994], [16.8294363, 48.804093], [16.8297444, 48.8040353], [16.8300545, 48.8039216], [16.8308756, 48.803541], [16.8311137, 48.8034421], [16.8314598, 48.8034177], [16.8316216, 48.8034199]]}, "properties": {"id": "4dd4c046-4e28-43a6-bd7e-259745dac25c", "names": null, "subtype": "road", "class": "track", "subclass": null, "road_surface": [{"value": "dirt", "between": null}], "road_flags": null, "width_rules": null}}, {"type": "Feature", "geometry": {"type": "LineString", "coordinates": [[16.8320308, 48.8033049], [16.8318007, 48.8033877], [16.8316216, 48.8034199], [16.8313936, 48.8035057], [16.8312796, 48.8035835], [16.8309703, 48.8038891], [16.8307128, 48.8040807], [16.8305036, 48.8041445], [16.8302277, 48.8042828], [16.8301024, 48.8043372], [16.8299599, 48.80441], [16.8289589, 48.8046593], [16.8284837, 48.8048158], [16.82803, 48.8049441], [16.8278305, 48.8049855], [16.8276571, 48.8049911], [16.8273675, 48.8049527], [16.827032, 48.8048502], [16.8268008, 48.8047836], [16.8265588, 48.8047672], [16.8262417, 48.8048285], [16.825806, 48.8049334], [16.8255508, 48.8049789], [16.8249807, 48.805055], [16.8245662, 48.8052229], [16.824306, 48.8053947], [16.8239713, 48.8057083], [16.8238136, 48.8058046], [16.8236622, 48.8058616], [16.8233667, 48.8059207], [16.8228766, 48.8060855], [16.8223121, 48.8061422], [16.8219761, 48.806138], [16.8214306, 48.8062636], [16.8208154, 48.8063697], [16.8197909, 48.8065526], [16.8196181, 48.8065689]]}, "properties": {"id": "f757de7e-554b-44e0-a43a-1ac441fd38a8", "names": null, "subtype": "road", "class": "track", "subclass": null, "road_surface": [{"value": "unpaved", "between": null}], "road_flags": [{"values": ["is_bridge"], "between": [0.987565555, 1.0]}], "width_rules": null}}, {"type": "Feature", "geometry": {"type": "LineString", "coordinates": [[16.8310865, 48.8032425], [16.8306403, 48.8034815], [16.830068, 48.8038537], [16.8300545, 48.8039216], [16.8300151, 48.8041209], [16.8301024, 48.8043372], [16.8301401, 48.804525], [16.8300151, 48.8049283], [16.8299955, 48.8051317]]}, "properties": {"id": "2b2acfb0-dfd9-41ab-8174-f581569f874b", "names": null, "subtype": "road", "class": "track", "subclass": null, "road_surface": [{"value": "dirt", "between": null}], "road_flags": null, "width_rules": null}}, {"type": "Feature", "geometry": {"type": "LineString", "coordinates": [[16.8300421, 48.8027774], [16.8301328, 48.8034686], [16.830068, 48.8038537]]}, "properties": {"id": "cade7eb7-8006-403b-ae6c-08a641a1ba19", "names": null, "subtype": "road", "class": "track", "subclass": null, "road_surface": [{"value": "dirt", "between": null}], "road_flags": null, "width_rules": null}}, {"type": "Feature", "geometry": {"type": "LineString", "coordinates": [[16.8336055, 48.8025379], [16.8335598, 48.8026811], [16.8334409, 48.8028352], [16.8334093, 48.8029341], [16.8333109, 48.8032907], [16.8332446, 48.8034724], [16.8332081, 48.8035703], [16.8331837, 48.8036356]]}, "properties": {"id": "039d5148-7c56-4e78-869d-6edf3624c739", "names": null, "subtype": "road", "class": "track", "subclass": null, "road_surface": [{"value": "gravel", "between": null}], "road_flags": null, "width_rules": null}}, {"type": "Feature", "geometry": {"type": "LineString", "coordinates": [[16.8331837, 48.8036356], [16.8329039, 48.8034115], [16.8326237, 48.8033451], [16.8320308, 48.8033049]]}, "properties": {"id": "86370d5c-2443-4b10-be91-515d518f736d", "names": null, "subtype": "road", "class": "track", "subclass": null, "road_surface": [{"value": "unpaved", "between": null}], "road_flags": null, "width_rules": null}}, {"type": "Feature", "geometry": {"type": "LineString", "coordinates": [[16.8320308, 48.8033049], [16.8323174, 48.8030773], [16.8326078, 48.8029033], [16.8328158, 48.8027821], [16.8331571, 48.8027038], [16.8333566, 48.8026482], [16.8336055, 48.8025379]]}, "properties": {"id": "a07639d2-7592-4a00-8889-67345337b9d3", "names": null, "subtype": "road", "class": "track", "subclass": null, "road_surface": [{"value": "dirt", "between": null}], "road_flags": null, "width_rules": null}}, {"type": "Feature", "geometry": {"type": "LineString", "coordinates": [[16.8328618, 48.8038911], [16.8327048, 48.8040187], [16.8325369, 48.804155], [16.8322913, 48.8043545]]}, "properties": {"id": "a4059b12-5af5-4f49-a975-e0529e0e1e32", "names": null, "subtype": "road", "class": "path", "subclass": null, "road_surface": [{"value": "unpaved", "between": null}], "road_flags": null, "width_rules": null}}, {"type": "Feature", "geometry": {"type": "LineString", "coordinates": [[16.8327048, 48.8040187], [16.8326803, 48.8041717], [16.832605, 48.8043274], [16.8325752, 48.8044409]]}, "properties": {"id": "5db2c0aa-a17b-4bf4-971a-91cb22b074bf", "names": null, "subtype": "road", "class": "path", "subclass": null, "road_surface": [{"value": "unpaved", "between": null}], "road_flags": null, "width_rules": null}}, {"type": "Feature", "geometry": {"type": "LineString", "coordinates": [[16.8331409, 48.8036696], [16.8328618, 48.8038911]]}, "properties": {"id": "27289ed6-0b47-43d9-9597-d09777408da5", "names": null, "subtype": "road", "class": "footway", "subclass": null, "road_surface": [{"value": "unpaved", "between": null}], "road_flags": [{"values": ["is_bridge"], "between": null}], "width_rules": [{"value": 1.0, "between": null}]}}, {"type": "Feature", "geometry": {"type": "LineString", "coordinates": [[16.8331837, 48.8036356], [16.8331409, 48.8036696]]}, "properties": {"id": "691a2faa-17bb-4f21-9f7f-edb46720f3dd", "names": null, "subtype": "road", "class": "path", "subclass": null, "road_surface": [{"value": "gravel", "between": null}], "road_flags": null, "width_rules": null}}, {"type": "Feature", "geometry": {"type": "LineString", "coordinates": [[16.8322913, 48.8043545], [16.832412, 48.8043654], [16.8325137, 48.8043952], [16.8325752, 48.8044409], [16.8326848, 48.8045224], [16.8331957, 48.8048234], [16.8333074, 48.8048818], [16.8335803, 48.8050082]]}, "properties": {"id": "755754dd-57f8-4631-a4c3-b67863dbbd35", "names": null, "subtype": "road", "class": "service", "subclass": null, "road_surface": [{"value": "paved", "between": null}], "road_flags": null, "width_rules": [{"value": 3.0, "between": null}]}}, {"type": "Feature", "geometry": {"type": "LineString", "coordinates": [[16.8320595, 48.8044165], [16.8321369, 48.8043913], [16.8322301, 48.8043695], [16.8322913, 48.8043545]]}, "properties": {"id": "6fcbaaeb-69b7-4620-9f0b-e50b1cefcb7c", "names": null, "subtype": "road", "class": "path", "subclass": null, "road_surface": [{"value": "paved", "between": null}], "road_flags": null, "width_rules": null}}, {"type": "Feature", "geometry": {"type": "LineString", "coordinates": [[16.8320595, 48.8044165], [16.8319162, 48.8044513], [16.8317045, 48.8044758], [16.831582, 48.8044813], [16.8314711, 48.804475], [16.8313066, 48.8044602], [16.8311846, 48.8044492]]}, "properties": {"id": "779b5fbb-1b32-4186-bf2d-a43d42d570e1", "names": null, "subtype": "road", "class": "path", "subclass": null, "road_surface": [{"value": "unpaved", "between": null}], "road_flags": null, "width_rules": null}}, {"type": "Feature", "geometry": {"type": "LineString", "coordinates": [[16.8333146, 48.8179329], [16.8332861, 48.8176098], [16.8332952, 48.8174221], [16.833354, 48.8172433], [16.8338065, 48.8162571], [16.8338744, 48.8161052], [16.8339603, 48.8160456], [16.8341232, 48.815992], [16.8343992, 48.8159294], [16.8354128, 48.8156642], [16.8357341, 48.8155719], [16.8360236, 48.8154199], [16.8362182, 48.8153067], [16.8365576, 48.8151398], [16.8369286, 48.8148806], [16.8374625, 48.8142668], [16.8378743, 48.8138228], [16.838105, 48.8134832], [16.8382317, 48.8132875], [16.8383491, 48.8131213], [16.8385007, 48.8129551], [16.838806, 48.8126983], [16.8391335, 48.8124671], [16.839277, 48.8123569], [16.839373, 48.8122406], [16.8394002, 48.8121293], [16.8394066, 48.811979], [16.8393669, 48.8118474], [16.8392825, 48.8116559], [16.8391024, 48.8114083], [16.8387385, 48.811016], [16.838544, 48.8107955], [16.838363, 48.8106107], [16.8382951, 48.8105005], [16.8382815, 48.8103634], [16.8383033, 48.8101339], [16.8383993, 48.8098163]]}, "properties": {"id": "14449d51-c26a-48f7-8f2b-4e98055b82e8", "names": {"primary": "H\u00e1jenka", "common": null, "rules": [{"variant": "common", "language": null, "perspectives": null, "value": "H\u00e1jenka", "between": null, "side": null}]}, "subtype": "road", "class": "service", "subclass": "driveway", "road_surface": [{"value": "paved", "between": null}], "road_flags": null, "width_rules": null}}, {"type": "Feature", "geometry": {"type": "LineString", "coordinates": [[16.8394704, 48.8064], [16.8387761, 48.8067251], [16.8381849, 48.8070502], [16.8376208, 48.8074145], [16.8371381, 48.8077753], [16.8365848, 48.8082861], [16.8361997, 48.8087041], [16.8358233, 48.808871]]}, "properties": {"id": "c62d47e8-34b6-4d37-a211-ac18942d6292", "names": null, "subtype": "road", "class": "track", "subclass": null, "road_surface": null, "road_flags": null, "width_rules": null}}, {"type": "Feature", "geometry": {"type": "LineString", "coordinates": [[16.8335803, 48.8050082], [16.8335199, 48.8050449], [16.8334886, 48.8050663], [16.8334711, 48.8050888], [16.8334671, 48.8051202], [16.833477, 48.8051447], [16.8335066, 48.8051711], [16.8335396, 48.8051862], [16.8335849, 48.8051981], [16.8336377, 48.8052009], [16.8340171, 48.8052035]]}, "properties": {"id": "33912b62-84ca-4ecd-9917-22ef55f2afb7", "names": null, "subtype": "road", "class": "service", "subclass": "parking_aisle", "road_surface": null, "road_flags": null, "width_rules": null}}, {"type": "Feature", "geometry": {"type": "LineString", "coordinates": [[16.8355001, 48.8035948], [16.8353116, 48.8039575], [16.8348958, 48.8041436], [16.8342158, 48.8042021], [16.8338523, 48.8041005], [16.8336065, 48.8038645], [16.8332081, 48.8035703]]}, "properties": {"id": "23e3fc5a-b11f-4bce-9145-d96d9bf2870c", "names": null, "subtype": "road", "class": "track", "subclass": null, "road_surface": null, "road_flags": null, "width_rules": null}}, {"type": "Feature", "geometry": {"type": "LineString", "coordinates": [[16.8548961, 48.804178], [16.8547116, 48.8041923], [16.8546249, 48.8041857], [16.8544871, 48.8041703], [16.8543949, 48.8041283], [16.8542859, 48.8040593], [16.8533753, 48.8035147], [16.8533063, 48.8034697], [16.8532011, 48.8034171], [16.8531034, 48.8033957], [16.8529386, 48.8033956], [16.8528377, 48.8033957], [16.8527563, 48.8034171], [16.8525124, 48.8035165], [16.8522686, 48.8035361], [16.8520307, 48.8035326], [16.8516157, 48.803497], [16.8510199, 48.8035073], [16.8495235, 48.8035255], [16.8489478, 48.8035214], [16.8477971, 48.8034673], [16.8442214, 48.8029868], [16.8424398, 48.802767], [16.8415752, 48.8027335], [16.8405947, 48.8029155], [16.8384417, 48.8032965], [16.8383752, 48.8033048], [16.8363891, 48.8035969], [16.8357834, 48.8036498], [16.8355001, 48.8035948], [16.8336055, 48.8025379]]}, "properties": {"id": "80888c06-5281-4add-828d-5d68f8d18788", "names": null, "subtype": "road", "class": "track", "subclass": null, "road_surface": [{"value": "gravel", "between": [0.0, 0.029816914]}, {"value": "paved", "between": [0.029816914, 0.084020749]}, {"value": "gravel", "between": [0.084020749, 1.0]}], "road_flags": [{"values": ["is_bridge"], "between": [0.029816914, 0.084020749]}, {"values": ["is_bridge"], "between": [0.757826548, 0.760811844]}], "width_rules": null}}, {"type": "Feature", "geometry": {"type": "LineString", "coordinates": [[16.837415, 48.8271267], [16.83723, 48.826788], [16.8369209, 48.825914], [16.8365669, 48.8249976], [16.8357904, 48.823033], [16.8357528, 48.8228917], [16.8357582, 48.8226515], [16.8357809, 48.8225154], [16.8363112, 48.8208002], [16.8364621, 48.8203077], [16.8364574, 48.8201601], [16.8365088, 48.8200279], [16.8365788, 48.8199141], [16.8367096, 48.8197972], [16.8369244, 48.8196896], [16.8371392, 48.8196158], [16.8372567, 48.8195867], [16.8373151, 48.8195612], [16.8374341, 48.8194778]]}, "properties": {"id": "ce98db8a-178f-414f-a1db-20dc14cbef53", "names": null, "subtype": "road", "class": "track", "subclass": null, "road_surface": [{"value": "dirt", "between": null}], "road_flags": null, "width_rules": null}}, {"type": "Feature", "geometry": {"type": "LineString", "coordinates": [[16.8322858, 48.8191215], [16.8326579, 48.8184644], [16.8328522, 48.8182715], [16.8331091, 48.818163], [16.8333146, 48.8179329]]}, "properties": {"id": "9620ee03-64d4-40c5-a1fd-be0658785b98", "names": null, "subtype": "road", "class": "track", "subclass": null, "road_surface": [{"value": "unpaved", "between": null}], "road_flags": null, "width_rules": null}}, {"type": "Feature", "geometry": {"type": "LineString", "coordinates": [[16.8315819, 48.8176541], [16.8315248, 48.8178679], [16.8314798, 48.8180195]]}, "properties": {"id": "6decbbcb-fee8-403e-a280-68b93abdd27d", "names": null, "subtype": "road", "class": "service", "subclass": null, "road_surface": null, "road_flags": null, "width_rules": null}}, {"type": "Feature", "geometry": {"type": "LineString", "coordinates": [[16.8315248, 48.8178679], [16.831999, 48.8179079], [16.8320455, 48.8179192], [16.8320679, 48.8179373], [16.8320765, 48.81796], [16.8320782, 48.8179997], [16.8320504, 48.8180659]]}, "properties": {"id": "fd628ed0-c9b4-4598-9db2-67abcff25e61", "names": null, "subtype": "road", "class": "service", "subclass": null, "road_surface": null, "road_flags": null, "width_rules": null}}, {"type": "Feature", "geometry": {"type": "LineString", "coordinates": [[16.8329773, 48.8178481], [16.8326623, 48.8181682], [16.8310036, 48.8210806], [16.8298897, 48.8230212], [16.8279474, 48.8264272], [16.8244972, 48.8323301], [16.8240583, 48.833467], [16.8238743, 48.8343616], [16.823846, 48.835191], [16.8240017, 48.836188], [16.8240664, 48.8364451], [16.8241548, 48.836737], [16.8242348, 48.8369275], [16.8243233, 48.8371172], [16.8243854, 48.8372448], [16.8267198, 48.8413873], [16.8310093, 48.8488126], [16.8316605, 48.8494368], [16.8320494, 48.8497059]]}, "properties": {"id": "c91cf015-7d87-4b89-91ce-c304839807aa", "names": null, "subtype": "road", "class": "track", "subclass": null, "road_surface": [{"value": "unpaved", "between": null}], "road_flags": null, "width_rules": null}}, {"type": "Feature", "geometry": {"type": "LineString", "coordinates": [[16.909398, 48.7712559], [16.9094457, 48.771305], [16.9095679, 48.7714374], [16.9095828, 48.7714525], [16.9100089, 48.7719134], [16.9100302, 48.7719371], [16.9102802, 48.772215], [16.9104816, 48.7724547], [16.9108134, 48.7728571], [16.910868, 48.772926], [16.9113156, 48.7735167], [16.911318, 48.7735201], [16.9115547, 48.7738554], [16.9117766, 48.7741928], [16.9120156, 48.7745884], [16.9122345, 48.7750126], [16.9124075, 48.7754218], [16.9124939, 48.7756599], [16.9125723, 48.7759129], [16.912598, 48.7760069], [16.9125997, 48.776013], [16.9126855, 48.7763842], [16.9127623, 48.7768739], [16.9128123, 48.7773503], [16.9128528, 48.7778638], [16.9128902, 48.7787743], [16.9128918, 48.7792615], [16.9128758, 48.7797561], [16.9128358, 48.7802043], [16.9127702, 48.7807084], [16.912679, 48.7811998], [16.9125749, 48.7816533], [16.9124341, 48.7821552], [16.9122613, 48.7826772], [16.9121572, 48.7829493], [16.9120516, 48.7832034], [16.9119348, 48.7834755], [16.9118164, 48.7837285], [16.9116835, 48.7839985], [16.9115491, 48.7842537], [16.9112562, 48.7847651], [16.9111347, 48.7849568], [16.9111311, 48.7849623], [16.9109426, 48.7852596], [16.9107889, 48.7854842], [16.9106065, 48.7857415], [16.9104192, 48.7859904], [16.910232, 48.7862255], [16.9100335, 48.7864701], [16.9098399, 48.786699], [16.909419, 48.7871671], [16.9089725, 48.7876258], [16.9085068, 48.7880613], [16.908078, 48.7884541], [16.9076139, 48.788879], [16.9071178, 48.7893356], [16.9066473, 48.7897605], [16.9061848, 48.7901822], [16.9057255, 48.790605], [16.9052597, 48.7910236], [16.9048052, 48.7914379], [16.9043379, 48.7918628], [16.9038594, 48.7922993], [16.9033777, 48.7927442], [16.9029409, 48.7931376], [16.9024725, 48.7935628], [16.9017201, 48.7942482], [16.9016219, 48.7943377], [16.9010844, 48.7948273], [16.8992929, 48.7964579], [16.899288, 48.7964624], [16.8991968, 48.7965454], [16.8988535, 48.7968583], [16.8987784, 48.7969267], [16.897804, 48.7978146], [16.8953894, 48.8000147], [16.8915754, 48.8034825], [16.8891015, 48.8057339], [16.8884465, 48.8063294], [16.888441, 48.8063345], [16.8866636, 48.8079506], [16.8852606, 48.8092277], [16.8838152, 48.8105387], [16.8818409, 48.8123325], [16.8808116, 48.8132698], [16.8792666, 48.8146767], [16.877928, 48.8158875], [16.8778866, 48.8159251], [16.8778822, 48.8159292], [16.8765295, 48.8171602], [16.8759069, 48.8177241], [16.8758154, 48.8178069], [16.8756074, 48.8179953], [16.8736663, 48.8197598], [16.8717386, 48.8215121], [16.8698371, 48.8232382], [16.8687942, 48.8241859], [16.868786, 48.8241933], [16.867493, 48.8253682], [16.8660268, 48.8266961], [16.8658704, 48.8268377], [16.8657944, 48.8269065], [16.8650678, 48.8275645], [16.8640563, 48.8284817], [16.8630843, 48.8293595], [16.8621035, 48.8302465], [16.8611094, 48.8311428], [16.8605407, 48.8316568], [16.860535, 48.8316619], [16.8601103, 48.8320457], [16.859972, 48.8321707], [16.8599169, 48.8322205], [16.8596063, 48.8325012], [16.8581574, 48.833815], [16.857906, 48.8340435], [16.8577156, 48.8342166], [16.8572291, 48.8346598], [16.8568275, 48.8350199], [16.8562557, 48.8355325], [16.8560577, 48.8357125], [16.8559478, 48.8358125], [16.8557478, 48.8359967], [16.8552135, 48.8364757], [16.8551771, 48.8365083], [16.85458, 48.8370461], [16.8538261, 48.8377253], [16.852368, 48.8390424], [16.8511899, 48.8401048], [16.8497659, 48.8413928], [16.849081, 48.8420118], [16.8485558, 48.8424865], [16.8483837, 48.84264], [16.8480907, 48.8429013], [16.8474782, 48.8434556], [16.8465607, 48.8442844], [16.8464356, 48.8443974], [16.8461655, 48.8446413], [16.8461032, 48.844697], [16.8460142, 48.8447767], [16.8451896, 48.8455142], [16.8442803, 48.8463384], [16.8442465, 48.846369], [16.8438855, 48.8466917], [16.8438807, 48.846696], [16.8437689, 48.846796], [16.8433204, 48.8471948], [16.84318, 48.8473248], [16.8424159, 48.8480138], [16.8415415, 48.8488072], [16.8406371, 48.8496211], [16.8397067, 48.8504594], [16.8387554, 48.8513173], [16.8377963, 48.8521818], [16.8368836, 48.853005], [16.8362216, 48.853604], [16.8360428, 48.853764], [16.8356795, 48.8540909], [16.8356724, 48.8540973], [16.8349836, 48.8547171], [16.8340484, 48.8555588], [16.8331541, 48.8563617], [16.8322195, 48.8572038], [16.8315227, 48.8578345], [16.8313473, 48.8579939], [16.8307889, 48.8584981], [16.8298594, 48.8593311], [16.8289108, 48.8601866], [16.8279638, 48.8610417], [16.8270464, 48.8618727], [16.8266158, 48.8622609], [16.8266079, 48.862268], [16.8261689, 48.8626638], [16.8252909, 48.8634523], [16.8243386, 48.8643111], [16.8234307, 48.8651259], [16.822536, 48.8659332], [16.8223431, 48.8661066], [16.8217016, 48.8666862], [16.8214207, 48.8669398], [16.8207501, 48.8675454], [16.8198023, 48.8683955], [16.8189365, 48.8691758], [16.8180169, 48.8700011], [16.8170836, 48.8708439], [16.8164497, 48.8714208], [16.8162754, 48.8715761], [16.8160849, 48.8717465], [16.8160794, 48.8717514], [16.8152582, 48.8724911], [16.8142988, 48.8733545], [16.8134194, 48.8741519], [16.8125637, 48.8749217], [16.8117168, 48.8756845], [16.81129, 48.8760576], [16.810862, 48.8764283], [16.810441, 48.8767818], [16.8099894, 48.8771469], [16.8095117, 48.8775265], [16.8090335, 48.8778958], [16.8085788, 48.8782362], [16.8081078, 48.8785779], [16.8076248, 48.8789201], [16.8071018, 48.8792779], [16.8065704, 48.8796359], [16.8060001, 48.8800024], [16.8054545, 48.8803465], [16.8054187, 48.8803691], [16.8048969, 48.8806883], [16.8043184, 48.8810344], [16.8037305, 48.8813721], [16.8031623, 48.8816913], [16.8028724, 48.8818506], [16.8025662, 48.8820188], [16.8019355, 48.8823444], [16.8013413, 48.8826473], [16.8006967, 48.882969], [16.8000818, 48.8832611], [16.7994593, 48.8835485], [16.7988558, 48.8838183], [16.798219, 48.8840986], [16.7975921, 48.8843652], [16.7969523, 48.8846254], [16.796285, 48.88489], [16.7956446, 48.8851356], [16.7949486, 48.8853939], [16.7943149, 48.8856198], [16.7940437, 48.8857132], [16.7940303, 48.8857178], [16.793627, 48.8858566], [16.7934033, 48.8859316], [16.7929653, 48.8860784], [16.7922751, 48.8862995], [16.791556, 48.8865255], [16.7895756, 48.8871382], [16.7895124, 48.8871576], [16.7888702, 48.8873548], [16.7881608, 48.887573], [16.7877793, 48.8876919], [16.7870503, 48.8879136], [16.7866984, 48.8880206], [16.785971, 48.8882451], [16.7824105, 48.8893438], [16.7816396, 48.8895746], [16.7807678, 48.8898357], [16.7757682, 48.8913815], [16.7750464, 48.8916047], [16.7746579, 48.8917206], [16.7738672, 48.8919564], [16.7732027, 48.8921659], [16.7722315, 48.8924625], [16.7713534, 48.8927306], [16.7687931, 48.8935162], [16.7683342, 48.893657], [16.7681491, 48.8937138], [16.7681409, 48.8937163], [16.7662246, 48.8943042], [16.7626142, 48.8954119], [16.758912, 48.8965478], [16.7557397, 48.8975202], [16.7557273, 48.897524], [16.7546904, 48.8978418], [16.7524384, 48.8985327], [16.750341, 48.8991769], [16.7480593, 48.8998769], [16.745855, 48.9005517], [16.745098, 48.9007848], [16.7443057, 48.9010253], [16.7440044, 48.9011195], [16.7423649, 48.9016241], [16.7417312, 48.9018185], [16.7417181, 48.9018225], [16.7400858, 48.9023233], [16.7373088, 48.9031743], [16.7350692, 48.9038626], [16.7322545, 48.9047224], [16.7312736, 48.9050247], [16.7311321, 48.9050683], [16.7290115, 48.905719], [16.7289999, 48.9057226], [16.7266252, 48.9064513], [16.7228594, 48.9076048], [16.7187558, 48.9088626], [16.7183811, 48.9089781], [16.7183221, 48.9089959], [16.7173136, 48.9092983], [16.7165635, 48.9095201], [16.7165528, 48.9095233], [16.7164391, 48.9095569], [16.7157456, 48.9097588], [16.7156933, 48.9097741], [16.715008, 48.9099749], [16.7142584, 48.9101987], [16.7136475, 48.9103863], [16.7129971, 48.910584], [16.7129601, 48.9105952], [16.7120316, 48.9108786], [16.7112279, 48.9111287]]}, "properties": {"id": "9ed4c664-d0f7-4ac3-9c84-bfdfa832faeb", "names": null, "subtype": "rail", "class": "standard_gauge", "subclass": null, "road_surface": null, "road_flags": null, "width_rules": null}}, {"type": "Feature", "geometry": {"type": "LineString", "coordinates": [[16.908702, 48.7705974], [16.9087911, 48.7706915], [16.9092026, 48.7711302], [16.9092644, 48.7711961], [16.9093898, 48.7713297], [16.9095128, 48.7714596], [16.9096311, 48.7715832], [16.9099499, 48.7719346], [16.910226, 48.7722408], [16.9104273, 48.7724751], [16.9107234, 48.7728299], [16.9109313, 48.7730999], [16.9109377, 48.7731093], [16.9110465, 48.773251], [16.9113859, 48.7737173], [16.9114027, 48.7737421], [16.9114116, 48.7737551], [16.9114901, 48.7738706], [16.9117183, 48.7742107], [16.9119524, 48.7746002], [16.9121728, 48.775026], [16.9123495, 48.7754296], [16.9124332, 48.7756683], [16.9125119, 48.7759186], [16.9125364, 48.7760121], [16.9125384, 48.7760195], [16.9126276, 48.7763903], [16.9127047, 48.7768788], [16.9127578, 48.7773549], [16.9127999, 48.7779721], [16.9128342, 48.7787722], [16.9128356, 48.779264], [16.912815, 48.7797667], [16.9127782, 48.7802066], [16.9127126, 48.7807042], [16.9126197, 48.7811977], [16.9125204, 48.7816436], [16.9123809, 48.782144], [16.9121989, 48.7826772], [16.9120996, 48.7829451], [16.9119955, 48.7831972], [16.9118788, 48.7834649], [16.9117603, 48.7837169], [16.9116291, 48.7839837], [16.9114947, 48.7842389], [16.9112041, 48.784753], [16.9110843, 48.7849405], [16.9110796, 48.7849478], [16.9108948, 48.7852371], [16.9107297, 48.7854758], [16.9105485, 48.7857279], [16.9103664, 48.7859756], [16.9101821, 48.7862118], [16.9099819, 48.7864529], [16.9097839, 48.7866833], [16.9093606, 48.7871538], [16.9089238, 48.7876041], [16.9084621, 48.7880417], [16.9080316, 48.7884348], [16.9075643, 48.7888611], [16.9070668, 48.7893114], [16.9065968, 48.7897422], [16.9061284, 48.7901649], [16.9056724, 48.7905852], [16.9052176, 48.7909978], [16.9047601, 48.7914166], [16.9042863, 48.7918471], [16.9038121, 48.792282], [16.9033298, 48.7927207], [16.9028939, 48.7931172], [16.9024282, 48.7935408], [16.9016751, 48.7942258], [16.9015768, 48.7943152], [16.9010377, 48.7948056], [16.8992423, 48.7964386], [16.8992363, 48.796444], [16.8991477, 48.7965246], [16.898811, 48.7968309], [16.8987305, 48.7969041], [16.8977552, 48.7977912], [16.8953449, 48.7999895], [16.8915374, 48.8034541], [16.8890489, 48.8057152], [16.8883962, 48.8063096], [16.888391, 48.8063143], [16.8866159, 48.8079307], [16.885208, 48.8092079], [16.8837685, 48.8105172], [16.8817993, 48.8123083], [16.8807635, 48.8132553], [16.8792157, 48.8146546], [16.8778844, 48.815868], [16.8778498, 48.8158992], [16.8778424, 48.8159059], [16.8764796, 48.8171365], [16.8758599, 48.8177035], [16.8757694, 48.8177864], [16.8755638, 48.8179745], [16.8736205, 48.8197388], [16.8716919, 48.8214868], [16.8697938, 48.8232134], [16.8687505, 48.8241598], [16.8687416, 48.8241679], [16.8674489, 48.8253406], [16.8659801, 48.8266728], [16.8658221, 48.8268161], [16.8657424, 48.8268884], [16.8650217, 48.8275421], [16.8640062, 48.8284635], [16.8630359, 48.8293398], [16.862062, 48.830223], [16.8610601, 48.8311233], [16.8604944, 48.8316352], [16.860488, 48.831641], [16.8600654, 48.8320233], [16.859925, 48.8321504], [16.8598717, 48.8321987], [16.8595606, 48.8324802], [16.8581155, 48.8337836], [16.8576572, 48.8341977], [16.8571746, 48.8346338], [16.856774, 48.8349926], [16.8562713, 48.8354461], [16.8562049, 48.835506], [16.8561184, 48.8355845], [16.8558971, 48.8357862], [16.8555062, 48.8361419], [16.8551312, 48.8364832], [16.8545273, 48.8370204], [16.854005, 48.837485], [16.853775, 48.837694], [16.8523202, 48.8390156], [16.851136, 48.8400845], [16.8497165, 48.8413661], [16.8489118, 48.8420878], [16.8483316, 48.8426082], [16.8481507, 48.8427759], [16.8480492, 48.84287], [16.8474294, 48.8434296], [16.8470301, 48.843789], [16.8466108, 48.8441664], [16.8461115, 48.8446158], [16.8460444, 48.8446762], [16.845959, 48.8447531], [16.8451411, 48.845489], [16.8442234, 48.8463081], [16.8441844, 48.8463429], [16.8438283, 48.8466677], [16.8438236, 48.846672], [16.8437083, 48.8467771], [16.8432715, 48.8471738], [16.8431377, 48.8472908], [16.8423632, 48.8479928], [16.8414888, 48.8487872], [16.8405933, 48.8495962], [16.8396657, 48.8504327], [16.8387051, 48.8512979], [16.8377549, 48.8521566], [16.8368403, 48.8529831], [16.8361692, 48.8535837], [16.8360095, 48.8537306], [16.8356325, 48.8540703], [16.8356264, 48.8540758], [16.8349404, 48.854694], [16.8340041, 48.855537], [16.8331149, 48.8563343], [16.8321814, 48.8571799], [16.8314786, 48.8578061], [16.8312974, 48.8579688], [16.8311492, 48.8581032], [16.8307447, 48.85847], [16.8298256, 48.8593006], [16.8288718, 48.8601599], [16.8279184, 48.8610167], [16.8269982, 48.8618465], [16.8265682, 48.8622346], [16.8265609, 48.8622412], [16.826123, 48.8626364], [16.8252439, 48.8634289], [16.824294, 48.8642853], [16.8233848, 48.8651075], [16.8224834, 48.8659139], [16.8222994, 48.8660785], [16.8216575, 48.8666574], [16.8213717, 48.8669163], [16.8206988, 48.8675256], [16.8197612, 48.8683687], [16.8188965, 48.8691475], [16.8179622, 48.8699912], [16.8170393, 48.8708225], [16.8164172, 48.8713815], [16.8162446, 48.8715388], [16.8160408, 48.8717208], [16.8160348, 48.8717262], [16.81521, 48.8724703], [16.8142477, 48.8733348], [16.8133689, 48.8741317], [16.8125149, 48.8749007], [16.8116654, 48.8756575], [16.8112358, 48.8760289], [16.8108093, 48.8764055], [16.8103956, 48.8767546], [16.8099472, 48.8771212], [16.809465, 48.8775018], [16.8089808, 48.8778774], [16.8085351, 48.8782085], [16.8080699, 48.8785466], [16.8075735, 48.8788973], [16.8070551, 48.8792561], [16.8065198, 48.8796125], [16.805964, 48.8799757], [16.8054125, 48.8803213], [16.8053777, 48.8803431], [16.8048578, 48.8806595], [16.8042774, 48.8810053], [16.8037003, 48.8813394], [16.8031125, 48.8816665], [16.8028327, 48.8818192], [16.8025179, 48.8819909], [16.8019008, 48.8823127], [16.8013009, 48.8826209], [16.8006602, 48.8829392], [16.8000456, 48.8832354], [16.7994232, 48.8835218], [16.7988233, 48.8837895], [16.7981949, 48.8840639], [16.7975574, 48.8843335], [16.7969226, 48.884595], [16.7962603, 48.8848557], [16.7956106, 48.8851027], [16.794935, 48.8853552], [16.794276, 48.8855901], [16.7940141, 48.8856803], [16.7940041, 48.8856837], [16.7935999, 48.8858229], [16.7933754, 48.8858973], [16.7929377, 48.8860423], [16.7922525, 48.8862639], [16.7915258, 48.8864892], [16.7898239, 48.8870146], [16.7895584, 48.8870966], [16.7888452, 48.8873155], [16.7874209, 48.8877527], [16.7868336, 48.887932], [16.7866546, 48.8879866], [16.785472, 48.8883508], [16.7823808, 48.8893029], [16.7816142, 48.889538], [16.781315, 48.8896297], [16.7763523, 48.8911516], [16.7755512, 48.8913973], [16.7751878, 48.8915105], [16.774681, 48.8916683], [16.7724984, 48.8923333], [16.7722015, 48.8924249], [16.7713236, 48.8926957], [16.7687676, 48.8934805], [16.7683066, 48.893622], [16.76812, 48.8936793], [16.7681098, 48.8936824], [16.7662052, 48.8942671], [16.7625812, 48.8953798], [16.7588882, 48.8965136], [16.7557096, 48.8974855], [16.7556998, 48.8974885], [16.754668, 48.897804], [16.7524065, 48.8985002], [16.75031, 48.8991428], [16.7480286, 48.8998471], [16.7458295, 48.9005192], [16.7450804, 48.9007501], [16.7442832, 48.9009891], [16.743962, 48.9010919], [16.7423357, 48.9015911], [16.7417041, 48.9017845], [16.7416934, 48.9017878], [16.7400654, 48.9022863], [16.7372848, 48.9031397], [16.7350395, 48.9038295], [16.7322306, 48.904689], [16.7312476, 48.9049916], [16.7311127, 48.9050331], [16.728987, 48.9056852], [16.7289778, 48.905688], [16.7266047, 48.906416], [16.7228273, 48.907571], [16.7187261, 48.9088316], [16.7183571, 48.9089437], [16.7182984, 48.908962], [16.7172842, 48.9092661], [16.7165415, 48.9094831], [16.7165304, 48.9094863], [16.7164143, 48.9095202], [16.7157239, 48.9097206], [16.7156722, 48.9097356], [16.7149834, 48.9099351], [16.7142393, 48.9101556], [16.713617, 48.9103471], [16.7133081, 48.9104427], [16.7130268, 48.9105298], [16.7121443, 48.9107998], [16.7113572, 48.9110417], [16.7106531, 48.9112545], [16.7104371, 48.911321], [16.7102738, 48.9113713], [16.7101533, 48.9114085], [16.7095209, 48.9116037]]}, "properties": {"id": "6e50a4f3-4215-4d77-b08d-20cd250e3d1c", "names": null, "subtype": "rail", "class": "standard_gauge", "subclass": null, "road_surface": null, "road_flags": null, "width_rules": null}}, {"type": "Feature", "geometry": {"type": "LineString", "coordinates": [[16.8339603, 48.8160456], [16.8341112, 48.8155859], [16.8341482, 48.8147946], [16.8345364, 48.8139466], [16.8359845, 48.8116457], [16.8367439, 48.8103953], [16.8372806, 48.809707], [16.837555, 48.8092724], [16.8384659, 48.8084053], [16.8390343, 48.8080307], [16.8395611, 48.8077325], [16.8403912, 48.8073911], [16.841803, 48.8068768], [16.8422531, 48.8067589], [16.8444575, 48.8063839], [16.8474334, 48.8060049], [16.848202, 48.8060302], [16.8488253, 48.805961], [16.850273, 48.8057155], [16.8512572, 48.805489], [16.8515434, 48.8054011], [16.8518201, 48.8053595], [16.8526866, 48.8051103], [16.8532326, 48.8049071], [16.8538234, 48.8045713], [16.8543561, 48.8043703], [16.8545738, 48.8043591], [16.8547513, 48.8043281], [16.8548488, 48.8042858], [16.8548981, 48.8042252], [16.8548961, 48.804178], [16.854852, 48.8040764], [16.8548815, 48.8039619], [16.855353, 48.8034519], [16.8559431, 48.8026463], [16.8564796, 48.8016146], [16.8570804, 48.7998691], [16.8573741, 48.7994545], [16.857531, 48.799233], [16.8583678, 48.7985263], [16.8599986, 48.7976783], [16.861565, 48.7968443], [16.8623375, 48.7961376], [16.8628954, 48.7953601], [16.8632924, 48.7943141], [16.8636464, 48.793473], [16.8640219, 48.7926461], [16.8643548, 48.7922322], [16.8646871, 48.7918191], [16.8655884, 48.7909992], [16.8668007, 48.7902288], [16.8680238, 48.7895926], [16.8694185, 48.7890766], [16.8715359, 48.7885499], [16.871873, 48.7885184]]}, "properties": {"id": "f5f44c7b-0e4c-4827-9d17-30c4e1139422", "names": null, "subtype": "road", "class": "track", "subclass": null, "road_surface": [{"value": "unpaved", "between": null}], "road_flags": null, "width_rules": null}}, {"type": "Feature", "geometry": {"type": "LineString", "coordinates": [[16.8350675, 48.8055641], [16.835378, 48.805482], [16.8356411, 48.8054837], [16.8357523, 48.8054748], [16.8360316, 48.8053962], [16.8362974, 48.8053837], [16.8365957, 48.8053801], [16.8368804, 48.805423], [16.8373144, 48.805557], [16.8381144, 48.8057159], [16.8387653, 48.8059374], [16.8389741, 48.8060624], [16.8392263, 48.8062553], [16.8393619, 48.8063679], [16.8394704, 48.8064], [16.8395517, 48.8063822], [16.8397009, 48.8063304], [16.8399178, 48.8062446], [16.8401809, 48.8061643], [16.8408616, 48.8059642], [16.841225, 48.8058785], [16.8415071, 48.8058035], [16.8421254, 48.8056749], [16.842722, 48.805557], [16.8439478, 48.8053712], [16.8455669, 48.805189], [16.8479046, 48.8049068], [16.8495562, 48.8047175], [16.8504891, 48.8045531], [16.8513298, 48.8043424], [16.8520566, 48.8041066], [16.8525719, 48.8038994], [16.852995, 48.8036886], [16.8533063, 48.8034697], [16.8536218, 48.8031919], [16.8538077, 48.8030086], [16.8539844, 48.8028159], [16.8541648, 48.8025906], [16.8544965, 48.802093], [16.854639, 48.8018322], [16.8547272, 48.8016314], [16.8548635, 48.8012929], [16.8549903, 48.8009482], [16.8551462, 48.8005111], [16.8553428, 48.7999987], [16.8554771, 48.7996797], [16.8556182, 48.7993956], [16.8557266, 48.7991838], [16.8558359, 48.7990215], [16.8559567, 48.7988527], [16.856104, 48.7986641], [16.8562805, 48.7984737], [16.8564431, 48.7983064], [16.8567074, 48.7980932], [16.857018, 48.7978824], [16.8573239, 48.7976793], [16.857959, 48.7973361], [16.8595439, 48.7965726], [16.8598494, 48.7964062], [16.8600414, 48.7962729], [16.8602242, 48.7961335], [16.8603494, 48.7960304], [16.8605071, 48.7958902], [16.8606334, 48.7957524], [16.8607409, 48.7956288], [16.8608333, 48.7955001], [16.8609483, 48.7953241], [16.8610173, 48.7952038], [16.8610783, 48.7950889], [16.8611441, 48.7949235], [16.8611875, 48.7947942], [16.8612227, 48.7946659], [16.8612421, 48.7945176], [16.8612981, 48.7938654], [16.8613192, 48.7936116], [16.8613589, 48.7933147], [16.8614079, 48.7931086], [16.8614849, 48.7929071], [16.8616577, 48.7925533], [16.8620337, 48.7918303], [16.8623722, 48.7913057], [16.8625614, 48.7910242], [16.8628019, 48.790692], [16.8630984, 48.7903412], [16.8633833, 48.7899982], [16.8635981, 48.7897813], [16.863967, 48.789429], [16.8642729, 48.7891598], [16.8646932, 48.7888382], [16.8650925, 48.7885444], [16.8656342, 48.7882167], [16.8660662, 48.7879752], [16.8665145, 48.7877706], [16.8668391, 48.7876644], [16.8673131, 48.7875414], [16.868093, 48.7873783], [16.8684339, 48.7872783], [16.8687748, 48.7871644], [16.8694099, 48.786906], [16.8699166, 48.7866845], [16.8704467, 48.7864121], [16.8706226, 48.7863169], [16.8709043, 48.7861645], [16.8711308, 48.7860198], [16.8713667, 48.7858368], [16.8714951, 48.7856798], [16.8717286, 48.7854106], [16.8719457, 48.7851783], [16.8722773, 48.7848598], [16.8726205, 48.7845875], [16.8730782, 48.7843013], [16.8733257, 48.7841644], [16.8735779, 48.7840644], [16.8739842, 48.7839106], [16.8745352, 48.7837075], [16.8754599, 48.7833767], [16.8763192, 48.7830582], [16.8776408, 48.7825874], [16.8786308, 48.7822243], [16.8792426, 48.7820058], [16.8802046, 48.7816566], [16.8809892, 48.7813581], [16.8815706, 48.7811504], [16.8818788, 48.7810365], [16.882124, 48.7809273], [16.8823715, 48.7808042], [16.882535, 48.780698], [16.8828081, 48.7804826], [16.8831164, 48.7801979], [16.8832635, 48.7800241], [16.8834199, 48.7797825], [16.883525, 48.779544], [16.8835787, 48.7793055], [16.8835624, 48.7790809], [16.8834993, 48.7785162], [16.8833709, 48.7780853], [16.8831677, 48.777656], [16.8829669, 48.7774114], [16.8826167, 48.7770513], [16.8818975, 48.7764189], [16.8810709, 48.7757387], [16.8802793, 48.7751017], [16.8795368, 48.7744154], [16.8790231, 48.7739029], [16.8787686, 48.7736136], [16.8785141, 48.7731966], [16.8784277, 48.7730227], [16.8782339, 48.7725688], [16.877893, 48.7717285], [16.8778066, 48.7715377], [16.8776898, 48.7713453], [16.8773676, 48.7709483], [16.87722, 48.770759], [16.8768119, 48.7702358], [16.8763005, 48.7696079], [16.8756397, 48.7687399], [16.875098, 48.7680458], [16.8742854, 48.7670116], [16.8736293, 48.7661635], [16.8727606, 48.7651062], [16.8721652, 48.7643428], [16.8713013, 48.7632346], [16.871146, 48.7630385], [16.8708989, 48.7629334]]}, "properties": {"id": "0085b383-b844-4360-ba45-5e5c15c149b8", "names": null, "subtype": "road", "class": "track", "subclass": null, "road_surface": [{"value": "dirt", "between": [0.0, 0.200572996]}, {"value": "unpaved", "between": [0.200572996, 1.0]}], "road_flags": null, "width_rules": null}}]}