{"type": "FeatureCollection", "features": [{"type": "Feature", "geometry": {"type": "LineString", "coordinates": [[16.7866624, 48.8326834], [16.787046, 48.8327076], [16.78772, 48.8327727], [16.7899692, 48.8330315], [16.7906721, 48.8330839], [16.7908278, 48.8331574], [16.7916235, 48.8332261], [16.7922414, 48.8330709], [16.7927794, 48.8329813], [16.7934983, 48.8329653], [16.7938136, 48.832994], [16.794264, 48.8330827], [16.7948597, 48.8332718], [16.7952998, 48.8334623], [16.7961534, 48.8339895], [16.7962987, 48.8341177], [16.7967867, 48.8353057], [16.797429, 48.8353806], [16.7994553, 48.8354176], [16.7997609, 48.8353368], [16.8001161, 48.83519], [16.8003747, 48.8351087], [16.8009926, 48.8348294], [16.8012472, 48.8347453], [16.8015402, 48.8347308], [16.8029174, 48.8348164], [16.8030979, 48.8347982], [16.8035973, 48.834699], [16.8049332, 48.8342582], [16.805069, 48.8342188], [16.810546, 48.8324075], [16.8129707, 48.8316666], [16.8133071, 48.8314742], [16.8137376, 48.8313399], [16.8139496, 48.8313294], [16.8144906, 48.831406], [16.8147976, 48.8311996], [16.8151068, 48.8309556], [16.8153167, 48.8308614], [16.8162201, 48.8302983], [16.81737, 48.8294995], [16.8176532, 48.8294088], [16.8179248, 48.829254], [16.8180941, 48.8289471], [16.8180524, 48.8287572], [16.818171, 48.8285692], [16.8184111, 48.828338], [16.8188924, 48.8281958], [16.8197574, 48.8281428], [16.8201642, 48.8279192], [16.8202533, 48.8277475], [16.8202526, 48.8276133], [16.8202438, 48.8274884], [16.8201481, 48.8272338], [16.8197913, 48.8267587], [16.8193024, 48.8265525], [16.8189374, 48.8262269], [16.8189788, 48.8261544], [16.8194039, 48.8259177], [16.8218354, 48.8247708], [16.8222511, 48.8246797], [16.8223943, 48.8247235], [16.8233474, 48.8252283], [16.8236805, 48.8253454], [16.8237944, 48.8253377], [16.8243071, 48.8248486], [16.8245041, 48.8247161], [16.8260997, 48.8242266], [16.8271485, 48.8239575], [16.8276688, 48.8238423], [16.8284684, 48.823814], [16.8307361, 48.8197307], [16.8315833, 48.818291], [16.8316396, 48.8182314], [16.831721, 48.8181912], [16.8318969, 48.8182071]]}, "properties": {"id": "490b2a58-b0f3-37f7-a84c-3ab7082bb7ea", "names": {"primary": "Trn\u00ed\u010dek", "common": null, "rules": null}, "subtype": "stream", "class": "stream", "is_intermittent": null}}, {"type": "Feature", "geometry": {"type": "LineString", "coordinates": [[16.7998586, 48.8243974], [16.80019, 48.8246525], [16.8003504, 48.8246875], [16.8005598, 48.8246673], [16.8010597, 48.8244993], [16.8018708, 48.8241502], [16.8021866, 48.8241649], [16.8026609, 48.8243569], [16.8029338, 48.8243979], [16.8040334, 48.8244251], [16.8048924, 48.8247718], [16.805397, 48.8248947], [16.8059402, 48.8252614], [16.8061902, 48.8253683], [16.8064777, 48.8255601], [16.8066651, 48.825712], [16.8069594, 48.8261473], [16.8076426, 48.8264584], [16.8079309, 48.8266388], [16.8083415, 48.8267579], [16.8087166, 48.8268273], [16.8091514, 48.8268535], [16.8095455, 48.8268115], [16.8102355, 48.8266056], [16.8109538, 48.8263175], [16.8115932, 48.8262031], [16.8116573, 48.8261655], [16.8117336, 48.8259826], [16.811838, 48.8258656], [16.8121306, 48.8256704], [16.8127995, 48.8253021], [16.8135385, 48.8250484], [16.8141001, 48.8246764], [16.8147227, 48.8241295], [16.8155102, 48.823711], [16.8174131, 48.8228384], [16.8179574, 48.8226953], [16.8181486, 48.8226758], [16.8190612, 48.8227392], [16.8194112, 48.8226868], [16.8195327, 48.8226185], [16.8197406, 48.8224429], [16.8203201, 48.8218272], [16.8209279, 48.8212428], [16.8212682, 48.8210252], [16.8215807, 48.8208697], [16.8222315, 48.820354], [16.8224085, 48.8201196], [16.8228128, 48.8193355], [16.8230752, 48.8186734], [16.8231896, 48.8185022], [16.8234233, 48.8183299], [16.8240828, 48.8180499]]}, "properties": {"id": "b240cce7-eac0-3fa8-8977-98ba2a737e49", "names": null, "subtype": "stream", "class": "stream", "is_intermittent": null}}, {"type": "Feature", "geometry": {"type": "Polygon", "coordinates": [[[16.8097689, 48.8221672], [16.8096724, 48.8221599], [16.8095626, 48.822157], [16.8094132, 48.8220905], [16.8093589, 48.8220379], [16.8093465, 48.8219627], [16.8093912, 48.8219201], [16.8096149, 48.8217958], [16.8097292, 48.82175], [16.8098584, 48.8217434], [16.8099602, 48.8216747], [16.8100149, 48.8216111], [16.810155, 48.8215394], [16.8102124, 48.8214973], [16.810251, 48.8214611], [16.8102798, 48.8214098], [16.8103003, 48.8213587], [16.8103673, 48.821282], [16.8104143, 48.8212618], [16.8105839, 48.8212121], [16.8107195, 48.8211772], [16.8108766, 48.821171], [16.8109712, 48.821145], [16.8110487, 48.8210799], [16.8112148, 48.820991], [16.8113674, 48.8208588], [16.8114018, 48.8207979], [16.8114859, 48.8207169], [16.8117463, 48.8204412], [16.8119143, 48.8203064], [16.8122207, 48.8200428], [16.81244, 48.81987], [16.8125599, 48.8198104], [16.8128207, 48.8197589], [16.8129076, 48.8197356], [16.8129784, 48.8197094], [16.8130029, 48.8196781], [16.8130253, 48.8196247], [16.8130564, 48.8194472], [16.8130853, 48.8193704], [16.8131273, 48.8193331], [16.8131645, 48.8192917], [16.8132203, 48.8192552], [16.8133796, 48.8191784], [16.8134737, 48.8191281], [16.8135293, 48.8190751], [16.8136044, 48.8189869], [16.8136794, 48.8188821], [16.8137675, 48.818782], [16.8138335, 48.8187335], [16.8138763, 48.8187089], [16.813916, 48.818702], [16.8143732, 48.8185875], [16.8144478, 48.8185499], [16.8145496, 48.8185466], [16.8146316, 48.8185941], [16.8147037, 48.8186481], [16.8147161, 48.8187937], [16.8146714, 48.8188558], [16.8143012, 48.8191585], [16.8142291, 48.8192125], [16.8137644, 48.8193794], [16.8136104, 48.8195479], [16.8135756, 48.8196182], [16.8133892, 48.8198113], [16.8133048, 48.8199406], [16.813178, 48.8200305], [16.8130439, 48.8200813], [16.8127656, 48.82015], [16.8126438, 48.8202089], [16.8119431, 48.8207046], [16.8118189, 48.8208224], [16.8115729, 48.821004], [16.8114362, 48.8211496], [16.8112324, 48.8213868], [16.8110685, 48.8214735], [16.8107504, 48.8215422], [16.8106535, 48.821606], [16.8102286, 48.8218007], [16.8100373, 48.8219005], [16.8099925, 48.8220265], [16.8097689, 48.8221672]]]}, "properties": {"id": "bf1bc072-53d3-31ca-b676-d665fef68083", "names": null, "subtype": "water", "class": "water", "is_intermittent": null}}, {"type": "Feature", "geometry": {"type": "LineString", "coordinates": [[16.8078804, 48.8032783], [16.8081565, 48.8032344], [16.8084937, 48.8032216], [16.8086472, 48.8032597], [16.8088061, 48.8033278], [16.8094345, 48.803394], [16.8096768, 48.8034266], [16.8098888, 48.8034762], [16.8103384, 48.8036636], [16.8105445, 48.8039137], [16.8106313, 48.804153], [16.8106096, 48.8043674], [16.8106313, 48.8046925], [16.8107994, 48.8050283], [16.8120144, 48.8061946], [16.8122179, 48.8065059], [16.8122288, 48.8067408], [16.8121056, 48.8070482], [16.8116963, 48.8076183], [16.811685, 48.807866], [16.8117432, 48.8080316], [16.8118442, 48.8082603], [16.8121244, 48.8083854], [16.8124363, 48.8085728], [16.8126569, 48.8088616], [16.8128773, 48.809082], [16.8135995, 48.8093228], [16.8141088, 48.8095322], [16.8143128, 48.8097183], [16.814438, 48.8099362], [16.8145243, 48.8103689], [16.8147122, 48.8106959], [16.8149522, 48.8109994], [16.8152417, 48.8111938], [16.8155892, 48.8113419], [16.8162492, 48.811423], [16.8169161, 48.8113961], [16.8171826, 48.8113854]]}, "properties": {"id": "94e5d942-ee2e-374b-9bc5-7a131ef9aca3", "names": {"primary": "Z\u00e1meck\u00e1 Dyje", "common": null, "rules": null}, "subtype": "canal", "class": "canal", "is_intermittent": null}}, {"type": "Feature", "geometry": {"type": "Polygon", "coordinates": [[[16.8051478, 48.8110765], [16.8051961, 48.8102936], [16.8052561, 48.8100449], [16.8052826, 48.8097643], [16.8052852, 48.8094984], [16.8053158, 48.8091324], [16.8053565, 48.8087427], [16.8051951, 48.8084542], [16.8049924, 48.8081485], [16.8047933, 48.8077099], [16.8047473, 48.8075157], [16.8047579, 48.8073198], [16.804938, 48.8070515], [16.8051795, 48.8067993], [16.8052968, 48.806523], [16.8052506, 48.8064303], [16.8051928, 48.8063141], [16.8051214, 48.8061038], [16.8051214, 48.8057489], [16.805239, 48.8054342], [16.8052433, 48.8051184], [16.8052863, 48.8049722], [16.8052835, 48.8048576], [16.8052288, 48.8047149], [16.8050702, 48.8045276], [16.8049855, 48.8042792], [16.8050057, 48.8040765], [16.8050675, 48.8038763], [16.8050534, 48.8035934], [16.8050179, 48.8035202], [16.8049529, 48.8034526], [16.8050711, 48.8034456], [16.8050918, 48.8035109], [16.8051341, 48.8035819], [16.8051979, 48.8037626], [16.8052134, 48.8038697], [16.8051354, 48.8040716], [16.8051173, 48.8042925], [16.8052134, 48.8045489], [16.8053693, 48.8046821], [16.8054515, 48.8047504], [16.8055377, 48.8046944], [16.80565, 48.8045221], [16.805775, 48.8044149], [16.8058311, 48.8043563], [16.8060285, 48.8042217], [16.80636, 48.8041384], [16.8067201, 48.8041847], [16.8071574, 48.8042983], [16.8076407, 48.8046166], [16.8086763, 48.805276], [16.808918, 48.8055034], [16.8093437, 48.8057913], [16.8097119, 48.8058899], [16.8100258, 48.8058466], [16.8102953, 48.8065566], [16.8105059, 48.8067518], [16.8106201, 48.807243], [16.8106834, 48.8074534], [16.8109127, 48.8079662], [16.8110319, 48.8083465], [16.8111754, 48.8085056], [16.8112585, 48.8086328], [16.8114713, 48.8089179], [16.8117898, 48.8090953], [16.8121011, 48.8092306], [16.8121646, 48.8092018], [16.8123558, 48.8092996], [16.8126466, 48.8095422], [16.8126618, 48.8095772], [16.8134537, 48.8097439], [16.8134841, 48.8098093], [16.8133758, 48.8099699], [16.8132856, 48.8101856], [16.8132423, 48.8104178], [16.8132941, 48.8105663], [16.813598, 48.8107559], [16.8136227, 48.8107868], [16.8136985, 48.8110307], [16.8141298, 48.8115598], [16.8142657, 48.8122368], [16.8141889, 48.8125752], [16.8138581, 48.8131043], [16.8134209, 48.8135089], [16.8127887, 48.8137812], [16.8122272, 48.8139181], [16.8118376, 48.8139641], [16.8113059, 48.8139096], [16.8109337, 48.8138007], [16.8106206, 48.8136996], [16.8104965, 48.81354], [16.810402, 48.8135206], [16.8103702, 48.813354], [16.8100648, 48.8132476], [16.8097115, 48.8132476], [16.8095439, 48.8132476], [16.8094061, 48.8131766], [16.8092145, 48.8130543], [16.8087594, 48.8127546], [16.8082265, 48.8125338], [16.8081067, 48.8123918], [16.8078372, 48.812384], [16.8077714, 48.8123011], [16.8073881, 48.8122459], [16.8068312, 48.8120645], [16.8061905, 48.8117806], [16.8054645, 48.8113781], [16.8051478, 48.8110765]], [[16.8058391, 48.8045173], [16.8057887, 48.8045526], [16.8055797, 48.8048154], [16.8055461, 48.8048839], [16.8054725, 48.8050183], [16.8054172, 48.8052611], [16.805385, 48.805484], [16.8053556, 48.80578], [16.8053367, 48.8061017], [16.8055478, 48.8063763], [16.8058199, 48.8064199], [16.8061264, 48.8062981], [16.8064533, 48.8062237], [16.8064981, 48.8061977], [16.806689, 48.8060406], [16.8068117, 48.8058573], [16.8068499, 48.8057066], [16.8068591, 48.8056407], [16.8068767, 48.8054696], [16.806856, 48.8053026], [16.8068004, 48.8051111], [16.8067117, 48.80483], [16.8066158, 48.8046867], [16.8063385, 48.8045149], [16.8061192, 48.8044204], [16.8060498, 48.8044521], [16.8058874, 48.8044661], [16.8058391, 48.8045173]], [[16.809055, 48.806659], [16.80886, 48.806503], [16.808545, 48.80646], [16.80837, 48.806538], [16.808251, 48.806729], [16.80827, 48.806958], [16.808445, 48.807153], [16.808645, 48.80732], [16.808803, 48.807359], [16.809083, 48.807204], [16.809153, 48.807016], [16.809161, 48.80683], [16.809055, 48.806659]], [[16.807558, 48.807783], [16.807359, 48.807954], [16.807313, 48.808131], [16.807711, 48.808314], [16.807894, 48.808299], [16.807791, 48.808103], [16.807873, 48.807864], [16.807558, 48.807783]], [[16.80584, 48.8094783], [16.8058042, 48.80963], [16.8057019, 48.8096738], [16.8056353, 48.8097681], [16.8056916, 48.8099029], [16.8057889, 48.8100344], [16.8059321, 48.8100984], [16.80616, 48.8100856], [16.8064295, 48.8101093], [16.8065705, 48.8100727], [16.8067275, 48.8100022], [16.8069111, 48.8100192], [16.8070791, 48.8101004], [16.8072881, 48.8101008], [16.8073347, 48.8100537], [16.8075152, 48.810051], [16.8079329, 48.8098945], [16.8081386, 48.8097762], [16.8082723, 48.8096532], [16.8083003, 48.8095604], [16.8083841, 48.8094919], [16.8085275, 48.8094173], [16.8085735, 48.8093572], [16.8085024, 48.809235], [16.8084618, 48.8091139], [16.8084898, 48.8089515], [16.8084621, 48.8088239], [16.8083404, 48.8087556], [16.8083539, 48.8086863], [16.8083237, 48.8086316], [16.8081913, 48.8086479], [16.8080885, 48.8086999], [16.8079502, 48.8087023], [16.8074075, 48.8086349], [16.8072108, 48.8085241], [16.8069798, 48.8083119], [16.8067787, 48.8081737], [16.8068009, 48.8080199], [16.8069579, 48.8078325], [16.8069293, 48.8076917], [16.8069418, 48.8074447], [16.8071656, 48.807202], [16.807256, 48.8070185], [16.8072325, 48.8068194], [16.8071789, 48.8066791], [16.8070694, 48.8065104], [16.8069596, 48.8064418], [16.806762, 48.8063201], [16.8066208, 48.8062903], [16.8063654, 48.8064362], [16.8060188, 48.8066009], [16.8057713, 48.8067441], [16.8054933, 48.806878], [16.8052391, 48.8072781], [16.8051085, 48.8074932], [16.8051019, 48.8076005], [16.8051688, 48.8077041], [16.8052633, 48.8079913], [16.8053433, 48.808144], [16.8058158, 48.8082068], [16.8060848, 48.8083313], [16.8063465, 48.8084318], [16.8064629, 48.8085515], [16.8065501, 48.8087287], [16.8065137, 48.8089345], [16.8063876, 48.8090773], [16.8061866, 48.8090925], [16.8060089, 48.8090806], [16.8057633, 48.8091312], [16.8057121, 48.8092188], [16.8057889, 48.8093401], [16.80584, 48.8094783]], [[16.809739, 48.807556], [16.809681, 48.80775], [16.809708, 48.80789], [16.809879, 48.80799], [16.810075, 48.807928], [16.810188, 48.807748], [16.810195, 48.807608], [16.810136, 48.807405], [16.810046, 48.807344], [16.80991, 48.807385], [16.809739, 48.807556]], [[16.809014, 48.808011], [16.80895, 48.807925], [16.808773, 48.807839], [16.808558, 48.807863], [16.808486, 48.808004], [16.808558, 48.808098], [16.808815, 48.808118], [16.808924, 48.80808], [16.809014, 48.808011]], [[16.8092486, 48.8087529], [16.809109, 48.8089465], [16.8089651, 48.8093677], [16.8090535, 48.8095973], [16.8093987, 48.8098602], [16.8094915, 48.8100836], [16.8097762, 48.8102742], [16.8100151, 48.810198], [16.8102917, 48.8100898], [16.8106762, 48.8099393], [16.8109862, 48.809818], [16.8114321, 48.8097853], [16.8118676, 48.809719], [16.8122806, 48.809683], [16.8123181, 48.8096494], [16.8122803, 48.8096261], [16.8122829, 48.8095814], [16.8122527, 48.8094935], [16.8120739, 48.8094405], [16.8118701, 48.8093957], [16.8114648, 48.8092747], [16.8113918, 48.809167], [16.8112191, 48.8091466], [16.8110244, 48.8089615], [16.8109187, 48.8087576], [16.8107148, 48.8085819], [16.8104546, 48.8085544], [16.8101239, 48.8086354], [16.8098342, 48.8087048], [16.8096047, 48.8087597], [16.8094247, 48.8087563], [16.8092486, 48.8087529]], [[16.8134094, 48.8112187], [16.813176, 48.8109395], [16.8132038, 48.8108919], [16.8128358, 48.8105563], [16.8126201, 48.8102958], [16.8123206, 48.8099958], [16.8121696, 48.8099212], [16.8119668, 48.809942], [16.811465, 48.8101887], [16.8106217, 48.8104732], [16.810166, 48.810566], [16.8096289, 48.8105698], [16.8094376, 48.8105307], [16.8092165, 48.8105872], [16.8090384, 48.8107415], [16.8090945, 48.8109783], [16.8093584, 48.8112629], [16.8098335, 48.8115344], [16.8103382, 48.8117865], [16.8111432, 48.8121167], [16.811549, 48.8122188], [16.8121131, 48.8122188], [16.8126871, 48.8121601], [16.812988, 48.812099], [16.8133502, 48.8120037], [16.8135614, 48.8118451], [16.8136175, 48.8117061], [16.8135515, 48.8114758], [16.8134094, 48.8112187]], [[16.805989, 48.80896], [16.80628, 48.808876], [16.806211, 48.808634], [16.805873, 48.808608], [16.805786, 48.80864], [16.805689, 48.808846], [16.805781, 48.808936], [16.805989, 48.80896]], [[16.806711, 48.810163], [16.806671, 48.810231], [16.806755, 48.810269], [16.806944, 48.810299], [16.8071247, 48.810333], [16.8071933, 48.8103017], [16.8071352, 48.8102439], [16.8071148, 48.8102483], [16.8070349, 48.8102474], [16.806989, 48.810239], [16.80685, 48.810184], [16.806711, 48.810163]], [[16.80596, 48.810395], [16.805925, 48.810316], [16.805869, 48.810258], [16.805719, 48.810228], [16.805586, 48.8103], [16.805586, 48.810389], [16.805856, 48.810459], [16.805913, 48.810446], [16.80596, 48.810395]], [[16.8071293, 48.8114454], [16.8073909, 48.8115418], [16.8077917, 48.8115388], [16.8079662, 48.8114067], [16.808067, 48.8112242], [16.8079304, 48.8109588], [16.8075909, 48.8107632], [16.8073936, 48.8107063], [16.8071228, 48.8104915], [16.8067522, 48.8104153], [16.8065512, 48.8104302], [16.8061658, 48.8105347], [16.8061658, 48.8106467], [16.8058937, 48.8109079], [16.805797, 48.8112186], [16.8063925, 48.8112438], [16.8065394, 48.8113048], [16.8071293, 48.8114454]], [[16.808828, 48.811898], [16.808658, 48.81193], [16.808525, 48.81198], [16.808526, 48.812088], [16.808928, 48.812404], [16.809611, 48.812675], [16.809824, 48.812568], [16.809628, 48.812306], [16.809323, 48.812203], [16.80901, 48.811995], [16.808995, 48.81199], [16.808828, 48.811898]], [[16.810384, 48.812584], [16.810496, 48.812653], [16.810874, 48.812663], [16.811038, 48.81261], [16.811131, 48.812533], [16.811083, 48.812419], [16.810919, 48.812323], [16.810456, 48.812295], [16.810384, 48.812584]], [[16.813893, 48.812024], [16.813784, 48.81207], [16.813324, 48.81257], [16.813275, 48.81278], [16.813308, 48.812923], [16.813449, 48.813028], [16.813639, 48.812985], [16.813851, 48.812805], [16.813996, 48.812236], [16.814001, 48.812071], [16.813893, 48.812024]]]}, "properties": {"id": "aad52f06-5b44-35bc-9a24-1f0f5c838ea0", "names": {"primary": "Z\u00e1meck\u00fd rybn\u00edk", "common": null, "rules": null}, "subtype": "pond", "class": "pond", "is_intermittent": null}}, {"type": "Feature", "geometry": {"type": "Polygon", "coordinates": [[[16.8055977, 48.8034221], [16.805238, 48.8034169], [16.8051185, 48.8034013], [16.8050711, 48.8034456], [16.8049529, 48.8034526], [16.8047943, 48.8033529], [16.8046328, 48.8033244], [16.8042011, 48.8033181], [16.804096, 48.8033414], [16.8038636, 48.8033717], [16.8037547, 48.8033717], [16.8034947, 48.8034608], [16.803303, 48.8035447], [16.8027333, 48.8038248], [16.8026772, 48.8037756], [16.8026151, 48.8037211], [16.8031258, 48.803402], [16.8037258, 48.8031988], [16.8039647, 48.8031884], [16.8040895, 48.8031183], [16.8045711, 48.8031402], [16.8048625, 48.803186], [16.8053614, 48.8032448], [16.8056516, 48.8032777], [16.8060467, 48.8033259], [16.8065036, 48.8033561], [16.8069512, 48.8033622], [16.8072322, 48.8032956], [16.8076471, 48.803127], [16.8078087, 48.8031206], [16.8078178, 48.8031433], [16.807976, 48.8031164], [16.8081643, 48.8030561], [16.8083521, 48.8030448], [16.8084939, 48.8030517], [16.8085136, 48.8031166], [16.8086619, 48.8031226], [16.8088129, 48.8031071], [16.8095822, 48.8032939], [16.8100431, 48.8034616], [16.8104658, 48.8036804], [16.8105575, 48.8038074], [16.8106129, 48.8039234], [16.8107584, 48.8041865], [16.8106839, 48.8042754], [16.810694, 48.8045181], [16.8108101, 48.8048069], [16.8108967, 48.805], [16.8110855, 48.8052155], [16.8115082, 48.8056034], [16.8118123, 48.8058484], [16.8120801, 48.8061562], [16.8121735, 48.8062474], [16.8123169, 48.8064416], [16.8123311, 48.8066217], [16.8123027, 48.8068135], [16.8121261, 48.8070922], [16.8117975, 48.8077097], [16.8117943, 48.8079452], [16.8118458, 48.8080905], [16.8119167, 48.8082147], [16.8122195, 48.8083335], [16.8123746, 48.8084753], [16.8126658, 48.8085807], [16.8127833, 48.8087865], [16.8129945, 48.8089852], [16.8132424, 48.8091482], [16.8134873, 48.8092777], [16.8138433, 48.8093243], [16.8142757, 48.8095178], [16.8144522, 48.809807], [16.8145392, 48.81019], [16.8147067, 48.8105358], [16.8150375, 48.8109162], [16.8152952, 48.8111452], [16.8156515, 48.8113317], [16.8162115, 48.8113545], [16.8166016, 48.811342], [16.8167606, 48.8113296], [16.8170029, 48.8112693], [16.8169161, 48.8113961], [16.8168729, 48.8114594], [16.8166794, 48.8114552], [16.8164655, 48.8114526], [16.8161391, 48.8114663], [16.8156231, 48.8114187], [16.8151614, 48.8112436], [16.8145329, 48.8105708], [16.8143652, 48.8102303], [16.8142911, 48.8098017], [16.8140978, 48.8096217], [16.8137917, 48.8094718], [16.813033, 48.8092522], [16.8127153, 48.8090266], [16.8123839, 48.8086931], [16.8120214, 48.8084109], [16.8117862, 48.808307], [16.8116771, 48.8081735], [16.8115688, 48.8079346], [16.811572, 48.8076991], [16.8119554, 48.8070721], [16.8121165, 48.8068949], [16.8121365, 48.8067089], [16.8120962, 48.8065296], [16.8119561, 48.8063132], [16.8117193, 48.8061084], [16.811463, 48.8057965], [16.8106803, 48.8050746], [16.8105075, 48.8047593], [16.8104906, 48.8044451], [16.8105168, 48.8041693], [16.810477, 48.8039157], [16.8102492, 48.8036769], [16.8099394, 48.8035515], [16.8097437, 48.8034936], [16.8095324, 48.8034469], [16.8093381, 48.8034374], [16.8091044, 48.8034262], [16.8088877, 48.8033994], [16.8087033, 48.8033797], [16.8086361, 48.8033763], [16.8085788, 48.8033761], [16.8083192, 48.8033913], [16.808252, 48.8033996], [16.8082429, 48.8033758], [16.8082344, 48.8033517], [16.8083429, 48.8033353], [16.8083409, 48.8033292], [16.8082275, 48.8033457], [16.8080082, 48.8033768], [16.8079907, 48.8033742], [16.8079293, 48.8033838], [16.8078244, 48.8034048], [16.8077766, 48.8034604], [16.8077285, 48.8035164], [16.8069789, 48.8036002], [16.8069277, 48.8035985], [16.806501, 48.8035622], [16.805775, 48.8034671], [16.8055977, 48.8034221]], [[16.809409, 48.803359], [16.809454, 48.803339], [16.809429, 48.803315], [16.8091767, 48.8032595], [16.808949, 48.803198], [16.808848, 48.803198], [16.808816, 48.80324], [16.808835, 48.803288], [16.8091045, 48.8033265], [16.809409, 48.803359]]]}, "properties": {"id": "e3259e64-ca1b-3392-94e7-caebae1cfa1c", "names": null, "subtype": "river", "class": "river", "is_intermittent": null}}, {"type": "Feature", "geometry": {"type": "Polygon", "coordinates": [[[16.8859976, 48.7659018], [16.8863921, 48.7660144], [16.8867567, 48.7661166], [16.8869051, 48.7661535], [16.8870353, 48.7661715], [16.8869134, 48.7665298], [16.8867322, 48.7667992], [16.8865287, 48.7670693], [16.8860139, 48.7673152], [16.8855035, 48.7675997], [16.8834972, 48.7687799], [16.8817752, 48.7694317], [16.8807989, 48.7700191], [16.8802517, 48.7707781], [16.8799957, 48.7715325], [16.8798172, 48.7720683], [16.8798976, 48.7729588], [16.8803858, 48.7737151], [16.8811958, 48.774375], [16.8832665, 48.775995], [16.8838703, 48.7767416], [16.8843718, 48.7774275], [16.8848651, 48.7782078], [16.885108, 48.7787013], [16.8851606, 48.7789636], [16.8851011, 48.7793049], [16.8849026, 48.7799137], [16.8844896, 48.7804233], [16.8840282, 48.7807559], [16.8837761, 48.7809276], [16.8833255, 48.7812763], [16.8825423, 48.7817269], [16.8820294, 48.7819665], [16.881566, 48.7821829], [16.8809544, 48.7823921], [16.8802356, 48.7825155], [16.8793297, 48.7827783], [16.8787937, 48.7830432], [16.878461, 48.7832608], [16.8779911, 48.7836819], [16.8775067, 48.7839345], [16.8771973, 48.7840791], [16.8765085, 48.7842906], [16.8757092, 48.7844269], [16.8748218, 48.7844803], [16.8741331, 48.7846645], [16.873664, 48.7849275], [16.8734544, 48.7850985], [16.8730766, 48.785591], [16.8728595, 48.7857998], [16.8727936, 48.7858631], [16.8725561, 48.7860915], [16.8720387, 48.7865827], [16.8711039, 48.7870049], [16.8706797, 48.7871963], [16.8703902, 48.7876632], [16.8698213, 48.7881761], [16.8695238, 48.7884413], [16.8690365, 48.788653], [16.8687601, 48.7887112], [16.8681445, 48.7887088], [16.8670765, 48.7888206], [16.866827, 48.7888863], [16.8663279, 48.7891362], [16.8660185, 48.7893204], [16.8658018, 48.7896492], [16.8656448, 48.789807], [16.8654721, 48.7901509], [16.8653764, 48.7902701], [16.8653959, 48.7902713], [16.8651701, 48.7904514], [16.8648607, 48.7906486], [16.8641521, 48.7909906], [16.8636929, 48.7911747], [16.8635832, 48.7913325], [16.863125, 48.7921666], [16.8625004, 48.7929704], [16.862408, 48.7931891], [16.8623435, 48.7936707], [16.8623371, 48.7944724], [16.8621554, 48.7950544], [16.8620286, 48.7953184], [16.8618466, 48.795648], [16.8614395, 48.7961687], [16.861089, 48.7964849], [16.8605032, 48.79687], [16.8602542, 48.7970093], [16.8599414, 48.7971657], [16.8578188, 48.7982183], [16.8571354, 48.7987558], [16.8567374, 48.7992609], [16.8565199, 48.7997034], [16.8559476, 48.801116], [16.8556026, 48.8019206], [16.8552692, 48.8024902], [16.8551315, 48.8026905], [16.8547138, 48.8032319], [16.854452, 48.8035171], [16.8540737, 48.8038577], [16.8538231, 48.8040349], [16.8530332, 48.8044359], [16.8523765, 48.8047247], [16.851573, 48.8049702], [16.8508074, 48.8051393], [16.8493035, 48.8053848], [16.84826, 48.8054902], [16.8435511, 48.8060612], [16.8422171, 48.8063026], [16.8405069, 48.8067104], [16.8395088, 48.807164], [16.8387856, 48.8075828], [16.837779, 48.8082207], [16.8369964, 48.8090446], [16.8361188, 48.8100983], [16.834613, 48.8125404], [16.8336796, 48.8139693], [16.8336742, 48.8139854], [16.8333405, 48.8142562], [16.8327504, 48.8146941], [16.8312942, 48.8156801], [16.8303423, 48.8161002], [16.828495, 48.816666], [16.8278044, 48.8167989], [16.8270057, 48.8169453], [16.8261579, 48.8170413], [16.8254244, 48.8171202], [16.8247269, 48.8171881], [16.8233958, 48.8172183], [16.8195251, 48.8172351], [16.8190375, 48.8172928], [16.8179577, 48.8173124], [16.8170495, 48.817331], [16.816607, 48.8173331], [16.8159719, 48.8173537], [16.8147618, 48.8173507], [16.8135614, 48.8173757], [16.8133671, 48.8173775], [16.8132314, 48.8173834], [16.8123505, 48.8174169], [16.8114626, 48.8174655], [16.8110851, 48.8174969], [16.8103534, 48.8176033], [16.8096531, 48.8176898], [16.8088992, 48.8178442], [16.8087266, 48.8178993], [16.8085136, 48.8179476], [16.807384, 48.8183457], [16.8060727, 48.8189082], [16.8043612, 48.8198557], [16.8028058, 48.8209975], [16.8007651, 48.8229223], [16.8001606, 48.8233727], [16.7994198, 48.8238081], [16.7985797, 48.8241968], [16.7978247, 48.8244789], [16.7970893, 48.8246973], [16.7944967, 48.8256665], [16.794327, 48.8257372], [16.794105, 48.825867], [16.7935311, 48.8261922], [16.7933564, 48.8262891], [16.7931867, 48.8264419], [16.7930245, 48.8266144], [16.7918667, 48.8276493], [16.7906041, 48.8287236], [16.7904519, 48.8288419], [16.789601, 48.8293101], [16.7893415, 48.8294382], [16.7883883, 48.8298012], [16.7882411, 48.8298603], [16.7879766, 48.8299359], [16.7867929, 48.8302006], [16.7854913, 48.8303351], [16.7852568, 48.8303597], [16.7845706, 48.8303646], [16.7831383, 48.8303564], [16.782764, 48.8303236], [16.7820628, 48.8301938], [16.7813442, 48.8300492], [16.7808277, 48.8299326], [16.7801265, 48.8297125], [16.7793455, 48.8294283], [16.7784101, 48.8290268], [16.7772299, 48.8286429], [16.7759943, 48.8282998], [16.7751135, 48.8281175], [16.7743175, 48.8279746], [16.7732337, 48.827737], [16.7711948, 48.8274797], [16.7700196, 48.8274063], [16.769826, 48.8273448], [16.7697035, 48.827326], [16.7695264, 48.8273172], [16.7692216, 48.8273021], [16.7683283, 48.8270957], [16.7639993, 48.8264512], [16.7630766, 48.8264029], [16.7622041, 48.8263993], [16.7612779, 48.8264538], [16.7598325, 48.8267009], [16.7589319, 48.8269427], [16.7580084, 48.8272107], [16.7574171, 48.8274785], [16.7556385, 48.828298], [16.7548494, 48.8285167], [16.754625, 48.8287355], [16.7546301, 48.828952], [16.7546476, 48.8290325], [16.7546972, 48.8292033], [16.754837, 48.8295088], [16.7550784, 48.8299181], [16.7551396, 48.8303575], [16.7546773, 48.831365], [16.754565, 48.8315949], [16.7541133, 48.8320138], [16.7537815, 48.8323291], [16.7532867, 48.8325607], [16.7529504, 48.8326862], [16.7521221, 48.8329648], [16.7519724, 48.8329878], [16.7512662, 48.8330174], [16.7497242, 48.833111], [16.7494597, 48.8331521], [16.74928, 48.8332145], [16.7480485, 48.8335971], [16.7464605, 48.834182], [16.7458429, 48.8345897], [16.7457884, 48.834642], [16.7457732, 48.8346878], [16.745751, 48.8347443], [16.7457184, 48.8348181], [16.7456795, 48.834873], [16.7456664, 48.8349376], [16.7456802, 48.8349705], [16.7457248, 48.8350125], [16.7458287, 48.8350967], [16.7458743, 48.8351428], [16.7458883, 48.8351947], [16.7458905, 48.8352459], [16.7458701, 48.8352816], [16.7457982, 48.8353641], [16.7453826, 48.8357771], [16.744791, 48.8364652], [16.7444554, 48.8368505], [16.7444068, 48.8368809], [16.7443249, 48.836885], [16.7442372, 48.8368643], [16.7440478, 48.8368218], [16.7438796, 48.8367902], [16.7438293, 48.8368177], [16.7430094, 48.8377887], [16.7425453, 48.8382567], [16.7411554, 48.8394803], [16.7410356, 48.8395608], [16.7395011, 48.8403573], [16.7387076, 48.8407875], [16.7378787, 48.841183], [16.7375738, 48.8412971], [16.7363948, 48.8416391], [16.7361529, 48.8417864], [16.7360586, 48.8420227], [16.7358684, 48.8428236], [16.735586, 48.8433051], [16.7351055, 48.8435947], [16.734196, 48.8437475], [16.7339897, 48.8437632], [16.7337405, 48.8437527], [16.7333219, 48.8436879], [16.7321575, 48.8435957], [16.7319279, 48.8436023], [16.7318281, 48.8436171], [16.7312335, 48.843848], [16.7310473, 48.8439545], [16.7307601, 48.8442001], [16.7307005, 48.8444101], [16.7307338, 48.8447861], [16.7309897, 48.8452414], [16.7310795, 48.845765], [16.7312517, 48.8461887], [16.7318276, 48.8467151], [16.732695, 48.8468869], [16.7332441, 48.8473106], [16.7340053, 48.8479135], [16.7348224, 48.8488471], [16.7352366, 48.8499604], [16.7350799, 48.8506112], [16.7350142, 48.8509685], [16.7348828, 48.8511372], [16.7343533, 48.8515912], [16.7337644, 48.8521048], [16.7335998, 48.8524233], [16.7331805, 48.8531326], [16.7331207, 48.8532229], [16.7321009, 48.8541969], [16.7311489, 48.8549996], [16.7307876, 48.8551915], [16.7302212, 48.8555247], [16.7290053, 48.8563267], [16.7250679, 48.857567], [16.7248972, 48.8576191], [16.7241302, 48.8578536], [16.7235729, 48.8580239], [16.7227906, 48.8584363], [16.7227082, 48.8583178], [16.7227235, 48.8583127], [16.7227124, 48.85829], [16.7223861, 48.8583815], [16.7222934, 48.8582595], [16.7226197, 48.8581562], [16.7226022, 48.8581385], [16.7222731, 48.858231], [16.7222434, 48.8581902], [16.7221821, 48.8581095], [16.7225145, 48.8580041], [16.7225037, 48.857986], [16.7221611, 48.8580807], [16.7220803, 48.8579729], [16.7227006, 48.8577987], [16.7235588, 48.8575507], [16.7244085, 48.857308], [16.7246253, 48.8572461], [16.7255101, 48.8570417], [16.7287088, 48.8559866], [16.7295474, 48.8556232], [16.7307452, 48.8549534], [16.7318371, 48.8540545], [16.73347, 48.8520473], [16.7336856, 48.8516985], [16.7340616, 48.8514265], [16.7341569, 48.8513142], [16.7341795, 48.8512003], [16.7342669, 48.8511211], [16.7345056, 48.8509163], [16.7347526, 48.8505093], [16.734864, 48.8500164], [16.7344831, 48.8488357], [16.7336606, 48.847893], [16.7327579, 48.8475131], [16.7320476, 48.8471765], [16.7317236, 48.8470314], [16.7313927, 48.8467935], [16.7309795, 48.8464458], [16.7309218, 48.8461655], [16.7307185, 48.8457551], [16.7306529, 48.845442], [16.7304743, 48.8451633], [16.7301068, 48.8444732], [16.7302453, 48.8440294], [16.7304776, 48.8437248], [16.730931, 48.8435308], [16.7314703, 48.8433828], [16.7322987, 48.8433143], [16.7341259, 48.8434062], [16.7347585, 48.8433179], [16.7350048, 48.8431943], [16.7352354, 48.8430796], [16.7354553, 48.8428448], [16.7355736, 48.8419431], [16.735659, 48.8418355], [16.7356841, 48.8417391], [16.7356586, 48.8416517], [16.7358192, 48.8415338], [16.7361666, 48.8413477], [16.7375024, 48.8410717], [16.7399561, 48.8397696], [16.7413571, 48.8388245], [16.7425361, 48.8377429], [16.7427825, 48.8374447], [16.7430131, 48.8372207], [16.7434196, 48.836705], [16.7436806, 48.836322], [16.7440584, 48.8358105], [16.7446287, 48.8351415], [16.744841, 48.8349309], [16.7453377, 48.834539], [16.7461091, 48.8340143], [16.7469192, 48.8336577], [16.7476541, 48.8333893], [16.7492066, 48.8328498], [16.7506528, 48.8326654], [16.7516585, 48.8326399], [16.7523588, 48.8325247], [16.7527544, 48.8324403], [16.7535116, 48.8319938], [16.7540109, 48.8315707], [16.7544517, 48.8308519], [16.7544956, 48.8298625], [16.7543903, 48.8296074], [16.7542206, 48.829016], [16.7542406, 48.8287006], [16.7543482, 48.8285421], [16.7546545, 48.8283514], [16.7566663, 48.827522], [16.7577606, 48.8269887], [16.7587081, 48.8266485], [16.7599498, 48.8262694], [16.7606686, 48.8261412], [16.7621286, 48.8259892], [16.7634094, 48.8260286], [16.7646009, 48.8261183], [16.7675853, 48.8265914], [16.7688811, 48.8267468], [16.7691317, 48.8267727], [16.7691804, 48.8267604], [16.7693075, 48.8266973], [16.7693325, 48.8266665], [16.769358, 48.8266719], [16.7693894, 48.8266785], [16.7697168, 48.8267888], [16.7697872, 48.8268433], [16.7699736, 48.8268742], [16.770491, 48.8269338], [16.7708383, 48.8269821], [16.7709477, 48.8270067], [16.7710319, 48.8270646], [16.7711108, 48.8271075], [16.7712532, 48.8271447], [16.7733496, 48.8274054], [16.7752041, 48.8277356], [16.7762672, 48.8279634], [16.7773569, 48.82823], [16.7805446, 48.8294182], [16.7820379, 48.8298111], [16.7831657, 48.8300213], [16.7853915, 48.8300739], [16.7866802, 48.8299216], [16.7879766, 48.8296205], [16.7891214, 48.8291636], [16.7903058, 48.8284678], [16.793017, 48.8261183], [16.7938954, 48.825586], [16.7942347, 48.8254283], [16.7977707, 48.8240379], [16.7988663, 48.823582], [16.7995503, 48.8231802], [16.8002769, 48.8226551], [16.8023546, 48.820734], [16.803067, 48.8201715], [16.804242, 48.8193717], [16.8052553, 48.8188129], [16.8070377, 48.8179831], [16.8081071, 48.8176237], [16.8087418, 48.8174569], [16.8089427, 48.8174097], [16.8094296, 48.8173253], [16.8098166, 48.8172684], [16.8107632, 48.8171445], [16.8114711, 48.8170637], [16.8130327, 48.8169845], [16.8146744, 48.8169645], [16.8148781, 48.8169585], [16.8189899, 48.8168936], [16.8195198, 48.8169027], [16.8202827, 48.8168727], [16.8248262, 48.8167796], [16.8249099, 48.8167719], [16.8249446, 48.8167711], [16.8251078, 48.8167536], [16.8261157, 48.8166537], [16.8267684, 48.816575], [16.8268896, 48.816561], [16.8271244, 48.816519], [16.8276532, 48.8164359], [16.8283509, 48.8163001], [16.8287626, 48.8161882], [16.8291197, 48.8160795], [16.8296733, 48.8159206], [16.8300938, 48.8157467], [16.8306878, 48.8154948], [16.8309237, 48.8153988], [16.8310151, 48.815347], [16.8314897, 48.8150905], [16.8319783, 48.8147557], [16.832102, 48.814667], [16.8321629, 48.8146142], [16.8322558, 48.8145431], [16.8327015, 48.814157], [16.8327958, 48.8140664], [16.8329712, 48.8139145], [16.833171, 48.8136856], [16.833341, 48.8135064], [16.833455, 48.8133615], [16.8336072, 48.8131476], [16.8336569, 48.8130832], [16.8336692, 48.8130604], [16.8337456, 48.8129531], [16.8353097, 48.8104851], [16.8356184, 48.8099779], [16.8360884, 48.8093569], [16.8366992, 48.8086526], [16.8370686, 48.8082742], [16.8372761, 48.8080906], [16.8380317, 48.807556], [16.8387238, 48.8071095], [16.8394169, 48.806797], [16.8398333, 48.8066577], [16.8399941, 48.8065745], [16.8399799, 48.806529], [16.8398089, 48.8063922], [16.8399188, 48.8063278], [16.8400573, 48.8064539], [16.8402079, 48.8064928], [16.8404337, 48.8064201], [16.8417802, 48.8060161], [16.8430208, 48.8058105], [16.8440025, 48.8056521], [16.846993, 48.8053182], [16.8502735, 48.8049201], [16.8514322, 48.8046456], [16.852414, 48.8043105], [16.8533169, 48.8038561], [16.8536819, 48.8036249], [16.8544886, 48.8027553], [16.8549308, 48.8022289], [16.8551869, 48.8017362], [16.8561369, 48.7993346], [16.8563883, 48.7989393], [16.8569317, 48.7983819], [16.8579282, 48.7977474], [16.859941, 48.7967266], [16.8603901, 48.7964511], [16.8611107, 48.7958318], [16.8612775, 48.7956262], [16.8614544, 48.7953271], [16.8617112, 48.7947596], [16.8617167, 48.7944821], [16.8617714, 48.7942247], [16.8617771, 48.793935], [16.8618365, 48.7933577], [16.8619762, 48.7930553], [16.8621159, 48.7927923], [16.8626749, 48.7920229], [16.8632105, 48.7910524], [16.8634888, 48.7907911], [16.8641621, 48.7905237], [16.8646561, 48.7904084], [16.8649344, 48.7901631], [16.8651575, 48.7898481], [16.8656213, 48.7890749], [16.8658693, 48.7888211], [16.8662906, 48.7886209], [16.8664377, 48.788551], [16.8671364, 48.7884326], [16.8678858, 48.788373], [16.8680641, 48.7883588], [16.8682942, 48.7883405], [16.8688955, 48.7882687], [16.8690636, 48.7882486], [16.8693379, 48.788189], [16.8695876, 48.7879589], [16.8704058, 48.7868845], [16.870825, 48.7866461], [16.8715875, 48.7863116], [16.8721278, 48.7860215], [16.8724092, 48.7856014], [16.8726759, 48.7850327], [16.8729454, 48.7847171], [16.8735143, 48.7844014], [16.8738636, 48.784237], [16.8747898, 48.7839766], [16.8751604, 48.7839527], [16.8757961, 48.7839794], [16.8765985, 48.7839082], [16.8769606, 48.7837922], [16.8773202, 48.7835564], [16.8780485, 48.7830106], [16.8784246, 48.7827092], [16.8789148, 48.7824487], [16.8800747, 48.7821372], [16.8809823, 48.7819926], [16.8816332, 48.7817188], [16.8824971, 48.7812269], [16.8834284, 48.7806518], [16.8840815, 48.7801715], [16.8844284, 48.7797903], [16.8845864, 48.7794991], [16.8845969, 48.7788918], [16.884479, 48.7784795], [16.8841949, 48.778003], [16.883179, 48.7767566], [16.8825959, 48.776164], [16.8813246, 48.7751716], [16.8799352, 48.7740933], [16.8790876, 48.773353], [16.8788683, 48.7729876], [16.8787765, 48.7726128], [16.878843, 48.7722875], [16.8788946, 48.7720273], [16.879785, 48.769973], [16.8801528, 48.7694829], [16.8804208, 48.7693471], [16.8810465, 48.7692466], [16.8819951, 48.7688174], [16.8834328, 48.7682622], [16.883819, 48.7679779], [16.8846079, 48.7671804], [16.8850569, 48.7668566], [16.8851146, 48.7666683], [16.8857073, 48.7660296], [16.8857796, 48.7659496], [16.8858647, 48.7658541], [16.8859976, 48.7659018]]]}, "properties": {"id": "de0884d7-13e7-352a-b94a-84d836949931", "names": null, "subtype": "river", "class": "river", "is_intermittent": null}}, {"type": "Feature", "geometry": {"type": "LineString", "coordinates": [[16.7875978, 48.8306807], [16.7885765, 48.8303997], [16.7896294, 48.8299943], [16.7905365, 48.8295479], [16.7910681, 48.8292359], [16.7920221, 48.8284957], [16.7930945, 48.8275309], [16.7938047, 48.8269678], [16.7945864, 48.8264766], [16.7950704, 48.8262165], [16.795442, 48.8260444], [16.797037, 48.8254373], [16.7994987, 48.824555], [16.7998586, 48.8243974], [16.8001176, 48.8242597], [16.8010246, 48.8237148], [16.8012018, 48.8235755], [16.8020297, 48.8227232], [16.8022995, 48.8223766], [16.8024054, 48.8221556], [16.8026814, 48.8218919], [16.8029357, 48.8216846], [16.8039531, 48.8209927], [16.8052581, 48.8200569], [16.8059927, 48.8196604], [16.8070172, 48.8192085], [16.8081175, 48.818776], [16.8084756, 48.8186698], [16.8093091, 48.818539], [16.8111273, 48.8186138], [16.8123273, 48.818598], [16.8240828, 48.8180499], [16.8294645, 48.8178222], [16.8299512, 48.8178684], [16.8306374, 48.8181004], [16.831721, 48.8181912]]}, "properties": {"id": "8f033133-9a03-3d40-b162-6ed970340138", "names": {"primary": "Jambor\u016fv pr\u00e1h", "common": null, "rules": null}, "subtype": "stream", "class": "stream", "is_intermittent": null}}, {"type": "Feature", "geometry": {"type": "LineString", "coordinates": [[16.8035996, 48.8136693], [16.8035587, 48.8137569]]}, "properties": {"id": "8069c43c-fd2f-312d-801b-e2ceb2935cb0", "names": null, "subtype": "stream", "class": "stream", "is_intermittent": true}}, {"type": "Feature", "geometry": {"type": "LineString", "coordinates": [[16.8035587, 48.8137569], [16.8034075, 48.8140805]]}, "properties": {"id": "de475a1b-869d-3aa0-a9e1-164bf56e4961", "names": null, "subtype": "stream", "class": "stream", "is_intermittent": true}}, {"type": "Feature", "geometry": {"type": "LineString", "coordinates": [[16.7998949, 48.8147102], [16.8016658, 48.8143941], [16.803274, 48.8140941], [16.8034075, 48.8140805], [16.8039129, 48.8140292]]}, "properties": {"id": "c9ebcdfb-6e0b-32e7-b836-80755bace4a4", "names": null, "subtype": "stream", "class": "stream", "is_intermittent": null}}, {"type": "Feature", "geometry": {"type": "LineString", "coordinates": [[16.8037766, 48.8133532], [16.8037029, 48.8134883], [16.8035996, 48.8136693]]}, "properties": {"id": "bbad4a02-fa1a-379d-87bb-ae1ad9beb57a", "names": null, "subtype": "stream", "class": "stream", "is_intermittent": true}}, {"type": "Feature", "geometry": {"type": "LineString", "coordinates": [[16.8038101, 48.8115268], [16.8038169, 48.8116769], [16.8038705, 48.8119092], [16.8040274, 48.8122121], [16.8040743, 48.8123446], [16.8040958, 48.8124391], [16.8040757, 48.8125901], [16.8039724, 48.812848], [16.8037766, 48.8133532]]}, "properties": {"id": "303b832b-3605-3b89-ba2e-e7a4cc803707", "names": null, "subtype": "stream", "class": "stream", "is_intermittent": null}}, {"type": "Feature", "geometry": {"type": "Polygon", "coordinates": [[[16.8038101, 48.8115268], [16.8038329, 48.8115197], [16.8038504, 48.8115383], [16.8038812, 48.8116513], [16.8039107, 48.811835], [16.8039349, 48.8119419], [16.8039979, 48.8120408], [16.8041012, 48.8121132], [16.8041736, 48.8121759], [16.804242, 48.8122748], [16.8042608, 48.8123994], [16.8042621, 48.8124815], [16.8041602, 48.8127261], [16.8040046, 48.8129787], [16.8038316, 48.8133399], [16.8037941, 48.8133576], [16.8037766, 48.8133532], [16.8037605, 48.8133514], [16.8037491, 48.813313], [16.8037632, 48.8131505], [16.8038336, 48.8129359], [16.8039456, 48.812576], [16.8039295, 48.8123217], [16.8039241, 48.8121503], [16.8038356, 48.8119631], [16.8037927, 48.8118183], [16.8037713, 48.8117494], [16.8037605, 48.8116293], [16.8037739, 48.811563], [16.8038101, 48.8115268]]]}, "properties": {"id": "e8b6d6eb-6b81-3f01-bcfc-7e7cf43e5c78", "names": null, "subtype": "pond", "class": "pond", "is_intermittent": null}}, {"type": "Feature", "geometry": {"type": "LineString", "coordinates": [[16.7985881, 48.8080683], [16.7993201, 48.8080311], [16.8002509, 48.8079878], [16.8012071, 48.8079445], [16.801592, 48.807926], [16.8019903, 48.8078995], [16.8025549, 48.8078668], [16.8028513, 48.8078536], [16.8031584, 48.8078297], [16.8036626, 48.8078023], [16.8039134, 48.8078059], [16.8039577, 48.8078209], [16.8039738, 48.8078447], [16.8041414, 48.8082572], [16.8043452, 48.8087606], [16.8044713, 48.8091131], [16.8045156, 48.8092888], [16.8045679, 48.8096748], [16.804588, 48.8099441], [16.8045853, 48.8100872], [16.8045276, 48.8105871], [16.8044767, 48.8109589], [16.8044338, 48.8110296], [16.804415, 48.8110437], [16.8043587, 48.8110737], [16.8038852, 48.8113219], [16.8038316, 48.8113714], [16.8038115, 48.8114341], [16.8038101, 48.8115268]]}, "properties": {"id": "45e8ad14-2fd1-38e4-8b0d-fcb9d04d43f5", "names": null, "subtype": "stream", "class": "stream", "is_intermittent": true}}, {"type": "Feature", "geometry": {"type": "Polygon", "coordinates": [[[16.8017076, 48.8068221], [16.8014305, 48.8068038], [16.8014471, 48.8066943], [16.8017242, 48.8067126], [16.8017076, 48.8068221]]]}, "properties": {"id": "d3b67cd2-01be-32b7-82e0-188d3703197e", "names": null, "subtype": "water", "class": "wastewater", "is_intermittent": null}}, {"type": "Feature", "geometry": {"type": "Polygon", "coordinates": [[[16.8014706, 48.806679], [16.8014744, 48.8066516], [16.8015509, 48.8065487], [16.8017526, 48.8065609], [16.801734, 48.8066948], [16.8014706, 48.806679]]]}, "properties": {"id": "a42e01b2-d819-39c2-bf49-0f375c1ad9da", "names": null, "subtype": "water", "class": "wastewater", "is_intermittent": null}}, {"type": "Feature", "geometry": {"type": "Polygon", "coordinates": [[[16.8015055, 48.8068807], [16.8015481, 48.8068663], [16.8015955, 48.8068615], [16.8016427, 48.8068668], [16.801685, 48.8068817], [16.801718, 48.8069045], [16.8017382, 48.8069327], [16.8017442, 48.8069635], [16.8017353, 48.8069941], [16.8017124, 48.8070213], [16.8016778, 48.8070425], [16.8016349, 48.8070555], [16.8015879, 48.8070591], [16.8015427, 48.8070532], [16.8015024, 48.8070385], [16.8014707, 48.8070165], [16.8014507, 48.8069891], [16.8014442, 48.8069591], [16.8014518, 48.8069292], [16.8014729, 48.8069022], [16.8015055, 48.8068807]]]}, "properties": {"id": "17b49ddd-5ed7-3a7a-877e-222ea2b01328", "names": null, "subtype": "water", "class": "wastewater", "is_intermittent": null}}, {"type": "Feature", "geometry": {"type": "LineString", "coordinates": [[16.7992021, 48.8079375], [16.7994288, 48.80785], [16.7995562, 48.80782], [16.7998338, 48.8077962], [16.7999518, 48.8077829], [16.8001208, 48.807737], [16.8002763, 48.8076946], [16.8003863, 48.8076813], [16.8004963, 48.807707], [16.8005821, 48.8077282], [16.8006599, 48.8077335], [16.8007417, 48.8077202], [16.8007953, 48.8077017], [16.8008436, 48.8076601], [16.8008664, 48.8076195], [16.8009241, 48.8075701], [16.8009831, 48.8075542], [16.8010408, 48.8075533], [16.8011963, 48.807563], [16.8012607, 48.8075665], [16.8013398, 48.8075524], [16.8014176, 48.8075232], [16.8015008, 48.8074473], [16.8015893, 48.8073766], [16.8016469, 48.8073563], [16.8017046, 48.8073519], [16.8017784, 48.8073731], [16.8018253, 48.807412], [16.8018843, 48.8075126], [16.8019111, 48.8076204], [16.80195, 48.8077873], [16.8019903, 48.8078995]]}, "properties": {"id": "03ddfa31-0518-3a5c-a2bc-4891f67b9cb9", "names": null, "subtype": "stream", "class": "stream", "is_intermittent": true}}, {"type": "Feature", "geometry": {"type": "LineString", "coordinates": [[16.799677, 48.814611], [16.7998803, 48.8147133]]}, "properties": {"id": "c9807521-60b4-3f7f-8d4d-316fec6af152", "names": null, "subtype": "stream", "class": "stream", "is_intermittent": null}}, {"type": "Feature", "geometry": {"type": "LineString", "coordinates": [[16.7946389, 48.8168387], [16.794747, 48.8167991], [16.7949481, 48.8167734], [16.795219, 48.8167469], [16.7954309, 48.8167451], [16.7957903, 48.8167823], [16.7964435, 48.8168211], [16.7969035, 48.8168458], [16.7972589, 48.8168794], [16.7975083, 48.8169085], [16.7977269, 48.8168882], [16.7981359, 48.8168141], [16.7985208, 48.8167249], [16.7986174, 48.8166816], [16.7987126, 48.8165924], [16.7987555, 48.8164414], [16.7987448, 48.8161597], [16.7986777, 48.8157491], [16.7985986, 48.8153525], [16.7985959, 48.8152457], [16.7986992, 48.8151176], [16.7989433, 48.8149136], [16.7991203, 48.8148766], [16.7998803, 48.8147133], [16.7998949, 48.8147102]]}, "properties": {"id": "2e94a0e8-a111-3f29-a636-64c62e895b70", "names": null, "subtype": "stream", "class": "stream", "is_intermittent": null}}, {"type": "Feature", "geometry": {"type": "Polygon", "coordinates": [[[16.7982365, 48.816524], [16.7981986, 48.8165562], [16.7980541, 48.8166432], [16.7979944, 48.8166661], [16.7979193, 48.8166869], [16.7977743, 48.8167382], [16.7975418, 48.8167999], [16.7973742, 48.8167955], [16.7971787, 48.8167698], [16.7970644, 48.8166957], [16.796898, 48.8164676], [16.7969128, 48.8163849], [16.7971355, 48.8162445], [16.7972063, 48.8161498], [16.7971701, 48.8160921], [16.7970389, 48.8160917], [16.7968643, 48.8161685], [16.7966862, 48.8162136], [16.796551, 48.8161735], [16.7965494, 48.8160687], [16.7966393, 48.8159089], [16.7968217, 48.8157164], [16.7968699, 48.8155786], [16.7968456, 48.8154651], [16.796768, 48.8153084], [16.7966567, 48.8151353], [16.7965414, 48.8150399], [16.7964274, 48.815009], [16.7963026, 48.8150002], [16.796253, 48.8150382], [16.796241, 48.815085], [16.7962879, 48.8152819], [16.7962919, 48.8153702], [16.7962275, 48.8153941], [16.7961457, 48.8153843], [16.7960492, 48.815349], [16.7959057, 48.8151856], [16.7956641, 48.8148609], [16.7954363, 48.8145383], [16.7953692, 48.8143317], [16.7954443, 48.8141771], [16.795624, 48.8139934], [16.7956737, 48.8137974], [16.7958102, 48.8135576], [16.795726, 48.8134388], [16.7955315, 48.8133072], [16.7952579, 48.8133408], [16.7951788, 48.8134274], [16.7950675, 48.8134424], [16.7949669, 48.8133593], [16.7948556, 48.8131977], [16.7948368, 48.8131059], [16.7948916, 48.8128399], [16.7949253, 48.8127014], [16.7950852, 48.8125526], [16.7952311, 48.8124842], [16.7955664, 48.812463], [16.7958729, 48.8125055], [16.7961833, 48.8125725], [16.7965037, 48.8126709], [16.796569, 48.8127], [16.7966795, 48.8127862], [16.7967412, 48.8128886], [16.7968163, 48.8130264], [16.7968531, 48.8131352], [16.7968324, 48.8132136], [16.7967372, 48.8132763], [16.7967251, 48.8133152], [16.7967868, 48.8133929], [16.796878, 48.8134256], [16.7970148, 48.8134724], [16.7971757, 48.8134892], [16.7972589, 48.8134795], [16.7973527, 48.8134256], [16.7973554, 48.8133638], [16.7973125, 48.8132913], [16.79722, 48.8132384], [16.7971945, 48.8131792], [16.7972273, 48.8130305], [16.797183, 48.8129007], [16.7971919, 48.8127138], [16.7972345, 48.8125074], [16.7973138, 48.8123746], [16.7974721, 48.8123022], [16.7975914, 48.8122854], [16.7977296, 48.8123075], [16.7978208, 48.812327], [16.7978878, 48.812387], [16.7979334, 48.8124515], [16.7980005, 48.8124983], [16.7980474, 48.8125089], [16.7981265, 48.8125053], [16.7982285, 48.8124638], [16.798258, 48.8124109], [16.7982647, 48.8123119], [16.7982808, 48.8122642], [16.7983304, 48.8122219], [16.798417, 48.8121852], [16.7985222, 48.8121698], [16.7986536, 48.8121777], [16.79875, 48.8121834], [16.7987864, 48.8122033], [16.7987984, 48.8122457], [16.7987716, 48.8122881], [16.7987282, 48.8123943], [16.7987854, 48.8125195], [16.7988709, 48.8125504], [16.7991364, 48.8125663], [16.7992705, 48.8125407], [16.7993054, 48.812477], [16.7993081, 48.8124064], [16.7992504, 48.8122881], [16.7992142, 48.8121565], [16.7991954, 48.8120108], [16.7991525, 48.8118924], [16.7991391, 48.8117812], [16.7992633, 48.8115171], [16.7990975, 48.8115003], [16.7989686, 48.8114844], [16.7989178, 48.8114738], [16.7988843, 48.8114526], [16.798842, 48.8114036], [16.798777, 48.8113166], [16.7987475, 48.8112738], [16.7987602, 48.8112539], [16.7987971, 48.811238], [16.7989352, 48.8112071], [16.7990251, 48.8112062], [16.7990921, 48.8112146], [16.7991712, 48.8112417], [16.7992209, 48.8112698], [16.7992611, 48.8112804], [16.799412, 48.8112888], [16.7994777, 48.8112928], [16.7996983, 48.81137], [16.7997392, 48.8113784], [16.7997888, 48.8113824], [16.7998445, 48.8113745], [16.7998898, 48.8113568], [16.7999283, 48.8113219], [16.7999813, 48.8112663], [16.8000142, 48.8112561], [16.8000343, 48.8112517], [16.8000524, 48.8112535], [16.8000685, 48.8112641], [16.8000772, 48.8112897], [16.8000581, 48.8113757], [16.8000644, 48.8114275], [16.8000859, 48.8114694], [16.8001562, 48.8115349], [16.8002462, 48.8116032], [16.8003099, 48.8116443], [16.8003429, 48.8117005], [16.8003514, 48.8117529], [16.8003742, 48.8117953], [16.800387, 48.8118275], [16.8003774, 48.8119136], [16.8003877, 48.8119613], [16.8004346, 48.8120373], [16.800442, 48.812111], [16.8003662, 48.8123252], [16.8002629, 48.8124621], [16.8000913, 48.8126259], [16.8000631, 48.8127063], [16.8001074, 48.8129474], [16.8000535, 48.8131899], [16.8000209, 48.813358], [16.7999478, 48.8134772], [16.7998867, 48.8135563], [16.7997855, 48.8136234], [16.7994864, 48.8137316], [16.7993242, 48.8138058], [16.7991867, 48.813883], [16.7990906, 48.8139653], [16.7989574, 48.8141043], [16.7988876, 48.8142372], [16.7988862, 48.814385], [16.7989091, 48.8144836], [16.7989386, 48.814507], [16.7989618, 48.8145408], [16.7989547, 48.8145586], [16.7989098, 48.8145781], [16.7984209, 48.814631], [16.7980651, 48.8146786], [16.7976075, 48.8147388], [16.7973715, 48.8147927], [16.7972991, 48.8148289], [16.7972803, 48.8148607], [16.797283, 48.8149022], [16.7973112, 48.8149287], [16.797393, 48.8149666], [16.7975096, 48.8150028], [16.7975418, 48.8150302], [16.797574, 48.8150841], [16.7975955, 48.8150929], [16.797625, 48.8150991], [16.7976706, 48.8150938], [16.7977819, 48.8150249], [16.7980434, 48.8149004], [16.7984464, 48.8147516], [16.7991062, 48.8146743], [16.7992779, 48.8146324], [16.7993805, 48.8146143], [16.7995998, 48.8145984], [16.7996474, 48.8145865], [16.7996755, 48.8145525], [16.7996936, 48.8144924], [16.7996983, 48.8144646], [16.7997017, 48.8144394], [16.7997104, 48.8144187], [16.7997318, 48.8143944], [16.799817, 48.8143118], [16.7998787, 48.8142584], [16.8000524, 48.8141418], [16.8001127, 48.8141016], [16.800216, 48.8140208], [16.8002676, 48.813974], [16.8003032, 48.8139325], [16.8003642, 48.8138486], [16.8004956, 48.8136552], [16.8006887, 48.8133726], [16.8007263, 48.8133099], [16.8007497, 48.8132278], [16.8007813, 48.8130463], [16.8008081, 48.8129597], [16.8008617, 48.8128818], [16.8009556, 48.8127835], [16.8010884, 48.8126784], [16.8012339, 48.812576], [16.8014491, 48.8124343], [16.8014934, 48.8123852], [16.8015142, 48.8123504], [16.8015216, 48.8123058], [16.8015148, 48.8122528], [16.8014719, 48.81216], [16.8010817, 48.8117308], [16.8010173, 48.8116465], [16.8009898, 48.8115767], [16.8009797, 48.8115299], [16.8009898, 48.811491], [16.8010141, 48.8114403], [16.801081, 48.8113413], [16.8014082, 48.8109664], [16.801421, 48.8109452], [16.8014243, 48.8109183], [16.8014163, 48.8108839], [16.8014022, 48.8108521], [16.8013834, 48.8108247], [16.8013392, 48.810807], [16.8012708, 48.8107841], [16.8007243, 48.8106772], [16.8003917, 48.8106004], [16.8003414, 48.810584], [16.8003125, 48.8105708], [16.8002824, 48.8105535], [16.8002515, 48.8105222], [16.8002106, 48.8104577], [16.8001053, 48.8102921], [16.8000061, 48.8101561], [16.799811, 48.8099181], [16.7997627, 48.8098664], [16.799524, 48.8095891], [16.7994797, 48.8095184], [16.7994039, 48.8093427], [16.7993369, 48.8091784], [16.7991874, 48.8088384], [16.799117, 48.8085842], [16.799235, 48.8088021], [16.7993149, 48.8089889], [16.7994038, 48.8091939], [16.7995253, 48.8094893], [16.7995547, 48.8095327], [16.7995891, 48.8095818], [16.7997835, 48.809809], [16.7999824, 48.8100436], [16.8001511, 48.8102652], [16.8002328, 48.8103941], [16.8003441, 48.8104824], [16.8003649, 48.8105081], [16.8003755, 48.8105412], [16.8004004, 48.8105584], [16.8004302, 48.8105686], [16.8005864, 48.8106052], [16.8009271, 48.8106764], [16.8012938, 48.8107494], [16.8013687, 48.810773], [16.801425, 48.8107995], [16.8014585, 48.8108362], [16.8014773, 48.8108755], [16.8014833, 48.8109174], [16.8014746, 48.810955], [16.8014599, 48.8109823], [16.8013566, 48.8111024], [16.8011333, 48.8113555], [16.8010689, 48.8114544], [16.8010455, 48.8114968], [16.8010381, 48.8115343], [16.8010435, 48.8115696], [16.8010763, 48.8116381], [16.8011286, 48.8117123], [16.801533, 48.8121503], [16.8015705, 48.8122453], [16.8015799, 48.8123071], [16.8015718, 48.8123543], [16.801547, 48.8124011], [16.8014927, 48.8124585], [16.8013418, 48.8125632], [16.8011521, 48.812686], [16.8010025, 48.8128047], [16.8009134, 48.8128966], [16.8008651, 48.8129743], [16.8008376, 48.8130507], [16.8008235, 48.8131359], [16.8008061, 48.8132282], [16.8007806, 48.8133183], [16.8007457, 48.8133823], [16.8006539, 48.813513], [16.8005674, 48.8136442], [16.8004393, 48.8138305], [16.8003689, 48.8139356], [16.8003213, 48.8139895], [16.8002817, 48.8140283], [16.8002086, 48.8140857], [16.8001315, 48.8141449], [16.8000209, 48.8142169], [16.7999283, 48.8142809], [16.799868, 48.814329], [16.7997754, 48.8144191], [16.7997607, 48.8144381], [16.7997573, 48.8144637], [16.7997473, 48.8145017], [16.7997318, 48.81456], [16.7997104, 48.8145979], [16.7997131, 48.8146293], [16.7993919, 48.8146518], [16.7992987, 48.8146673], [16.7991277, 48.8147101], [16.7987676, 48.8147551], [16.7984726, 48.8147847], [16.7980716, 48.8149366], [16.7978315, 48.8150655], [16.7977457, 48.8151265], [16.7977282, 48.8151556], [16.7977363, 48.815175], [16.7977738, 48.8151883], [16.7979401, 48.8152033], [16.7980152, 48.8152289], [16.798093, 48.8153084], [16.798152, 48.8154152], [16.7981896, 48.8154744], [16.7982043, 48.8155415], [16.7982271, 48.8155786], [16.7983223, 48.8156449], [16.7983477, 48.8156715], [16.7983411, 48.8157005], [16.7982955, 48.8157667], [16.7982714, 48.8157967], [16.798262, 48.8158798], [16.7982352, 48.8159098], [16.7981574, 48.8159592], [16.7981507, 48.815984], [16.798152, 48.8160458], [16.7981437, 48.8161189], [16.798097, 48.8161897], [16.7980635, 48.8162736], [16.7980669, 48.8163209], [16.7980903, 48.8163641], [16.798144, 48.8163995], [16.7982432, 48.8164608], [16.7982499, 48.8164935], [16.7982365, 48.816524]], [[16.7997258, 48.8124572], [16.799823, 48.8124599], [16.7999377, 48.8124696], [16.799994, 48.8124784], [16.8000504, 48.8124656], [16.800096, 48.8124387], [16.8001342, 48.8124033], [16.8001375, 48.8123168], [16.8001302, 48.812138], [16.8001221, 48.8120262], [16.8001362, 48.8119203], [16.800161, 48.8118319], [16.8001758, 48.8117476], [16.8001449, 48.8116513], [16.8000631, 48.8115767], [16.7999846, 48.8115343], [16.7998606, 48.811525], [16.799587, 48.8115414], [16.7995059, 48.8115683], [16.799467, 48.8115961], [16.7994449, 48.8116955], [16.7994616, 48.8117423], [16.7995206, 48.8118209], [16.7995488, 48.8118787], [16.7995749, 48.8120165], [16.799579, 48.8121176], [16.7995696, 48.8123817], [16.7995823, 48.8124135], [16.7995924, 48.8124373], [16.799642, 48.8124532], [16.7997258, 48.8124572]], [[16.7993369, 48.8135912], [16.7994449, 48.8136], [16.7995334, 48.8135916], [16.7995917, 48.8135656], [16.7996889, 48.8135329], [16.7997151, 48.8135095], [16.7997399, 48.8134653], [16.7997801, 48.8133218], [16.7998499, 48.8130865], [16.7999344, 48.8128418], [16.7999196, 48.8128127], [16.7998867, 48.8127866], [16.7998472, 48.8127703], [16.7997278, 48.8127447], [16.7996118, 48.8127306], [16.7994234, 48.8127473], [16.7993718, 48.81275], [16.7993114, 48.8127654], [16.7992584, 48.812795], [16.7992283, 48.8128228], [16.7992081, 48.8128582], [16.7992289, 48.813052], [16.7992222, 48.8132044], [16.7991874, 48.8133028], [16.7991853, 48.8134472], [16.7992149, 48.8135152], [16.7992564, 48.8135611], [16.7993369, 48.8135912]]]}, "properties": {"id": "2a626dd3-4e9b-3ce4-a2d8-652b68377df6", "names": null, "subtype": "lake", "class": "lake", "is_intermittent": null}}, {"type": "Feature", "geometry": {"type": "LineString", "coordinates": [[16.7960867, 48.8081318], [16.7961806, 48.8080152], [16.7963201, 48.8079287], [16.7966339, 48.8078757], [16.7970067, 48.8078545], [16.797452, 48.8078845], [16.7978543, 48.8079799], [16.7982915, 48.808047], [16.7985792, 48.808066], [16.7985881, 48.8080683], [16.7986214, 48.808077], [16.7986885, 48.8080912], [16.7987917, 48.8081477], [16.7988615, 48.8081857], [16.7990036, 48.8083402], [16.799117, 48.8085842], [16.7992195, 48.8088446], [16.7993617, 48.8091678], [16.7995025, 48.8095078], [16.7995307, 48.8095564], [16.7996111, 48.8096492], [16.7998432, 48.8099194], [16.8001248, 48.8102665], [16.8001838, 48.810369], [16.8002844, 48.8105165], [16.8003206, 48.8105544], [16.8004332, 48.8105915], [16.8007109, 48.8106525], [16.8012252, 48.8107576], [16.8014015, 48.8108123], [16.8014337, 48.8108485], [16.8014592, 48.8109139], [16.8014324, 48.8109757], [16.801368, 48.8110623], [16.8011641, 48.8112813], [16.8010837, 48.8113811], [16.8010166, 48.8114941], [16.8010153, 48.8115754], [16.8010475, 48.8116469], [16.8010998, 48.8117149], [16.8013895, 48.8120311], [16.8014994, 48.8121521], [16.8015397, 48.8122342], [16.8015464, 48.8122828], [16.8015531, 48.8123358], [16.8015195, 48.8123835], [16.801478, 48.81244], [16.8013372, 48.8125416], [16.8011507, 48.8126573], [16.80103, 48.8127526], [16.8009053, 48.8128666], [16.8008544, 48.812931], [16.8008222, 48.813007], [16.8007994, 48.8130997], [16.8007699, 48.8132684], [16.8007243, 48.8133699], [16.8004949, 48.8136941], [16.8003085, 48.8139669], [16.8001771, 48.8140844], [16.7999732, 48.814223], [16.7998512, 48.8143167], [16.7997386, 48.8144209], [16.7997278, 48.8144747], [16.799701, 48.8145604], [16.799677, 48.814611]]}, "properties": {"id": "80e51d63-f2c4-325a-9a0e-7ce9c975ef7b", "names": null, "subtype": "stream", "class": "stream", "is_intermittent": null}}, {"type": "Feature", "geometry": {"type": "Polygon", "coordinates": [[[16.7976008, 48.8111214], [16.7975727, 48.811117], [16.7975485, 48.8110976], [16.7975405, 48.811057], [16.7975365, 48.8110278], [16.7975472, 48.8109987], [16.797578, 48.8109686], [16.7976317, 48.8109315], [16.7977229, 48.8108847], [16.7977792, 48.8108741], [16.7978396, 48.8108733], [16.7978865, 48.8108909], [16.7979214, 48.8108909], [16.7979495, 48.810875], [16.7979696, 48.8108512], [16.7980166, 48.8108203], [16.7980796, 48.8107858], [16.7981319, 48.8107708], [16.7981856, 48.8107726], [16.7982003, 48.8107796], [16.7982084, 48.8107991], [16.7982244, 48.8108662], [16.798211, 48.810958], [16.7981896, 48.8110084], [16.7981601, 48.8110366], [16.7981225, 48.8110525], [16.7980354, 48.8110835], [16.7979187, 48.8111038], [16.7978141, 48.8111144], [16.7976008, 48.8111214]]]}, "properties": {"id": "937e9da2-a228-358e-b761-59146656e31f", "names": null, "subtype": "pond", "class": "pond", "is_intermittent": null}}, {"type": "Feature", "geometry": {"type": "Polygon", "coordinates": [[[16.7979307, 48.8105783], [16.7979046, 48.8105438], [16.797912, 48.8105134], [16.7979401, 48.8104546], [16.7979696, 48.8104136], [16.7980219, 48.8103721], [16.7980602, 48.8103619], [16.7980957, 48.8103584], [16.7981292, 48.8103588], [16.7981654, 48.8103787], [16.7982211, 48.8104197], [16.7982647, 48.810463], [16.7982835, 48.8105023], [16.7982922, 48.8105341], [16.7982868, 48.8105505], [16.7982654, 48.8105694], [16.7982385, 48.8105867], [16.7981829, 48.8106118], [16.7981105, 48.8106344], [16.7980843, 48.8106383], [16.7980394, 48.8106392], [16.7980058, 48.8106269], [16.7979643, 48.8106074], [16.7979307, 48.8105783]]]}, "properties": {"id": "8db9ad0d-9b83-35d0-8224-bd8f9c00ebce", "names": null, "subtype": "pond", "class": "pond", "is_intermittent": null}}, {"type": "Feature", "geometry": {"type": "Polygon", "coordinates": [[[16.7981779, 48.8092449], [16.798266, 48.8092663], [16.7983311, 48.8092959], [16.7983815, 48.8093211], [16.7984504, 48.8093498], [16.7985014, 48.8093661], [16.798718, 48.809416], [16.7987609, 48.8094438], [16.7987911, 48.809476], [16.7988324, 48.8095372], [16.7988916, 48.8095922], [16.799009, 48.8096757], [16.7991062, 48.809752], [16.7991404, 48.8097693], [16.7991679, 48.8097768], [16.799241, 48.8097834], [16.7992859, 48.8097914], [16.7993242, 48.8098064], [16.7994804, 48.8099026], [16.7995537, 48.8099247], [16.7996809, 48.8099494], [16.7997057, 48.8099636], [16.7997218, 48.8100152], [16.7997486, 48.8100753], [16.7998633, 48.8102276], [16.7999318, 48.8103061], [16.7999887, 48.8104524], [16.8000095, 48.8105381], [16.8000082, 48.8105765], [16.7999907, 48.8106127], [16.7999719, 48.8106377], [16.7999149, 48.8106635], [16.7998733, 48.8106772], [16.7998338, 48.8106706], [16.7997875, 48.8106617], [16.7997298, 48.8106547], [16.7996447, 48.8106556], [16.7995971, 48.8106458], [16.7995565, 48.8106211], [16.7994584, 48.8105229], [16.7990311, 48.8101726], [16.7987341, 48.8099199], [16.7986677, 48.8098059], [16.7986067, 48.8097397], [16.7983061, 48.8095096], [16.7982399, 48.8094438], [16.7981669, 48.8093269], [16.7981212, 48.8092689], [16.7981238, 48.8092504], [16.798142, 48.8092433], [16.7981779, 48.8092449]]]}, "properties": {"id": "d6d0fffc-2465-363e-938f-46b4f4bf6ad7", "names": null, "subtype": "lake", "class": "lake", "is_intermittent": null}}, {"type": "Feature", "geometry": {"type": "Polygon", "coordinates": [[[16.797507, 48.8105765], [16.7974868, 48.8105527], [16.7974828, 48.8104847], [16.7974909, 48.8104167], [16.7975083, 48.8104016], [16.7976907, 48.810338], [16.7977215, 48.8103266], [16.7977604, 48.8103292], [16.7978047, 48.8103363], [16.7978275, 48.8103557], [16.7978503, 48.8104043], [16.7978489, 48.8104396], [16.7978409, 48.8104776], [16.7977859, 48.8105633], [16.7977551, 48.8105827], [16.7977189, 48.8106021], [16.7976317, 48.810611], [16.7975821, 48.8106083], [16.7975338, 48.8105959], [16.797507, 48.8105765]]]}, "properties": {"id": "9d34bd9b-ee8c-388a-a2f0-ca4db20bd5ab", "names": null, "subtype": "pond", "class": "pond", "is_intermittent": null}}, {"type": "Feature", "geometry": {"type": "LineString", "coordinates": [[16.7918099, 48.8117653], [16.7926401, 48.8117679], [16.7930827, 48.8117644], [16.7932449, 48.8117591], [16.7933911, 48.8117282], [16.7934434, 48.8117061], [16.7935105, 48.8116531], [16.7935876, 48.8115564], [16.7936479, 48.8114645], [16.7937297, 48.811355], [16.7939195, 48.8111713], [16.794067, 48.8110397], [16.7941435, 48.8109391], [16.7941683, 48.8108733], [16.794175, 48.8108128], [16.7941495, 48.8107549], [16.7939081, 48.8106004], [16.7938612, 48.8105505], [16.7938196, 48.8104666], [16.7938122, 48.8103857], [16.793829, 48.8102378], [16.7938263, 48.8100364], [16.793782, 48.8097441], [16.7937834, 48.8096311], [16.7937921, 48.8095321], [16.7938176, 48.8094734], [16.7938659, 48.8094288], [16.7943238, 48.8092036], [16.7947396, 48.8090119], [16.7952626, 48.808713], [16.7957883, 48.8084091], [16.796017, 48.8082709], [16.7960633, 48.8082223], [16.7960867, 48.8081318]]}, "properties": {"id": "096d014f-19b2-333a-a5c5-cc09b4bf0044", "names": null, "subtype": "stream", "class": "stream", "is_intermittent": true}}, {"type": "Feature", "geometry": {"type": "Polygon", "coordinates": [[[16.7946348, 48.8228424], [16.7947665, 48.8229419], [16.7948348, 48.823059], [16.7948835, 48.8231416], [16.7949968, 48.8234127], [16.7949596, 48.8234637], [16.7949225, 48.8234905], [16.7948536, 48.82351], [16.7948042, 48.8234925], [16.7947694, 48.8234284], [16.7947731, 48.8232872], [16.7947528, 48.8232449], [16.794651, 48.8231318], [16.7944107, 48.8229286], [16.7943735, 48.8228468], [16.7943952, 48.8227959], [16.7944163, 48.8227846], [16.7944913, 48.8227869], [16.7946348, 48.8228424]]]}, "properties": {"id": "41edd194-bc90-3223-8bb3-cc3b332584a5", "names": null, "subtype": "pond", "class": "pond", "is_intermittent": null}}, {"type": "Feature", "geometry": {"type": "Polygon", "coordinates": [[[16.7898063, 48.8216967], [16.7899685, 48.8217647], [16.7901554, 48.8218656], [16.7903063, 48.8219543], [16.7907252, 48.8222306], [16.7909725, 48.8223932], [16.7915342, 48.8228612], [16.7916869, 48.8229947], [16.7918311, 48.8231306], [16.7920256, 48.8233316], [16.792152, 48.8234639], [16.7921917, 48.823523], [16.7921918, 48.8236248], [16.7922212, 48.8237892], [16.7923334, 48.824031], [16.7923357, 48.8240983], [16.7923049, 48.8241676], [16.7922137, 48.8242315], [16.7920131, 48.8242878], [16.7917695, 48.8243139], [16.7917137, 48.8243199], [16.7916435, 48.8243144], [16.7915608, 48.8242689], [16.7914349, 48.8241638], [16.7912968, 48.8240346], [16.7911419, 48.8238916], [16.7909188, 48.8236705], [16.7907549, 48.8234447], [16.7905481, 48.8232159], [16.7903852, 48.823051], [16.7901352, 48.8227549], [16.789991, 48.8225412], [16.7897663, 48.8222218], [16.7895793, 48.8219373], [16.789502, 48.8217783], [16.7895004, 48.821721], [16.7895866, 48.821657], [16.7896407, 48.8216599], [16.789684, 48.8216622], [16.7898063, 48.8216967]]]}, "properties": {"id": "a9af4d68-b36c-35b6-9405-9b45f10c4fef", "names": null, "subtype": "lake", "class": "lake", "is_intermittent": null}}, {"type": "Feature", "geometry": {"type": "Polygon", "coordinates": [[[16.788928, 48.8236763], [16.7888232, 48.8237028], [16.7887554, 48.8237333], [16.7886798, 48.8237978], [16.7886257, 48.8238182], [16.7885544, 48.8238324], [16.788461, 48.823838], [16.7884, 48.8238178], [16.7883491, 48.8237752], [16.7882191, 48.8235817], [16.7882162, 48.8235357], [16.7882415, 48.8235028], [16.7882896, 48.8234806], [16.7883681, 48.8234929], [16.788447, 48.8235363], [16.7885591, 48.823585], [16.7886458, 48.8235945], [16.7890853, 48.8235498], [16.7894838, 48.8234885], [16.7896306, 48.8234656], [16.7897647, 48.823446], [16.7898864, 48.8234387], [16.7899384, 48.8234526], [16.7899511, 48.8234893], [16.7899284, 48.823528], [16.7898664, 48.8235573], [16.7893836, 48.8236177], [16.788928, 48.8236763]]]}, "properties": {"id": "ba16cd1b-3589-3a97-b6c0-8af4934a1acd", "names": null, "subtype": "pond", "class": "pond", "is_intermittent": null}}, {"type": "Feature", "geometry": {"type": "Polygon", "coordinates": [[[16.7880463, 48.8212678], [16.7880093, 48.8211905], [16.7880233, 48.821166], [16.7880508, 48.821148], [16.7881118, 48.8211552], [16.7881826, 48.8211619], [16.7887971, 48.8213321], [16.7888867, 48.8213694], [16.7889147, 48.8214078], [16.788929, 48.8214726], [16.788916, 48.8216854], [16.7888975, 48.8219824], [16.788921, 48.8222863], [16.7888903, 48.8223819], [16.7888365, 48.822409], [16.7887761, 48.8223964], [16.7886136, 48.8222899], [16.7881085, 48.8219789], [16.7879149, 48.8218868], [16.7879013, 48.8218553], [16.787901, 48.821814], [16.7880196, 48.8216442], [16.7880455, 48.821593], [16.7880621, 48.821544], [16.7880463, 48.8212678]], [[16.788138, 48.8213705], [16.7881675, 48.8214385], [16.7882064, 48.8214606], [16.7882439, 48.8214632], [16.7882989, 48.82145], [16.788374, 48.8214164], [16.7883942, 48.8214014], [16.7884076, 48.8213467], [16.7883834, 48.821314], [16.7883606, 48.8212928], [16.7883056, 48.8212787], [16.7882386, 48.8212654], [16.7881957, 48.821269], [16.7881487, 48.8212875], [16.7881353, 48.8213228], [16.788138, 48.8213705]], [[16.7886557, 48.8220919], [16.7887415, 48.8220133], [16.7887723, 48.8219595], [16.788779, 48.8217308], [16.7887643, 48.8216266], [16.7887361, 48.8215798], [16.7886597, 48.8215242], [16.788547, 48.8215047], [16.788425, 48.8215268], [16.7883137, 48.8215842], [16.788256, 48.8216654], [16.7882466, 48.8217484], [16.7882507, 48.8217793], [16.7884015, 48.8219718], [16.7884793, 48.8220328], [16.7885511, 48.822076], [16.7886161, 48.8220959], [16.7886557, 48.8220919]]]}, "properties": {"id": "47995012-e30d-3190-a0d3-f51330c51c59", "names": null, "subtype": "lake", "class": "lake", "is_intermittent": null}}, {"type": "Feature", "geometry": {"type": "LineString", "coordinates": [[16.7896407, 48.8216599], [16.7895718, 48.8215212], [16.789448, 48.8213915], [16.7891879, 48.8213165], [16.7889086, 48.8212808], [16.7887927, 48.821237], [16.7886813, 48.821135]]}, "properties": {"id": "dbafa7a8-fb80-392f-83d0-6acdddab0acf", "names": null, "subtype": "stream", "class": "stream", "is_intermittent": null}}, {"type": "Feature", "geometry": {"type": "Polygon", "coordinates": [[[16.7887495, 48.8198297], [16.7889162, 48.8196874], [16.7890178, 48.8196239], [16.7891073, 48.8195966], [16.7891586, 48.8196372], [16.7892403, 48.8199784], [16.7892686, 48.8201], [16.7892793, 48.8202571], [16.789265, 48.820359], [16.7891398, 48.8206235], [16.7890262, 48.8209268], [16.7889934, 48.8210395], [16.7889702, 48.8210631], [16.788931, 48.8210869], [16.7888914, 48.821089], [16.7888312, 48.8210704], [16.7887925, 48.8210447], [16.7886879, 48.8208519], [16.7885537, 48.8204301], [16.788562, 48.8203296], [16.7886276, 48.8200455], [16.7886914, 48.8199312], [16.7887495, 48.8198297]], [[16.7888582, 48.8203957], [16.7889936, 48.8203922], [16.7890459, 48.8203851], [16.7890634, 48.8203621], [16.7890674, 48.8203268], [16.7890459, 48.8202544], [16.7890486, 48.8201034], [16.7890178, 48.8199551], [16.7889641, 48.8199303], [16.7889078, 48.8199392], [16.7888448, 48.8200999], [16.7887844, 48.8203533], [16.7887992, 48.820378], [16.7888233, 48.8203922], [16.7888582, 48.8203957]], [[16.788822, 48.8208107], [16.7888743, 48.8208557], [16.7889065, 48.8208619], [16.7889427, 48.820846], [16.7889507, 48.8208186], [16.7889373, 48.8207754], [16.7889802, 48.8206359], [16.7890272, 48.8205679], [16.7890513, 48.8205043], [16.7890003, 48.8204725], [16.7889239, 48.8204778], [16.7888072, 48.8204963], [16.7887831, 48.8205202], [16.7887817, 48.8205723], [16.7888126, 48.8206579], [16.7888059, 48.8207745], [16.788822, 48.8208107]]]}, "properties": {"id": "12c6cd09-bba0-3c43-ba94-980feabf08f0", "names": null, "subtype": "lake", "class": "lake", "is_intermittent": null}}, {"type": "Feature", "geometry": {"type": "LineString", "coordinates": [[16.790888, 48.8193162], [16.7908537, 48.8189484], [16.7904031, 48.8180053], [16.7893356, 48.8159107], [16.788606, 48.8145189], [16.7882681, 48.8138936], [16.7881876, 48.8137523], [16.7881581, 48.8136375], [16.7882225, 48.8135263], [16.7885202, 48.8133408], [16.788708, 48.8132066], [16.7888689, 48.8131836], [16.7892632, 48.8131854], [16.7897272, 48.813173], [16.7911139, 48.813037], [16.7912641, 48.8130547], [16.7913419, 48.8131041], [16.7913955, 48.8132066], [16.7914706, 48.8133726], [16.7915753, 48.8134803], [16.7916959, 48.8135316], [16.7918327, 48.8135333], [16.7920232, 48.8134927], [16.792101, 48.8135033], [16.7921814, 48.8135492], [16.7924523, 48.8137347], [16.7927474, 48.8139502], [16.792801, 48.8140455], [16.7929298, 48.814314], [16.792978, 48.8144818], [16.7930719, 48.8145931], [16.7933455, 48.814881], [16.79389, 48.8155133], [16.7942575, 48.8159142], [16.7947054, 48.8164299], [16.7949253, 48.8165853]]}, "properties": {"id": "8ba839e1-8894-3a36-8efd-971df0a2d4b5", "names": null, "subtype": "stream", "class": "stream", "is_intermittent": true}}, {"type": "Feature", "geometry": {"type": "LineString", "coordinates": [[16.7855647, 48.8210444], [16.7857129, 48.8210496], [16.7859957, 48.8211732], [16.7862303, 48.8211727], [16.7863441, 48.8211322], [16.7865008, 48.8210535], [16.7865383, 48.8209778], [16.78653, 48.8208708], [16.78627, 48.8203821], [16.7862537, 48.820262], [16.7862765, 48.8201742], [16.7862886, 48.8200646], [16.7864179, 48.8200311], [16.786522, 48.8200257], [16.7866239, 48.8200345], [16.7867819, 48.8200947], [16.7870303, 48.8202155], [16.7877526, 48.8208981], [16.7886813, 48.821135], [16.7885468, 48.8209544], [16.7884784, 48.8207278], [16.7884266, 48.8204373], [16.7884007, 48.8200456], [16.7887116, 48.8197052], [16.7889179, 48.8195725], [16.7891848, 48.8194561], [16.7897761, 48.8193357], [16.7902905, 48.8192804], [16.7906123, 48.819284], [16.790888, 48.8193162], [16.7912239, 48.8193864], [16.7916745, 48.8193829], [16.7920339, 48.8192416], [16.7932084, 48.8190402], [16.7938659, 48.8189254], [16.794118, 48.8189201], [16.7943192, 48.8188689], [16.7944721, 48.8187987], [16.7946721, 48.8186923], [16.7949127, 48.8185872], [16.7950643, 48.8185262], [16.7952257, 48.8183409], [16.7952696, 48.8182465], [16.7952128, 48.8181134], [16.7949441, 48.8178216], [16.7948473, 48.817678], [16.794798, 48.817521], [16.7946929, 48.8171955], [16.7946258, 48.8169621], [16.7946389, 48.8168387], [16.7946808, 48.8167494], [16.7948238, 48.8166316], [16.7949253, 48.8165853], [16.7952826, 48.8165177], [16.7964766, 48.8163722], [16.7967256, 48.8163068], [16.7971701, 48.8160921], [16.7973956, 48.8158806], [16.7973817, 48.8153987], [16.7976262, 48.8151879], [16.7978022, 48.8150425], [16.7980723, 48.8149113], [16.7984534, 48.814769], [16.7991056, 48.8146929], [16.7993121, 48.8146461], [16.7993925, 48.8146355], [16.799677, 48.814611]]}, "properties": {"id": "84465054-1bf7-37ea-a882-a7c3428189b7", "names": null, "subtype": "stream", "class": "stream", "is_intermittent": null}}, {"type": "Feature", "geometry": {"type": "LineString", "coordinates": [[16.7873743, 48.8049205], [16.7875439, 48.805051], [16.7877316, 48.8051605], [16.7881179, 48.8052948], [16.7885524, 48.8054714], [16.7891425, 48.8055916], [16.789459, 48.8055598], [16.7896843, 48.8055633], [16.7903441, 48.8055986], [16.7906606, 48.8056622], [16.7909878, 48.8058], [16.7912936, 48.8058459], [16.7916048, 48.8058283], [16.7918354, 48.8058389], [16.7919481, 48.8059201], [16.7920339, 48.8061427], [16.7920071, 48.806602], [16.7920875, 48.8067681], [16.7922538, 48.8068635], [16.7928171, 48.8071002], [16.7932677, 48.8072486], [16.7934608, 48.8073757], [16.7935198, 48.8075524], [16.7934662, 48.8078633], [16.793552, 48.8081565], [16.7936379, 48.8083632]]}, "properties": {"id": "e0410293-ca70-3273-8329-0d7de202bc2f", "names": null, "subtype": "stream", "class": "stream", "is_intermittent": true}}, {"type": "Feature", "geometry": {"type": "LineString", "coordinates": [[16.7870799, 48.8162586], [16.7862698, 48.8154691], [16.7858031, 48.8149816], [16.7857602, 48.8149181], [16.7857522, 48.8147944], [16.7858219, 48.8147273], [16.7859051, 48.8146567], [16.7860848, 48.8145913], [16.7863047, 48.814526], [16.7864495, 48.8145118], [16.7865542, 48.8145295], [16.7866427, 48.8145366], [16.7867634, 48.8145242], [16.786994, 48.8144783], [16.7870799, 48.8144306], [16.7873722, 48.8142116], [16.787729, 48.8140049], [16.7878523, 48.8139608], [16.7882681, 48.8138936]]}, "properties": {"id": "3846db17-3d94-39a7-ac8c-41d41275e070", "names": null, "subtype": "stream", "class": "stream", "is_intermittent": true}}, {"type": "Feature", "geometry": {"type": "LineString", "coordinates": [[16.7789179, 48.8170057], [16.7789286, 48.8169138], [16.7789984, 48.8168467], [16.7791191, 48.8167726], [16.7791834, 48.8167337], [16.7792478, 48.816633], [16.7793015, 48.8164617], [16.7794543, 48.8161933], [16.7795455, 48.8160749], [16.7796287, 48.8160308], [16.7798084, 48.8159848], [16.7804629, 48.8158524], [16.7806184, 48.8157976], [16.7807123, 48.815734], [16.7808115, 48.8156157], [16.7808974, 48.8155097], [16.7810234, 48.8154621], [16.781179, 48.8154267], [16.7812648, 48.8154038], [16.7813694, 48.8152907], [16.7814338, 48.8151583], [16.7817932, 48.8147043], [16.7820024, 48.8144853], [16.78215, 48.8143511], [16.7822787, 48.8142504], [16.7824906, 48.8139413], [16.7827615, 48.8135987], [16.7828688, 48.8135033], [16.7830646, 48.813392], [16.7831987, 48.8132507], [16.7832497, 48.8131289], [16.7833275, 48.8130211], [16.7834938, 48.812871], [16.7836547, 48.8127138], [16.7837834, 48.812629], [16.783998, 48.812546], [16.784462, 48.8123428], [16.7850789, 48.8119949], [16.7853713, 48.811873], [16.7855617, 48.8117706], [16.7857549, 48.8116222], [16.7859238, 48.8115233], [16.7864871, 48.8112884], [16.7867097, 48.81117], [16.7873052, 48.8107408], [16.7882413, 48.8100289], [16.7884478, 48.8098965], [16.7887107, 48.8097304], [16.788775, 48.8096721], [16.7893624, 48.8092464], [16.7896414, 48.8091069], [16.7900383, 48.8089709], [16.7903683, 48.808826], [16.7906713, 48.8087324], [16.7909557, 48.8086723], [16.791366, 48.8086211], [16.7916155, 48.8085522], [16.7917603, 48.8084974], [16.7920098, 48.8084233], [16.7921224, 48.8084144], [16.7923987, 48.8084215], [16.7936379, 48.8083632], [16.7948288, 48.8082996], [16.7955449, 48.8082325], [16.7958105, 48.8081866], [16.7960867, 48.8081318]]}, "properties": {"id": "96c65c45-12c9-347a-a928-58e1f594ecef", "names": null, "subtype": "stream", "class": "stream", "is_intermittent": true}}, {"type": "Feature", "geometry": {"type": "LineString", "coordinates": [[16.7857299, 48.8064577], [16.7858192, 48.8064713], [16.7859399, 48.8064413], [16.7861035, 48.8063741], [16.7862618, 48.8063388], [16.7864308, 48.8063547], [16.7866534, 48.8063989], [16.7867205, 48.8064519], [16.7868116, 48.8065367], [16.7868599, 48.8066744], [16.786876, 48.807026], [16.786876, 48.8071567], [16.7869619, 48.807351], [16.7870772, 48.807775], [16.7870799, 48.8078827], [16.787053, 48.8079622], [16.7869458, 48.808176], [16.7868921, 48.8083667], [16.786817, 48.8084392], [16.7866722, 48.8085133], [16.7866078, 48.8085787], [16.7866024, 48.8086511], [16.7866346, 48.808713], [16.7867419, 48.8087448], [16.7869753, 48.808803], [16.7876083, 48.8090026], [16.7878309, 48.809144], [16.7880428, 48.809363], [16.7881876, 48.8094425], [16.7883861, 48.8095114], [16.7886114, 48.8096015], [16.788775, 48.8096721]]}, "properties": {"id": "762c15d1-5b40-3f77-9fe9-b85db7deb3c8", "names": null, "subtype": "stream", "class": "stream", "is_intermittent": true}}, {"type": "Feature", "geometry": {"type": "LineString", "coordinates": [[16.7845103, 48.807695], [16.7845613, 48.8077167], [16.785028, 48.8078421], [16.7852426, 48.8078721], [16.7854303, 48.8078686], [16.7855135, 48.8078315], [16.7855993, 48.8077555], [16.7856583, 48.8076654], [16.7857441, 48.8076001], [16.7858273, 48.8075842], [16.7859507, 48.8075807], [16.7861089, 48.8076301], [16.7866534, 48.8078651], [16.7868063, 48.8080293], [16.7869458, 48.808176]]}, "properties": {"id": "658b0364-067b-355a-8acc-5113e32a732d", "names": null, "subtype": "stream", "class": "stream", "is_intermittent": true}}, {"type": "Feature", "geometry": {"type": "LineString", "coordinates": [[16.7844495, 48.8076731], [16.7845103, 48.807695]]}, "properties": {"id": "058c7fd8-0bc6-320f-8a51-5a1c2eb443f7", "names": null, "subtype": "stream", "class": "stream", "is_intermittent": true}}, {"type": "Feature", "geometry": {"type": "LineString", "coordinates": [[16.7843977, 48.8076548], [16.7844495, 48.8076731]]}, "properties": {"id": "26a121cc-9435-3a0d-b32f-54b60f6b16b5", "names": null, "subtype": "stream", "class": "stream", "is_intermittent": true}}, {"type": "Feature", "geometry": {"type": "LineString", "coordinates": [[16.7602935, 48.8259695], [16.7595811, 48.8242266], [16.7594215, 48.8235057], [16.7594564, 48.8232036], [16.7595378, 48.8229952], [16.7596506, 48.8228327], [16.7597898, 48.8227461], [16.7601312, 48.82264], [16.760448, 48.8226088], [16.7607748, 48.8226188], [16.7612327, 48.8227534], [16.7623895, 48.8232563], [16.763171, 48.8235428], [16.76355, 48.8236319], [16.7639332, 48.8236651], [16.7644813, 48.8236003], [16.7647631, 48.8233829], [16.7648061, 48.8232638], [16.7647726, 48.8229256], [16.7647056, 48.8227525], [16.7645268, 48.8224706], [16.7643016, 48.8221688], [16.7640755, 48.821963], [16.7637128, 48.8217361], [16.7635326, 48.8216887], [16.7631222, 48.8216956], [16.7617051, 48.8220019], [16.7615587, 48.822008], [16.7612663, 48.8219382], [16.761147, 48.8218643], [16.7610384, 48.8217236], [16.7610034, 48.8215901], [16.7610322, 48.8214638], [16.7612724, 48.8213099], [16.7627853, 48.8206878], [16.7630728, 48.8205489], [16.7637514, 48.8200531], [16.7642735, 48.8195285], [16.7648454, 48.818609], [16.7652532, 48.8178308], [16.7654683, 48.8176426], [16.7657556, 48.8175483], [16.7668191, 48.8174479], [16.7672747, 48.8173391], [16.7677684, 48.8171407], [16.7681851, 48.8167878], [16.7683982, 48.8164206], [16.7684121, 48.8160139], [16.7683617, 48.8156179], [16.7684422, 48.8154788], [16.7685908, 48.8153811], [16.7693291, 48.8151865], [16.7703572, 48.8150291], [16.7724387, 48.8148775], [16.7730311, 48.8147654], [16.7739938, 48.8146511], [16.7744828, 48.8146378], [16.7755546, 48.814769], [16.7761454, 48.8147886], [16.7767315, 48.8146592], [16.7774454, 48.8149332], [16.7776219, 48.8149584], [16.7778358, 48.8149186], [16.7780521, 48.814738], [16.7782737, 48.8144028], [16.7787651, 48.8141767], [16.7790877, 48.8139557], [16.7792782, 48.8137696], [16.7794655, 48.8135173], [16.7795761, 48.8133684], [16.7796271, 48.8131718], [16.77952, 48.8130196], [16.7789201, 48.8126923], [16.7787149, 48.8125453], [16.7786425, 48.8122879], [16.7786757, 48.8119143], [16.7787122, 48.8117903], [16.7787831, 48.811497], [16.7790576, 48.811181], [16.7795697, 48.8108864], [16.7801564, 48.8106726], [16.7813197, 48.8104757], [16.781558, 48.8104039], [16.7817548, 48.8102504], [16.7819046, 48.81001], [16.7819025, 48.8097389], [16.7817673, 48.8095618], [16.781371, 48.8093272], [16.7813209, 48.8092643], [16.7813126, 48.8091859], [16.7813287, 48.8091098], [16.7813866, 48.8090259], [16.7815533, 48.8089294], [16.7820615, 48.8086717], [16.782388, 48.8085136], [16.7831997, 48.808276], [16.7834959, 48.8081453], [16.7837054, 48.8080338], [16.7837743, 48.807943], [16.7837714, 48.8078593], [16.783719, 48.8077886], [16.7835039, 48.8076724], [16.7832713, 48.8074976], [16.7829737, 48.807223], [16.7825764, 48.8069435], [16.7825463, 48.80686], [16.7825513, 48.8067856], [16.7825879, 48.8067258], [16.7830216, 48.8064351], [16.7835677, 48.8061105], [16.7840726, 48.8055755], [16.7844387, 48.8053993], [16.7850324, 48.8051323], [16.7853159, 48.8048928], [16.7854393, 48.8047519], [16.7854808, 48.8045508], [16.7855242, 48.8043449], [16.7854717, 48.8040864], [16.7853232, 48.8038876], [16.7852469, 48.8037014], [16.7852804, 48.8035294], [16.7853365, 48.8033818], [16.7853612, 48.8032763], [16.7854639, 48.8032051], [16.7856344, 48.8031815], [16.7860614, 48.8032386], [16.7871423, 48.8034899], [16.7883491, 48.8035771], [16.7894149, 48.8037202], [16.7896568, 48.8037693], [16.7901786, 48.8039408], [16.7906178, 48.8041422], [16.7907914, 48.8042633], [16.7909248, 48.8043522], [16.7909901, 48.8043777], [16.7911249, 48.80436], [16.791209, 48.8043088], [16.7912468, 48.8042378], [16.7911941, 48.8039159], [16.7912184, 48.803683], [16.7915027, 48.803222], [16.7920586, 48.802419], [16.792111, 48.8022197], [16.7920684, 48.8020384], [16.7919345, 48.8019127], [16.7913906, 48.8018462], [16.7910556, 48.8018977], [16.7908821, 48.8018864], [16.7904629, 48.8017811], [16.7903834, 48.8016902], [16.790394, 48.8015488], [16.7905717, 48.8013791], [16.7908992, 48.8012414], [16.7922993, 48.8010738], [16.7932755, 48.8007068], [16.7940847, 48.8003172], [16.7943996, 48.8002154], [16.7947599, 48.8001987], [16.7949971, 48.8001877], [16.795511, 48.8003064], [16.7972333, 48.8009031], [16.7987814, 48.8013525], [16.7995018, 48.8015723], [16.7997285, 48.8016743], [16.8000791, 48.8018788], [16.8005199, 48.8021757], [16.8005775, 48.8022435], [16.8007678, 48.8026883], [16.8007949, 48.8028955], [16.8007461, 48.8037243], [16.8008438, 48.8040852], [16.8010466, 48.8043026], [16.801435, 48.804371], [16.8016954, 48.8042639], [16.8024565, 48.8038972], [16.8024891, 48.8038807], [16.8026772, 48.8037756], [16.8033465, 48.8034017], [16.8040228, 48.8032107], [16.8045106, 48.8031915], [16.8056602, 48.8033564], [16.8063762, 48.8034493], [16.8071125, 48.8034805], [16.8073641, 48.8034162], [16.8078804, 48.8032783]]}, "properties": {"id": "8e8fb896-624e-3fb1-8808-ea5d611b6cf7", "names": {"primary": "Z\u00e1meck\u00e1 Dyje", "common": null, "rules": null}, "subtype": "canal", "class": "canal", "is_intermittent": null}}, {"type": "Feature", "geometry": {"type": "LineString", "coordinates": [[16.7814858, 48.8175449], [16.7817342, 48.8177598], [16.7820802, 48.8180071], [16.7822975, 48.8180548], [16.7825389, 48.8180972], [16.7827964, 48.8183056], [16.7829734, 48.8183585], [16.78323, 48.8183973], [16.7833114, 48.818461], [16.7832416, 48.8186764], [16.783306, 48.8188389], [16.7834167, 48.8191209], [16.7837635, 48.8193306], [16.7838477, 48.8194883], [16.7839172, 48.8195732], [16.7840597, 48.8196548], [16.7843047, 48.8196859], [16.7847356, 48.8197378], [16.7850628, 48.8198032], [16.7852188, 48.8198869], [16.7853236, 48.8200079], [16.7854564, 48.8201487], [16.7855883, 48.8201919], [16.7857681, 48.8202085], [16.785899, 48.8201857], [16.7862886, 48.8200646]]}, "properties": {"id": "0b0d25f1-0e1f-3b58-9193-112e537a5bbc", "names": null, "subtype": "stream", "class": "stream", "is_intermittent": true}}, {"type": "Feature", "geometry": {"type": "Polygon", "coordinates": [[[16.7852751, 48.821442], [16.7854103, 48.8214626], [16.7854598, 48.8215158], [16.7855164, 48.8217063], [16.7855232, 48.8220746], [16.7856241, 48.822447], [16.7857096, 48.8226982], [16.7857523, 48.8227702], [16.7859062, 48.8232829], [16.7860875, 48.823721], [16.7861719, 48.8240155], [16.7861484, 48.8241282], [16.786128, 48.8241568], [16.786002, 48.8241582], [16.7859597, 48.8241323], [16.7858204, 48.8239999], [16.7855968, 48.8236767], [16.7855643, 48.8236114], [16.7853426, 48.8231657], [16.7852785, 48.8228291], [16.7852875, 48.8225921], [16.78519, 48.8220411], [16.7851396, 48.8219086], [16.7849877, 48.821696], [16.7849186, 48.8215496], [16.7849345, 48.8214983], [16.7849888, 48.8214612], [16.7851677, 48.8214316], [16.7852751, 48.821442]]]}, "properties": {"id": "58087335-27d5-3ed4-997c-42a31f0d6886", "names": null, "subtype": "lake", "class": "lake", "is_intermittent": null}}, {"type": "Feature", "geometry": {"type": "Polygon", "coordinates": [[[16.7869092, 48.8217029], [16.7867965, 48.8217877], [16.7866731, 48.8218054], [16.7865068, 48.8217453], [16.7863191, 48.8215899], [16.7859597, 48.8213215], [16.7857129, 48.8210496], [16.7857505, 48.8210213], [16.7860884, 48.8210389], [16.7862118, 48.8210283], [16.7862762, 48.8209965], [16.7862976, 48.8209118], [16.7862708, 48.820774], [16.7862011, 48.820435], [16.7862537, 48.820262], [16.7863727, 48.8201912], [16.7865283, 48.8201595], [16.7868207, 48.8202749], [16.7869575, 48.8203431], [16.7870755, 48.8204314], [16.7872149, 48.8205833], [16.7872471, 48.8206645], [16.7872525, 48.8208058], [16.7872686, 48.8209577], [16.787231, 48.8212191], [16.7872203, 48.8213427], [16.7871237, 48.8215052], [16.7870379, 48.8215899], [16.7869092, 48.8217029]], [[16.7866356, 48.8208164], [16.7867321, 48.8208694], [16.7868341, 48.8207846], [16.7868663, 48.8207246], [16.7868663, 48.820661], [16.7868019, 48.8205621], [16.7866034, 48.8205091], [16.7865283, 48.8205833], [16.786539, 48.8207069], [16.7866356, 48.8208164]], [[16.786759, 48.8214451], [16.7868877, 48.8213639], [16.7868984, 48.8212932], [16.7868609, 48.8212226], [16.7867214, 48.821152], [16.7865605, 48.8211025], [16.7864747, 48.8210919], [16.7863996, 48.8211555], [16.7863566, 48.8212403], [16.7863298, 48.8213074], [16.7863888, 48.8213921], [16.7866195, 48.8214592], [16.786759, 48.8214451]]]}, "properties": {"id": "c6d2b9e5-0bb6-38f8-8606-110d0e9ad2b6", "names": null, "subtype": "lake", "class": "lake", "is_intermittent": null}}, {"type": "Feature", "geometry": {"type": "Polygon", "coordinates": [[[16.7871369, 48.8233929], [16.7870121, 48.8235999], [16.7867799, 48.8238335], [16.7866298, 48.8239479], [16.7864908, 48.8239572], [16.7864622, 48.8238492], [16.7865285, 48.8237933], [16.7866524, 48.8237451], [16.7867177, 48.8236755], [16.7867597, 48.8235942], [16.7867662, 48.8235052], [16.7867197, 48.8233487], [16.786461, 48.8228746], [16.7864674, 48.8228584], [16.7862869, 48.8225967], [16.7862759, 48.8225564], [16.7863377, 48.8224968], [16.7864285, 48.8224915], [16.7864819, 48.822526], [16.786545, 48.8226033], [16.786565, 48.8226596], [16.7867804, 48.8229762], [16.7869289, 48.8231538], [16.7870762, 48.8232726], [16.787218, 48.8233055], [16.7874388, 48.8232673], [16.7875016, 48.8232742], [16.7871369, 48.8233929]]]}, "properties": {"id": "a77c896f-9d4f-311c-85f8-23663165508b", "names": null, "subtype": "pond", "class": "pond", "is_intermittent": null}}, {"type": "Feature", "geometry": {"type": "LineString", "coordinates": [[16.7838805, 48.8251676], [16.7840186, 48.8250685], [16.7850048, 48.8240334], [16.785228, 48.8238429], [16.7857577, 48.8234922]]}, "properties": {"id": "ebaacb97-7561-387b-857d-292bf4652cef", "names": null, "subtype": "stream", "class": "stream", "is_intermittent": null}}, {"type": "Feature", "geometry": {"type": "Polygon", "coordinates": [[[16.7814844, 48.8218895], [16.7817899, 48.8220221], [16.7820229, 48.8221741], [16.7822005, 48.8223483], [16.7823487, 48.8225664], [16.7824981, 48.8228238], [16.7826071, 48.8229583], [16.782718, 48.8230811], [16.7828172, 48.8231828], [16.7832518, 48.823705], [16.7839096, 48.8243524], [16.7842331, 48.8246358], [16.7842636, 48.8247049], [16.7842605, 48.8247405], [16.78424, 48.8247722], [16.7841865, 48.8248043], [16.7840871, 48.8247852], [16.7837849, 48.8245634], [16.783514, 48.8243248], [16.783131, 48.8239436], [16.7829024, 48.8236886], [16.7826735, 48.8234048], [16.7824741, 48.8231655], [16.7822693, 48.8229415], [16.7820178, 48.8226544], [16.7819094, 48.8225275], [16.7817757, 48.822389], [16.7814517, 48.8221554], [16.7812508, 48.8220187], [16.7811866, 48.8219407], [16.7811925, 48.8218888], [16.781265, 48.821853], [16.7813588, 48.8218546], [16.7814844, 48.8218895]]]}, "properties": {"id": "78bfc261-869b-3496-9229-69315a00bbd3", "names": null, "subtype": "lake", "class": "lake", "is_intermittent": null}}, {"type": "Feature", "geometry": {"type": "Polygon", "coordinates": [[[16.779317, 48.8218682], [16.7795618, 48.8220806], [16.7803419, 48.8227109], [16.7807497, 48.823048], [16.7813533, 48.823458], [16.7819033, 48.8238043], [16.782604, 48.8242981], [16.783076, 48.8246066], [16.7833187, 48.824751], [16.7838347, 48.8249799], [16.7840186, 48.8250685], [16.7842645, 48.8252578], [16.7844617, 48.8254822], [16.7844853, 48.8255239], [16.7844886, 48.8255296], [16.7844814, 48.8255745], [16.7844476, 48.8256014], [16.7843759, 48.8255993], [16.7843693, 48.8255991], [16.7842051, 48.8255636], [16.7839754, 48.8254684], [16.7836252, 48.8252786], [16.7833898, 48.8251003], [16.7830666, 48.8248755], [16.7816688, 48.8238884], [16.7809392, 48.8234414], [16.7807324, 48.8232972], [16.7791839, 48.8219628], [16.7791457, 48.8218335], [16.7792298, 48.8218296], [16.779317, 48.8218682]]]}, "properties": {"id": "01e0b655-911d-3323-b37f-cba57a1e1b09", "names": {"primary": "Dlouh\u00e9 jezero", "common": null, "rules": null}, "subtype": "lake", "class": "lake", "is_intermittent": null}}, {"type": "Feature", "geometry": {"type": "LineString", "coordinates": [[16.7749159, 48.8232149], [16.7750868, 48.823412], [16.7758317, 48.8238129], [16.7788054, 48.8252516], [16.7811179, 48.8266299], [16.7813552, 48.8267438], [16.7815332, 48.8268602], [16.7816433, 48.827001], [16.7818172, 48.8274189], [16.7818682, 48.8274602], [16.7821042, 48.8274715], [16.7832334, 48.8272922], [16.78392, 48.8271177], [16.7840677, 48.8270242], [16.7843969, 48.8267485], [16.7847173, 48.8263523], [16.784898, 48.8262132], [16.7852857, 48.8260468], [16.7856049, 48.8259309], [16.7860261, 48.8257518], [16.7862012, 48.8256407], [16.786568, 48.8252832], [16.7869564, 48.8249753], [16.7870091, 48.8248808], [16.7869949, 48.8247727], [16.7868975, 48.8246498], [16.7861719, 48.8240155], [16.7857577, 48.8234922], [16.7853693, 48.8221035], [16.7852876, 48.8216942], [16.7852751, 48.821442], [16.7852962, 48.8211436], [16.7853713, 48.8210818], [16.7855647, 48.8210444]]}, "properties": {"id": "1bb47d6f-4083-3044-9198-ba5abf94cd7b", "names": null, "subtype": "stream", "class": "stream", "is_intermittent": null}}, {"type": "Feature", "geometry": {"type": "Polygon", "coordinates": [[[16.7764056, 48.824032], [16.7764392, 48.8240395], [16.7768131, 48.8242419], [16.7770877, 48.824339], [16.7775868, 48.8244837], [16.7778488, 48.8245991], [16.7780181, 48.8246774], [16.7781806, 48.8247538], [16.7783784, 48.824809], [16.7786602, 48.8248287], [16.778853, 48.8248594], [16.7789959, 48.8249289], [16.7792247, 48.8250794], [16.7799807, 48.82555], [16.7804767, 48.8258715], [16.7809143, 48.8262045], [16.7811218, 48.8263889], [16.7812339, 48.8265218], [16.7812807, 48.8265908], [16.7812827, 48.8267014], [16.78128, 48.8267077], [16.7812588, 48.8267582], [16.7811936, 48.8267974], [16.7810972, 48.8268316], [16.7808985, 48.8268522], [16.7807915, 48.8268434], [16.7805746, 48.8267849], [16.7801833, 48.8266224], [16.7798788, 48.8264736], [16.7795922, 48.826287], [16.7791724, 48.8260214], [16.7783809, 48.8254468], [16.7781811, 48.8253329], [16.7779802, 48.825244], [16.7777171, 48.8251258], [16.777365, 48.8249283], [16.7771252, 48.8247195], [16.7768475, 48.8244615], [16.7758818, 48.8239086], [16.7753874, 48.8236522], [16.7752025, 48.8235175], [16.7750868, 48.823412], [16.7751569, 48.823404], [16.7752236, 48.8234167], [16.7753182, 48.823454], [16.7761765, 48.8239164], [16.776194, 48.8239163], [16.7762156, 48.8239383], [16.7762245, 48.8239312], [16.7764056, 48.824032]]]}, "properties": {"id": "d1d6737f-7295-37e4-a9cf-446eb01549fd", "names": {"primary": "Azant", "common": null, "rules": null}, "subtype": "lake", "class": "lake", "is_intermittent": null}}, {"type": "Feature", "geometry": {"type": "LineString", "coordinates": [[16.7718396, 48.8184168], [16.7720542, 48.8188088], [16.772223, 48.8188946], [16.772628, 48.8189494], [16.7755538, 48.8190567], [16.7758472, 48.81914], [16.7761767, 48.819286], [16.7766607, 48.8195923], [16.7767568, 48.8197068], [16.7767753, 48.8201641], [16.776829, 48.8202588], [16.7769159, 48.8203298], [16.7774701, 48.8205468], [16.7779611, 48.8208606], [16.7787311, 48.8214704], [16.7802449, 48.8227613], [16.7811678, 48.8234411], [16.7829451, 48.8246422], [16.7838805, 48.8251676], [16.7842468, 48.8254566], [16.7845417, 48.8257471], [16.7848561, 48.8259179], [16.7852857, 48.8260468]]}, "properties": {"id": "561192ed-f8c3-3bca-a0f7-36528b13396e", "names": null, "subtype": "stream", "class": "stream", "is_intermittent": null}}, {"type": "Feature", "geometry": {"type": "LineString", "coordinates": [[16.7765484, 48.817286], [16.7768375, 48.817222], [16.7782651, 48.817111], [16.7785826, 48.8170675], [16.7789179, 48.8170057], [16.7793678, 48.8170155], [16.780023, 48.8168997], [16.7801276, 48.8168538], [16.7802252, 48.8167381], [16.7803717, 48.8167107], [16.7807484, 48.8167799], [16.7810719, 48.8168797], [16.7812245, 48.817054], [16.7812943, 48.8172053], [16.7812844, 48.8173547], [16.7814495, 48.8175092]]}, "properties": {"id": "1771f95b-d4ca-3515-8d7c-449edc66abd6", "names": null, "subtype": "stream", "class": "stream", "is_intermittent": true}}, {"type": "Feature", "geometry": {"type": "LineString", "coordinates": [[16.7814495, 48.8175092], [16.7814858, 48.8175449]]}, "properties": {"id": "a6218932-d898-3c28-874d-8319d9652a15", "names": null, "subtype": "stream", "class": "stream", "is_intermittent": true}}, {"type": "Feature", "geometry": {"type": "LineString", "coordinates": [[16.7801871, 48.8112894], [16.7802258, 48.8113084]]}, "properties": {"id": "043a8c01-3332-3a48-bd48-c17dd43e6c85", "names": null, "subtype": "stream", "class": "stream", "is_intermittent": true}}, {"type": "Feature", "geometry": {"type": "LineString", "coordinates": [[16.7802258, 48.8113084], [16.7802644, 48.8113449], [16.78031, 48.8114526], [16.780251, 48.8115356], [16.7801759, 48.8116081], [16.780082, 48.811714], [16.7800552, 48.81182], [16.7800552, 48.8119437], [16.7801973, 48.812145], [16.7803073, 48.8122298], [16.7804709, 48.8123022], [16.7806989, 48.8123411], [16.781061, 48.812364], [16.7812782, 48.8123782], [16.7815009, 48.8123393], [16.7817396, 48.8122121], [16.7820507, 48.8119825], [16.7822519, 48.8118518], [16.7825228, 48.8117918], [16.7828178, 48.8117847], [16.7831048, 48.8117723], [16.7833757, 48.8117706], [16.7834991, 48.8117988], [16.7835689, 48.8118836], [16.7836225, 48.8120655], [16.7837405, 48.8123376], [16.78388, 48.8124506], [16.783998, 48.812546]]}, "properties": {"id": "a84fed68-4d3b-31c3-8f2b-83d66531fe60", "names": null, "subtype": "stream", "class": "stream", "is_intermittent": true}}, {"type": "Feature", "geometry": {"type": "Polygon", "coordinates": [[[16.780029, 48.8090872], [16.7800204, 48.8090505], [16.7799426, 48.8090015], [16.7799137, 48.8089257], [16.7799381, 48.8088832], [16.7800617, 48.8089246], [16.7802686, 48.8089104], [16.7803972, 48.8088878], [16.7805046, 48.8088272], [16.7805652, 48.8087409], [16.7806283, 48.8086698], [16.7806824, 48.808636], [16.7807698, 48.8086943], [16.7808397, 48.8087812], [16.7808506, 48.8088485], [16.7808036, 48.8089336], [16.7807228, 48.8089851], [16.7806402, 48.8090053], [16.7805406, 48.8090112], [16.780458, 48.8089992], [16.7803921, 48.8089978], [16.7803192, 48.8090057], [16.7802519, 48.8090269], [16.7801942, 48.8090568], [16.7801533, 48.8090736], [16.7800793, 48.809081], [16.780029, 48.8090872]]]}, "properties": {"id": "8a09bbd7-c8a3-32dc-b1e3-353dd2cd4529", "names": null, "subtype": "water", "class": "water", "is_intermittent": null}}, {"type": "Feature", "geometry": {"type": "Polygon", "coordinates": [[[16.7789286, 48.8095096], [16.7788398, 48.8093416], [16.7788565, 48.8092274], [16.778904, 48.8091504], [16.7789447, 48.8090751], [16.7789715, 48.8090009], [16.7790252, 48.808955], [16.7790656, 48.8089151], [16.7791497, 48.8088759], [16.7792221, 48.8088702], [16.7792822, 48.8088762], [16.7794169, 48.8088894], [16.7794947, 48.8089457], [16.7795145, 48.8090265], [16.7795213, 48.8091349], [16.7795154, 48.8092442], [16.7795357, 48.8093864], [16.7795241, 48.8095096], [16.7795042, 48.8096008], [16.7793687, 48.809651], [16.7792245, 48.8096568], [16.7790222, 48.8096035], [16.7789662, 48.8095626], [16.7789286, 48.8095096]]]}, "properties": {"id": "c5639ec5-5a5d-3b1b-8655-49bb8c63d5fc", "names": null, "subtype": "water", "class": "water", "is_intermittent": null}}, {"type": "Feature", "geometry": {"type": "Polygon", "coordinates": [[[16.7788755, 48.8088133], [16.7789695, 48.8082492], [16.7791271, 48.8082378], [16.7792666, 48.8082237], [16.7793631, 48.8082731], [16.7793631, 48.8083756], [16.7793202, 48.8085487], [16.7791861, 48.8087501], [16.779111, 48.8088384], [16.7790037, 48.8088596], [16.7788755, 48.8088133]]]}, "properties": {"id": "863f2e34-6f4f-33c1-821e-e20783ec08c6", "names": null, "subtype": "water", "class": "water", "is_intermittent": null}}, {"type": "Feature", "geometry": {"type": "LineString", "coordinates": [[16.7770456, 48.8141856], [16.7770998, 48.8141088], [16.7775666, 48.8136814], [16.7782031, 48.8132331], [16.7782969, 48.8130579], [16.7787149, 48.8125453]]}, "properties": {"id": "043f4bfa-8dd5-3abb-a75f-d5e0cf01fd1a", "names": null, "subtype": "stream", "class": "stream", "is_intermittent": null}}, {"type": "Feature", "geometry": {"type": "LineString", "coordinates": [[16.7793256, 48.8115939], [16.7794517, 48.8114738], [16.7796126, 48.8114049], [16.7797655, 48.8113625], [16.7799184, 48.811299], [16.780031, 48.8112707], [16.7801169, 48.8112707], [16.7801871, 48.8112894]]}, "properties": {"id": "e113a4dc-50d6-3eaf-a6b2-6f083e867241", "names": null, "subtype": "stream", "class": "stream", "is_intermittent": true}}, {"type": "Feature", "geometry": {"type": "LineString", "coordinates": [[16.77961, 48.8136177], [16.7794655, 48.8135173]]}, "properties": {"id": "d8d05300-7f16-3b7f-86a2-61870dcc73c8", "names": null, "subtype": "stream", "class": "stream", "is_intermittent": true}}, {"type": "Feature", "geometry": {"type": "LineString", "coordinates": [[16.7796495, 48.8136433], [16.77961, 48.8136177]]}, "properties": {"id": "e475c2db-536d-36d9-bbc4-2cf6dfce728c", "names": null, "subtype": "stream", "class": "stream", "is_intermittent": true}}, {"type": "Feature", "geometry": {"type": "LineString", "coordinates": [[16.7782651, 48.817111], [16.7782347, 48.816941], [16.7782886, 48.8166936], [16.778293, 48.8166189], [16.7783332, 48.8165074], [16.7783466, 48.8164317], [16.7787696, 48.8162695], [16.7790811, 48.8158859], [16.779196, 48.8157154], [16.77921, 48.815621], [16.7790697, 48.8154862], [16.7789177, 48.8151892], [16.7789313, 48.8151039], [16.7791179, 48.8149879], [16.7793939, 48.8150367], [16.7796656, 48.8152215], [16.7797177, 48.8152091], [16.7798961, 48.8148856], [16.7799458, 48.8146969], [16.7799825, 48.814468], [16.7799713, 48.8140821], [16.7798929, 48.8138121], [16.7796495, 48.8136433]]}, "properties": {"id": "12673443-d5b9-30fa-a36d-9679fced4fef", "names": null, "subtype": "stream", "class": "stream", "is_intermittent": true}}, {"type": "Feature", "geometry": {"type": "Polygon", "coordinates": [[[16.776534, 48.8153162], [16.7765121, 48.8152898], [16.7765069, 48.8152244], [16.776525, 48.8152108], [16.7766127, 48.8151998], [16.7767791, 48.8151786], [16.7768991, 48.8151675], [16.7769197, 48.8151947], [16.7769262, 48.8152406], [16.7768127, 48.8152847], [16.7766837, 48.8153102], [16.776534, 48.8153162]]]}, "properties": {"id": "5c43a762-2544-3eb3-974c-7af480b944d1", "names": null, "subtype": "water", "class": "water", "is_intermittent": null}}, {"type": "Feature", "geometry": {"type": "Polygon", "coordinates": [[[16.7770952, 48.8149961], [16.7771316, 48.8150003], [16.777154, 48.8150141], [16.7771765, 48.8150452], [16.7771881, 48.8151412], [16.7771676, 48.8151731], [16.7771224, 48.8151856], [16.7770333, 48.8151998], [16.7769907, 48.8151335], [16.7769688, 48.8150469], [16.7769713, 48.8150129], [16.7770036, 48.8149968], [16.7770952, 48.8149961]]]}, "properties": {"id": "32d1af0d-4a6c-3a38-bbe4-9f6c4446f2fa", "names": null, "subtype": "water", "class": "water", "is_intermittent": null}}, {"type": "Feature", "geometry": {"type": "LineString", "coordinates": [[16.7769652, 48.8142861], [16.7770456, 48.8141856]]}, "properties": {"id": "83dc247e-7b3d-389a-8ad6-57d6255cc971", "names": null, "subtype": "stream", "class": "stream", "is_intermittent": null}}, {"type": "Feature", "geometry": {"type": "LineString", "coordinates": [[16.7767315, 48.8146592], [16.7768267, 48.8144102], [16.7769652, 48.8142861]]}, "properties": {"id": "6ad29ce0-8c15-3914-a526-a80b65b60445", "names": null, "subtype": "stream", "class": "stream", "is_intermittent": null}}, {"type": "Feature", "geometry": {"type": "Polygon", "coordinates": [[[16.7761057, 48.8154393], [16.7760812, 48.815385], [16.7760683, 48.8153179], [16.776107, 48.8153094], [16.7763379, 48.815283], [16.7763895, 48.8153552], [16.7763921, 48.8154071], [16.7761057, 48.8154393]]]}, "properties": {"id": "6bcaa1d8-3dac-3466-8b5b-d6afb7d39454", "names": null, "subtype": "water", "class": "water", "is_intermittent": null}}, {"type": "Feature", "geometry": {"type": "LineString", "coordinates": [[16.774718, 48.8174605], [16.7749659, 48.8174634], [16.7759144, 48.8173464], [16.7763553, 48.8173298], [16.7764367, 48.8173116]]}, "properties": {"id": "5c3d13dc-cb9b-3a7a-972f-3ef2d28afa6e", "names": null, "subtype": "stream", "class": "stream", "is_intermittent": true}}, {"type": "Feature", "geometry": {"type": "LineString", "coordinates": [[16.7764367, 48.8173116], [16.7765484, 48.817286]]}, "properties": {"id": "7c148750-37be-38b9-97ae-a86c0017a020", "names": null, "subtype": "stream", "class": "stream", "is_intermittent": true}}, {"type": "Feature", "geometry": {"type": "LineString", "coordinates": [[16.7816583, 48.8038304], [16.7815592, 48.8039484], [16.7815488, 48.804044], [16.7816148, 48.8041636], [16.7817885, 48.804325], [16.7820616, 48.8045798], [16.7826587, 48.8056657], [16.7830216, 48.8064351]]}, "properties": {"id": "67c6edbb-2c79-37b6-ae2e-583732b6a332", "names": null, "subtype": "stream", "class": "stream", "is_intermittent": null}}, {"type": "Feature", "geometry": {"type": "Polygon", "coordinates": [[[16.7823055, 48.8034932], [16.7820826, 48.8035832], [16.7819131, 48.8037457], [16.7820139, 48.8038771], [16.7821895, 48.8039806], [16.7828505, 48.8042316], [16.783312, 48.8043255], [16.7836482, 48.8043562], [16.7838171, 48.8044002], [16.7839329, 48.8044548], [16.783966, 48.8045358], [16.7839095, 48.8046177], [16.7838352, 48.804676], [16.7836439, 48.8047377], [16.7833295, 48.8047739], [16.7831064, 48.8047637], [16.782822, 48.8047143], [16.7824409, 48.804609], [16.7823094, 48.8045506], [16.7820081, 48.8043864], [16.781839, 48.8042253], [16.7817002, 48.8040099], [16.7816583, 48.8038304], [16.7816456, 48.8037762], [16.7816741, 48.8036995], [16.7817735, 48.8035729], [16.7819123, 48.8035346], [16.7820561, 48.8034395], [16.7823044, 48.80338], [16.7825272, 48.8032795], [16.782587, 48.803236], [16.7828385, 48.8032014], [16.7832005, 48.8031705], [16.7838268, 48.803088], [16.7841948, 48.8030516], [16.7846561, 48.8030092], [16.7850584, 48.8029739], [16.7852945, 48.8029739], [16.7852194, 48.8030799], [16.7849619, 48.8031435], [16.7840714, 48.8032848], [16.7839455, 48.8033109], [16.7838582, 48.8033486], [16.7835694, 48.8034107], [16.7833236, 48.8034409], [16.7830224, 48.8034288], [16.7828103, 48.8034346], [16.7826826, 48.8034203], [16.7823055, 48.8034932]]]}, "properties": {"id": "9f45d85c-9449-30de-8810-e8a89612f6f5", "names": null, "subtype": "lake", "class": "lake", "is_intermittent": null}}, {"type": "Feature", "geometry": {"type": "Polygon", "coordinates": [[[16.7826276, 48.8052354], [16.7825883, 48.8052117], [16.7825547, 48.805174], [16.7825548, 48.8051322], [16.7825626, 48.8051063], [16.7825889, 48.8051016], [16.7826566, 48.8051067], [16.7826763, 48.805102], [16.7827052, 48.8050848], [16.7827419, 48.805091], [16.7827912, 48.805129], [16.7828142, 48.805138], [16.7828823, 48.8051353], [16.7829465, 48.8051388], [16.7830333, 48.8051569], [16.783099, 48.8051786], [16.7831462, 48.8052138], [16.7831917, 48.8052787], [16.7832162, 48.805346], [16.7832206, 48.8054104], [16.7832221, 48.8054521], [16.7832248, 48.8054748], [16.7832147, 48.8054936], [16.7831981, 48.8054987], [16.7831838, 48.8054908], [16.7831829, 48.8054727], [16.7831875, 48.8054328], [16.7831645, 48.8053953], [16.7831417, 48.8053759], [16.7831199, 48.8053804], [16.7830951, 48.8053893], [16.7830628, 48.8054133], [16.7830499, 48.8054768], [16.7830105, 48.8054866], [16.7829453, 48.8054713], [16.7828716, 48.8054071], [16.7828166, 48.8053462], [16.7827811, 48.8052951], [16.7826914, 48.8052644], [16.7826276, 48.8052354]]]}, "properties": {"id": "dfde41e5-6228-3291-b190-a6038c186cd2", "names": null, "subtype": "water", "class": "water", "is_intermittent": null}}, {"type": "Feature", "geometry": {"type": "LineString", "coordinates": [[16.7856154, 48.8064377], [16.7856737, 48.8064466]]}, "properties": {"id": "68462bc4-e965-3520-be4f-c1b0ac3c2708", "names": null, "subtype": "stream", "class": "stream", "is_intermittent": true}}, {"type": "Feature", "geometry": {"type": "LineString", "coordinates": [[16.7856737, 48.8064466], [16.7857299, 48.8064577]]}, "properties": {"id": "c38af66b-8767-367d-bee3-0ade58f71ec5", "names": null, "subtype": "stream", "class": "stream", "is_intermittent": true}}, {"type": "Feature", "geometry": {"type": "LineString", "coordinates": [[16.7866158, 48.8044186], [16.7871576, 48.8046977], [16.787281, 48.8048425], [16.7873269, 48.8048863]]}, "properties": {"id": "da89983c-ae88-3c93-92d0-59cc23a050b4", "names": null, "subtype": "stream", "class": "stream", "is_intermittent": true}}, {"type": "Feature", "geometry": {"type": "LineString", "coordinates": [[16.7873269, 48.8048863], [16.7873743, 48.8049205]]}, "properties": {"id": "f63ec453-0681-363a-ae13-64ba34112e2a", "names": null, "subtype": "stream", "class": "stream", "is_intermittent": true}}, {"type": "Feature", "geometry": {"type": "LineString", "coordinates": [[16.7924631, 48.802795], [16.7928386, 48.8026749], [16.7930049, 48.8026272], [16.7931148, 48.8025565], [16.7932892, 48.8024576], [16.7934179, 48.8024399], [16.7934823, 48.8024558], [16.7937747, 48.8025866], [16.7939517, 48.802689], [16.7939866, 48.8027597], [16.7938927, 48.8029028], [16.79378, 48.8030388], [16.7937639, 48.803106], [16.793839, 48.8031431], [16.7939329, 48.8031519], [16.7940643, 48.8031289], [16.7942575, 48.8030759], [16.7943487, 48.8030689], [16.7944184, 48.8030848], [16.7944586, 48.8031395], [16.7944372, 48.8032332], [16.7943836, 48.8032996]]}, "properties": {"id": "af714221-ec67-3ee9-8999-34416956cf3d", "names": null, "subtype": "stream", "class": "stream", "is_intermittent": true}}, {"type": "Feature", "geometry": {"type": "Polygon", "coordinates": [[[16.792079, 48.8008138], [16.7920074, 48.8007749], [16.7919949, 48.8007249], [16.79207, 48.8007001], [16.7921264, 48.8007089], [16.7922338, 48.8007243], [16.7923581, 48.800696], [16.7923751, 48.8006989], [16.7923867, 48.8007337], [16.7923295, 48.800739], [16.792206, 48.800782], [16.792079, 48.8008138]]]}, "properties": {"id": "a46c054c-45f8-3d69-a4dc-2cc36a9edfa5", "names": null, "subtype": "pond", "class": "pond", "is_intermittent": null}}, {"type": "Feature", "geometry": {"type": "LineString", "coordinates": [[16.7943836, 48.8032996], [16.794315, 48.8033846]]}, "properties": {"id": "3aa1ab1a-65e8-37af-8a32-33d71ff4a25f", "names": null, "subtype": "stream", "class": "stream", "is_intermittent": true}}, {"type": "Feature", "geometry": {"type": "LineString", "coordinates": [[16.794315, 48.8033846], [16.7942789, 48.8034293], [16.7941689, 48.8035388], [16.7941421, 48.8036042], [16.7941797, 48.8036483], [16.7942628, 48.8036748], [16.7951345, 48.8038533], [16.7952847, 48.8038533], [16.7960116, 48.8038038], [16.7961833, 48.8037879], [16.7962423, 48.8038268], [16.7965454, 48.8040688], [16.7967144, 48.8041553], [16.7969477, 48.8042066], [16.7971918, 48.8042384], [16.7972508, 48.8042295], [16.7973259, 48.8041995], [16.7974439, 48.80415], [16.7976826, 48.8040334], [16.7977765, 48.8039858], [16.797865, 48.8039769], [16.7979804, 48.8039981], [16.7981037, 48.8040546], [16.7981869, 48.804143], [16.798211, 48.8042313], [16.7981815, 48.80462], [16.7980742, 48.8048001], [16.7979616, 48.8049026], [16.7978731, 48.8049415], [16.7976612, 48.8050669], [16.7976129, 48.8051464], [16.7975941, 48.8052294], [16.7976639, 48.8053142], [16.7979723, 48.8055845], [16.7981306, 48.805664], [16.7982969, 48.805687], [16.7983827, 48.8056693], [16.7984739, 48.8056234], [16.7985409, 48.805535], [16.7986107, 48.8054078], [16.7986321, 48.8053319], [16.7986865, 48.8052957], [16.7987696, 48.8052895], [16.7988756, 48.8053191], [16.7989359, 48.8053721], [16.7989486, 48.8054109], [16.7989419, 48.8054971], [16.7988984, 48.8055712], [16.798667, 48.8058389], [16.798608, 48.8059316], [16.7985946, 48.8059926], [16.7986429, 48.80605], [16.7987233, 48.8060774], [16.798781, 48.8060871], [16.7988347, 48.8060774], [16.7989352, 48.8060367], [16.7993215, 48.8058194], [16.7994596, 48.8057285], [16.7995468, 48.8056958], [16.7996621, 48.8056675], [16.799815, 48.8056728], [16.7999022, 48.8057011], [16.7999826, 48.8057647], [16.8000296, 48.8058353], [16.800047, 48.8058936], [16.8000363, 48.8059608], [16.7999209, 48.8060456], [16.7995884, 48.8062063], [16.7994636, 48.8062796], [16.7994221, 48.8063326], [16.7994207, 48.8063865], [16.7995079, 48.8066471], [16.7996044, 48.8068758], [16.799642, 48.8069615], [16.7996541, 48.8070383], [16.7996447, 48.8071002], [16.799591, 48.8071682], [16.7994931, 48.8072159], [16.7993738, 48.8072353], [16.7992772, 48.8072132], [16.7992128, 48.8071594], [16.7991458, 48.8070799], [16.7991069, 48.8070048], [16.7990801, 48.8068988], [16.7990372, 48.8068264], [16.7989781, 48.8067972], [16.798899, 48.8067902], [16.7987998, 48.8068493], [16.7987381, 48.8069032], [16.79873, 48.807003], [16.7987515, 48.8070799], [16.798895, 48.807238], [16.7990465, 48.8073828], [16.7991109, 48.8074835], [16.7991351, 48.8076001], [16.7991324, 48.8077679], [16.7991216, 48.8078235], [16.7991444, 48.807888], [16.7992021, 48.8079375], [16.7993201, 48.8080311]]}, "properties": {"id": "43a1e24e-55f2-396a-a66c-b052bf2562ff", "names": null, "subtype": "stream", "class": "stream", "is_intermittent": true}}, {"type": "Feature", "geometry": {"type": "Polygon", "coordinates": [[[16.8012835, 48.8036797], [16.8014981, 48.8036717], [16.8015042, 48.8037434], [16.8012896, 48.8037513], [16.8012835, 48.8036797]]]}, "properties": {"id": "ab62a610-fd54-3d89-af3d-ed7a664093a0", "names": null, "subtype": "human_made", "class": "swimming_pool", "is_intermittent": null}}, {"type": "Feature", "geometry": {"type": "Point", "coordinates": [16.8099739, 48.7961476]}, "properties": {"id": "16ffd511-c5c3-3095-9fb9-66c47cf4160b", "names": null, "subtype": "human_made", "class": "swimming_pool", "is_intermittent": null}}, {"type": "Feature", "geometry": {"type": "LineString", "coordinates": [[16.808017, 48.803417], [16.8082429, 48.8033758]]}, "properties": {"id": "63d254a7-6db6-3876-92b5-3d6876be6dea", "names": {"primary": "Z\u00e1meck\u00e1 Dyje", "common": null, "rules": null}, "subtype": "canal", "class": "canal", "is_intermittent": null}}, {"type": "Feature", "geometry": {"type": "LineString", "coordinates": [[16.8082429, 48.8033758], [16.8084908, 48.8033383], [16.8085628, 48.8033305], [16.8086286, 48.8033272], [16.8088061, 48.8033278]]}, "properties": {"id": "c21752be-1ead-3b8c-b67f-35d201483db8", "names": {"primary": "Z\u00e1meck\u00e1 Dyje", "common": null, "rules": null}, "subtype": "canal", "class": "canal", "is_intermittent": null}}, {"type": "Feature", "geometry": {"type": "LineString", "coordinates": [[16.8073641, 48.8034162], [16.8077766, 48.8034604], [16.808017, 48.803417]]}, "properties": {"id": "3a477a03-d273-3056-a638-081c2c62f691", "names": {"primary": "Z\u00e1meck\u00e1 Dyje", "common": null, "rules": null}, "subtype": "canal", "class": "canal", "is_intermittent": null}}, {"type": "Feature", "geometry": {"type": "Polygon", "coordinates": [[[16.8093736, 48.801999], [16.8092078, 48.8019741], [16.8091274, 48.8019622], [16.8091021, 48.8019787], [16.8088354, 48.8020513], [16.8086406, 48.8021121], [16.8083328, 48.8021898], [16.8081149, 48.802357], [16.8078456, 48.8024127], [16.8077815, 48.8023942], [16.8076944, 48.8023148], [16.8076328, 48.8022371], [16.8076123, 48.8020969], [16.8076764, 48.80195], [16.8078097, 48.8018621], [16.8085893, 48.8015683], [16.8089483, 48.8014771], [16.8093714, 48.8013402], [16.8097534, 48.8011308], [16.8102047, 48.8009923], [16.8106073, 48.8009383], [16.8108714, 48.8008454], [16.8110407, 48.8008538], [16.8112745, 48.8007357], [16.8113056, 48.8007608], [16.8113491, 48.8007959], [16.8113041, 48.8009367], [16.8113692, 48.8010921], [16.811013, 48.801666], [16.810826, 48.8018844], [16.8107685, 48.8019265], [16.8104616, 48.8021092], [16.8099069, 48.8020552], [16.8096509, 48.8020292], [16.8095065, 48.8020152], [16.8093736, 48.801999]], [[16.810988, 48.801263], [16.811133, 48.801004], [16.811098, 48.80094], [16.810974, 48.800945], [16.810156, 48.8012136], [16.8099996, 48.8012524], [16.809451, 48.801474], [16.80941, 48.801524], [16.809645, 48.801793], [16.809964, 48.801936], [16.81029, 48.801976], [16.8104277, 48.8018562], [16.8105355, 48.8017625], [16.810988, 48.801263]]]}, "properties": {"id": "75908f6b-61fc-3442-ad75-8fef4d01b637", "names": {"primary": "R\u016f\u017eov\u00fd rybn\u00edk", "common": null, "rules": null}, "subtype": "pond", "class": "pond", "is_intermittent": null}}, {"type": "Feature", "geometry": {"type": "Point", "coordinates": [16.809745, 48.8011237]}, "properties": {"id": "2bbf6add-0f01-3f95-8343-6480103d1e8f", "names": {"primary": "Ps\u00ed\u010dek", "common": [["cs", "Ps\u00ed\u010dek"], ["en", "Little dog"]], "rules": null}, "subtype": "spring", "class": "spring", "is_intermittent": null}}, {"type": "Feature", "geometry": {"type": "Polygon", "coordinates": [[[16.8112398, 48.7972903], [16.8112676, 48.7972757], [16.8112878, 48.7972906], [16.8112899, 48.7972927], [16.8112914, 48.7972952], [16.811292, 48.7972981], [16.8112915, 48.7973013], [16.8112902, 48.7973038], [16.8112887, 48.7973054], [16.8112867, 48.797307], [16.8112809, 48.7973096], [16.8112768, 48.7973104], [16.8112708, 48.7973105], [16.8112667, 48.7973098], [16.8112635, 48.7973087], [16.8112602, 48.7973069], [16.8112398, 48.7972903]]]}, "properties": {"id": "f82bbda0-be5b-36e4-aac9-7085102a7219", "names": null, "subtype": "water", "class": "water", "is_intermittent": null}}, {"type": "Feature", "geometry": {"type": "LineString", "coordinates": [[16.813666, 48.8007408], [16.8132896, 48.8007567], [16.8125906, 48.8007108], [16.811855, 48.8007276], [16.8113463, 48.800742], [16.8113056, 48.8007608]]}, "properties": {"id": "1517129e-cea1-39cb-800d-2ee9cf7f1805", "names": null, "subtype": "stream", "class": "stream", "is_intermittent": null}}, {"type": "Feature", "geometry": {"type": "LineString", "coordinates": [[16.8137547, 48.8007375], [16.8137099, 48.800739], [16.813666, 48.8007408]]}, "properties": {"id": "6fdf1737-9252-306e-b269-040a7b530b28", "names": null, "subtype": "stream", "class": "stream", "is_intermittent": null}}, {"type": "Feature", "geometry": {"type": "Polygon", "coordinates": [[[16.8143463, 48.7948484], [16.8143239, 48.7948736], [16.8142976, 48.794894], [16.8142693, 48.7949113], [16.814237, 48.7949264], [16.8141957, 48.7949411], [16.8141465, 48.7949522], [16.8141048, 48.7949571], [16.8140665, 48.7949578], [16.8140252, 48.7949545], [16.8139879, 48.7949467], [16.8139527, 48.7949306], [16.8139273, 48.7949116], [16.8139129, 48.7948903], [16.8139079, 48.7948717], [16.8139139, 48.7948494], [16.8139253, 48.7948265], [16.8139407, 48.7948105], [16.8139576, 48.7947951], [16.813977, 48.7947823], [16.8139964, 48.7947705], [16.8140208, 48.7947561], [16.8140436, 48.7947469], [16.8140695, 48.7947374], [16.8140973, 48.7947296], [16.8141276, 48.7947227], [16.8141604, 48.7947171], [16.8141892, 48.7947158], [16.8142161, 48.7947175], [16.8142429, 48.7947191], [16.8142708, 48.7947243], [16.8142951, 48.7947309], [16.8143185, 48.7947427], [16.8143374, 48.7947554], [16.8143488, 48.7947692], [16.8143582, 48.7947924], [16.8143602, 48.7948144], [16.8143528, 48.7948327], [16.8143463, 48.7948484]]]}, "properties": {"id": "eb19399d-207e-3bae-9978-d3e4b11a5fb1", "names": null, "subtype": "human_made", "class": "swimming_pool", "is_intermittent": null}}, {"type": "Feature", "geometry": {"type": "Polygon", "coordinates": [[[16.8121876, 48.7967756], [16.8122124, 48.7967689], [16.812218, 48.7967761], [16.8122224, 48.7967794], [16.8122276, 48.7967822], [16.8122381, 48.7967854], [16.8122495, 48.7967865], [16.8122589, 48.7967856], [16.8122676, 48.7967833], [16.812277, 48.7967786], [16.812283, 48.7967731], [16.8122861, 48.796768], [16.8122875, 48.7967617], [16.8122867, 48.7967559], [16.8122839, 48.7967503], [16.8122793, 48.7967454], [16.8122731, 48.7967413], [16.8122687, 48.7967393], [16.8122807, 48.7967237], [16.8122926, 48.7967291], [16.812306, 48.7967401], [16.8123132, 48.7967535], [16.8123137, 48.7967662], [16.8123085, 48.7967785], [16.8122982, 48.7967892], [16.8122835, 48.7967974], [16.8122658, 48.7968025], [16.8122466, 48.7968039], [16.8122276, 48.7968016], [16.8122105, 48.7967957], [16.8121968, 48.7967868], [16.8121876, 48.7967756]]]}, "properties": {"id": "d364ec9e-7647-3f4e-9675-9cea726a556a", "names": null, "subtype": "water", "class": "water", "is_intermittent": null}}, {"type": "Feature", "geometry": {"type": "Polygon", "coordinates": [[[16.8124537, 48.7961923], [16.8124373, 48.7961964], [16.8124263, 48.7961982], [16.8124211, 48.7961987], [16.8124, 48.7961993], [16.8123792, 48.7961973], [16.8123648, 48.7961942], [16.8123494, 48.7961892], [16.8123346, 48.7961823], [16.8123245, 48.796176], [16.8123138, 48.796167], [16.8123071, 48.7961595], [16.8122996, 48.7961473], [16.8122957, 48.7961349], [16.8122954, 48.7961198], [16.8122987, 48.7961074], [16.8123081, 48.7960919], [16.8123167, 48.7960828], [16.8123315, 48.7960721], [16.8123474, 48.7960642], [16.8123642, 48.7960586], [16.8123865, 48.7960544], [16.8124042, 48.7960532], [16.81243, 48.796055], [16.8124474, 48.7960585], [16.8124627, 48.7960636], [16.8124852, 48.7960752], [16.812498, 48.7960856], [16.8125077, 48.7960972], [16.8125133, 48.796108], [16.8125168, 48.7961249], [16.8125158, 48.7961363], [16.8125104, 48.7961509], [16.8125053, 48.7961587], [16.8124928, 48.7961717], [16.8124819, 48.7961796], [16.8124657, 48.7961879], [16.8124537, 48.7961923]], [[16.8124167, 48.7961803], [16.8124288, 48.7961798], [16.8124393, 48.796178], [16.8124479, 48.7961754], [16.8124565, 48.7961717], [16.8124671, 48.7961645], [16.8124734, 48.7961577], [16.8124777, 48.7961499], [16.8124794, 48.7961407], [16.8124775, 48.7961304], [16.8124737, 48.7961235], [16.812465, 48.7961145], [16.8124514, 48.7961067], [16.8124423, 48.7961036], [16.8124311, 48.7961013], [16.8124262, 48.7961007], [16.812417, 48.7961005], [16.8124092, 48.7961009], [16.8124022, 48.796102], [16.8123931, 48.7961042], [16.8123824, 48.7961084], [16.8123732, 48.796114], [16.8123679, 48.7961186], [16.8123625, 48.7961256], [16.8123596, 48.7961316], [16.8123582, 48.7961391], [16.8123586, 48.7961453], [16.8123605, 48.7961515], [16.8123631, 48.7961562], [16.8123664, 48.7961605], [16.8123723, 48.796166], [16.812377, 48.7961693], [16.8123845, 48.7961733], [16.8123925, 48.7961764], [16.8124015, 48.7961787], [16.8124167, 48.7961803]]]}, "properties": {"id": "aa5e0163-9a5a-3e08-a2b1-885e9bf96915", "names": null, "subtype": "water", "class": "water", "is_intermittent": null}}, {"type": "Feature", "geometry": {"type": "Point", "coordinates": [16.8118903, 48.7952067]}, "properties": {"id": "7df085ee-6490-3832-a6ad-a4312bf5f222", "names": null, "subtype": "human_made", "class": "swimming_pool", "is_intermittent": null}}, {"type": "Feature", "geometry": {"type": "LineString", "coordinates": [[16.8033552, 48.7824105], [16.8069342, 48.7824798], [16.808974, 48.7825105], [16.8115061, 48.7824759], [16.8173046, 48.7833254], [16.8209628, 48.7862899], [16.8228283, 48.7877877]]}, "properties": {"id": "b3b78c54-bfaa-37fd-9254-a0b7d59cdcbb", "names": {"primary": "V\u010del\u00ednek", "common": [["cs", "V\u010del\u00ednek"], ["de", "Niklasgraben"]], "rules": null}, "subtype": "stream", "class": "stream", "is_intermittent": null}}, {"type": "Feature", "geometry": {"type": "Polygon", "coordinates": [[[16.8198079, 48.7890723], [16.8197873, 48.7890683], [16.819762, 48.7890554], [16.8197316, 48.7890393], [16.8196798, 48.7890254], [16.8184866, 48.7889144], [16.818234, 48.7888637], [16.8180676, 48.7888271], [16.8179166, 48.7887601], [16.8178488, 48.7886931], [16.8177903, 48.7886079], [16.8177225, 48.7885713], [16.8176177, 48.7885551], [16.817553, 48.7885368], [16.8174267, 48.7884536], [16.817285, 48.7883237], [16.8171155, 48.7880801], [16.816943, 48.7877959], [16.8168814, 48.7876213], [16.8168906, 48.7874711], [16.8170354, 48.7869575], [16.8170354, 48.7866409], [16.81698, 48.7864785], [16.8168074, 48.7862369], [16.8165918, 48.7860765], [16.8163453, 48.7859405], [16.8161388, 48.7858532], [16.8157229, 48.7857314], [16.8155165, 48.7856928], [16.8152238, 48.7856908], [16.8149033, 48.785703], [16.8146322, 48.7857436], [16.8144473, 48.7858065], [16.8143734, 48.785837], [16.8142964, 48.7858837], [16.8142163, 48.7859283], [16.8133844, 48.7861334], [16.8132827, 48.7861415], [16.8131595, 48.7861374], [16.8131009, 48.7861394], [16.813027, 48.7861597], [16.8129438, 48.7861658], [16.812685, 48.7861476], [16.812534, 48.7861232], [16.8124724, 48.7860988], [16.8124323, 48.7860582], [16.8123892, 48.7860237], [16.8123153, 48.7859973], [16.8120349, 48.7859933], [16.8118469, 48.7859872], [16.8115481, 48.7859466], [16.8111968, 48.785908], [16.8109873, 48.7859222], [16.8108179, 48.7859222], [16.8106176, 48.7858857], [16.8104689, 48.7858336], [16.8102378, 48.7857219], [16.810016, 48.785596], [16.809862, 48.7855311], [16.8096863, 48.7855108], [16.8094867, 48.785525], [16.8093093, 48.7855311], [16.8091832, 48.7855158], [16.8090711, 48.7854635], [16.8086695, 48.7851496], [16.808457, 48.7850106], [16.8083414, 48.7849679], [16.8082398, 48.7849375], [16.808041, 48.7849101], [16.8079517, 48.7848928], [16.8078839, 48.7848624], [16.8077976, 48.78477], [16.8077114, 48.7846644], [16.8073925, 48.784433], [16.8073016, 48.7843569], [16.8072261, 48.7843163], [16.8070905, 48.7843011], [16.8069534, 48.7842645], [16.8068132, 48.7842148], [16.8067023, 48.7841478], [16.8065698, 48.7840067], [16.8064528, 48.7838849], [16.8063788, 48.783826], [16.8062679, 48.7837793], [16.8062047, 48.7837326], [16.8061801, 48.7836677], [16.8061601, 48.7835337], [16.8061185, 48.7834575], [16.8060538, 48.7833956], [16.8059521, 48.7833601], [16.8058181, 48.7833459], [16.8057133, 48.7833317], [16.805644, 48.7833033], [16.8055931, 48.7832393], [16.8055654, 48.7831551], [16.8055115, 48.7831084], [16.8054283, 48.7830688], [16.8053468, 48.7830106], [16.8053092, 48.7829735], [16.8052395, 48.7829532], [16.8051443, 48.7829373], [16.8050316, 48.7829426], [16.8049485, 48.7829656], [16.8048559, 48.7830212], [16.8047902, 48.7830548], [16.8047371, 48.7830601], [16.8046388, 48.7830533], [16.8045264, 48.7830693], [16.8042431, 48.783165], [16.8040792, 48.7832292], [16.8039861, 48.7832466], [16.8038457, 48.7832209], [16.803723, 48.7831785], [16.8036333, 48.7830986], [16.8035871, 48.7829919], [16.8035821, 48.7829267], [16.8035591, 48.7827196], [16.8033613, 48.7826834], [16.8033552, 48.7824105], [16.8033545, 48.7823772], [16.8036479, 48.7823826], [16.8037766, 48.7823862], [16.8039, 48.7823879], [16.8040261, 48.7823932], [16.8041548, 48.7823738], [16.8042594, 48.7823119], [16.8043345, 48.7822483], [16.8043962, 48.7821555], [16.8044847, 48.7821016], [16.804541, 48.7820451], [16.8044834, 48.7819319], [16.8043345, 48.7819991], [16.8042219, 48.7819947], [16.8041146, 48.7819699], [16.8039858, 48.7818471], [16.803892, 48.7817587], [16.8037096, 48.7814813], [16.8036787, 48.7813867], [16.8036921, 48.7813151], [16.8037873, 48.781278], [16.8039107, 48.781248], [16.8040717, 48.7812055], [16.8041736, 48.7811914], [16.8042353, 48.7811596], [16.8042621, 48.781103], [16.8042594, 48.7810323], [16.804238, 48.7809758], [16.804238, 48.7809351], [16.8042594, 48.7808167], [16.8042675, 48.7807796], [16.8042996, 48.7807213], [16.8044069, 48.780647], [16.8045437, 48.7805746], [16.8047315, 48.7804685], [16.8048039, 48.7804438], [16.8049112, 48.7803855], [16.805001, 48.7803042], [16.8050158, 48.7802635], [16.8050601, 48.7801734], [16.8050842, 48.780115], [16.8047985, 48.7800912], [16.8045746, 48.7800558], [16.8042822, 48.7800382], [16.8041897, 48.7801027], [16.8040757, 48.7801097], [16.8039885, 48.7800903], [16.8039697, 48.7800709], [16.8039402, 48.7800302], [16.8039054, 48.7798976], [16.8039027, 48.7798057], [16.8039134, 48.7797615], [16.8039805, 48.7797651], [16.8040341, 48.7798216], [16.8040851, 48.7799065], [16.8042353, 48.7799701], [16.8044981, 48.7799736], [16.8047261, 48.7799754], [16.8049487, 48.7799825], [16.8051419, 48.7800072], [16.8053403, 48.780039], [16.8055442, 48.7800744], [16.8056998, 48.7801133], [16.8058741, 48.7801663], [16.8060002, 48.7801963], [16.8060753, 48.7802158], [16.8061396, 48.7802458], [16.8062013, 48.7802529], [16.8062321, 48.7802479], [16.8064625, 48.7802203], [16.8068814, 48.7801515], [16.8073848, 48.7800741], [16.808155, 48.7800501], [16.8088623, 48.7801111], [16.8096856, 48.780063], [16.8100989, 48.7800472], [16.8102292, 48.7800155], [16.810598, 48.7799317], [16.8107664, 48.7799136], [16.8109571, 48.7799169], [16.8111905, 48.7799073], [16.8117281, 48.7799052], [16.8123751, 48.7798083], [16.8133793, 48.7796633], [16.8136104, 48.7796754], [16.814521, 48.7797651], [16.8152126, 48.7798558], [16.8158083, 48.7798407], [16.816137, 48.7798756], [16.8164865, 48.779981], [16.816971, 48.7800958], [16.8175324, 48.7802769], [16.8183115, 48.7804426], [16.818767, 48.7804844], [16.8194263, 48.7805961], [16.8196423, 48.7806768], [16.8202766, 48.7809956], [16.8203697, 48.7810916], [16.8208923, 48.7814882], [16.8213614, 48.7817378], [16.8219625, 48.7821896], [16.8221095, 48.7822874], [16.8222628, 48.7823458], [16.8229878, 48.7831921], [16.8232352, 48.7837414], [16.8244024, 48.7843671], [16.8251236, 48.7849848], [16.8252954, 48.7851918], [16.8253831, 48.7853581], [16.8254347, 48.785452], [16.8254719, 48.7855693], [16.8254819, 48.785622], [16.8254699, 48.7857122], [16.8254567, 48.7857536], [16.8254215, 48.7858635], [16.825335, 48.7859448], [16.8247043, 48.7864089], [16.8244991, 48.7865809], [16.8244623, 48.7866117], [16.82441, 48.7866118], [16.8243176, 48.7866266], [16.8241796, 48.7866564], [16.8240402, 48.7867198], [16.8239296, 48.7867679], [16.8238369, 48.7868406], [16.8233522, 48.7873377], [16.8231015, 48.7875911], [16.8228283, 48.7877877], [16.8208553, 48.7887958], [16.8206773, 48.7888559], [16.8205033, 48.7889054], [16.8202159, 48.7889826], [16.8198079, 48.7890723]], [[16.8134905, 48.782236], [16.8135615, 48.7822343], [16.8136098, 48.7822263], [16.8136648, 48.7822024], [16.8137064, 48.7821671], [16.8137573, 48.7821008], [16.8137814, 48.7820451], [16.8138016, 48.781947], [16.8137922, 48.7819143], [16.8137667, 48.7818896], [16.8137331, 48.7818755], [16.8136822, 48.781871], [16.8136205, 48.7818728], [16.8133617, 48.7818984], [16.813291, 48.7819144], [16.8132337, 48.781941], [16.8131648, 48.7819836], [16.8131154, 48.7820387], [16.8131092, 48.7820667], [16.8131196, 48.7820953], [16.8131538, 48.7821313], [16.8132034, 48.7821662], [16.8133134, 48.7822025], [16.813414, 48.7822281], [16.8134905, 48.782236]]]}, "properties": {"id": "ecacbe2a-26d7-37d0-bb95-a2f55cde5029", "names": {"primary": "Ml\u00fdnsk\u00fd rybn\u00edk", "common": [["cs", "Ml\u00fdnsk\u00fd rybn\u00edk"], ["de", "M\u00fchlenteich"]], "rules": null}, "subtype": "pond", "class": "pond", "is_intermittent": null}}, {"type": "Feature", "geometry": {"type": "LineString", "coordinates": [[16.7221455, 48.8582202], [16.7222434, 48.8581902], [16.7228278, 48.8580138], [16.7246063, 48.8574704], [16.7256761, 48.8571905], [16.7264596, 48.8569405], [16.7288675, 48.8561665], [16.7308951, 48.8550014], [16.7319578, 48.8541304], [16.7328657, 48.8531461], [16.7338298, 48.8517515], [16.7345237, 48.8511407], [16.7347319, 48.8509723], [16.7349324, 48.8505971], [16.7350654, 48.8499389], [16.7346999, 48.8488448], [16.733612, 48.8477089], [16.7329666, 48.8474256], [16.7326839, 48.847268], [16.7316998, 48.8468098], [16.7311933, 48.8462471], [16.7305103, 48.8449403], [16.7303882, 48.8445109], [16.7305346, 48.8441282], [16.7306811, 48.843745], [16.7318968, 48.8434919], [16.7327303, 48.8434414], [16.7342084, 48.8435452], [16.7351355, 48.8433835], [16.7355841, 48.8429648], [16.7357994, 48.8423785], [16.7358282, 48.841828], [16.7360017, 48.8416085], [16.736244, 48.8414661], [16.7375856, 48.841164], [16.7400778, 48.8398383], [16.7417479, 48.8388093], [16.7429797, 48.8376188], [16.7438713, 48.8364999], [16.7451393, 48.8353373], [16.7455984, 48.8345477], [16.7461698, 48.8341559], [16.7476916, 48.8335411], [16.7493939, 48.8329834], [16.7517959, 48.8328235], [16.7529259, 48.8325501], [16.7537604, 48.8321345], [16.7544154, 48.83146], [16.7547048, 48.8308385], [16.75477, 48.8303913], [16.7546829, 48.8296207], [16.7544306, 48.8290103], [16.754481, 48.8286907], [16.7547747, 48.8284467], [16.7562357, 48.827853], [16.7579822, 48.8271277], [16.7599546, 48.8264769], [16.7604513, 48.8263822], [16.7619824, 48.8262033], [16.7630487, 48.8261899], [16.7640289, 48.826313], [16.7691441, 48.8270136], [16.7695847, 48.8270898], [16.7697932, 48.8271235], [16.7698901, 48.8271405], [16.771035, 48.8272415], [16.7732853, 48.8275626], [16.7758747, 48.828106], [16.7781454, 48.8286856], [16.7802322, 48.8294831], [16.7831392, 48.8301882], [16.7854376, 48.8302059], [16.7867339, 48.8300699], [16.7880897, 48.8297617], [16.7893021, 48.829289], [16.7904187, 48.8287014], [16.7923735, 48.8269717], [16.7933315, 48.8261809], [16.7942694, 48.825637], [16.7973373, 48.8244839], [16.7977846, 48.8242569], [16.7999757, 48.8232892], [16.8022364, 48.8211763], [16.8046383, 48.8193827], [16.8066589, 48.8183905], [16.8083347, 48.8177729], [16.8098821, 48.8174529], [16.8122978, 48.8171929], [16.8195228, 48.8170918], [16.8233019, 48.8170357], [16.826937, 48.8167717], [16.8289847, 48.8163496], [16.831077, 48.8156456], [16.8324494, 48.8146814], [16.8333703, 48.8139494], [16.8359884, 48.8099357], [16.8373596, 48.8083989], [16.8394204, 48.8069627], [16.8403093, 48.8065925], [16.8426786, 48.8059615], [16.8508078, 48.8049807], [16.8522583, 48.8045832], [16.85326, 48.804094], [16.8538039, 48.8037971], [16.8542291, 48.8034355], [16.8549347, 48.8026319], [16.8561138, 48.8000513], [16.8567828, 48.7987693], [16.858236, 48.7978218], [16.8601891, 48.7968601], [16.8615458, 48.7957178], [16.862076, 48.7944828], [16.8621844, 48.7930665], [16.8628317, 48.7922018], [16.8630613, 48.7917161], [16.8634724, 48.7910086], [16.8644929, 48.7906039], [16.8653205, 48.79005], [16.8657634, 48.7891971], [16.8667534, 48.7886466], [16.8683959, 48.7884708], [16.8692335, 48.7883747], [16.8696273, 48.7880391], [16.8705106, 48.7870177], [16.8716506, 48.7864935], [16.8725162, 48.7858832], [16.87324, 48.7849009], [16.874199, 48.7844359], [16.876119, 48.7841582], [16.8772215, 48.7839402], [16.8782294, 48.7831511], [16.8795255, 48.7825354], [16.8814771, 48.782086], [16.8827113, 48.7814172], [16.8842721, 48.780442], [16.8846518, 48.7799706], [16.8848433, 48.7794731], [16.8848876, 48.7789467], [16.8847048, 48.7783194], [16.8835196, 48.7767496], [16.8827208, 48.7758786], [16.8799022, 48.773678], [16.879654, 48.7734058], [16.8794474, 48.7730921], [16.8793611, 48.7728673], [16.8793287, 48.7726523], [16.8793306, 48.77246], [16.8793805, 48.7721639], [16.8794558, 48.7717705], [16.8797544, 48.7709042], [16.8799296, 48.7705551], [16.8801089, 48.7702429], [16.8803123, 48.7699743], [16.8806115, 48.7697243], [16.8809649, 48.7695393], [16.8812776, 48.7694034], [16.8830249, 48.7687155], [16.8834177, 48.7685329], [16.8836939, 48.7683809], [16.8840071, 48.7681872], [16.8843455, 48.7679521], [16.8854976, 48.7670252], [16.8857331, 48.7668085], [16.8859538, 48.7665844], [16.8861234, 48.7663744], [16.8863921, 48.7660144], [16.8868068, 48.7654538], [16.8874738, 48.7642859], [16.8879344, 48.7634829], [16.8879813, 48.7633888], [16.8880361, 48.7632551], [16.8880761, 48.7631185], [16.888115, 48.7629461], [16.8881546, 48.762722], [16.8881607, 48.7624661], [16.888121, 48.762256], [16.8880557, 48.7620566], [16.8879719, 48.7619014], [16.8878542, 48.7617555], [16.8876936, 48.7616256], [16.8874645, 48.7614973], [16.8871441, 48.7613759], [16.8857377, 48.7609731], [16.8854785, 48.7608691], [16.8852591, 48.7607498], [16.8851112, 48.7606478], [16.8849302, 48.7604648], [16.8847664, 48.7602655], [16.8846665, 48.7600357], [16.8846159, 48.7598303], [16.8846022, 48.7596045], [16.8846168, 48.7593869], [16.8846639, 48.7591948], [16.884752, 48.7589576], [16.8848996, 48.7586782], [16.8851963, 48.7582185], [16.8853952, 48.7579024], [16.8854404, 48.7574405], [16.8845685, 48.7549294], [16.8843553, 48.7531529], [16.8844294, 48.7524791], [16.8848786, 48.7513633], [16.8856438, 48.7502408], [16.8864746, 48.7495082], [16.8879044, 48.7486779], [16.8892931, 48.7481444], [16.890943, 48.7471668], [16.8918568, 48.7464645], [16.8923108, 48.7457114], [16.8923987, 48.7448928], [16.8922329, 48.7427065], [16.8921821, 48.742256], [16.8912175, 48.7399929], [16.8909523, 48.739223], [16.890535, 48.738381], [16.8895601, 48.7371227], [16.8885451, 48.736118], [16.8874818, 48.7352984], [16.8852048, 48.7339727], [16.8851084, 48.733914], [16.8826371, 48.732943], [16.8800711, 48.7321232], [16.8795796, 48.7318487], [16.8792592, 48.7315326], [16.8791607, 48.7312905], [16.8791599, 48.7310862], [16.8791662, 48.7309364], [16.8792027, 48.7306699], [16.8792635, 48.7304491], [16.8802325, 48.7283623], [16.8807677, 48.7275222], [16.8815044, 48.726744], [16.8833466, 48.7253142], [16.8843239, 48.7245281], [16.8850377, 48.7238125], [16.8855339, 48.7230797], [16.8858253, 48.7222782], [16.885925, 48.7213282], [16.8856298, 48.7199022], [16.885681, 48.7196764], [16.8860197, 48.7195251], [16.8864738, 48.7193949], [16.8870806, 48.7192819], [16.8873711, 48.7191588], [16.8875147, 48.7189778], [16.8874893, 48.7188279], [16.8873946, 48.718673], [16.8871237, 48.7185234], [16.8867476, 48.7184291], [16.8863537, 48.718303], [16.8860613, 48.7181564], [16.8859965, 48.7180049], [16.8860819, 48.7177366], [16.8862564, 48.7174772], [16.8866486, 48.7171758], [16.8872777, 48.7167464], [16.8875852, 48.7166067]]}, "properties": {"id": "d32c03f6-d7a3-332a-a6b3-8be337f7db59", "names": {"primary": "Dyje", "common": [["cs", "Dyje"], ["de", "Thaya"]], "rules": null}, "subtype": "river", "class": "river", "is_intermittent": null}}, {"type": "Feature", "geometry": {"type": "Polygon", "coordinates": [[[16.8264291, 48.7871784], [16.8263429, 48.7873198], [16.8262716, 48.7874342], [16.8261894, 48.7875057], [16.8260889, 48.7876837], [16.8260279, 48.7877738], [16.8259553, 48.7878421], [16.8258605, 48.787861], [16.8257872, 48.7878571], [16.8257318, 48.7878287], [16.8257508, 48.7877987], [16.8257805, 48.787769], [16.8258649, 48.787736], [16.8259094, 48.7877009], [16.8259216, 48.7876611], [16.8259698, 48.7874179], [16.8260341, 48.787303], [16.8261409, 48.7871654], [16.8261684, 48.7871041], [16.8261361, 48.7870621], [16.8260492, 48.7870493], [16.8259064, 48.7871199], [16.8258664, 48.7871556], [16.8256822, 48.7873186], [16.8255625, 48.7873966], [16.8254859, 48.7873889], [16.8254776, 48.7873262], [16.8255793, 48.7871802], [16.8258539, 48.7869676], [16.8259611, 48.7868721], [16.8260375, 48.7868142], [16.8261737, 48.7867816], [16.8262809, 48.786775], [16.8263926, 48.7867851], [16.8265201, 48.7868322], [16.826559, 48.7869183], [16.8265107, 48.7870437], [16.8264291, 48.7871784]]]}, "properties": {"id": "53dacbaa-9043-340b-9c3b-dd2cb2917272", "names": null, "subtype": "water", "class": "water", "is_intermittent": null}}, {"type": "Feature", "geometry": {"type": "LineString", "coordinates": [[16.8253968, 48.7875053], [16.8257344, 48.7871558], [16.8259172, 48.7870205], [16.8261982, 48.7868975], [16.826326, 48.786909], [16.8263514, 48.7869811], [16.8261887, 48.787331], [16.8260333, 48.7875299], [16.8259192, 48.7877632], [16.8256376, 48.7879269]]}, "properties": {"id": "a4988033-3f35-3a4d-8f0e-fb1e2e991d4b", "names": null, "subtype": "stream", "class": "stream", "is_intermittent": null}}, {"type": "Feature", "geometry": {"type": "LineString", "coordinates": [[16.8244991, 48.7865809], [16.8246628, 48.7866603]]}, "properties": {"id": "6751b016-5c39-3ca2-82e3-7648b73426d7", "names": null, "subtype": "stream", "class": "stream", "is_intermittent": null}}, {"type": "Feature", "geometry": {"type": "LineString", "coordinates": [[16.8209628, 48.7862899], [16.8244991, 48.7865809]]}, "properties": {"id": "6e42eedf-1172-3c12-a810-ba8cfa06cb2c", "names": null, "subtype": "stream", "class": "stream", "is_intermittent": null}}, {"type": "Feature", "geometry": {"type": "LineString", "coordinates": [[16.8220443, 48.809863], [16.8220869, 48.8097437], [16.821415, 48.8095156], [16.8214433, 48.8094471], [16.8214438, 48.8093529], [16.8214552, 48.8092225], [16.8212962, 48.8089865], [16.8208766, 48.8083638], [16.8206426, 48.8080016], [16.8203381, 48.8076884], [16.8200517, 48.8073812], [16.819753, 48.8069986], [16.8196919, 48.8068735], [16.8196283, 48.8063204], [16.8195233, 48.8061723], [16.8191188, 48.8057255], [16.8181208, 48.8045747], [16.8172644, 48.8037655], [16.8162351, 48.802791], [16.8147942, 48.8008713], [16.8147122, 48.8007571], [16.814228, 48.8006594], [16.8137547, 48.8007375]]}, "properties": {"id": "39e5acde-2234-3035-8f4b-00827421b896", "names": null, "subtype": "stream", "class": "stream", "is_intermittent": null}}, {"type": "Feature", "geometry": {"type": "LineString", "coordinates": [[16.8191188, 48.8057255], [16.8192948, 48.8055165], [16.8197494, 48.8051078], [16.8200637, 48.8047777], [16.8202761, 48.8046606], [16.8205523, 48.8046021], [16.8210152, 48.8045658], [16.8211909, 48.8045332], [16.821389, 48.8044564], [16.8214732, 48.8043542], [16.8215593, 48.8041687], [16.8216679, 48.8040075], [16.8217516, 48.8038428], [16.8217594, 48.8037361], [16.8217368, 48.803615], [16.8216264, 48.8034313], [16.8214949, 48.8032433], [16.8214907, 48.8031726], [16.8215384, 48.8031067], [16.8216097, 48.8030696], [16.8217489, 48.8030422], [16.8223397, 48.8030603], [16.8225588, 48.8030073], [16.8227627, 48.8028616], [16.8229098, 48.8026931], [16.8229999, 48.8025495], [16.8229608, 48.8024093], [16.8228066, 48.8022229], [16.822309, 48.8018252], [16.8219349, 48.8016549], [16.8217421, 48.8015025], [16.8216454, 48.8013786], [16.8215943, 48.8012787], [16.8215961, 48.8011665], [16.8216502, 48.8010566], [16.8217702, 48.8009751], [16.8219073, 48.8008066], [16.8219988, 48.800705], [16.8220829, 48.8006717], [16.8221847, 48.8006563], [16.8222827, 48.8006678], [16.8224104, 48.8006869], [16.8227108, 48.80068], [16.8232025, 48.8006195], [16.8233356, 48.8005832], [16.8234995, 48.8005164], [16.8236374, 48.8003962], [16.8236761, 48.8003334], [16.8236869, 48.8002507], [16.8236397, 48.7999792], [16.8236773, 48.7996602]]}, "properties": {"id": "8410fcf2-dab0-32e0-bf41-07930ff3adc4", "names": null, "subtype": "stream", "class": "stream", "is_intermittent": null}}, {"type": "Feature", "geometry": {"type": "LineString", "coordinates": [[16.8203381, 48.8076884], [16.820712, 48.8075075], [16.8218879, 48.8074326], [16.8222776, 48.8073579], [16.8225286, 48.8072213], [16.8229518, 48.8068396], [16.823163, 48.8067232], [16.8234046, 48.8066458], [16.8237377, 48.8066116], [16.8242114, 48.8066866], [16.8244421, 48.8067624], [16.8246415, 48.8067687], [16.8247241, 48.8067222], [16.8248511, 48.8065783], [16.8249581, 48.8064024], [16.8249827, 48.8062845], [16.8248842, 48.806116], [16.824524, 48.8057765], [16.8244353, 48.8056558], [16.8244396, 48.8055925], [16.8245911, 48.8054643], [16.8249507, 48.8053238], [16.8253965, 48.8051884], [16.8258094, 48.8051225], [16.8264851, 48.8052115], [16.8271067, 48.8054227], [16.8283407, 48.8061742], [16.82856, 48.8062719], [16.8291886, 48.8064838], [16.829806, 48.8066655], [16.8300604, 48.8067392], [16.830537, 48.8069208], [16.8311302, 48.8070106], [16.831475, 48.8070104], [16.8318679, 48.806908], [16.8319557, 48.8068462], [16.8321137, 48.8067348]]}, "properties": {"id": "3ba49be2-934d-33af-947b-1b2247bebc8b", "names": null, "subtype": "stream", "class": "stream", "is_intermittent": null}}, {"type": "Feature", "geometry": {"type": "LineString", "coordinates": [[16.8236773, 48.7996602], [16.8236977, 48.799598]]}, "properties": {"id": "eda743b1-2634-3c1b-af71-92ef24f6f39a", "names": null, "subtype": "stream", "class": "stream", "is_intermittent": null}}, {"type": "Feature", "geometry": {"type": "Polygon", "coordinates": [[[16.8229886, 48.7910019], [16.8228111, 48.7911125], [16.8226478, 48.7909988], [16.8228254, 48.7908882], [16.8229886, 48.7910019]]]}, "properties": {"id": "49a4c7ed-8821-3569-a936-530ed538d019", "names": null, "subtype": "pond", "class": "pond", "is_intermittent": null}}, {"type": "Feature", "geometry": {"type": "Polygon", "coordinates": [[[16.8223354, 48.7918531], [16.8222919, 48.7918622], [16.8222375, 48.7918617], [16.8221964, 48.7918534], [16.8221614, 48.7918378], [16.8221288, 48.7918141], [16.8221127, 48.7917881], [16.8221064, 48.7917564], [16.8221105, 48.7917306], [16.8221281, 48.7917044], [16.8221565, 48.7916812], [16.8221941, 48.7916645], [16.8222387, 48.7916548], [16.8222813, 48.7916542], [16.822324, 48.7916616], [16.8223659, 48.7916774], [16.8223943, 48.7916978], [16.8224201, 48.7917357], [16.8224233, 48.7917641], [16.8224187, 48.7917861], [16.822402, 48.7918124], [16.8223734, 48.7918354], [16.8223354, 48.7918531]]]}, "properties": {"id": "e9234f1b-c1c9-3b70-adba-2a61acf44f80", "names": null, "subtype": "water", "class": "wastewater", "is_intermittent": null}}, {"type": "Feature", "geometry": {"type": "LineString", "coordinates": [[16.8228283, 48.7877877], [16.8230096, 48.7879143]]}, "properties": {"id": "5ccc3d5b-0a56-3ea1-9224-b1a5c6c55e1b", "names": {"primary": "V\u010del\u00ednek", "common": [["cs", "V\u010del\u00ednek"], ["de", "Niklasgraben"]], "rules": null}, "subtype": "stream", "class": "stream", "is_intermittent": null}}, {"type": "Feature", "geometry": {"type": "LineString", "coordinates": [[16.8229045, 48.7911648], [16.8244232, 48.7901613], [16.8256988, 48.789374]]}, "properties": {"id": "149e2f00-f48b-38cd-901b-941b47ef9851", "names": null, "subtype": "stream", "class": "stream", "is_intermittent": null}}, {"type": "Feature", "geometry": {"type": "LineString", "coordinates": [[16.8246628, 48.7866603], [16.8248678, 48.7868518], [16.8249914, 48.7869572], [16.8251672, 48.7871508], [16.8252084, 48.7872144], [16.8253968, 48.7875053], [16.8256376, 48.7879269], [16.826209, 48.7890559], [16.8264008, 48.7893061]]}, "properties": {"id": "d6d44f44-a0d8-3efd-b6f3-2b60c43d685c", "names": null, "subtype": "stream", "class": "stream", "is_intermittent": null}}, {"type": "Feature", "geometry": {"type": "Polygon", "coordinates": [[[16.8282987, 48.8061161], [16.8284013, 48.8061114], [16.8284898, 48.8060671], [16.8285271, 48.805993], [16.8285689, 48.8058558], [16.8284569, 48.8055782], [16.8285334, 48.8053745], [16.8287289, 48.8051525], [16.829097, 48.8049177], [16.8292048, 48.804904], [16.8292772, 48.8048669], [16.8293711, 48.8047945], [16.8294409, 48.8046955], [16.8294822, 48.8046363], [16.8295589, 48.8046178], [16.8297171, 48.804639], [16.8298164, 48.8046814], [16.829819, 48.804722], [16.8297708, 48.8047468], [16.829575, 48.8046902], [16.8295321, 48.804692], [16.8294194, 48.8048422], [16.8293202, 48.8049252], [16.8292477, 48.8049641], [16.8290734, 48.8050277], [16.8288937, 48.8051743], [16.8287542, 48.8053509], [16.8286603, 48.8054304], [16.8286389, 48.8054799], [16.8286577, 48.8055559], [16.8287274, 48.8057996], [16.8286979, 48.8059039], [16.828663, 48.8060275], [16.8286255, 48.8061035], [16.8285606, 48.806158], [16.8284509, 48.8061953], [16.8282987, 48.8061161]]]}, "properties": {"id": "21be1fdd-b6d8-340e-a44a-9ea5c3eab44e", "names": null, "subtype": "water", "class": "water", "is_intermittent": null}}, {"type": "Feature", "geometry": {"type": "LineString", "coordinates": [[16.8236977, 48.799598], [16.8236977, 48.7994325], [16.8237117, 48.7993475], [16.8237625, 48.7993042], [16.8238636, 48.7992774], [16.8240284, 48.7992775], [16.8242904, 48.7993088], [16.8244363, 48.7993092], [16.8246985, 48.799263], [16.8249318, 48.7992004], [16.8251753, 48.7990984], [16.8253447, 48.7989292], [16.825476, 48.7988045], [16.8256541, 48.7985468], [16.825867, 48.7983577], [16.8260492, 48.7981763], [16.8264091, 48.7979901], [16.8267722, 48.7977047], [16.8269656, 48.797613], [16.8275695, 48.7975912], [16.8279781, 48.7974143], [16.8283623, 48.7973137], [16.8287379, 48.7972342], [16.8292057, 48.7971763], [16.829303, 48.7971926], [16.8294451, 48.7972733], [16.8295778, 48.7974089], [16.8296593, 48.7975726], [16.8298907, 48.7982452], [16.8298904, 48.7983189], [16.8297873, 48.7985754], [16.8298274, 48.7986381], [16.8298829, 48.7986692], [16.8299989, 48.7986827], [16.8302087, 48.7986629], [16.8305091, 48.798579], [16.83074, 48.7984793], [16.8312577, 48.7982223], [16.8316771, 48.798033], [16.8320162, 48.7978067], [16.8320873, 48.79774], [16.8321875, 48.7974817], [16.8322109, 48.7973343], [16.8322486, 48.7972809], [16.8323249, 48.7972463], [16.8323842, 48.7972395], [16.8324662, 48.797249], [16.8325693, 48.7972855], [16.8329427, 48.7975582], [16.8330966, 48.7976471], [16.8332517, 48.7977093], [16.8333805, 48.7977347], [16.8335032, 48.7977323], [16.8336669, 48.7977004], [16.8339908, 48.7975769], [16.8344238, 48.7974161], [16.8346647, 48.7972697], [16.8348971, 48.7971051], [16.8349803, 48.7970134], [16.8349917, 48.7969133], [16.8350169, 48.7967382], [16.8351469, 48.7965067], [16.835204, 48.7963451], [16.8353581, 48.7961795], [16.8355148, 48.7960691], [16.8356875, 48.7959984], [16.8358891, 48.7959627], [16.8361848, 48.7959844], [16.8363614, 48.7959922], [16.8364793, 48.7959856], [16.836503, 48.7959593], [16.8364901, 48.795918], [16.8364194, 48.7957892], [16.8364318, 48.7957295], [16.8365176, 48.795606], [16.8368543, 48.7955308], [16.8373344, 48.7954805], [16.8373835, 48.7954468], [16.8375206, 48.7952129], [16.8375777, 48.7950106], [16.8378671, 48.7947246], [16.8379758, 48.7947039], [16.8383869, 48.7947021], [16.8391256, 48.7945504], [16.8395029, 48.7946023], [16.8401591, 48.7948309], [16.8407227, 48.7949019], [16.8409289, 48.7948776], [16.8412781, 48.7947627], [16.8419327, 48.7946103], [16.8421653, 48.794601], [16.8423683, 48.7946329], [16.8426283, 48.7947491], [16.842652, 48.7948964], [16.8425433, 48.7952451], [16.8425458, 48.7953675], [16.8426083, 48.7954671], [16.8427187, 48.7955224], [16.8432427, 48.7955007], [16.8439603, 48.7955526], [16.8441429, 48.7955383], [16.8442643, 48.7954846], [16.8443361, 48.7953881], [16.8443904, 48.7950853], [16.8444809, 48.79493], [16.8448263, 48.7947199], [16.8452606, 48.7945719], [16.845574, 48.7945232], [16.8459008, 48.794519], [16.845958, 48.7944649], [16.8458719, 48.7943554], [16.8457398, 48.7942986], [16.8452359, 48.794214], [16.8449491, 48.7940947], [16.8448286, 48.7939455], [16.8447865, 48.7937562], [16.8448328, 48.793544], [16.8447588, 48.7933876], [16.844654, 48.7932975], [16.8445316, 48.7932393], [16.8439421, 48.7931011], [16.8435961, 48.7929798], [16.8432451, 48.7927815], [16.8430267, 48.7924119], [16.8431123, 48.792156], [16.8432391, 48.7919287], [16.8445238, 48.791867], [16.8449766, 48.7920581], [16.8453616, 48.7923784], [16.8457005, 48.7925209], [16.8464875, 48.792691], [16.8475038, 48.7928416], [16.8480093, 48.7928484]]}, "properties": {"id": "9688effd-fcf8-3da5-b48b-5a633bb8784f", "names": null, "subtype": "stream", "class": "stream", "is_intermittent": null}}, {"type": "Feature", "geometry": {"type": "LineString", "coordinates": [[16.8257199, 48.7892435], [16.8256988, 48.789374], [16.825707, 48.7894123], [16.825848, 48.7895132], [16.8263949, 48.7895627], [16.8263909, 48.789612], [16.8259561, 48.7897053], [16.8258435, 48.7898196], [16.8258935, 48.7899657], [16.8261732, 48.7903263], [16.8262078, 48.7904356], [16.8262072, 48.7905603], [16.8260607, 48.7912629], [16.8260775, 48.7914474], [16.8261411, 48.7915078], [16.8264601, 48.7915249], [16.8278081, 48.7914275], [16.8301342, 48.7913256], [16.8301944, 48.7913697], [16.8302223, 48.7914493], [16.8301611, 48.7923734], [16.8302112, 48.7924844], [16.8303315, 48.7925413], [16.8306062, 48.7925566], [16.8347327, 48.792434], [16.8390173, 48.7922323], [16.8390805, 48.7921989], [16.8390863, 48.7921461]]}, "properties": {"id": "3c1a556a-7165-337a-b980-5f147687e1e2", "names": null, "subtype": "stream", "class": "stream", "is_intermittent": null}}, {"type": "Feature", "geometry": {"type": "LineString", "coordinates": [[16.8349271, 48.7864438], [16.8368098, 48.786369], [16.836849, 48.7864073], [16.8367979, 48.786725]]}, "properties": {"id": "10b1908d-2e16-3052-b297-5665c5861368", "names": null, "subtype": "stream", "class": "stream", "is_intermittent": null}}, {"type": "Feature", "geometry": {"type": "LineString", "coordinates": [[16.8230096, 48.7879143], [16.8230955, 48.7879937], [16.8231653, 48.7880697], [16.8234191, 48.7884203], [16.823534, 48.7888359], [16.8236309, 48.7889296], [16.8238516, 48.789001], [16.8242989, 48.7890359], [16.8257199, 48.7892435], [16.8264008, 48.7893061], [16.8268877, 48.7893204], [16.8278059, 48.789215], [16.8284003, 48.789188], [16.8287424, 48.7890659], [16.8292601, 48.7889345], [16.8301677, 48.7888601], [16.8315384, 48.788846], [16.8332974, 48.7890504], [16.8335967, 48.7890104], [16.8341322, 48.7888643], [16.8345386, 48.7888093], [16.8352855, 48.7888378], [16.8365047, 48.7889841], [16.8368702, 48.7890712], [16.8370991, 48.789233], [16.8372336, 48.7894199], [16.8372196, 48.789539], [16.8371613, 48.7896654], [16.8370718, 48.7898771], [16.8370459, 48.790111], [16.8371716, 48.7904329], [16.8373384, 48.7906839], [16.8375861, 48.7909186], [16.8377965, 48.7911224], [16.8379885, 48.7914679], [16.8380808, 48.7917604], [16.8381655, 48.7918726], [16.8383313, 48.791987], [16.8387697, 48.7921381], [16.8390863, 48.7921461], [16.8394002, 48.79211], [16.8396776, 48.7920265], [16.8400242, 48.7918511], [16.8404321, 48.7914399], [16.8408082, 48.790934], [16.8415949, 48.7904098], [16.8417667, 48.7903348], [16.8421238, 48.7902605], [16.8424861, 48.7902507], [16.842859, 48.7902063], [16.8437335, 48.7900524], [16.8444707, 48.79], [16.8446088, 48.7898314], [16.844557, 48.7896249], [16.8442711, 48.789431], [16.8441289, 48.7892306], [16.8442085, 48.7891243], [16.8444028, 48.7890653], [16.8448427, 48.7890005], [16.845039, 48.7888899], [16.8450891, 48.7888056], [16.8451524, 48.7886989], [16.8451792, 48.7884709], [16.8451291, 48.7882727], [16.8449898, 48.788232], [16.8448411, 48.7882403], [16.8444457, 48.7883413], [16.8441384, 48.7883999], [16.843712, 48.7884063], [16.8434564, 48.7883879], [16.8433516, 48.7883339], [16.8432414, 48.7882045], [16.8429838, 48.7877928], [16.8427822, 48.7874495], [16.8428586, 48.7871358], [16.8430551, 48.7870045], [16.843247, 48.7869805], [16.8436213, 48.7870914], [16.8437547, 48.7870903], [16.8439661, 48.7869434], [16.8442688, 48.7865377], [16.8446035, 48.7862958], [16.8447983, 48.7859572], [16.8448721, 48.7858058], [16.8449207, 48.7857379], [16.8450309, 48.7856898], [16.8453543, 48.7855652], [16.8454745, 48.7854854], [16.8456811, 48.7854516], [16.8461565, 48.7853642], [16.8464613, 48.7852938], [16.8513311, 48.7840293], [16.8515113, 48.7839283], [16.853126, 48.7827683], [16.8532424, 48.7826113], [16.853305, 48.7823589], [16.853297, 48.7820678], [16.8532637, 48.7819361], [16.8531117, 48.7815699], [16.8529541, 48.7813256], [16.852822, 48.7811234], [16.8527472, 48.780957], [16.8525677, 48.7807813], [16.8524579, 48.7807254], [16.8523936, 48.7806562], [16.8523505, 48.7805079], [16.8523869, 48.7803828], [16.8525698, 48.779917], [16.8526408, 48.7798272], [16.8526454, 48.7797608], [16.8525089, 48.7795859], [16.8524764, 48.7795289], [16.8525168, 48.7791737], [16.8524918, 48.779073], [16.8524355, 48.7789454], [16.8524488, 48.778886], [16.8525032, 48.7787635], [16.8525003, 48.7785826], [16.8525409, 48.7783753], [16.8525301, 48.7782862], [16.8524106, 48.7781134], [16.8523429, 48.7779305], [16.8521048, 48.7777217], [16.8517365, 48.7773275], [16.8516208, 48.777199], [16.8516054, 48.7771819], [16.851577, 48.7770855], [16.8516503, 48.7769032], [16.8517121, 48.7767968], [16.8517987, 48.7764686], [16.8518936, 48.7762745], [16.8519238, 48.7761493], [16.851969, 48.7760826], [16.8520487, 48.7760539], [16.852773, 48.7757043], [16.8529768, 48.7756041], [16.8531668, 48.7755314], [16.8533242, 48.7754709], [16.8534224, 48.7754176], [16.8535063, 48.7753585], [16.8535903, 48.7752499], [16.8536259, 48.7751265], [16.8536264, 48.7748211], [16.853652, 48.7743673], [16.8536753, 48.7740752], [16.8536652, 48.7737014], [16.8536772, 48.7734824], [16.8536404, 48.7733991], [16.8536287, 48.7733725], [16.8535666, 48.7731933], [16.8533682, 48.7728989], [16.8532196, 48.7726692], [16.8530711, 48.7725065], [16.8528148, 48.7718945], [16.8525335, 48.7715242], [16.8523227, 48.7711201], [16.8520536, 48.7709668], [16.8518158, 48.7707656], [16.851524, 48.7705763], [16.8509898, 48.7704064], [16.8506173, 48.7701736], [16.8502519, 48.7698676], [16.8501125, 48.7696516], [16.8500382, 48.768646], [16.8499666, 48.7683738], [16.8499782, 48.7680727], [16.8499933, 48.7679835], [16.8500406, 48.7678138], [16.8500449, 48.7677594], [16.8500367, 48.7677085], [16.850001, 48.7675945], [16.8499849, 48.7675071], [16.8499632, 48.767167], [16.8498443, 48.7666938], [16.8498278, 48.7662086], [16.8501764, 48.7655853], [16.8507731, 48.7651455], [16.8515391, 48.7646579], [16.8529829, 48.7637522], [16.8538827, 48.7632576], [16.8556553, 48.7624885], [16.8566612, 48.7620543], [16.8591051, 48.7609913], [16.8636707, 48.7591294], [16.863963, 48.7590375], [16.8643255, 48.7589788], [16.8646483, 48.7589787], [16.8650797, 48.759055], [16.8653881, 48.7590904], [16.8656909, 48.7590824], [16.8658749, 48.7590333], [16.8660375, 48.758943], [16.8661554, 48.758829], [16.8665937, 48.7583934], [16.8671592, 48.7580251], [16.8677259, 48.7576391], [16.867914, 48.7575281], [16.8683709, 48.7573412], [16.8694786, 48.7569269]]}, "properties": {"id": "961daaba-09d5-37fa-b0b7-09ad95d4843e", "names": {"primary": "V\u010del\u00ednek", "common": [["cs", "V\u010del\u00ednek"], ["de", "Niklasgraben"]], "rules": null}, "subtype": "stream", "class": "stream", "is_intermittent": null}}, {"type": "Feature", "geometry": {"type": "LineString", "coordinates": [[16.8322721, 48.7881355], [16.8364553, 48.7867474], [16.8367979, 48.786725], [16.8410383, 48.7865267], [16.8430551, 48.7870045]]}, "properties": {"id": "d9a230e5-8056-3ec9-9d5b-892d8ceb2cd2", "names": null, "subtype": "stream", "class": "stream", "is_intermittent": null}}, {"type": "Feature", "geometry": {"type": "LineString", "coordinates": [[16.8243907, 48.8369908], [16.8249614, 48.8367425], [16.825197, 48.8366779], [16.8272265, 48.8365944], [16.8302287, 48.8362233], [16.8307618, 48.8360906], [16.8337286, 48.8351046], [16.8340984, 48.834803], [16.8344007, 48.8341662], [16.8346162, 48.8336054], [16.8348666, 48.8331079], [16.8352172, 48.832106], [16.8355364, 48.8309646], [16.8356695, 48.8305921], [16.836482, 48.8291166], [16.8374027, 48.827449], [16.8376343, 48.8272045], [16.8390095, 48.826256], [16.8395355, 48.8258459], [16.8410623, 48.8244077], [16.8414312, 48.8242527], [16.8421898, 48.8241768], [16.848777, 48.8240105], [16.8503887, 48.8239437], [16.8508537, 48.8238206], [16.8512692, 48.8234732], [16.852075, 48.8217039], [16.8523824, 48.8211412], [16.8526143, 48.8207323], [16.8527577, 48.8205347], [16.8530633, 48.8203586], [16.8555161, 48.8195142], [16.8590701, 48.8177387], [16.859511, 48.8174794], [16.8628234, 48.8150623], [16.8636069, 48.8144677], [16.863931, 48.8141619], [16.8640695, 48.8139163], [16.864181, 48.8135257], [16.8643701, 48.8107197], [16.8644961, 48.8101442], [16.8650074, 48.8083318], [16.8651902, 48.8077983], [16.8654164, 48.8074861], [16.8654802, 48.8074107], [16.8657022, 48.8072299], [16.8667872, 48.8065219], [16.8669085, 48.8064353], [16.8669748, 48.8063812], [16.8670707, 48.8062832]]}, "properties": {"id": "fb1f6196-c4e3-3834-ae6b-f6d0859124f8", "names": {"primary": "Ladensk\u00e1 strouha", "common": null, "rules": null}, "subtype": "stream", "class": "stream", "is_intermittent": null}}, {"type": "Feature", "geometry": {"type": "LineString", "coordinates": [[16.8398117, 48.8569894], [16.8377538, 48.8547273], [16.8374498, 48.8545285], [16.8369971, 48.8542466], [16.8364077, 48.8538487], [16.8361619, 48.8537033], [16.8359553, 48.8535581], [16.8307304, 48.8487853], [16.8261957, 48.8407944], [16.8244017, 48.837722], [16.8236847, 48.8362418], [16.8235268, 48.8352388], [16.8235182, 48.8351689], [16.8235153, 48.8350543], [16.8235136, 48.8348867], [16.8235204, 48.8345967], [16.8235413, 48.8343324], [16.8235623, 48.8340704], [16.8235729, 48.8339911], [16.8236371, 48.8336895], [16.8237416, 48.8333501], [16.8238001, 48.833136], [16.8238401, 48.8330299], [16.8239479, 48.8328033], [16.8241036, 48.8324605], [16.8241942, 48.832294], [16.8244386, 48.8318831], [16.8246885, 48.8314082], [16.8315753, 48.8194536], [16.8322633, 48.8182495], [16.8325704, 48.8177119], [16.832822, 48.8172953], [16.8331476, 48.8166425], [16.8333474, 48.8161041], [16.8334694, 48.8154537], [16.8335046, 48.8150097], [16.8334602, 48.8146361], [16.8334691, 48.8143675], [16.8334691, 48.8141398], [16.8333703, 48.8139494]]}, "properties": {"id": "7f23566f-9a60-38c2-b4a5-53130374e154", "names": {"primary": "Trkmanka", "common": null, "rules": [{"variant": "alternate", "language": null, "perspectives": null, "value": "Svodnica", "between": null, "side": null}]}, "subtype": "stream", "class": "stream", "is_intermittent": null}}, {"type": "Feature", "geometry": {"type": "LineString", "coordinates": [[16.8320438, 48.8182278], [16.8321546, 48.8182425], [16.8322633, 48.8182495]]}, "properties": {"id": "c3ff6a80-5a35-3fe8-be88-2974810009d5", "names": {"primary": "Trn\u00ed\u010dek", "common": null, "rules": null}, "subtype": "stream", "class": "stream", "is_intermittent": null}}, {"type": "Feature", "geometry": {"type": "LineString", "coordinates": [[16.8318969, 48.8182071], [16.8320438, 48.8182278]]}, "properties": {"id": "28564384-7c6f-35fa-bc5c-49bda6e4afd5", "names": {"primary": "Trn\u00ed\u010dek", "common": null, "rules": null}, "subtype": "stream", "class": "stream", "is_intermittent": null}}, {"type": "Feature", "geometry": {"type": "Polygon", "coordinates": [[[16.8349326, 48.8185039], [16.8349397, 48.8185324], [16.8349228, 48.8185898], [16.8348436, 48.8186275], [16.8347725, 48.8186379], [16.834735, 48.8186073], [16.8347322, 48.8185765], [16.8347542, 48.8185348], [16.8348542, 48.8184883], [16.8349326, 48.8185039]]]}, "properties": {"id": "589585c1-54f8-36ed-94bb-6656ef7896c6", "names": null, "subtype": "water", "class": "water", "is_intermittent": null}}, {"type": "Feature", "geometry": {"type": "Polygon", "coordinates": [[[16.8352497, 48.8182106], [16.8352719, 48.8182361], [16.8352251, 48.8183118], [16.8351176, 48.8184061], [16.835046, 48.8184453], [16.8350151, 48.8184507], [16.8349587, 48.8184295], [16.834944, 48.8184068], [16.8349548, 48.8183388], [16.8349803, 48.8182999], [16.8350652, 48.8182268], [16.8351541, 48.818177], [16.835203, 48.818174], [16.8352497, 48.8182106]]]}, "properties": {"id": "bd7db4dd-f39e-3359-bce8-80337eac5c28", "names": null, "subtype": "water", "class": "water", "is_intermittent": null}}, {"type": "Feature", "geometry": {"type": "LineString", "coordinates": [[16.830514, 48.8103677], [16.8302957, 48.81025], [16.8297883, 48.8099764], [16.8294774, 48.8098493], [16.8293557, 48.8097093], [16.8293201, 48.8095313], [16.8293492, 48.8093247], [16.8294449, 48.8089289], [16.8297752, 48.8081372], [16.8297122, 48.8077555], [16.829734, 48.8073987], [16.8298108, 48.8069299], [16.829806, 48.8066655]]}, "properties": {"id": "9544cacc-48ba-3d72-a177-8043b5d1b919", "names": null, "subtype": "stream", "class": "stream", "is_intermittent": null}}, {"type": "Feature", "geometry": {"type": "Polygon", "coordinates": [[[16.829893, 48.8166059], [16.8300508, 48.8166241], [16.8301863, 48.8166672], [16.8302956, 48.8168395], [16.8303896, 48.8170191], [16.8304784, 48.8171725], [16.8305823, 48.8172804], [16.8305613, 48.81734], [16.8305109, 48.81739], [16.8304226, 48.8174119], [16.8302486, 48.817415], [16.8292609, 48.8173719], [16.828799, 48.8173679], [16.8286324, 48.8173486], [16.828618, 48.8173457], [16.828632, 48.81733], [16.8286506, 48.8172811], [16.8286007, 48.8172057], [16.8285403, 48.8171777], [16.8284873, 48.8171224], [16.8284882, 48.8170497], [16.8285374, 48.8169454], [16.8285692, 48.8168606], [16.8290507, 48.8167814], [16.8292305, 48.816707], [16.829464, 48.8166629], [16.8297826, 48.8165885], [16.829893, 48.8166059]]]}, "properties": {"id": "9e7861bb-a629-3c20-bc69-545031d21f21", "names": null, "subtype": "water", "class": "water", "is_intermittent": null}}, {"type": "Feature", "geometry": {"type": "Polygon", "coordinates": [[[16.8282559, 48.8182879], [16.8283101, 48.8181756], [16.8283794, 48.8180645], [16.8284463, 48.8180051], [16.8286719, 48.8179768], [16.8289261, 48.8179585], [16.8292486, 48.8179489], [16.829534, 48.8179827], [16.829669, 48.8180101], [16.8298873, 48.8180652], [16.8301172, 48.8181431], [16.8303035, 48.8181901], [16.8305539, 48.8182335], [16.8307333, 48.8182479], [16.8308907, 48.8182488], [16.8310127, 48.8182433], [16.8310837, 48.8182723], [16.8311142, 48.8183284], [16.8310759, 48.8183977], [16.8309448, 48.8184606], [16.8307163, 48.8184887], [16.830424, 48.8184604], [16.8299349, 48.8183745], [16.82966, 48.8183134], [16.829467, 48.81829], [16.8292634, 48.8183318], [16.8292286, 48.8183794], [16.8291869, 48.8184125], [16.8290765, 48.8184408], [16.8289594, 48.8185107], [16.8288769, 48.8185529], [16.828769, 48.8185655], [16.8286551, 48.8185576], [16.8285707, 48.8185357], [16.828481, 48.8184715], [16.8284122, 48.8184287], [16.8283163, 48.8183841], [16.8282541, 48.8183377], [16.8282559, 48.8182879]]]}, "properties": {"id": "343cb120-84c7-3d65-ab84-0fe2f7fb6769", "names": null, "subtype": "water", "class": "water", "is_intermittent": null}}, {"type": "Feature", "geometry": {"type": "LineString", "coordinates": [[16.8214552, 48.8092225], [16.8222009, 48.8089198], [16.8226512, 48.8087935], [16.8228905, 48.8088024], [16.8231572, 48.808875], [16.8232818, 48.80912], [16.8232154, 48.8095804], [16.8230968, 48.8098698], [16.8226861, 48.8103478], [16.8222891, 48.8104057]]}, "properties": {"id": "9ac08b63-41e4-3a87-b6a5-0333e07c7623", "names": null, "subtype": "stream", "class": "stream", "is_intermittent": null}}, {"type": "Feature", "geometry": {"type": "Polygon", "coordinates": [[[16.8320985, 48.8033657], [16.8322247, 48.8033648], [16.8322585, 48.8033646], [16.832555, 48.8034215], [16.8327422, 48.8034727], [16.8329034, 48.8035656], [16.8332086, 48.8037419], [16.8333612, 48.8038576], [16.8335022, 48.8040112], [16.8338909, 48.804654], [16.8341003, 48.8048088], [16.8344728, 48.8049925], [16.8348396, 48.8050863], [16.8350879, 48.8051278], [16.8354157, 48.8051131], [16.8358106, 48.8050702], [16.8362198, 48.8049991], [16.8366881, 48.8049401], [16.8370423, 48.8049321], [16.8373843, 48.8049924], [16.8377772, 48.8050005], [16.8384592, 48.8052338], [16.8388745, 48.805459], [16.8389518, 48.8055582], [16.8397417, 48.8059149], [16.8398069, 48.8059618], [16.8399656, 48.8059457], [16.8400939, 48.8059699], [16.8401489, 48.805998], [16.840157, 48.8060423], [16.8395992, 48.8062595], [16.8394343, 48.8061039], [16.839302, 48.8060651], [16.8390557, 48.8060986], [16.8386933, 48.805821], [16.8383655, 48.8056709], [16.8379645, 48.8054577], [16.8375614, 48.8053142], [16.8371624, 48.8052284], [16.8368346, 48.8052056], [16.8366107, 48.8052177], [16.8364682, 48.8053035], [16.8359796, 48.8053383], [16.835263, 48.8053933], [16.8349821, 48.8054121], [16.8346947, 48.8053934], [16.8343527, 48.8052928], [16.8340433, 48.80514], [16.8338703, 48.8050622], [16.8337237, 48.8049322], [16.8334821, 48.804709], [16.8332575, 48.8043222], [16.8332633, 48.8042482], [16.8332921, 48.8041989], [16.8332388, 48.8041582], [16.833197, 48.804161], [16.8331049, 48.804089], [16.8330157, 48.8039581], [16.8328314, 48.8038671], [16.8326385, 48.8037476], [16.8324744, 48.8036756], [16.8322844, 48.8036547], [16.831962, 48.803704], [16.8317518, 48.8037818], [16.8316518, 48.8038783], [16.8313804, 48.8041402], [16.8311846, 48.8044492], [16.831167, 48.8045006], [16.8310522, 48.8048361], [16.8311213, 48.8051148], [16.8312336, 48.8053348], [16.8314063, 48.8057823], [16.8316078, 48.806152], [16.8318831, 48.8064494], [16.8320985, 48.8065857], [16.832583, 48.8069268], [16.8328299, 48.807137], [16.8329379, 48.8072631], [16.8330128, 48.8075438], [16.8330157, 48.8077675], [16.8329523, 48.8079571], [16.8327997, 48.8081998], [16.8325118, 48.8085354], [16.8324762, 48.8085778], [16.8324673, 48.8085884], [16.8324627, 48.8085866], [16.8324277, 48.8086356], [16.83227, 48.8088236], [16.8322231, 48.8089299], [16.8321692, 48.809016], [16.8321758, 48.809037], [16.832152, 48.8090909], [16.8321571, 48.8092915], [16.8321928, 48.8094304], [16.8323318, 48.8096102], [16.8324443, 48.8097132], [16.832745, 48.8099214], [16.8331049, 48.810092], [16.8337086, 48.8103461], [16.8337887, 48.8104205], [16.8338732, 48.8105027], [16.8339427, 48.81064], [16.8340326, 48.8108695], [16.8340106, 48.8109682], [16.833924, 48.8110398], [16.8336922, 48.8111045], [16.8335771, 48.8111159], [16.8335253, 48.8111576], [16.8332201, 48.8112429], [16.8330819, 48.8112429], [16.8330387, 48.8111974], [16.8328141, 48.8111955], [16.8325781, 48.8111064], [16.8319447, 48.8110533], [16.831746, 48.8109869], [16.8315762, 48.8108485], [16.8313286, 48.8107177], [16.8310781, 48.8105888], [16.8307614, 48.8104864], [16.8306318, 48.810475], [16.8304908, 48.8105584], [16.8304928, 48.8107255], [16.8305887, 48.8108827], [16.8309629, 48.8111367], [16.8311843, 48.8113131], [16.8312644, 48.8113769], [16.8315149, 48.8115513], [16.8316962, 48.8117163], [16.832036, 48.8117864], [16.8324217, 48.8119059], [16.83275, 48.8123514], [16.832891, 48.812687], [16.8329112, 48.8128955], [16.8328478, 48.8131363], [16.8326578, 48.8134036], [16.8324073, 48.8136501], [16.8321713, 48.8137866], [16.8320072, 48.813851], [16.8318661, 48.8138852], [16.831607, 48.8138776], [16.8314141, 48.8138245], [16.8312281, 48.8137068], [16.8311215, 48.8135469], [16.8309993, 48.8133995], [16.8309953, 48.8133418], [16.8309155, 48.8133579], [16.8308817, 48.8132865], [16.8308345, 48.8132843], [16.830785, 48.8132885], [16.8307789, 48.8133194], [16.8307514, 48.8133408], [16.8306934, 48.8133174], [16.8306938, 48.8132555], [16.8307629, 48.8131398], [16.8308723, 48.8130867], [16.8307456, 48.8127398], [16.8306535, 48.8125824], [16.8304836, 48.8123853], [16.8302447, 48.8122393], [16.8300172, 48.8121691], [16.8297063, 48.8120497], [16.8296718, 48.8119909], [16.8295537, 48.8119435], [16.8293723, 48.8120288], [16.8292993, 48.8120094], [16.8286008, 48.8118241], [16.8280624, 48.811644], [16.8278695, 48.8114525], [16.8277658, 48.8114392], [16.827668, 48.8114202], [16.8274578, 48.8111415], [16.8272419, 48.8107282], [16.827072, 48.8106391], [16.8268705, 48.8105595], [16.8265347, 48.8106638], [16.8263715, 48.8108447], [16.8263369, 48.8112277], [16.826231, 48.8114269], [16.8259171, 48.8118581], [16.8257683, 48.8119791], [16.8252334, 48.8122416], [16.8251115, 48.8122865], [16.8246075, 48.8123858], [16.8238474, 48.8123804], [16.8233644, 48.8123009], [16.8232194, 48.812277], [16.8228745, 48.8121682], [16.8224469, 48.8119193], [16.8220008, 48.8114718], [16.8218789, 48.8112691], [16.8219067, 48.8110992], [16.8219493, 48.8108381], [16.8220824, 48.8104308], [16.8220867, 48.8101904], [16.8220006, 48.8100586], [16.8217756, 48.8099009], [16.8215065, 48.8097963], [16.8207894, 48.8096415], [16.820341, 48.8096309], [16.820038, 48.8095967], [16.8195873, 48.8096501], [16.8192835, 48.8098088], [16.8191404, 48.809931], [16.8189958, 48.8100406], [16.8189698, 48.8100607], [16.8181631, 48.8106837], [16.8177602, 48.8110818], [16.8175688, 48.8113048], [16.8173978, 48.8114819], [16.8172668, 48.8116167], [16.8170496, 48.8118948], [16.8167946, 48.8122142], [16.8167712, 48.8125364], [16.8167098, 48.8125989], [16.8166952, 48.8127691], [16.8164864, 48.8132789], [16.8163251, 48.8136372], [16.8162118, 48.8138714], [16.8159255, 48.8140724], [16.8157955, 48.8143244], [16.8157882, 48.8146725], [16.8156633, 48.8150196], [16.8153153, 48.8152761], [16.814993, 48.815457], [16.8144176, 48.8155857], [16.8133218, 48.8158309], [16.8125949, 48.8157827], [16.8125913, 48.8157821], [16.8117913, 48.8156459], [16.8111922, 48.8152895], [16.8104776, 48.8147618], [16.8101161, 48.8144571], [16.8099983, 48.8143932], [16.8096493, 48.8142721], [16.8094365, 48.8141783], [16.8091721, 48.8141497], [16.8084926, 48.8139974], [16.8072573, 48.8139008], [16.8070797, 48.8139076], [16.8066212, 48.8138668], [16.8057639, 48.8138233], [16.8052455, 48.8138287], [16.8048212, 48.8139004], [16.8045876, 48.813961], [16.8045181, 48.8139802], [16.8042833, 48.8140449], [16.8041346, 48.8141474], [16.8039745, 48.8142848], [16.8037621, 48.8147618], [16.8035265, 48.8159252], [16.8034675, 48.8169673], [16.8033655, 48.817543], [16.80321, 48.8180375], [16.8027862, 48.8184049], [16.8025019, 48.8185638], [16.8021425, 48.8186521], [16.8017401, 48.818638], [16.8015148, 48.8185638], [16.8011583, 48.8183114], [16.8009706, 48.8181478], [16.8006936, 48.8179107], [16.8006107, 48.8178581], [16.8004553, 48.8178035], [16.8002843, 48.8178069], [16.8001185, 48.8178785], [16.8000201, 48.8179843], [16.7999113, 48.818687], [16.7996109, 48.8193747], [16.7994714, 48.8195583], [16.7993534, 48.8199787], [16.7993159, 48.8208652], [16.7992465, 48.8211869], [16.7991917, 48.8212605], [16.7990208, 48.821343], [16.7987189, 48.8213993], [16.7984853, 48.8214893], [16.7983828, 48.8216093], [16.7983638, 48.8217627], [16.7983602, 48.8219479], [16.7986285, 48.8230251], [16.7985722, 48.8231167], [16.7984857, 48.8231983], [16.7982785, 48.8232722], [16.7982828, 48.8232272], [16.7983044, 48.8229994], [16.7983216, 48.8227549], [16.7980787, 48.8219637], [16.7980907, 48.8216325], [16.7981626, 48.8214945], [16.7983183, 48.821392], [16.7985339, 48.8213092], [16.7988932, 48.8212027], [16.798995, 48.8211751], [16.7990708, 48.8211057], [16.7991016, 48.8208623], [16.799112, 48.8199363], [16.7992274, 48.8195159], [16.7995124, 48.8190895], [16.7996678, 48.8186597], [16.799761, 48.8181139], [16.7997973, 48.8179536], [16.7999061, 48.8178342], [16.8000719, 48.8177284], [16.8003413, 48.8176534], [16.8006314, 48.8176841], [16.8008231, 48.8177694], [16.8011685, 48.8180642], [16.801483, 48.8182914], [16.8017113, 48.8183916], [16.8019498, 48.8184284], [16.802173, 48.818425], [16.8023962, 48.8183682], [16.8026448, 48.8182547], [16.8028427, 48.8180642], [16.8029746, 48.8178705], [16.803092, 48.817543], [16.8031724, 48.8169637], [16.8030866, 48.8163774], [16.8030812, 48.8158723], [16.8034192, 48.8147207], [16.8036913, 48.8139978], [16.8038966, 48.8138305], [16.804138, 48.8136892], [16.8044062, 48.813615], [16.804653, 48.8135726], [16.8071097, 48.8135823], [16.8084843, 48.8138002], [16.8091639, 48.81386], [16.8097732, 48.8140409], [16.8104259, 48.8143075], [16.8115248, 48.815095], [16.8116363, 48.8152175], [16.8119916, 48.8154133], [16.8121961, 48.8154868], [16.8123944, 48.8155357], [16.8126175, 48.8155752], [16.8129851, 48.8156065], [16.8131855, 48.8156078], [16.8133404, 48.815567], [16.813452, 48.8154881], [16.8135222, 48.8153562], [16.8136379, 48.8152841], [16.8138795, 48.8152419], [16.8140737, 48.8153031], [16.814614, 48.8151931], [16.8146894, 48.8152305], [16.8149156, 48.8151672], [16.815148, 48.8149469], [16.8153122, 48.8147143], [16.8153325, 48.8145706], [16.8152741, 48.8143773], [16.8153471, 48.8141609], [16.8155516, 48.8139099], [16.8156451, 48.8138233], [16.8158686, 48.8137242], [16.8159912, 48.8135347], [16.8160803, 48.8133193], [16.8162322, 48.8126672], [16.8163432, 48.8124075], [16.8164734, 48.8119461], [16.8166316, 48.8117872], [16.8166381, 48.811696], [16.8168426, 48.8115045], [16.8168729, 48.8114594], [16.8169161, 48.8113961], [16.8170029, 48.8112693], [16.817082, 48.8111518], [16.8172431, 48.8109768], [16.8177126, 48.8104732], [16.8179995, 48.8102475], [16.8184802, 48.809932], [16.8187972, 48.8096674], [16.8191039, 48.8095299], [16.8194909, 48.8094029], [16.8201803, 48.8093163], [16.8206419, 48.8093943], [16.8211282, 48.8093625], [16.8213736, 48.8094347], [16.8213955, 48.8092577], [16.8213377, 48.8091484], [16.8212376, 48.8090042], [16.8212962, 48.8089865], [16.8213729, 48.8089634], [16.8214627, 48.8091049], [16.8219151, 48.8088648], [16.8219774, 48.8088328], [16.8221123, 48.8087635], [16.8224748, 48.8086281], [16.8227341, 48.8086036], [16.8230263, 48.808624], [16.823425, 48.8087948], [16.8235221, 48.8089151], [16.8235634, 48.8090355], [16.8233568, 48.8095225], [16.8231028, 48.8099864], [16.8228539, 48.8102544], [16.8227, 48.8103795], [16.8225575, 48.8104142], [16.8225161, 48.8104475], [16.8225215, 48.810614], [16.8224355, 48.810704], [16.8223994, 48.8109467], [16.8224035, 48.8110718], [16.8224696, 48.8113248], [16.8226659, 48.8116091], [16.8229323, 48.8117941], [16.8233702, 48.8119791], [16.8240353, 48.8120621], [16.8244443, 48.8120947], [16.8247934, 48.8120499], [16.8251549, 48.8119138], [16.8253841, 48.8117832], [16.8255886, 48.8115887], [16.8257725, 48.8112963], [16.8259226, 48.8108068], [16.8262228, 48.8105304], [16.8265946, 48.8104203], [16.8270201, 48.8103863], [16.8271843, 48.810423], [16.8273887, 48.8105234], [16.8274779, 48.8106637], [16.8275441, 48.8107306], [16.8276766, 48.8108647], [16.8276939, 48.8109519], [16.8278292, 48.8110145], [16.8280106, 48.8112629], [16.8282985, 48.8114638], [16.8288109, 48.8116477], [16.8289578, 48.8117217], [16.8291766, 48.8117406], [16.8295105, 48.8117065], [16.8297437, 48.8118108], [16.8302303, 48.8119283], [16.8302936, 48.8119738], [16.8304951, 48.8120269], [16.8306564, 48.8120971], [16.830855, 48.8122222], [16.8311717, 48.8125009], [16.8313301, 48.8127929], [16.8314423, 48.8130886], [16.8314533, 48.8133016], [16.8314371, 48.8134283], [16.8315062, 48.8134965], [16.8316185, 48.8135458], [16.8317308, 48.8135534], [16.8318978, 48.8135382], [16.8320609, 48.8133747], [16.8322231, 48.8132121], [16.8323699, 48.8129012], [16.8324131, 48.8126983], [16.8323786, 48.8125675], [16.8322116, 48.8123912], [16.832082, 48.8122395], [16.8317279, 48.8119741], [16.8309391, 48.811576], [16.8301482, 48.8110552], [16.8300157, 48.8107518], [16.8300042, 48.8105547], [16.8300762, 48.8104238], [16.8302058, 48.8102911], [16.8302957, 48.81025], [16.8303468, 48.8102266], [16.8305771, 48.8102153], [16.8308478, 48.8101963], [16.8311098, 48.8102456], [16.8312051, 48.810317], [16.8313199, 48.810403], [16.8317399, 48.8106043], [16.8322151, 48.8107401], [16.8327997, 48.8108618], [16.8330186, 48.8109225], [16.833249, 48.8109179], [16.8334446, 48.8108618], [16.8335137, 48.8107424], [16.8335137, 48.8106684], [16.8331836, 48.810483], [16.832745, 48.8103309], [16.8324744, 48.8102134], [16.8322355, 48.8100598], [16.8319907, 48.8098399], [16.8317933, 48.8096845], [16.831621, 48.8094834], [16.8315733, 48.8092237], [16.8315589, 48.8090909], [16.8316337, 48.8088956], [16.8320714, 48.8083173], [16.8322729, 48.8082055], [16.8324427, 48.8080576], [16.8325205, 48.8078282], [16.8325694, 48.8075949], [16.8324543, 48.80732], [16.8322038, 48.807064], [16.8320189, 48.8069017], [16.8319557, 48.8068462], [16.8318475, 48.8067511], [16.8318238, 48.8067303], [16.8316287, 48.8066395], [16.8314446, 48.8064082], [16.8312423, 48.8061769], [16.8309255, 48.8055775], [16.8306923, 48.8050257], [16.8305944, 48.8046066], [16.8307096, 48.8042217], [16.8308016, 48.8041268], [16.8310261, 48.8038954], [16.8310867, 48.803833], [16.8313718, 48.803594], [16.8317547, 48.8034499], [16.8319706, 48.8033665], [16.8320985, 48.8033657]], [[16.8225408, 48.8103447], [16.8226019, 48.8103373], [16.8227434, 48.8102496], [16.8227661, 48.810049], [16.8230656, 48.8091886], [16.8230232, 48.8090444], [16.8228725, 48.8088968], [16.822574, 48.8088458], [16.8223354, 48.8089253], [16.8218841, 48.8091675], [16.8216693, 48.8092491], [16.8215092, 48.8093409], [16.8214904, 48.8094577], [16.8221492, 48.8097001], [16.8224314, 48.8098508], [16.8225293, 48.8099624], [16.8225877, 48.8101086], [16.8225408, 48.8103447]]]}, "properties": {"id": "1fd56a84-54fa-375e-a964-cc8eac3ed1df", "names": {"primary": "Star\u00e1 Dyje", "common": null, "rules": null}, "subtype": "river", "class": "river", "is_intermittent": null}}, {"type": "Feature", "geometry": {"type": "LineString", "coordinates": [[16.7939367, 48.8250614], [16.7941241, 48.8249204], [16.7944023, 48.8247733], [16.7981006, 48.8234052], [16.7982785, 48.8232722], [16.7983776, 48.8229978], [16.7983953, 48.822809], [16.7983076, 48.8222675], [16.7982404, 48.8219124], [16.7982284, 48.8216838], [16.7983063, 48.821526], [16.7985339, 48.8213959], [16.7990429, 48.8212579], [16.7991687, 48.8211514], [16.7992575, 48.8200407], [16.7993963, 48.8194983], [16.7996485, 48.8190956], [16.7997826, 48.8186435], [16.799932, 48.8179604], [16.8000615, 48.8178444], [16.8002532, 48.8177591], [16.8005071, 48.8177557], [16.8006987, 48.817824], [16.8010435, 48.8180745], [16.8016164, 48.8185704], [16.8021116, 48.8185922], [16.8027057, 48.818355], [16.8032054, 48.8176967], [16.8033806, 48.8158372], [16.8035565, 48.81503], [16.803699, 48.8144686], [16.8037826, 48.8142495], [16.8038119, 48.8141729], [16.8039129, 48.8140292], [16.804046, 48.8139262], [16.8045376, 48.8138208], [16.8053263, 48.8136955], [16.8080222, 48.8138865], [16.8088197, 48.8139844], [16.8094842, 48.8141791], [16.8101905, 48.8143776], [16.810852, 48.8149774], [16.8115856, 48.8153924], [16.8123408, 48.8156552], [16.81276, 48.8157276], [16.8149833, 48.8152113], [16.8154652, 48.8147824], [16.8154068, 48.8143338], [16.8160993, 48.8136504], [16.8163666, 48.8131664], [16.8165457, 48.8124277], [16.8168557, 48.8118709], [16.8168911, 48.8118073], [16.8170277, 48.8115807], [16.8171826, 48.8113854], [16.8175675, 48.8109717], [16.818726, 48.8099988], [16.8190296, 48.809779], [16.8194809, 48.8096188], [16.819885, 48.8095526], [16.8215158, 48.8096541], [16.8220443, 48.809863], [16.8222722, 48.809953], [16.8223651, 48.8102107], [16.8222891, 48.8104057], [16.8222007, 48.8113295], [16.8224237, 48.8116197], [16.8227556, 48.8119107], [16.8229034, 48.8119885], [16.8239511, 48.8122144], [16.8246906, 48.8121827], [16.8252884, 48.8120564], [16.825793, 48.8117274], [16.8260559, 48.8112561], [16.8261728, 48.8108133], [16.8263304, 48.8106141], [16.8267267, 48.8105246], [16.8270556, 48.8105582], [16.8274676, 48.8107217], [16.8277843, 48.8111517], [16.8281947, 48.8116159], [16.8301493, 48.8120331], [16.8308322, 48.8124204], [16.8310834, 48.812724], [16.8311158, 48.8134449], [16.8313542, 48.8135604], [16.8317403, 48.8136384], [16.8321569, 48.8135419], [16.8324764, 48.8133327], [16.8327124, 48.8129251], [16.8326884, 48.812639], [16.8323405, 48.812205], [16.8305727, 48.8110936], [16.8303089, 48.8107956], [16.8302628, 48.8105798], [16.8303039, 48.8104944], [16.830514, 48.8103677], [16.830713, 48.8103222], [16.8308798, 48.8103383], [16.8311528, 48.8104209], [16.8319025, 48.8108192], [16.8323339, 48.810994], [16.8327714, 48.8110798], [16.8333693, 48.8110306], [16.8337427, 48.8108692], [16.8337511, 48.8106649], [16.8333928, 48.8103786], [16.8323367, 48.8098801], [16.8318772, 48.8094935], [16.8317834, 48.8091471], [16.8319632, 48.8087656], [16.8326895, 48.8080377], [16.8328649, 48.8076242], [16.8327751, 48.8073318], [16.8325349, 48.8070431], [16.8321137, 48.8067348], [16.8318417, 48.8065357], [16.8315122, 48.8061524], [16.8309585, 48.8051047], [16.8309048, 48.8049388], [16.8308776, 48.804771], [16.8308829, 48.8046032], [16.8310559, 48.8044204], [16.8310696, 48.8042975], [16.8311165, 48.8041717], [16.831254, 48.803958], [16.8314684, 48.803781], [16.8316643, 48.8036757], [16.8318439, 48.8035965], [16.83207, 48.8035467], [16.832271, 48.8035309], [16.8324466, 48.8035411], [16.8326522, 48.8035888], [16.8328346, 48.803664], [16.8331396, 48.8038158], [16.8332803, 48.8039166], [16.8334076, 48.8040713], [16.833763, 48.8047289], [16.833868, 48.8048477], [16.8340242, 48.8049602], [16.8341922, 48.8050579], [16.8344056, 48.805155], [16.8346167, 48.8052155], [16.8348649, 48.8052579], [16.8351224, 48.8052743], [16.8354587, 48.8052581], [16.8357498, 48.805219], [16.8365254, 48.8051129], [16.8368005, 48.8050825], [16.837027, 48.8050734], [16.8372662, 48.8050897], [16.837465, 48.8051278], [16.8376406, 48.8051736], [16.8381576, 48.8053885], [16.8387881, 48.8057066], [16.8396086, 48.8059868], [16.8397328, 48.8061973]]}, "properties": {"id": "0cd5b048-d36c-34f1-a965-2525159ad81a", "names": {"primary": "Star\u00e1 Dyje", "common": null, "rules": null}, "subtype": "stream", "class": "stream", "is_intermittent": null}}]}